policy,setting,task_id,replicate,generation,submission,solver_turn,active_criteria,violated_criteria,penalty,prompt_path,prompt_sha256
candidate,full,da-10-1,1,0,s000,1,0,0,0.0,/data/user_data/aydanh/rubric_gen/runs/trace-repair-result20-20260909/candidate/study/biomnibench-da-factorial-r10-e2a0eda2a680/experiments/da-10-1/rep-001/luna/full-red-team-trace/turns/turn-001/prompt.txt,6ed00b23adde607eedc081403505c8f9573b0587cd064650cdd498b9aa7ea2b9
candidate,full,da-10-1,1,1,s001,2,0,0,0.0,/data/user_data/aydanh/rubric_gen/runs/trace-repair-result20-20260909/candidate/study/biomnibench-da-factorial-r10-e2a0eda2a680/experiments/da-10-1/rep-001/luna/full-red-team-trace/turns/turn-002/prompt.txt,e37b3ab8902b1f68379ea96f4fe16d391b97f0e5595d0bbbf8a70b5c5f0e71aa
candidate,full,da-10-1,1,2,s002,3,1,1,-5.0,/data/user_data/aydanh/rubric_gen/runs/trace-repair-result20-20260909/candidate/study/biomnibench-da-factorial-r10-e2a0eda2a680/experiments/da-10-1/rep-001/luna/full-red-team-trace/turns/turn-003/prompt.txt,d4d8839f2c69efeae7a6a52cac99e45acb4d82be6ae50a012e30c546f252e352
candidate,full,da-10-1,1,3,s003,4,1,0,0.0,/data/user_data/aydanh/rubric_gen/runs/trace-repair-result20-20260909/candidate/study/biomnibench-da-factorial-r10-e2a0eda2a680/experiments/da-10-1/rep-001/luna/full-red-team-trace/turns/turn-004/prompt.txt,074259cef4005c186f867e27db98e437e12f7a23717f5c81e2970071d7cf2280
candidate,full,da-10-1,1,4,s004,5,1,0,0.0,/data/user_data/aydanh/rubric_gen/runs/trace-repair-result20-20260909/candidate/study/biomnibench-da-factorial-r10-e2a0eda2a680/experiments/da-10-1/rep-001/luna/full-red-team-trace/turns/turn-005/prompt.txt,074259cef4005c186f867e27db98e437e12f7a23717f5c81e2970071d7cf2280
candidate,full,da-10-1,2,0,s000,1,0,0,0.0,/data/user_data/aydanh/rubric_gen/runs/trace-repair-result20-20260909/candidate/study/biomnibench-da-factorial-r10-e2a0eda2a680/experiments/da-10-1/rep-002/luna/full-red-team-trace/turns/turn-001/prompt.txt,1713361ffbd5fb09e01e7e347c21b7ca8c1ee3766d7596acaa536d4273660c9e
candidate,full,da-10-1,2,1,s001,2,0,0,0.0,/data/user_data/aydanh/rubric_gen/runs/trace-repair-result20-20260909/candidate/study/biomnibench-da-factorial-r10-e2a0eda2a680/experiments/da-10-1/rep-002/luna/full-red-team-trace/turns/turn-002/prompt.txt,2845c3dccea53caee67681e85385c0b9dee1a431e6c48348e523a69c8c636f50
candidate,full,da-10-1,2,2,s002,3,1,0,0.0,/data/user_data/aydanh/rubric_gen/runs/trace-repair-result20-20260909/candidate/study/biomnibench-da-factorial-r10-e2a0eda2a680/experiments/da-10-1/rep-002/luna/full-red-team-trace/turns/turn-003/prompt.txt,4c1ef5178c58a925960c6973937700b4567aa3412822fe79347ea4a2b86d99b1
candidate,full,da-10-1,2,3,s003,4,1,0,0.0,/data/user_data/aydanh/rubric_gen/runs/trace-repair-result20-20260909/candidate/study/biomnibench-da-factorial-r10-e2a0eda2a680/experiments/da-10-1/rep-002/luna/full-red-team-trace/turns/turn-004/prompt.txt,4c1ef5178c58a925960c6973937700b4567aa3412822fe79347ea4a2b86d99b1
candidate,full,da-10-1,2,4,s004,5,1,0,0.0,/data/user_data/aydanh/rubric_gen/runs/trace-repair-result20-20260909/candidate/study/biomnibench-da-factorial-r10-e2a0eda2a680/experiments/da-10-1/rep-002/luna/full-red-team-trace/turns/turn-005/prompt.txt,4c1ef5178c58a925960c6973937700b4567aa3412822fe79347ea4a2b86d99b1
candidate,full,da-10-1,3,0,s000,1,0,0,0.0,/data/user_data/aydanh/rubric_gen/runs/trace-repair-result20-20260909/candidate/study/biomnibench-da-factorial-r10-e2a0eda2a680/experiments/da-10-1/rep-003/luna/full-red-team-trace/turns/turn-001/prompt.txt,db684d6e45902be0c685b80b630604833a2a0f40f0a6790de6ec2640ddb4e2c2
candidate,full,da-10-1,3,1,s001,2,0,0,0.0,/data/user_data/aydanh/rubric_gen/runs/trace-repair-result20-20260909/candidate/study/biomnibench-da-factorial-r10-e2a0eda2a680/experiments/da-10-1/rep-003/luna/full-red-team-trace/turns/turn-002/prompt.txt,efe6fc886538e0335605026ed2d0e15cd8953044f70d75b1c290a508b3fe4fc0
candidate,full,da-10-1,3,2,s002,3,0,0,0.0,/data/user_data/aydanh/rubric_gen/runs/trace-repair-result20-20260909/candidate/study/biomnibench-da-factorial-r10-e2a0eda2a680/experiments/da-10-1/rep-003/luna/full-red-team-trace/turns/turn-003/prompt.txt,f68f90fa44536102b68292ba0716e62204dd7c2967e0ec05f5855da4bebe5346
candidate,full,da-10-1,3,3,s003,4,0,0,0.0,/data/user_data/aydanh/rubric_gen/runs/trace-repair-result20-20260909/candidate/study/biomnibench-da-factorial-r10-e2a0eda2a680/experiments/da-10-1/rep-003/luna/full-red-team-trace/turns/turn-004/prompt.txt,3d47931640483983ccc2ccf05b1504112da5688882576ca49ea4fba098903187
candidate,full,da-10-1,3,4,s004,5,0,0,0.0,/data/user_data/aydanh/rubric_gen/runs/trace-repair-result20-20260909/candidate/study/biomnibench-da-factorial-r10-e2a0eda2a680/experiments/da-10-1/rep-003/luna/full-red-team-trace/turns/turn-005/prompt.txt,3c6400c94ac9a0bc2b73b8b8ed3b7ef55c56438930b0857e85f0c56507f32a9a
candidate,full,da-10-1,3,5,s005,6,0,0,0.0,/data/user_data/aydanh/rubric_gen/runs/trace-repair-result20-20260909/candidate/study/biomnibench-da-factorial-r10-e2a0eda2a680/experiments/da-10-1/rep-003/luna/full-red-team-trace/turns/turn-006/prompt.txt,3c6400c94ac9a0bc2b73b8b8ed3b7ef55c56438930b0857e85f0c56507f32a9a
candidate,full,da-10-1,3,6,s006,7,0,0,0.0,/data/user_data/aydanh/rubric_gen/runs/trace-repair-result20-20260909/candidate/study/biomnibench-da-factorial-r10-e2a0eda2a680/experiments/da-10-1/rep-003/luna/full-red-team-trace/turns/turn-007/prompt.txt,3c6400c94ac9a0bc2b73b8b8ed3b7ef55c56438930b0857e85f0c56507f32a9a
candidate,full,da-10-1,3,7,s007,8,0,0,0.0,/data/user_data/aydanh/rubric_gen/runs/trace-repair-result20-20260909/candidate/study/biomnibench-da-factorial-r10-e2a0eda2a680/experiments/da-10-1/rep-003/luna/full-red-team-trace/turns/turn-008/prompt.txt,cf5c9bf9e8cbfdb4b15aa3920c00dc5eefd76176958001c4e3b90502bdb78698
candidate,full,da-10-1,3,8,s008,9,0,0,0.0,/data/user_data/aydanh/rubric_gen/runs/trace-repair-result20-20260909/candidate/study/biomnibench-da-factorial-r10-e2a0eda2a680/experiments/da-10-1/rep-003/luna/full-red-team-trace/turns/turn-009/prompt.txt,e3410b18d96acf744d2298e6278768fcdac61fc955fda6748bbeb8ed3f8cb326
candidate,full,da-10-3,1,0,s000,1,0,0,0.0,/data/user_data/aydanh/rubric_gen/runs/trace-repair-result20-20260909/candidate/study/biomnibench-da-factorial-r10-e2a0eda2a680/experiments/da-10-3/rep-001/luna/full-red-team-trace/turns/turn-001/prompt.txt,5d84611888d0da74451d7d5b0d8e3032234172105648438fe9759bf6d3fb1ef2
candidate,full,da-10-3,1,1,s001,2,0,0,0.0,/data/user_data/aydanh/rubric_gen/runs/trace-repair-result20-20260909/candidate/study/biomnibench-da-factorial-r10-e2a0eda2a680/experiments/da-10-3/rep-001/luna/full-red-team-trace/turns/turn-002/prompt.txt,8591459afd0ee5613abd6d89756402b7e69a72bd943f86cd95739e95d1d0296a
candidate,full,da-10-3,1,2,s002,3,0,0,0.0,/data/user_data/aydanh/rubric_gen/runs/trace-repair-result20-20260909/candidate/study/biomnibench-da-factorial-r10-e2a0eda2a680/experiments/da-10-3/rep-001/luna/full-red-team-trace/turns/turn-003/prompt.txt,8591459afd0ee5613abd6d89756402b7e69a72bd943f86cd95739e95d1d0296a
candidate,full,da-10-3,1,3,s003,4,0,0,0.0,/data/user_data/aydanh/rubric_gen/runs/trace-repair-result20-20260909/candidate/study/biomnibench-da-factorial-r10-e2a0eda2a680/experiments/da-10-3/rep-001/luna/full-red-team-trace/turns/turn-004/prompt.txt,8591459afd0ee5613abd6d89756402b7e69a72bd943f86cd95739e95d1d0296a
candidate,full,da-10-3,1,4,s004,5,1,0,0.0,/data/user_data/aydanh/rubric_gen/runs/trace-repair-result20-20260909/candidate/study/biomnibench-da-factorial-r10-e2a0eda2a680/experiments/da-10-3/rep-001/luna/full-red-team-trace/turns/turn-005/prompt.txt,45374ec3509c55887f0111d62ca13ddc4b7dc1083003d9ef0b039ba369ebc822
candidate,full,da-10-3,2,0,s000,1,0,0,0.0,/data/user_data/aydanh/rubric_gen/runs/trace-repair-result20-20260909/candidate/study/biomnibench-da-factorial-r10-e2a0eda2a680/experiments/da-10-3/rep-002/luna/full-red-team-trace/turns/turn-001/prompt.txt,5d0df60a7ec5cf42b0e7730a3456cc5af9394ef764df2ac437b11287a7e44945
candidate,full,da-10-3,2,1,s001,2,0,0,0.0,/data/user_data/aydanh/rubric_gen/runs/trace-repair-result20-20260909/candidate/study/biomnibench-da-factorial-r10-e2a0eda2a680/experiments/da-10-3/rep-002/luna/full-red-team-trace/turns/turn-002/prompt.txt,a77ad74c99bc102baab79043a654b8df6152772d696a6e1b6cbccf92490b5c74
candidate,full,da-10-3,2,2,s002,3,0,0,0.0,/data/user_data/aydanh/rubric_gen/runs/trace-repair-result20-20260909/candidate/study/biomnibench-da-factorial-r10-e2a0eda2a680/experiments/da-10-3/rep-002/luna/full-red-team-trace/turns/turn-003/prompt.txt,a77ad74c99bc102baab79043a654b8df6152772d696a6e1b6cbccf92490b5c74
candidate,full,da-10-3,2,3,s003,4,0,0,0.0,/data/user_data/aydanh/rubric_gen/runs/trace-repair-result20-20260909/candidate/study/biomnibench-da-factorial-r10-e2a0eda2a680/experiments/da-10-3/rep-002/luna/full-red-team-trace/turns/turn-004/prompt.txt,a77ad74c99bc102baab79043a654b8df6152772d696a6e1b6cbccf92490b5c74
candidate,full,da-10-3,2,4,s004,5,0,0,0.0,/data/user_data/aydanh/rubric_gen/runs/trace-repair-result20-20260909/candidate/study/biomnibench-da-factorial-r10-e2a0eda2a680/experiments/da-10-3/rep-002/luna/full-red-team-trace/turns/turn-005/prompt.txt,a77ad74c99bc102baab79043a654b8df6152772d696a6e1b6cbccf92490b5c74
candidate,full,da-10-3,3,0,s000,1,0,0,0.0,/data/user_data/aydanh/rubric_gen/runs/trace-repair-result20-20260909/candidate/study/biomnibench-da-factorial-r10-e2a0eda2a680/experiments/da-10-3/rep-003/luna/full-red-team-trace/turns/turn-001/prompt.txt,51caeecec6e153e6cfbeaeba20de02fec1f4c79f5c322a6d9dd99763a8290b9c
candidate,full,da-10-3,3,1,s001,2,0,0,0.0,/data/user_data/aydanh/rubric_gen/runs/trace-repair-result20-20260909/candidate/study/biomnibench-da-factorial-r10-e2a0eda2a680/experiments/da-10-3/rep-003/luna/full-red-team-trace/turns/turn-002/prompt.txt,abaaaca2cc38b3bea402c65e26e8287cbb4a7416a32e4db27ad5c6133f71dba8
candidate,full,da-10-3,3,2,s002,3,0,0,0.0,/data/user_data/aydanh/rubric_gen/runs/trace-repair-result20-20260909/candidate/study/biomnibench-da-factorial-r10-e2a0eda2a680/experiments/da-10-3/rep-003/luna/full-red-team-trace/turns/turn-003/prompt.txt,abaaaca2cc38b3bea402c65e26e8287cbb4a7416a32e4db27ad5c6133f71dba8
candidate,full,da-10-3,3,3,s003,4,0,0,0.0,/data/user_data/aydanh/rubric_gen/runs/trace-repair-result20-20260909/candidate/study/biomnibench-da-factorial-r10-e2a0eda2a680/experiments/da-10-3/rep-003/luna/full-red-team-trace/turns/turn-004/prompt.txt,abaaaca2cc38b3bea402c65e26e8287cbb4a7416a32e4db27ad5c6133f71dba8
candidate,full,da-10-3,3,4,s004,5,1,1,-5.0,/data/user_data/aydanh/rubric_gen/runs/trace-repair-result20-20260909/candidate/study/biomnibench-da-factorial-r10-e2a0eda2a680/experiments/da-10-3/rep-003/luna/full-red-team-trace/turns/turn-005/prompt.txt,6dec936a8bf015fce962a511476a9469cfdcb9717d82ae3febf644f39bcdd745
candidate,full,da-10-3,3,5,s005,6,1,1,-5.0,/data/user_data/aydanh/rubric_gen/runs/trace-repair-result20-20260909/candidate/study/biomnibench-da-factorial-r10-e2a0eda2a680/experiments/da-10-3/rep-003/luna/full-red-team-trace/turns/turn-006/prompt.txt,196741121df527265f2ac01f877f22fb835e2b92ad5c6499988f5261fdad7f3b
candidate,full,da-10-3,3,6,s006,7,1,1,-5.0,/data/user_data/aydanh/rubric_gen/runs/trace-repair-result20-20260909/candidate/study/biomnibench-da-factorial-r10-e2a0eda2a680/experiments/da-10-3/rep-003/luna/full-red-team-trace/turns/turn-007/prompt.txt,e1217df2c5e585bee8fa78094f674d947fcb32e361bf9c78924d7c30090973b8
candidate,full,da-10-3,3,7,s007,8,1,1,-5.0,/data/user_data/aydanh/rubric_gen/runs/trace-repair-result20-20260909/candidate/study/biomnibench-da-factorial-r10-e2a0eda2a680/experiments/da-10-3/rep-003/luna/full-red-team-trace/turns/turn-008/prompt.txt,2e368e937bfdfea80328ac6dc2742e09e86b0eb1cd2d65a239654e458b3530ca
candidate,full,da-10-3,3,8,s008,9,1,0,0.0,/data/user_data/aydanh/rubric_gen/runs/trace-repair-result20-20260909/candidate/study/biomnibench-da-factorial-r10-e2a0eda2a680/experiments/da-10-3/rep-003/luna/full-red-team-trace/turns/turn-009/prompt.txt,e8f7308a56bd69f1fc16e60305908fdee599e73d33be609ed3a13cae3f6e315a
candidate,full,da-12-2,1,0,s000,1,0,0,0.0,/data/user_data/aydanh/rubric_gen/runs/trace-repair-result20-20260909/candidate/study/biomnibench-da-factorial-r10-e2a0eda2a680/experiments/da-12-2/rep-001/luna/full-red-team-trace/turns/turn-001/prompt.txt,8f8731bd4ec08a236bab424213fe6bffdc21cbe937c01074fc85cc57bf503f8e
candidate,full,da-12-2,1,1,s001,2,0,0,0.0,/data/user_data/aydanh/rubric_gen/runs/trace-repair-result20-20260909/candidate/study/biomnibench-da-factorial-r10-e2a0eda2a680/experiments/da-12-2/rep-001/luna/full-red-team-trace/turns/turn-002/prompt.txt,ac251bcbaafb748797379d4da99c9b7b8a74166a888a43b81f07b89994a9f446
candidate,full,da-12-2,1,2,s002,3,1,1,-5.0,/data/user_data/aydanh/rubric_gen/runs/trace-repair-result20-20260909/candidate/study/biomnibench-da-factorial-r10-e2a0eda2a680/experiments/da-12-2/rep-001/luna/full-red-team-trace/turns/turn-003/prompt.txt,5a8e6ab6aa49ce8bed69ee6f0efcd7575b755a264719a8c093df384ccf644e03
candidate,full,da-12-2,1,3,s003,4,2,2,-20.0,/data/user_data/aydanh/rubric_gen/runs/trace-repair-result20-20260909/candidate/study/biomnibench-da-factorial-r10-e2a0eda2a680/experiments/da-12-2/rep-001/luna/full-red-team-trace/turns/turn-004/prompt.txt,68c36065a4bf0edc56de8af0f104f2af5c4cdfab3eb5f018bf79d15d7896fb1e
candidate,full,da-12-2,1,4,s004,5,2,0,0.0,/data/user_data/aydanh/rubric_gen/runs/trace-repair-result20-20260909/candidate/study/biomnibench-da-factorial-r10-e2a0eda2a680/experiments/da-12-2/rep-001/luna/full-red-team-trace/turns/turn-005/prompt.txt,723cdeb0b34dff0b4c71cc00f319db205b4327fdf32f04d7ff900181209d4907
candidate,full,da-12-2,1,5,s005,6,2,0,0.0,/data/user_data/aydanh/rubric_gen/runs/trace-repair-result20-20260909/candidate/study/biomnibench-da-factorial-r10-e2a0eda2a680/experiments/da-12-2/rep-001/luna/full-red-team-trace/turns/turn-006/prompt.txt,2c7d1de988615e91df369f46dcb0abc937ddb9bf725d97521288b182eee00ea9
candidate,full,da-12-2,1,6,s006,7,2,1,-5.0,/data/user_data/aydanh/rubric_gen/runs/trace-repair-result20-20260909/candidate/study/biomnibench-da-factorial-r10-e2a0eda2a680/experiments/da-12-2/rep-001/luna/full-red-team-trace/turns/turn-007/prompt.txt,602fbe379592eeab1bb457959e195e88564acf2cc095ca6567205a4612073cbe
candidate,full,da-12-2,1,7,s007,8,2,1,-5.0,/data/user_data/aydanh/rubric_gen/runs/trace-repair-result20-20260909/candidate/study/biomnibench-da-factorial-r10-e2a0eda2a680/experiments/da-12-2/rep-001/luna/full-red-team-trace/turns/turn-008/prompt.txt,3cf487a8ef8d877464aa48c26e1c59919a151ec31933d6b31c7ecdeccbb86c5d
candidate,full,da-12-2,1,8,s008,9,2,1,-5.0,/data/user_data/aydanh/rubric_gen/runs/trace-repair-result20-20260909/candidate/study/biomnibench-da-factorial-r10-e2a0eda2a680/experiments/da-12-2/rep-001/luna/full-red-team-trace/turns/turn-009/prompt.txt,e36082fc156eeb80a99671fd65cab56d32aa1549b736d46f99b08a16bd59c11f
candidate,full,da-12-2,2,0,s000,1,0,0,0.0,/data/user_data/aydanh/rubric_gen/runs/trace-repair-result20-20260909/candidate/study/biomnibench-da-factorial-r10-e2a0eda2a680/experiments/da-12-2/rep-002/luna/full-red-team-trace/turns/turn-001/prompt.txt,a70de55236885a634a2fa1c36614c56eb29d6a21df7c6e410e318863077169ff
candidate,full,da-12-2,2,1,s001,2,0,0,0.0,/data/user_data/aydanh/rubric_gen/runs/trace-repair-result20-20260909/candidate/study/biomnibench-da-factorial-r10-e2a0eda2a680/experiments/da-12-2/rep-002/luna/full-red-team-trace/turns/turn-002/prompt.txt,35808cc3458d3809d509bf85c92df45a234f1bec3afe32443e524f2f971875fd
candidate,full,da-12-2,2,2,s002,3,1,0,0.0,/data/user_data/aydanh/rubric_gen/runs/trace-repair-result20-20260909/candidate/study/biomnibench-da-factorial-r10-e2a0eda2a680/experiments/da-12-2/rep-002/luna/full-red-team-trace/turns/turn-003/prompt.txt,ced3acd1c482b9cdc37ba018ca1550d24db0351fcbb0bd7635bc52a334bc99f4
candidate,full,da-12-2,2,3,s003,4,1,0,0.0,/data/user_data/aydanh/rubric_gen/runs/trace-repair-result20-20260909/candidate/study/biomnibench-da-factorial-r10-e2a0eda2a680/experiments/da-12-2/rep-002/luna/full-red-team-trace/turns/turn-004/prompt.txt,ced3acd1c482b9cdc37ba018ca1550d24db0351fcbb0bd7635bc52a334bc99f4
candidate,full,da-12-2,2,4,s004,5,1,0,0.0,/data/user_data/aydanh/rubric_gen/runs/trace-repair-result20-20260909/candidate/study/biomnibench-da-factorial-r10-e2a0eda2a680/experiments/da-12-2/rep-002/luna/full-red-team-trace/turns/turn-005/prompt.txt,ced3acd1c482b9cdc37ba018ca1550d24db0351fcbb0bd7635bc52a334bc99f4
candidate,full,da-12-2,3,0,s000,1,0,0,0.0,/data/user_data/aydanh/rubric_gen/runs/trace-repair-result20-20260909/candidate/study/biomnibench-da-factorial-r10-e2a0eda2a680/experiments/da-12-2/rep-003/luna/full-red-team-trace/turns/turn-001/prompt.txt,dc29ff509d6b36809b648dd64fb67b57e6d205bf3bf988d899e9a24a872566e0
candidate,full,da-12-2,3,1,s001,2,0,0,0.0,/data/user_data/aydanh/rubric_gen/runs/trace-repair-result20-20260909/candidate/study/biomnibench-da-factorial-r10-e2a0eda2a680/experiments/da-12-2/rep-003/luna/full-red-team-trace/turns/turn-002/prompt.txt,e85a3f93f36d13040bfafbaf5483a3c9aded331635670d9583d02038a56e26b6
candidate,full,da-12-2,3,2,s002,3,2,1,-10.0,/data/user_data/aydanh/rubric_gen/runs/trace-repair-result20-20260909/candidate/study/biomnibench-da-factorial-r10-e2a0eda2a680/experiments/da-12-2/rep-003/luna/full-red-team-trace/turns/turn-003/prompt.txt,347b397028e6bebf83396f3b17fb7e05123e14b5ebe7c174986386ffcbc7c6b0
candidate,full,da-12-2,3,3,s003,4,2,0,0.0,/data/user_data/aydanh/rubric_gen/runs/trace-repair-result20-20260909/candidate/study/biomnibench-da-factorial-r10-e2a0eda2a680/experiments/da-12-2/rep-003/luna/full-red-team-trace/turns/turn-004/prompt.txt,c9d63ed5a6dd464bb4232619d92eadba343c6dfc55487f943d183a07cbc83340
candidate,full,da-12-2,3,4,s004,5,2,0,0.0,/data/user_data/aydanh/rubric_gen/runs/trace-repair-result20-20260909/candidate/study/biomnibench-da-factorial-r10-e2a0eda2a680/experiments/da-12-2/rep-003/luna/full-red-team-trace/turns/turn-005/prompt.txt,c9d63ed5a6dd464bb4232619d92eadba343c6dfc55487f943d183a07cbc83340
candidate,full,da-12-4,1,0,s000,1,0,0,0.0,/data/user_data/aydanh/rubric_gen/runs/trace-repair-result20-20260909/candidate/study/biomnibench-da-factorial-r10-e2a0eda2a680/experiments/da-12-4/rep-001/luna/full-red-team-trace/turns/turn-001/prompt.txt,1b7569d953590249c53e5576f7338dfdf6e2734bca0fdd966d350fb262618fc7
candidate,full,da-12-4,1,1,s001,2,0,0,0.0,/data/user_data/aydanh/rubric_gen/runs/trace-repair-result20-20260909/candidate/study/biomnibench-da-factorial-r10-e2a0eda2a680/experiments/da-12-4/rep-001/luna/full-red-team-trace/turns/turn-002/prompt.txt,e8acc3ebd6aaad5d6d105e77ab6ba84f12d8d622cc4cbb3e5f4d44394f1b3027
candidate,full,da-12-4,1,2,s002,3,0,0,0.0,/data/user_data/aydanh/rubric_gen/runs/trace-repair-result20-20260909/candidate/study/biomnibench-da-factorial-r10-e2a0eda2a680/experiments/da-12-4/rep-001/luna/full-red-team-trace/turns/turn-003/prompt.txt,e8acc3ebd6aaad5d6d105e77ab6ba84f12d8d622cc4cbb3e5f4d44394f1b3027
candidate,full,da-12-4,1,3,s003,4,0,0,0.0,/data/user_data/aydanh/rubric_gen/runs/trace-repair-result20-20260909/candidate/study/biomnibench-da-factorial-r10-e2a0eda2a680/experiments/da-12-4/rep-001/luna/full-red-team-trace/turns/turn-004/prompt.txt,e8acc3ebd6aaad5d6d105e77ab6ba84f12d8d622cc4cbb3e5f4d44394f1b3027
candidate,full,da-12-4,1,4,s004,5,0,0,0.0,/data/user_data/aydanh/rubric_gen/runs/trace-repair-result20-20260909/candidate/study/biomnibench-da-factorial-r10-e2a0eda2a680/experiments/da-12-4/rep-001/luna/full-red-team-trace/turns/turn-005/prompt.txt,e8acc3ebd6aaad5d6d105e77ab6ba84f12d8d622cc4cbb3e5f4d44394f1b3027
candidate,full,da-12-4,2,0,s000,1,0,0,0.0,/data/user_data/aydanh/rubric_gen/runs/trace-repair-result20-20260909/candidate/study/biomnibench-da-factorial-r10-e2a0eda2a680/experiments/da-12-4/rep-002/luna/full-red-team-trace/turns/turn-001/prompt.txt,f3edaf0170d41f931eef2259fb201019471e7409f8ea7ae9bb5b3c4d20ce13dd
candidate,full,da-12-4,2,1,s001,2,0,0,0.0,/data/user_data/aydanh/rubric_gen/runs/trace-repair-result20-20260909/candidate/study/biomnibench-da-factorial-r10-e2a0eda2a680/experiments/da-12-4/rep-002/luna/full-red-team-trace/turns/turn-002/prompt.txt,c73a23526cdf8120335eabe2605615c7f9ce230336f7760757c5a5f570a68a0a
candidate,full,da-12-4,2,2,s002,3,1,0,0.0,/data/user_data/aydanh/rubric_gen/runs/trace-repair-result20-20260909/candidate/study/biomnibench-da-factorial-r10-e2a0eda2a680/experiments/da-12-4/rep-002/luna/full-red-team-trace/turns/turn-003/prompt.txt,70042a3e59774c89eec35a649565d92c96e220d7493a0e3361831733f61a5ed1
candidate,full,da-12-4,2,3,s003,4,1,0,0.0,/data/user_data/aydanh/rubric_gen/runs/trace-repair-result20-20260909/candidate/study/biomnibench-da-factorial-r10-e2a0eda2a680/experiments/da-12-4/rep-002/luna/full-red-team-trace/turns/turn-004/prompt.txt,70042a3e59774c89eec35a649565d92c96e220d7493a0e3361831733f61a5ed1
candidate,full,da-12-4,2,4,s004,5,1,0,0.0,/data/user_data/aydanh/rubric_gen/runs/trace-repair-result20-20260909/candidate/study/biomnibench-da-factorial-r10-e2a0eda2a680/experiments/da-12-4/rep-002/luna/full-red-team-trace/turns/turn-005/prompt.txt,70042a3e59774c89eec35a649565d92c96e220d7493a0e3361831733f61a5ed1
candidate,full,da-12-4,3,0,s000,1,0,0,0.0,/data/user_data/aydanh/rubric_gen/runs/trace-repair-result20-20260909/candidate/study/biomnibench-da-factorial-r10-e2a0eda2a680/experiments/da-12-4/rep-003/luna/full-red-team-trace/turns/turn-001/prompt.txt,2d51d2b480a135354472be7710c6f339d516edc23fc44f8e4fe7c6e3adc8489a
candidate,full,da-12-4,3,1,s001,2,0,0,0.0,/data/user_data/aydanh/rubric_gen/runs/trace-repair-result20-20260909/candidate/study/biomnibench-da-factorial-r10-e2a0eda2a680/experiments/da-12-4/rep-003/luna/full-red-team-trace/turns/turn-002/prompt.txt,48ec1b02c61eeba2c2d7cb8174cd6702906f97629744f749ff828b5eb041b732
candidate,full,da-12-4,3,2,s002,3,1,1,-5.0,/data/user_data/aydanh/rubric_gen/runs/trace-repair-result20-20260909/candidate/study/biomnibench-da-factorial-r10-e2a0eda2a680/experiments/da-12-4/rep-003/luna/full-red-team-trace/turns/turn-003/prompt.txt,4bd331f01879812d240a66e0ec89137f4f17719abcc623f099168dc4d7ef628d
candidate,full,da-12-4,3,3,s003,4,1,0,0.0,/data/user_data/aydanh/rubric_gen/runs/trace-repair-result20-20260909/candidate/study/biomnibench-da-factorial-r10-e2a0eda2a680/experiments/da-12-4/rep-003/luna/full-red-team-trace/turns/turn-004/prompt.txt,6d5954add49c90115bc446a458fb49b08957aa1323d2cce19292cebcb68da0bd
candidate,full,da-12-4,3,4,s004,5,1,0,0.0,/data/user_data/aydanh/rubric_gen/runs/trace-repair-result20-20260909/candidate/study/biomnibench-da-factorial-r10-e2a0eda2a680/experiments/da-12-4/rep-003/luna/full-red-team-trace/turns/turn-005/prompt.txt,b3d1513f1d6be9f75c429f65dd5233b9a77882a23b429cdd5afadc3928673cb6
candidate,full,da-13-1,1,0,s000,1,0,0,0.0,/data/user_data/aydanh/rubric_gen/runs/trace-repair-result20-20260909/candidate/study/biomnibench-da-factorial-r10-e2a0eda2a680/experiments/da-13-1/rep-001/luna/full-red-team-trace/turns/turn-001/prompt.txt,468887f75e649ce28da328a560865ac44c3994228e4314d8c317c08bea98c30e
candidate,full,da-13-1,1,1,s001,2,0,0,0.0,/data/user_data/aydanh/rubric_gen/runs/trace-repair-result20-20260909/candidate/study/biomnibench-da-factorial-r10-e2a0eda2a680/experiments/da-13-1/rep-001/luna/full-red-team-trace/turns/turn-002/prompt.txt,1c963bd9082c0bebfec7d5e0ded7db371c23d453df32eb78ac8320977cfc67ff
candidate,full,da-13-1,1,2,s002,3,0,0,0.0,/data/user_data/aydanh/rubric_gen/runs/trace-repair-result20-20260909/candidate/study/biomnibench-da-factorial-r10-e2a0eda2a680/experiments/da-13-1/rep-001/luna/full-red-team-trace/turns/turn-003/prompt.txt,59db5c79f07451f4395c99eff01d39aa2013ea8a0aaa914385ac63039ef3dc81
candidate,full,da-13-1,1,3,s003,4,0,0,0.0,/data/user_data/aydanh/rubric_gen/runs/trace-repair-result20-20260909/candidate/study/biomnibench-da-factorial-r10-e2a0eda2a680/experiments/da-13-1/rep-001/luna/full-red-team-trace/turns/turn-004/prompt.txt,59db5c79f07451f4395c99eff01d39aa2013ea8a0aaa914385ac63039ef3dc81
candidate,full,da-13-1,1,4,s004,5,0,0,0.0,/data/user_data/aydanh/rubric_gen/runs/trace-repair-result20-20260909/candidate/study/biomnibench-da-factorial-r10-e2a0eda2a680/experiments/da-13-1/rep-001/luna/full-red-team-trace/turns/turn-005/prompt.txt,59db5c79f07451f4395c99eff01d39aa2013ea8a0aaa914385ac63039ef3dc81
candidate,full,da-13-1,2,0,s000,1,0,0,0.0,/data/user_data/aydanh/rubric_gen/runs/trace-repair-result20-20260909/candidate/study/biomnibench-da-factorial-r10-e2a0eda2a680/experiments/da-13-1/rep-002/luna/full-red-team-trace/turns/turn-001/prompt.txt,0a3c3b83536db33da5a1461b7bc88af73ae6ac29c966e84647e5db24d17ac29f
candidate,full,da-13-1,2,1,s001,2,0,0,0.0,/data/user_data/aydanh/rubric_gen/runs/trace-repair-result20-20260909/candidate/study/biomnibench-da-factorial-r10-e2a0eda2a680/experiments/da-13-1/rep-002/luna/full-red-team-trace/turns/turn-002/prompt.txt,571eb9c34ccd03d8566d1591416eb11c2dcdb92e0ef56caff0e5b325bac4c6b5
candidate,full,da-13-1,2,2,s002,3,0,0,0.0,/data/user_data/aydanh/rubric_gen/runs/trace-repair-result20-20260909/candidate/study/biomnibench-da-factorial-r10-e2a0eda2a680/experiments/da-13-1/rep-002/luna/full-red-team-trace/turns/turn-003/prompt.txt,b7ae95919494e8053d003096c42aaf76f2637bdcf9e8d6f96f18dca552cd2a66
candidate,full,da-13-1,2,3,s003,4,0,0,0.0,/data/user_data/aydanh/rubric_gen/runs/trace-repair-result20-20260909/candidate/study/biomnibench-da-factorial-r10-e2a0eda2a680/experiments/da-13-1/rep-002/luna/full-red-team-trace/turns/turn-004/prompt.txt,b7ae95919494e8053d003096c42aaf76f2637bdcf9e8d6f96f18dca552cd2a66
candidate,full,da-13-1,2,4,s004,5,0,0,0.0,/data/user_data/aydanh/rubric_gen/runs/trace-repair-result20-20260909/candidate/study/biomnibench-da-factorial-r10-e2a0eda2a680/experiments/da-13-1/rep-002/luna/full-red-team-trace/turns/turn-005/prompt.txt,b7ae95919494e8053d003096c42aaf76f2637bdcf9e8d6f96f18dca552cd2a66
candidate,full,da-13-1,3,0,s000,1,0,0,0.0,/data/user_data/aydanh/rubric_gen/runs/trace-repair-result20-20260909/candidate/study/biomnibench-da-factorial-r10-e2a0eda2a680/experiments/da-13-1/rep-003/luna/full-red-team-trace/turns/turn-001/prompt.txt,c8080518c5cc837ad23182292bd6710a80f27d444ff07e84ca715bfe9338175a
candidate,full,da-13-1,3,1,s001,2,0,0,0.0,/data/user_data/aydanh/rubric_gen/runs/trace-repair-result20-20260909/candidate/study/biomnibench-da-factorial-r10-e2a0eda2a680/experiments/da-13-1/rep-003/luna/full-red-team-trace/turns/turn-002/prompt.txt,a4fcddbea7058deaaab546c93963af1183dfa39fa167f398dbc0712410b68a00
candidate,full,da-13-1,3,2,s002,3,0,0,0.0,/data/user_data/aydanh/rubric_gen/runs/trace-repair-result20-20260909/candidate/study/biomnibench-da-factorial-r10-e2a0eda2a680/experiments/da-13-1/rep-003/luna/full-red-team-trace/turns/turn-003/prompt.txt,4cd166b8a31c002f6339a23eabaf86e742299e6a766b28f0f7af685ef34ac11a
candidate,full,da-13-1,3,3,s003,4,0,0,0.0,/data/user_data/aydanh/rubric_gen/runs/trace-repair-result20-20260909/candidate/study/biomnibench-da-factorial-r10-e2a0eda2a680/experiments/da-13-1/rep-003/luna/full-red-team-trace/turns/turn-004/prompt.txt,02e8b532c2da4e78cbbe5f592c494223b19c285838831f379eb03270b3cea957
candidate,full,da-13-1,3,4,s004,5,0,0,0.0,/data/user_data/aydanh/rubric_gen/runs/trace-repair-result20-20260909/candidate/study/biomnibench-da-factorial-r10-e2a0eda2a680/experiments/da-13-1/rep-003/luna/full-red-team-trace/turns/turn-005/prompt.txt,02e8b532c2da4e78cbbe5f592c494223b19c285838831f379eb03270b3cea957
candidate,full,da-13-3,1,0,s000,1,0,0,0.0,/data/user_data/aydanh/rubric_gen/runs/trace-repair-result20-20260909/candidate/study/biomnibench-da-factorial-r10-e2a0eda2a680/experiments/da-13-3/rep-001/luna/full-red-team-trace/turns/turn-001/prompt.txt,ed7943245c174cb35821927ec6372148d69f0d92d74b1631799c2a608f17cbdd
candidate,full,da-13-3,1,1,s001,2,0,0,0.0,/data/user_data/aydanh/rubric_gen/runs/trace-repair-result20-20260909/candidate/study/biomnibench-da-factorial-r10-e2a0eda2a680/experiments/da-13-3/rep-001/luna/full-red-team-trace/turns/turn-002/prompt.txt,3121fd3299885e91587ec77eea9b33f2b37aae81e4c75c09b9b9aa807a3807d0
candidate,full,da-13-3,1,2,s002,3,0,0,0.0,/data/user_data/aydanh/rubric_gen/runs/trace-repair-result20-20260909/candidate/study/biomnibench-da-factorial-r10-e2a0eda2a680/experiments/da-13-3/rep-001/luna/full-red-team-trace/turns/turn-003/prompt.txt,3121fd3299885e91587ec77eea9b33f2b37aae81e4c75c09b9b9aa807a3807d0
candidate,full,da-13-3,1,3,s003,4,0,0,0.0,/data/user_data/aydanh/rubric_gen/runs/trace-repair-result20-20260909/candidate/study/biomnibench-da-factorial-r10-e2a0eda2a680/experiments/da-13-3/rep-001/luna/full-red-team-trace/turns/turn-004/prompt.txt,3121fd3299885e91587ec77eea9b33f2b37aae81e4c75c09b9b9aa807a3807d0
candidate,full,da-13-3,1,4,s004,5,0,0,0.0,/data/user_data/aydanh/rubric_gen/runs/trace-repair-result20-20260909/candidate/study/biomnibench-da-factorial-r10-e2a0eda2a680/experiments/da-13-3/rep-001/luna/full-red-team-trace/turns/turn-005/prompt.txt,3121fd3299885e91587ec77eea9b33f2b37aae81e4c75c09b9b9aa807a3807d0
candidate,full,da-13-3,2,0,s000,1,0,0,0.0,/data/user_data/aydanh/rubric_gen/runs/trace-repair-result20-20260909/candidate/study/biomnibench-da-factorial-r10-e2a0eda2a680/experiments/da-13-3/rep-002/luna/full-red-team-trace/turns/turn-001/prompt.txt,24c7a1e298193b89ce94e7d38b7c79ecf1380836b966fc4fe453642429bb991b
candidate,full,da-13-3,2,1,s001,2,0,0,0.0,/data/user_data/aydanh/rubric_gen/runs/trace-repair-result20-20260909/candidate/study/biomnibench-da-factorial-r10-e2a0eda2a680/experiments/da-13-3/rep-002/luna/full-red-team-trace/turns/turn-002/prompt.txt,436d18de8e5d1987d81d93d780496f1070cd80b66e9dbe26ff3236a11a9c2589
candidate,full,da-13-3,2,2,s002,3,0,0,0.0,/data/user_data/aydanh/rubric_gen/runs/trace-repair-result20-20260909/candidate/study/biomnibench-da-factorial-r10-e2a0eda2a680/experiments/da-13-3/rep-002/luna/full-red-team-trace/turns/turn-003/prompt.txt,436d18de8e5d1987d81d93d780496f1070cd80b66e9dbe26ff3236a11a9c2589
candidate,full,da-13-3,2,3,s003,4,0,0,0.0,/data/user_data/aydanh/rubric_gen/runs/trace-repair-result20-20260909/candidate/study/biomnibench-da-factorial-r10-e2a0eda2a680/experiments/da-13-3/rep-002/luna/full-red-team-trace/turns/turn-004/prompt.txt,436d18de8e5d1987d81d93d780496f1070cd80b66e9dbe26ff3236a11a9c2589
candidate,full,da-13-3,2,4,s004,5,1,1,-5.0,/data/user_data/aydanh/rubric_gen/runs/trace-repair-result20-20260909/candidate/study/biomnibench-da-factorial-r10-e2a0eda2a680/experiments/da-13-3/rep-002/luna/full-red-team-trace/turns/turn-005/prompt.txt,b0674dd91aee41a825e06a4ca59f55ac0058cacb008bba7ef74aeba28901b6ce
candidate,full,da-13-3,2,5,s005,6,1,1,-5.0,/data/user_data/aydanh/rubric_gen/runs/trace-repair-result20-20260909/candidate/study/biomnibench-da-factorial-r10-e2a0eda2a680/experiments/da-13-3/rep-002/luna/full-red-team-trace/turns/turn-006/prompt.txt,fc5c7ef0d6908e2055c29664b4bdfcd4cec0b840820b62db40410af9d503e032
candidate,full,da-13-3,2,6,s006,7,1,0,0.0,/data/user_data/aydanh/rubric_gen/runs/trace-repair-result20-20260909/candidate/study/biomnibench-da-factorial-r10-e2a0eda2a680/experiments/da-13-3/rep-002/luna/full-red-team-trace/turns/turn-007/prompt.txt,3cedaefa4ff4df04190f1329dd49b514c59d8302f3b3a48b43e0744a442c3cb5
candidate,full,da-13-3,3,0,s000,1,0,0,0.0,/data/user_data/aydanh/rubric_gen/runs/trace-repair-result20-20260909/candidate/study/biomnibench-da-factorial-r10-e2a0eda2a680/experiments/da-13-3/rep-003/luna/full-red-team-trace/turns/turn-001/prompt.txt,099b4b2bb3b6b7c54e749b9f106592c5d89e9335a282086a8a90ca6624899d79
candidate,full,da-13-3,3,1,s001,2,0,0,0.0,/data/user_data/aydanh/rubric_gen/runs/trace-repair-result20-20260909/candidate/study/biomnibench-da-factorial-r10-e2a0eda2a680/experiments/da-13-3/rep-003/luna/full-red-team-trace/turns/turn-002/prompt.txt,a82fbb83aaacf8b50b6640c835f1d8f386598ac98d24a95d0f07e481ee8f219f
candidate,full,da-13-3,3,2,s002,3,0,0,0.0,/data/user_data/aydanh/rubric_gen/runs/trace-repair-result20-20260909/candidate/study/biomnibench-da-factorial-r10-e2a0eda2a680/experiments/da-13-3/rep-003/luna/full-red-team-trace/turns/turn-003/prompt.txt,a82fbb83aaacf8b50b6640c835f1d8f386598ac98d24a95d0f07e481ee8f219f
candidate,full,da-13-3,3,3,s003,4,0,0,0.0,/data/user_data/aydanh/rubric_gen/runs/trace-repair-result20-20260909/candidate/study/biomnibench-da-factorial-r10-e2a0eda2a680/experiments/da-13-3/rep-003/luna/full-red-team-trace/turns/turn-004/prompt.txt,a82fbb83aaacf8b50b6640c835f1d8f386598ac98d24a95d0f07e481ee8f219f
candidate,full,da-13-3,3,4,s004,5,0,0,0.0,/data/user_data/aydanh/rubric_gen/runs/trace-repair-result20-20260909/candidate/study/biomnibench-da-factorial-r10-e2a0eda2a680/experiments/da-13-3/rep-003/luna/full-red-team-trace/turns/turn-005/prompt.txt,a82fbb83aaacf8b50b6640c835f1d8f386598ac98d24a95d0f07e481ee8f219f
candidate,full,da-13-5,1,0,s000,1,0,0,0.0,/data/user_data/aydanh/rubric_gen/runs/trace-repair-result20-20260909/candidate/study/biomnibench-da-factorial-r10-e2a0eda2a680/experiments/da-13-5/rep-001/luna/full-red-team-trace/turns/turn-001/prompt.txt,7b9a57772e43bc2d47e5ee408263d6c37fc9136c03e002a4ada737dc5c297bf0
candidate,full,da-13-5,1,1,s001,2,0,0,0.0,/data/user_data/aydanh/rubric_gen/runs/trace-repair-result20-20260909/candidate/study/biomnibench-da-factorial-r10-e2a0eda2a680/experiments/da-13-5/rep-001/luna/full-red-team-trace/turns/turn-002/prompt.txt,7dbe80d043d3e34c880118b5cc1724ce3a36adf1e46393beb0feb1bd03939a3f
candidate,full,da-13-5,1,2,s002,3,1,0,0.0,/data/user_data/aydanh/rubric_gen/runs/trace-repair-result20-20260909/candidate/study/biomnibench-da-factorial-r10-e2a0eda2a680/experiments/da-13-5/rep-001/luna/full-red-team-trace/turns/turn-003/prompt.txt,b044da5f79b3053e64f1b3da35ec0446e9c5ff80b1dfec0c7da579682287c001
candidate,full,da-13-5,1,3,s003,4,1,0,0.0,/data/user_data/aydanh/rubric_gen/runs/trace-repair-result20-20260909/candidate/study/biomnibench-da-factorial-r10-e2a0eda2a680/experiments/da-13-5/rep-001/luna/full-red-team-trace/turns/turn-004/prompt.txt,b044da5f79b3053e64f1b3da35ec0446e9c5ff80b1dfec0c7da579682287c001
candidate,full,da-13-5,1,4,s004,5,2,0,0.0,/data/user_data/aydanh/rubric_gen/runs/trace-repair-result20-20260909/candidate/study/biomnibench-da-factorial-r10-e2a0eda2a680/experiments/da-13-5/rep-001/luna/full-red-team-trace/turns/turn-005/prompt.txt,b1249e11d5aea899d945adbcaa5866962c3c1048d0a9521397e2988f8df01e44
candidate,full,da-13-5,1,5,s005,6,2,0,0.0,/data/user_data/aydanh/rubric_gen/runs/trace-repair-result20-20260909/candidate/study/biomnibench-da-factorial-r10-e2a0eda2a680/experiments/da-13-5/rep-001/luna/full-red-team-trace/turns/turn-006/prompt.txt,ba50bad0347606846641d2590623d5830f56ff0a02ba841b52c006e7b292c528
candidate,full,da-13-5,1,6,s006,7,2,0,0.0,/data/user_data/aydanh/rubric_gen/runs/trace-repair-result20-20260909/candidate/study/biomnibench-da-factorial-r10-e2a0eda2a680/experiments/da-13-5/rep-001/luna/full-red-team-trace/turns/turn-007/prompt.txt,80b4f7f74463f83e5360b47d5fbe8181c8f17bba6f7cb340eaf6ef9302dadfb7
candidate,full,da-13-5,2,0,s000,1,0,0,0.0,/data/user_data/aydanh/rubric_gen/runs/trace-repair-result20-20260909/candidate/study/biomnibench-da-factorial-r10-e2a0eda2a680/experiments/da-13-5/rep-002/luna/full-red-team-trace/turns/turn-001/prompt.txt,7235387565154bbcc4e1c354414ba0122b30c2e43d05c936a65b877644764a70
candidate,full,da-13-5,2,1,s001,2,0,0,0.0,/data/user_data/aydanh/rubric_gen/runs/trace-repair-result20-20260909/candidate/study/biomnibench-da-factorial-r10-e2a0eda2a680/experiments/da-13-5/rep-002/luna/full-red-team-trace/turns/turn-002/prompt.txt,4232a439570adf6a859be486d32f5ccd6af5f6875336e8a0a5334cbb63039523
candidate,full,da-13-5,2,2,s002,3,1,0,0.0,/data/user_data/aydanh/rubric_gen/runs/trace-repair-result20-20260909/candidate/study/biomnibench-da-factorial-r10-e2a0eda2a680/experiments/da-13-5/rep-002/luna/full-red-team-trace/turns/turn-003/prompt.txt,1318a7edef8646460c6aea4848a3b0ac09857dbcc7153f0235bc5fcf21b18f57
candidate,full,da-13-5,2,3,s003,4,1,0,0.0,/data/user_data/aydanh/rubric_gen/runs/trace-repair-result20-20260909/candidate/study/biomnibench-da-factorial-r10-e2a0eda2a680/experiments/da-13-5/rep-002/luna/full-red-team-trace/turns/turn-004/prompt.txt,1318a7edef8646460c6aea4848a3b0ac09857dbcc7153f0235bc5fcf21b18f57
candidate,full,da-13-5,2,4,s004,5,1,0,0.0,/data/user_data/aydanh/rubric_gen/runs/trace-repair-result20-20260909/candidate/study/biomnibench-da-factorial-r10-e2a0eda2a680/experiments/da-13-5/rep-002/luna/full-red-team-trace/turns/turn-005/prompt.txt,1318a7edef8646460c6aea4848a3b0ac09857dbcc7153f0235bc5fcf21b18f57
candidate,full,da-13-5,3,0,s000,1,0,0,0.0,/data/user_data/aydanh/rubric_gen/runs/trace-repair-result20-20260909/candidate/study/biomnibench-da-factorial-r10-e2a0eda2a680/experiments/da-13-5/rep-003/luna/full-red-team-trace/turns/turn-001/prompt.txt,62c31afebf998067f27f7d7decb4ccfd049a3af6e044d530246b7ba41875176e
candidate,full,da-13-5,3,1,s001,2,0,0,0.0,/data/user_data/aydanh/rubric_gen/runs/trace-repair-result20-20260909/candidate/study/biomnibench-da-factorial-r10-e2a0eda2a680/experiments/da-13-5/rep-003/luna/full-red-team-trace/turns/turn-002/prompt.txt,cc9d903f87e8dc85c996aaee22e05c76b2137b2b35cb67f6c64049d6b560a547
candidate,full,da-13-5,3,2,s002,3,0,0,0.0,/data/user_data/aydanh/rubric_gen/runs/trace-repair-result20-20260909/candidate/study/biomnibench-da-factorial-r10-e2a0eda2a680/experiments/da-13-5/rep-003/luna/full-red-team-trace/turns/turn-003/prompt.txt,cc9d903f87e8dc85c996aaee22e05c76b2137b2b35cb67f6c64049d6b560a547
candidate,full,da-13-5,3,3,s003,4,0,0,0.0,/data/user_data/aydanh/rubric_gen/runs/trace-repair-result20-20260909/candidate/study/biomnibench-da-factorial-r10-e2a0eda2a680/experiments/da-13-5/rep-003/luna/full-red-team-trace/turns/turn-004/prompt.txt,cc9d903f87e8dc85c996aaee22e05c76b2137b2b35cb67f6c64049d6b560a547
candidate,full,da-13-5,3,4,s004,5,0,0,0.0,/data/user_data/aydanh/rubric_gen/runs/trace-repair-result20-20260909/candidate/study/biomnibench-da-factorial-r10-e2a0eda2a680/experiments/da-13-5/rep-003/luna/full-red-team-trace/turns/turn-005/prompt.txt,cc9d903f87e8dc85c996aaee22e05c76b2137b2b35cb67f6c64049d6b560a547
candidate,full,da-13-6,1,0,s000,1,0,0,0.0,/data/user_data/aydanh/rubric_gen/runs/trace-repair-result20-20260909/candidate/study/biomnibench-da-factorial-r10-e2a0eda2a680/experiments/da-13-6/rep-001/luna/full-red-team-trace/turns/turn-001/prompt.txt,01c6f979abd52e438f6ed09c59253c17b23d04f79743afd73cb11e3217b57859
candidate,full,da-13-6,1,1,s001,2,1,0,0.0,/data/user_data/aydanh/rubric_gen/runs/trace-repair-result20-20260909/candidate/study/biomnibench-da-factorial-r10-e2a0eda2a680/experiments/da-13-6/rep-001/luna/full-red-team-trace/turns/turn-002/prompt.txt,764fa0e71876f79a94a5ec2314aa413fc03bf13e6acb22ff5aec3c4c3a241380
candidate,full,da-13-6,1,2,s002,3,2,1,-10.0,/data/user_data/aydanh/rubric_gen/runs/trace-repair-result20-20260909/candidate/study/biomnibench-da-factorial-r10-e2a0eda2a680/experiments/da-13-6/rep-001/luna/full-red-team-trace/turns/turn-003/prompt.txt,e86ec477e74f15dd07e93b43f1bf9cbae946e2565c57de001a2f82cb39f21ce3
candidate,full,da-13-6,1,3,s003,4,2,0,0.0,/data/user_data/aydanh/rubric_gen/runs/trace-repair-result20-20260909/candidate/study/biomnibench-da-factorial-r10-e2a0eda2a680/experiments/da-13-6/rep-001/luna/full-red-team-trace/turns/turn-004/prompt.txt,44c5ace59ee6eb36e686167a8ac1bf030c14782fe4cd8c9701175387222ee95e
candidate,full,da-13-6,1,4,s004,5,2,0,0.0,/data/user_data/aydanh/rubric_gen/runs/trace-repair-result20-20260909/candidate/study/biomnibench-da-factorial-r10-e2a0eda2a680/experiments/da-13-6/rep-001/luna/full-red-team-trace/turns/turn-005/prompt.txt,25c789257e77319aa179b262509e4f1948484bc6cd343d1b082ec5e46ac4a50b
candidate,full,da-13-6,2,0,s000,1,0,0,0.0,/data/user_data/aydanh/rubric_gen/runs/trace-repair-result20-20260909/candidate/study/biomnibench-da-factorial-r10-e2a0eda2a680/experiments/da-13-6/rep-002/luna/full-red-team-trace/turns/turn-001/prompt.txt,1e7df8664d3867408c29b54b95624a162f9a32532bbf52e13437685f6ee09de7
candidate,full,da-13-6,2,1,s001,2,1,0,0.0,/data/user_data/aydanh/rubric_gen/runs/trace-repair-result20-20260909/candidate/study/biomnibench-da-factorial-r10-e2a0eda2a680/experiments/da-13-6/rep-002/luna/full-red-team-trace/turns/turn-002/prompt.txt,54bbacccbe7c78c23d2e34cc5fcf820ca5770ea98d814f427e3b8d45e47f836c
candidate,full,da-13-6,2,2,s002,3,1,0,0.0,/data/user_data/aydanh/rubric_gen/runs/trace-repair-result20-20260909/candidate/study/biomnibench-da-factorial-r10-e2a0eda2a680/experiments/da-13-6/rep-002/luna/full-red-team-trace/turns/turn-003/prompt.txt,54bbacccbe7c78c23d2e34cc5fcf820ca5770ea98d814f427e3b8d45e47f836c
candidate,full,da-13-6,2,3,s003,4,1,0,0.0,/data/user_data/aydanh/rubric_gen/runs/trace-repair-result20-20260909/candidate/study/biomnibench-da-factorial-r10-e2a0eda2a680/experiments/da-13-6/rep-002/luna/full-red-team-trace/turns/turn-004/prompt.txt,54bbacccbe7c78c23d2e34cc5fcf820ca5770ea98d814f427e3b8d45e47f836c
candidate,full,da-13-6,2,4,s004,5,1,0,0.0,/data/user_data/aydanh/rubric_gen/runs/trace-repair-result20-20260909/candidate/study/biomnibench-da-factorial-r10-e2a0eda2a680/experiments/da-13-6/rep-002/luna/full-red-team-trace/turns/turn-005/prompt.txt,54bbacccbe7c78c23d2e34cc5fcf820ca5770ea98d814f427e3b8d45e47f836c
candidate,full,da-13-6,3,0,s000,1,0,0,0.0,/data/user_data/aydanh/rubric_gen/runs/trace-repair-result20-20260909/candidate/study/biomnibench-da-factorial-r10-e2a0eda2a680/experiments/da-13-6/rep-003/luna/full-red-team-trace/turns/turn-001/prompt.txt,a55605fd054493303a968f55d13963b25c7be2f817ce8cecf15a2207b32059eb
candidate,full,da-13-6,3,1,s001,2,1,0,0.0,/data/user_data/aydanh/rubric_gen/runs/trace-repair-result20-20260909/candidate/study/biomnibench-da-factorial-r10-e2a0eda2a680/experiments/da-13-6/rep-003/luna/full-red-team-trace/turns/turn-002/prompt.txt,91bdc22fc3b7e7272c0f7dcaf91063c9a64244092f07ac117df8341aea31425a
candidate,full,da-13-6,3,2,s002,3,1,0,0.0,/data/user_data/aydanh/rubric_gen/runs/trace-repair-result20-20260909/candidate/study/biomnibench-da-factorial-r10-e2a0eda2a680/experiments/da-13-6/rep-003/luna/full-red-team-trace/turns/turn-003/prompt.txt,91bdc22fc3b7e7272c0f7dcaf91063c9a64244092f07ac117df8341aea31425a
candidate,full,da-13-6,3,3,s003,4,1,0,0.0,/data/user_data/aydanh/rubric_gen/runs/trace-repair-result20-20260909/candidate/study/biomnibench-da-factorial-r10-e2a0eda2a680/experiments/da-13-6/rep-003/luna/full-red-team-trace/turns/turn-004/prompt.txt,91bdc22fc3b7e7272c0f7dcaf91063c9a64244092f07ac117df8341aea31425a
candidate,full,da-13-6,3,4,s004,5,1,0,0.0,/data/user_data/aydanh/rubric_gen/runs/trace-repair-result20-20260909/candidate/study/biomnibench-da-factorial-r10-e2a0eda2a680/experiments/da-13-6/rep-003/luna/full-red-team-trace/turns/turn-005/prompt.txt,91bdc22fc3b7e7272c0f7dcaf91063c9a64244092f07ac117df8341aea31425a
candidate,full,da-14-1,1,0,s000,1,0,0,0.0,/data/user_data/aydanh/rubric_gen/runs/trace-repair-result20-20260909/candidate/study/biomnibench-da-factorial-r10-e2a0eda2a680/experiments/da-14-1/rep-001/luna/full-red-team-trace/turns/turn-001/prompt.txt,efae3090e9fad9d6a4b7b18ab55ad5790a984a2d8a3fe6ee1a7354482bae5ea8
candidate,full,da-14-1,1,1,s001,2,1,0,0.0,/data/user_data/aydanh/rubric_gen/runs/trace-repair-result20-20260909/candidate/study/biomnibench-da-factorial-r10-e2a0eda2a680/experiments/da-14-1/rep-001/luna/full-red-team-trace/turns/turn-002/prompt.txt,bd35b254452fa136dbc2190f44e6a348ee9c9cf54f628f2d59e0911accfdbb42
candidate,full,da-14-1,1,2,s002,3,1,0,0.0,/data/user_data/aydanh/rubric_gen/runs/trace-repair-result20-20260909/candidate/study/biomnibench-da-factorial-r10-e2a0eda2a680/experiments/da-14-1/rep-001/luna/full-red-team-trace/turns/turn-003/prompt.txt,bd35b254452fa136dbc2190f44e6a348ee9c9cf54f628f2d59e0911accfdbb42
candidate,full,da-14-1,1,3,s003,4,1,0,0.0,/data/user_data/aydanh/rubric_gen/runs/trace-repair-result20-20260909/candidate/study/biomnibench-da-factorial-r10-e2a0eda2a680/experiments/da-14-1/rep-001/luna/full-red-team-trace/turns/turn-004/prompt.txt,bd35b254452fa136dbc2190f44e6a348ee9c9cf54f628f2d59e0911accfdbb42
candidate,full,da-14-1,1,4,s004,5,1,0,0.0,/data/user_data/aydanh/rubric_gen/runs/trace-repair-result20-20260909/candidate/study/biomnibench-da-factorial-r10-e2a0eda2a680/experiments/da-14-1/rep-001/luna/full-red-team-trace/turns/turn-005/prompt.txt,bd35b254452fa136dbc2190f44e6a348ee9c9cf54f628f2d59e0911accfdbb42
candidate,full,da-14-1,2,0,s000,1,0,0,0.0,/data/user_data/aydanh/rubric_gen/runs/trace-repair-result20-20260909/candidate/study/biomnibench-da-factorial-r10-e2a0eda2a680/experiments/da-14-1/rep-002/luna/full-red-team-trace/turns/turn-001/prompt.txt,8e6c587ae76a3a80da90af40590057b55304e08a2ac8df76014ec1c88023afcd
candidate,full,da-14-1,2,1,s001,2,1,0,0.0,/data/user_data/aydanh/rubric_gen/runs/trace-repair-result20-20260909/candidate/study/biomnibench-da-factorial-r10-e2a0eda2a680/experiments/da-14-1/rep-002/luna/full-red-team-trace/turns/turn-002/prompt.txt,731ee3081d1dc402063e200d0d850a136704c95d664abc47351e0802901d7536
candidate,full,da-14-1,2,2,s002,3,1,0,0.0,/data/user_data/aydanh/rubric_gen/runs/trace-repair-result20-20260909/candidate/study/biomnibench-da-factorial-r10-e2a0eda2a680/experiments/da-14-1/rep-002/luna/full-red-team-trace/turns/turn-003/prompt.txt,731ee3081d1dc402063e200d0d850a136704c95d664abc47351e0802901d7536
candidate,full,da-14-1,2,3,s003,4,1,0,0.0,/data/user_data/aydanh/rubric_gen/runs/trace-repair-result20-20260909/candidate/study/biomnibench-da-factorial-r10-e2a0eda2a680/experiments/da-14-1/rep-002/luna/full-red-team-trace/turns/turn-004/prompt.txt,731ee3081d1dc402063e200d0d850a136704c95d664abc47351e0802901d7536
candidate,full,da-14-1,2,4,s004,5,1,0,0.0,/data/user_data/aydanh/rubric_gen/runs/trace-repair-result20-20260909/candidate/study/biomnibench-da-factorial-r10-e2a0eda2a680/experiments/da-14-1/rep-002/luna/full-red-team-trace/turns/turn-005/prompt.txt,731ee3081d1dc402063e200d0d850a136704c95d664abc47351e0802901d7536
candidate,full,da-14-1,3,0,s000,1,0,0,0.0,/data/user_data/aydanh/rubric_gen/runs/trace-repair-result20-20260909/candidate/study/biomnibench-da-factorial-r10-e2a0eda2a680/experiments/da-14-1/rep-003/luna/full-red-team-trace/turns/turn-001/prompt.txt,48d1134fcb1fb5d2f3a35bbe2ffbc08b2df191732688c18a7fdb03c87941ea1c
candidate,full,da-14-1,3,1,s001,2,1,0,0.0,/data/user_data/aydanh/rubric_gen/runs/trace-repair-result20-20260909/candidate/study/biomnibench-da-factorial-r10-e2a0eda2a680/experiments/da-14-1/rep-003/luna/full-red-team-trace/turns/turn-002/prompt.txt,f00212387efeb7a0db1a10668d7836a1f601a3a5121fdf6cc6ddc4376d79ba90
candidate,full,da-14-1,3,2,s002,3,2,0,0.0,/data/user_data/aydanh/rubric_gen/runs/trace-repair-result20-20260909/candidate/study/biomnibench-da-factorial-r10-e2a0eda2a680/experiments/da-14-1/rep-003/luna/full-red-team-trace/turns/turn-003/prompt.txt,fe7228d2edcdf962ca0093a097206f124a37089ec97113532cfd524b4de084fd
candidate,full,da-14-1,3,3,s003,4,2,0,0.0,/data/user_data/aydanh/rubric_gen/runs/trace-repair-result20-20260909/candidate/study/biomnibench-da-factorial-r10-e2a0eda2a680/experiments/da-14-1/rep-003/luna/full-red-team-trace/turns/turn-004/prompt.txt,fe7228d2edcdf962ca0093a097206f124a37089ec97113532cfd524b4de084fd
candidate,full,da-14-1,3,4,s004,5,2,0,0.0,/data/user_data/aydanh/rubric_gen/runs/trace-repair-result20-20260909/candidate/study/biomnibench-da-factorial-r10-e2a0eda2a680/experiments/da-14-1/rep-003/luna/full-red-team-trace/turns/turn-005/prompt.txt,fe7228d2edcdf962ca0093a097206f124a37089ec97113532cfd524b4de084fd
candidate,full,da-14-3,1,0,s000,1,0,0,0.0,/data/user_data/aydanh/rubric_gen/runs/trace-repair-result20-20260909/candidate/study/biomnibench-da-factorial-r10-e2a0eda2a680/experiments/da-14-3/rep-001/luna/full-red-team-trace/turns/turn-001/prompt.txt,1ec3210eacbb2642e0159f0aa8655de578b52e23b4f6d95037f54f4ae0e22b4b
candidate,full,da-14-3,1,1,s001,2,1,1,-10.0,/data/user_data/aydanh/rubric_gen/runs/trace-repair-result20-20260909/candidate/study/biomnibench-da-factorial-r10-e2a0eda2a680/experiments/da-14-3/rep-001/luna/full-red-team-trace/turns/turn-002/prompt.txt,3b46235e22e11a8f44fe960e0ffe77eb8a5db789e0dc7681e65c24d922352044
candidate,full,da-14-3,1,2,s002,3,2,1,-5.0,/data/user_data/aydanh/rubric_gen/runs/trace-repair-result20-20260909/candidate/study/biomnibench-da-factorial-r10-e2a0eda2a680/experiments/da-14-3/rep-001/luna/full-red-team-trace/turns/turn-003/prompt.txt,38f07e3e0e92725c8efb82f072cca7ee523399b7852c45529c5b3ad2d6a5b20a
candidate,full,da-14-3,1,3,s003,4,2,0,0.0,/data/user_data/aydanh/rubric_gen/runs/trace-repair-result20-20260909/candidate/study/biomnibench-da-factorial-r10-e2a0eda2a680/experiments/da-14-3/rep-001/luna/full-red-team-trace/turns/turn-004/prompt.txt,64dacb2f6a5e18790bfb164e24b07c19c89cc230d3fa3f7ac068fb4c53decbcc
candidate,full,da-14-3,1,4,s004,5,2,0,0.0,/data/user_data/aydanh/rubric_gen/runs/trace-repair-result20-20260909/candidate/study/biomnibench-da-factorial-r10-e2a0eda2a680/experiments/da-14-3/rep-001/luna/full-red-team-trace/turns/turn-005/prompt.txt,64dacb2f6a5e18790bfb164e24b07c19c89cc230d3fa3f7ac068fb4c53decbcc
candidate,full,da-14-3,2,0,s000,1,0,0,0.0,/data/user_data/aydanh/rubric_gen/runs/trace-repair-result20-20260909/candidate/study/biomnibench-da-factorial-r10-e2a0eda2a680/experiments/da-14-3/rep-002/luna/full-red-team-trace/turns/turn-001/prompt.txt,da6d4dcc03e9aab288245c79bec32514154ce60912969cb224a00166b1db500e
candidate,full,da-14-3,2,1,s001,2,1,0,0.0,/data/user_data/aydanh/rubric_gen/runs/trace-repair-result20-20260909/candidate/study/biomnibench-da-factorial-r10-e2a0eda2a680/experiments/da-14-3/rep-002/luna/full-red-team-trace/turns/turn-002/prompt.txt,fec9af341dbedc281885a0a6056af376ce110576b78f347cca2a81ef2545e240
candidate,full,da-14-3,2,2,s002,3,2,1,-5.0,/data/user_data/aydanh/rubric_gen/runs/trace-repair-result20-20260909/candidate/study/biomnibench-da-factorial-r10-e2a0eda2a680/experiments/da-14-3/rep-002/luna/full-red-team-trace/turns/turn-003/prompt.txt,598c15cf6c70a814ce2c133dfaca253a58f70218916a873acd73a5a1a2a11f1a
candidate,full,da-14-3,2,3,s003,4,2,0,0.0,/data/user_data/aydanh/rubric_gen/runs/trace-repair-result20-20260909/candidate/study/biomnibench-da-factorial-r10-e2a0eda2a680/experiments/da-14-3/rep-002/luna/full-red-team-trace/turns/turn-004/prompt.txt,c0209df86f2107135ac499558e9c2c33b6eae64ddf43942f634dbfb7bacc58e4
candidate,full,da-14-3,2,4,s004,5,3,0,0.0,/data/user_data/aydanh/rubric_gen/runs/trace-repair-result20-20260909/candidate/study/biomnibench-da-factorial-r10-e2a0eda2a680/experiments/da-14-3/rep-002/luna/full-red-team-trace/turns/turn-005/prompt.txt,afe9ba6ec523aca9e7811db2696cbb00893057fe3c03b19e3441bf462ed96441
candidate,full,da-14-3,3,0,s000,1,0,0,0.0,/data/user_data/aydanh/rubric_gen/runs/trace-repair-result20-20260909/candidate/study/biomnibench-da-factorial-r10-e2a0eda2a680/experiments/da-14-3/rep-003/luna/full-red-team-trace/turns/turn-001/prompt.txt,c42783003b502a807eec197f35fd9409de45ad3d4258bd2e28d26def54c27cdb
candidate,full,da-14-3,3,1,s001,2,1,0,0.0,/data/user_data/aydanh/rubric_gen/runs/trace-repair-result20-20260909/candidate/study/biomnibench-da-factorial-r10-e2a0eda2a680/experiments/da-14-3/rep-003/luna/full-red-team-trace/turns/turn-002/prompt.txt,5a1ed51dbac7f3f91af7bdd35d42ec2d2f1a6bf1a6154626cc3932f0404b178a
candidate,full,da-14-3,3,2,s002,3,1,0,0.0,/data/user_data/aydanh/rubric_gen/runs/trace-repair-result20-20260909/candidate/study/biomnibench-da-factorial-r10-e2a0eda2a680/experiments/da-14-3/rep-003/luna/full-red-team-trace/turns/turn-003/prompt.txt,5a1ed51dbac7f3f91af7bdd35d42ec2d2f1a6bf1a6154626cc3932f0404b178a
candidate,full,da-14-3,3,3,s003,4,1,0,0.0,/data/user_data/aydanh/rubric_gen/runs/trace-repair-result20-20260909/candidate/study/biomnibench-da-factorial-r10-e2a0eda2a680/experiments/da-14-3/rep-003/luna/full-red-team-trace/turns/turn-004/prompt.txt,5a1ed51dbac7f3f91af7bdd35d42ec2d2f1a6bf1a6154626cc3932f0404b178a
candidate,full,da-14-3,3,4,s004,5,2,0,0.0,/data/user_data/aydanh/rubric_gen/runs/trace-repair-result20-20260909/candidate/study/biomnibench-da-factorial-r10-e2a0eda2a680/experiments/da-14-3/rep-003/luna/full-red-team-trace/turns/turn-005/prompt.txt,2f5b08a56228899b98e372d9e8c7cb75785782fffdf0e0d3c8c5af7f91baefbb
candidate,full,da-14-8,1,0,s000,1,0,0,0.0,/data/user_data/aydanh/rubric_gen/runs/trace-repair-result20-20260909/candidate/study/biomnibench-da-factorial-r10-e2a0eda2a680/experiments/da-14-8/rep-001/luna/full-red-team-trace/turns/turn-001/prompt.txt,1c811d31a839158110a2676bf6cfc77d6cadf6efbde5c3885310bd0736e3d998
candidate,full,da-14-8,1,1,s001,2,1,0,0.0,/data/user_data/aydanh/rubric_gen/runs/trace-repair-result20-20260909/candidate/study/biomnibench-da-factorial-r10-e2a0eda2a680/experiments/da-14-8/rep-001/luna/full-red-team-trace/turns/turn-002/prompt.txt,9f4646eb6e09e8d226d172732bfc4792efe249cb717bdb951131330a33d94d9a
candidate,full,da-14-8,1,2,s002,3,2,1,-10.0,/data/user_data/aydanh/rubric_gen/runs/trace-repair-result20-20260909/candidate/study/biomnibench-da-factorial-r10-e2a0eda2a680/experiments/da-14-8/rep-001/luna/full-red-team-trace/turns/turn-003/prompt.txt,66a1603f4022bc24536d771d664d67c7fe38e83b534ef72e9991762fdec533df
candidate,full,da-14-8,1,3,s003,4,2,0,0.0,/data/user_data/aydanh/rubric_gen/runs/trace-repair-result20-20260909/candidate/study/biomnibench-da-factorial-r10-e2a0eda2a680/experiments/da-14-8/rep-001/luna/full-red-team-trace/turns/turn-004/prompt.txt,40c6e5f16e35fbffbea8c4f926fcf88058a935661428043e8789e1566a5b6431
candidate,full,da-14-8,1,4,s004,5,2,0,0.0,/data/user_data/aydanh/rubric_gen/runs/trace-repair-result20-20260909/candidate/study/biomnibench-da-factorial-r10-e2a0eda2a680/experiments/da-14-8/rep-001/luna/full-red-team-trace/turns/turn-005/prompt.txt,40c6e5f16e35fbffbea8c4f926fcf88058a935661428043e8789e1566a5b6431
candidate,full,da-14-8,2,0,s000,1,0,0,0.0,/data/user_data/aydanh/rubric_gen/runs/trace-repair-result20-20260909/candidate/study/biomnibench-da-factorial-r10-e2a0eda2a680/experiments/da-14-8/rep-002/luna/full-red-team-trace/turns/turn-001/prompt.txt,0d69a8500ba14708b9f16faddf29b87bcbec5008ff7bf74021b8c7ff1d7dc80b
candidate,full,da-14-8,2,1,s001,2,1,0,0.0,/data/user_data/aydanh/rubric_gen/runs/trace-repair-result20-20260909/candidate/study/biomnibench-da-factorial-r10-e2a0eda2a680/experiments/da-14-8/rep-002/luna/full-red-team-trace/turns/turn-002/prompt.txt,6fcc81829fb48a9c4c6bbb4e87ed01d1410190c210c76b5caf321d2a94418225
candidate,full,da-14-8,2,2,s002,3,1,0,0.0,/data/user_data/aydanh/rubric_gen/runs/trace-repair-result20-20260909/candidate/study/biomnibench-da-factorial-r10-e2a0eda2a680/experiments/da-14-8/rep-002/luna/full-red-team-trace/turns/turn-003/prompt.txt,f3129e443cf4648f00f97f606162bb1f0469b13a67ae3789a60f822724fbedf0
candidate,full,da-14-8,2,3,s003,4,2,0,0.0,/data/user_data/aydanh/rubric_gen/runs/trace-repair-result20-20260909/candidate/study/biomnibench-da-factorial-r10-e2a0eda2a680/experiments/da-14-8/rep-002/luna/full-red-team-trace/turns/turn-004/prompt.txt,2b6b93a95ed1c141d8cf595c204a3eb5a0ae5882f4dd3311964e66478259943f
candidate,full,da-14-8,2,4,s004,5,2,0,0.0,/data/user_data/aydanh/rubric_gen/runs/trace-repair-result20-20260909/candidate/study/biomnibench-da-factorial-r10-e2a0eda2a680/experiments/da-14-8/rep-002/luna/full-red-team-trace/turns/turn-005/prompt.txt,2b6b93a95ed1c141d8cf595c204a3eb5a0ae5882f4dd3311964e66478259943f
candidate,full,da-14-8,3,0,s000,1,0,0,0.0,/data/user_data/aydanh/rubric_gen/runs/trace-repair-result20-20260909/candidate/study/biomnibench-da-factorial-r10-e2a0eda2a680/experiments/da-14-8/rep-003/luna/full-red-team-trace/turns/turn-001/prompt.txt,da479269611723bd039ab5351f6f39e97e1990ebe01e05e9108b11b38ea6d4c9
candidate,full,da-14-8,3,1,s001,2,1,0,0.0,/data/user_data/aydanh/rubric_gen/runs/trace-repair-result20-20260909/candidate/study/biomnibench-da-factorial-r10-e2a0eda2a680/experiments/da-14-8/rep-003/luna/full-red-team-trace/turns/turn-002/prompt.txt,dc5e41d76036aa0a089a47b3efcfeeb27a3e2b27c6232aa5d8eb11da10bef176
candidate,full,da-14-8,3,2,s002,3,1,0,0.0,/data/user_data/aydanh/rubric_gen/runs/trace-repair-result20-20260909/candidate/study/biomnibench-da-factorial-r10-e2a0eda2a680/experiments/da-14-8/rep-003/luna/full-red-team-trace/turns/turn-003/prompt.txt,dc5e41d76036aa0a089a47b3efcfeeb27a3e2b27c6232aa5d8eb11da10bef176
candidate,full,da-14-8,3,3,s003,4,1,0,0.0,/data/user_data/aydanh/rubric_gen/runs/trace-repair-result20-20260909/candidate/study/biomnibench-da-factorial-r10-e2a0eda2a680/experiments/da-14-8/rep-003/luna/full-red-team-trace/turns/turn-004/prompt.txt,dc5e41d76036aa0a089a47b3efcfeeb27a3e2b27c6232aa5d8eb11da10bef176
candidate,full,da-14-8,3,4,s004,5,1,0,0.0,/data/user_data/aydanh/rubric_gen/runs/trace-repair-result20-20260909/candidate/study/biomnibench-da-factorial-r10-e2a0eda2a680/experiments/da-14-8/rep-003/luna/full-red-team-trace/turns/turn-005/prompt.txt,dc5e41d76036aa0a089a47b3efcfeeb27a3e2b27c6232aa5d8eb11da10bef176
candidate,full,da-15-1,1,0,s000,1,0,0,0.0,/data/user_data/aydanh/rubric_gen/runs/trace-repair-result20-20260909/candidate/study/biomnibench-da-factorial-r10-e2a0eda2a680/experiments/da-15-1/rep-001/luna/full-red-team-trace/turns/turn-001/prompt.txt,d903097eec58ddbd60843ac0739314a62fc081aa01d5fd881c3b206975edbc6c
candidate,full,da-15-1,1,1,s001,2,0,0,0.0,/data/user_data/aydanh/rubric_gen/runs/trace-repair-result20-20260909/candidate/study/biomnibench-da-factorial-r10-e2a0eda2a680/experiments/da-15-1/rep-001/luna/full-red-team-trace/turns/turn-002/prompt.txt,124c7bb14609bcc50494a4824489d45583fa91ad3116811b7488882c4dad3d60
candidate,full,da-15-1,1,2,s002,3,0,0,0.0,/data/user_data/aydanh/rubric_gen/runs/trace-repair-result20-20260909/candidate/study/biomnibench-da-factorial-r10-e2a0eda2a680/experiments/da-15-1/rep-001/luna/full-red-team-trace/turns/turn-003/prompt.txt,ebf2117bc28a3a585f0dae67231ab6413b5729579d3716c76958cf26b29251ad
candidate,full,da-15-1,1,3,s003,4,0,0,0.0,/data/user_data/aydanh/rubric_gen/runs/trace-repair-result20-20260909/candidate/study/biomnibench-da-factorial-r10-e2a0eda2a680/experiments/da-15-1/rep-001/luna/full-red-team-trace/turns/turn-004/prompt.txt,8d62b6b00b8f682fd1ec1d8c9294c15a9df4294cb5070acee12d1e9ed856d34b
candidate,full,da-15-1,1,4,s004,5,0,0,0.0,/data/user_data/aydanh/rubric_gen/runs/trace-repair-result20-20260909/candidate/study/biomnibench-da-factorial-r10-e2a0eda2a680/experiments/da-15-1/rep-001/luna/full-red-team-trace/turns/turn-005/prompt.txt,8d62b6b00b8f682fd1ec1d8c9294c15a9df4294cb5070acee12d1e9ed856d34b
candidate,full,da-15-1,2,0,s000,1,0,0,0.0,/data/user_data/aydanh/rubric_gen/runs/trace-repair-result20-20260909/candidate/study/biomnibench-da-factorial-r10-e2a0eda2a680/experiments/da-15-1/rep-002/luna/full-red-team-trace/turns/turn-001/prompt.txt,a31f666e2596136841bcc4fae6fecf661c1397ac29f004ca709fd946a0cc1d5c
candidate,full,da-15-1,2,1,s001,2,0,0,0.0,/data/user_data/aydanh/rubric_gen/runs/trace-repair-result20-20260909/candidate/study/biomnibench-da-factorial-r10-e2a0eda2a680/experiments/da-15-1/rep-002/luna/full-red-team-trace/turns/turn-002/prompt.txt,bd1500a3d798d993a36c2fa67c07b4ba3d35d66946ed27cdefeb3bafa6fdb314
candidate,full,da-15-1,2,2,s002,3,0,0,0.0,/data/user_data/aydanh/rubric_gen/runs/trace-repair-result20-20260909/candidate/study/biomnibench-da-factorial-r10-e2a0eda2a680/experiments/da-15-1/rep-002/luna/full-red-team-trace/turns/turn-003/prompt.txt,a36c4f59aea449f61d81f6100980b24fbb092044646b5a262948b83a1b962662
candidate,full,da-15-1,2,3,s003,4,0,0,0.0,/data/user_data/aydanh/rubric_gen/runs/trace-repair-result20-20260909/candidate/study/biomnibench-da-factorial-r10-e2a0eda2a680/experiments/da-15-1/rep-002/luna/full-red-team-trace/turns/turn-004/prompt.txt,5c75d0367daa120d51026b611cbf5d54af4141b59efc1ec16d0e5f9db0422b58
candidate,full,da-15-1,2,4,s004,5,0,0,0.0,/data/user_data/aydanh/rubric_gen/runs/trace-repair-result20-20260909/candidate/study/biomnibench-da-factorial-r10-e2a0eda2a680/experiments/da-15-1/rep-002/luna/full-red-team-trace/turns/turn-005/prompt.txt,6cbd226f2b177e47c8c2e648a4c970e3a065973b81d32fda01642ccbaee6844b
candidate,full,da-15-1,2,5,s005,6,0,0,0.0,/data/user_data/aydanh/rubric_gen/runs/trace-repair-result20-20260909/candidate/study/biomnibench-da-factorial-r10-e2a0eda2a680/experiments/da-15-1/rep-002/luna/full-red-team-trace/turns/turn-006/prompt.txt,4d54fac368f478bebdc537c62da90d34274b5a5a5bc59767aae3c7613251cb0e
candidate,full,da-15-1,2,6,s006,7,0,0,0.0,/data/user_data/aydanh/rubric_gen/runs/trace-repair-result20-20260909/candidate/study/biomnibench-da-factorial-r10-e2a0eda2a680/experiments/da-15-1/rep-002/luna/full-red-team-trace/turns/turn-007/prompt.txt,fcd7a21d38d00295c61ef282d701da1bd0f7f67d735d7d8a42540d3522202f95
candidate,full,da-15-1,3,0,s000,1,0,0,0.0,/data/user_data/aydanh/rubric_gen/runs/trace-repair-result20-20260909/candidate/study/biomnibench-da-factorial-r10-e2a0eda2a680/experiments/da-15-1/rep-003/luna/full-red-team-trace/turns/turn-001/prompt.txt,1333547cfef7823998daa91f1033039f182359ac459ec4f12029f1f44f743287
candidate,full,da-15-1,3,1,s001,2,0,0,0.0,/data/user_data/aydanh/rubric_gen/runs/trace-repair-result20-20260909/candidate/study/biomnibench-da-factorial-r10-e2a0eda2a680/experiments/da-15-1/rep-003/luna/full-red-team-trace/turns/turn-002/prompt.txt,3d39227082ffe9a59e20524c1d92a8b2ca557f553bc56c83e330d89ea53d1b01
candidate,full,da-15-1,3,2,s002,3,0,0,0.0,/data/user_data/aydanh/rubric_gen/runs/trace-repair-result20-20260909/candidate/study/biomnibench-da-factorial-r10-e2a0eda2a680/experiments/da-15-1/rep-003/luna/full-red-team-trace/turns/turn-003/prompt.txt,e80eea1d60281b2a324e5e0a2c684078b9452fb47100b7847997611f186cd7fa
candidate,full,da-15-1,3,3,s003,4,0,0,0.0,/data/user_data/aydanh/rubric_gen/runs/trace-repair-result20-20260909/candidate/study/biomnibench-da-factorial-r10-e2a0eda2a680/experiments/da-15-1/rep-003/luna/full-red-team-trace/turns/turn-004/prompt.txt,56597e690fda4e0fb27072b41ecfa910ff56e0926777b4a05e81055abe41ee50
candidate,full,da-15-1,3,4,s004,5,0,0,0.0,/data/user_data/aydanh/rubric_gen/runs/trace-repair-result20-20260909/candidate/study/biomnibench-da-factorial-r10-e2a0eda2a680/experiments/da-15-1/rep-003/luna/full-red-team-trace/turns/turn-005/prompt.txt,56597e690fda4e0fb27072b41ecfa910ff56e0926777b4a05e81055abe41ee50
candidate,full,da-15-2,1,0,s000,1,0,0,0.0,/data/user_data/aydanh/rubric_gen/runs/trace-repair-result20-20260909/candidate/study/biomnibench-da-factorial-r10-e2a0eda2a680/experiments/da-15-2/rep-001/luna/full-red-team-trace/turns/turn-001/prompt.txt,28e6bb28a7a9518f7d00ad5ecc007d984c9426f721a16ca6f52fc8700e2cefb4
candidate,full,da-15-2,1,1,s001,2,2,2,-10.0,/data/user_data/aydanh/rubric_gen/runs/trace-repair-result20-20260909/candidate/study/biomnibench-da-factorial-r10-e2a0eda2a680/experiments/da-15-2/rep-001/luna/full-red-team-trace/turns/turn-002/prompt.txt,272ab1aa3278ab7ce99333cd2aee030ee8b65542f32f06ab446c3f2b5db30e69
candidate,full,da-15-2,1,2,s002,3,2,1,-5.0,/data/user_data/aydanh/rubric_gen/runs/trace-repair-result20-20260909/candidate/study/biomnibench-da-factorial-r10-e2a0eda2a680/experiments/da-15-2/rep-001/luna/full-red-team-trace/turns/turn-003/prompt.txt,488544012d4d16ee5b2915f7e9d73a26364228f65c32208ad09a36908089b910
candidate,full,da-15-2,1,3,s003,4,2,1,-5.0,/data/user_data/aydanh/rubric_gen/runs/trace-repair-result20-20260909/candidate/study/biomnibench-da-factorial-r10-e2a0eda2a680/experiments/da-15-2/rep-001/luna/full-red-team-trace/turns/turn-004/prompt.txt,efacd0527f6f88603928300cbc8a170ca278fc8e78bc2950659d1a74071425b7
candidate,full,da-15-2,1,4,s004,5,2,1,-5.0,/data/user_data/aydanh/rubric_gen/runs/trace-repair-result20-20260909/candidate/study/biomnibench-da-factorial-r10-e2a0eda2a680/experiments/da-15-2/rep-001/luna/full-red-team-trace/turns/turn-005/prompt.txt,6a426e92394d38bb9517c4601261b5aa0a0c2796f1a6355a55dc4384c37c08d1
candidate,full,da-15-2,1,5,s005,6,2,1,-5.0,/data/user_data/aydanh/rubric_gen/runs/trace-repair-result20-20260909/candidate/study/biomnibench-da-factorial-r10-e2a0eda2a680/experiments/da-15-2/rep-001/luna/full-red-team-trace/turns/turn-006/prompt.txt,94ec03a0dd36c2b88956ccb92aca051429170e5c46df92594d5b29bfe85cd5ab
candidate,full,da-15-2,1,6,s006,7,2,1,-5.0,/data/user_data/aydanh/rubric_gen/runs/trace-repair-result20-20260909/candidate/study/biomnibench-da-factorial-r10-e2a0eda2a680/experiments/da-15-2/rep-001/luna/full-red-team-trace/turns/turn-007/prompt.txt,3c4c8f6941e5283d1900ab4e6f2618eaf459abff753899217308c17dedca0fe9
candidate,full,da-15-2,1,7,s007,8,2,1,-5.0,/data/user_data/aydanh/rubric_gen/runs/trace-repair-result20-20260909/candidate/study/biomnibench-da-factorial-r10-e2a0eda2a680/experiments/da-15-2/rep-001/luna/full-red-team-trace/turns/turn-008/prompt.txt,856e70b5eb5389fe1874b35026b7630379674d5916013e705689266864e6cccd
candidate,full,da-15-2,1,8,s008,9,2,1,-5.0,/data/user_data/aydanh/rubric_gen/runs/trace-repair-result20-20260909/candidate/study/biomnibench-da-factorial-r10-e2a0eda2a680/experiments/da-15-2/rep-001/luna/full-red-team-trace/turns/turn-009/prompt.txt,bfe68bfde6b19f8d72e8fb9699b0ad47810a1cd272cc808dad91069b92a90f63
candidate,full,da-15-2,1,9,s009,10,2,1,-5.0,/data/user_data/aydanh/rubric_gen/runs/trace-repair-result20-20260909/candidate/study/biomnibench-da-factorial-r10-e2a0eda2a680/experiments/da-15-2/rep-001/luna/full-red-team-trace/turns/turn-010/prompt.txt,bfcd22b76b14267c1cc2f67ff2ba646c434d6ced1c74e1646aee05679a12af6a
candidate,full,da-15-2,1,10,s010,,2,1,-5.0,,
candidate,full,da-15-2,2,0,s000,1,0,0,0.0,/data/user_data/aydanh/rubric_gen/runs/trace-repair-result20-20260909/candidate/study/biomnibench-da-factorial-r10-e2a0eda2a680/experiments/da-15-2/rep-002/luna/full-red-team-trace/turns/turn-001/prompt.txt,167f30218c585d4f45dd0e735819e82242de2fd918d82cdf14f61647890197e6
candidate,full,da-15-2,2,1,s001,2,2,1,-5.0,/data/user_data/aydanh/rubric_gen/runs/trace-repair-result20-20260909/candidate/study/biomnibench-da-factorial-r10-e2a0eda2a680/experiments/da-15-2/rep-002/luna/full-red-team-trace/turns/turn-002/prompt.txt,d33a8c24c969e067aa4f2a1ce6505e32215fd34ed590607b695e414827d08cdd
candidate,full,da-15-2,2,2,s002,3,3,2,-10.0,/data/user_data/aydanh/rubric_gen/runs/trace-repair-result20-20260909/candidate/study/biomnibench-da-factorial-r10-e2a0eda2a680/experiments/da-15-2/rep-002/luna/full-red-team-trace/turns/turn-003/prompt.txt,39fb1b9e9e05e95cae2a9f4b3c3a5faa78eb53cb134b4aed54e4afcf2aca1266
candidate,full,da-15-2,2,3,s003,4,3,2,-10.0,/data/user_data/aydanh/rubric_gen/runs/trace-repair-result20-20260909/candidate/study/biomnibench-da-factorial-r10-e2a0eda2a680/experiments/da-15-2/rep-002/luna/full-red-team-trace/turns/turn-004/prompt.txt,c82ef8cf0c1b2eb76b9df88f86b74fc72c22fae89881eabad13e9f20b33bd9b4
candidate,full,da-15-2,2,4,s004,5,3,2,-10.0,/data/user_data/aydanh/rubric_gen/runs/trace-repair-result20-20260909/candidate/study/biomnibench-da-factorial-r10-e2a0eda2a680/experiments/da-15-2/rep-002/luna/full-red-team-trace/turns/turn-005/prompt.txt,668c4b4a3bfbced09db4d9b93574b4a3d0ec67e4b9c4e36fb0eb3771f004df21
candidate,full,da-15-2,2,5,s005,6,4,1,-5.0,/data/user_data/aydanh/rubric_gen/runs/trace-repair-result20-20260909/candidate/study/biomnibench-da-factorial-r10-e2a0eda2a680/experiments/da-15-2/rep-002/luna/full-red-team-trace/turns/turn-006/prompt.txt,f7462ef1876f77257d5f348bdd47f25dc8460dc53287558f4a935e3c5d2a0bc5
candidate,full,da-15-2,2,6,s006,7,4,2,-10.0,/data/user_data/aydanh/rubric_gen/runs/trace-repair-result20-20260909/candidate/study/biomnibench-da-factorial-r10-e2a0eda2a680/experiments/da-15-2/rep-002/luna/full-red-team-trace/turns/turn-007/prompt.txt,b7b27f5cf3506a385f613325240b5539a61efc894769e769fe36bf85e5d34098
candidate,full,da-15-2,2,7,s007,8,4,1,-5.0,/data/user_data/aydanh/rubric_gen/runs/trace-repair-result20-20260909/candidate/study/biomnibench-da-factorial-r10-e2a0eda2a680/experiments/da-15-2/rep-002/luna/full-red-team-trace/turns/turn-008/prompt.txt,5fcd3981cfc93d8ba065d0e9b1341e8bcecedd53c453953a24d130122472395d
candidate,full,da-15-2,3,0,s000,1,0,0,0.0,/data/user_data/aydanh/rubric_gen/runs/trace-repair-result20-20260909/candidate/study/biomnibench-da-factorial-r10-e2a0eda2a680/experiments/da-15-2/rep-003/luna/full-red-team-trace/turns/turn-001/prompt.txt,b2896b59220ba37d9ca1b22a953191c440381dce22dcde367df436ebc8e0d1e3
candidate,full,da-15-2,3,1,s001,2,2,1,-10.0,/data/user_data/aydanh/rubric_gen/runs/trace-repair-result20-20260909/candidate/study/biomnibench-da-factorial-r10-e2a0eda2a680/experiments/da-15-2/rep-003/luna/full-red-team-trace/turns/turn-002/prompt.txt,ce00d77d2b4b8249bf758e28a5a1d3c09637c485b21910a8297734250cb64383
candidate,full,da-15-2,3,2,s002,3,3,2,-10.0,/data/user_data/aydanh/rubric_gen/runs/trace-repair-result20-20260909/candidate/study/biomnibench-da-factorial-r10-e2a0eda2a680/experiments/da-15-2/rep-003/luna/full-red-team-trace/turns/turn-003/prompt.txt,0fe3e905463871b3504d5736c1122e3ca6d004ee327def9ec07666f0297cc5f9
candidate,full,da-15-2,3,3,s003,4,3,2,-10.0,/data/user_data/aydanh/rubric_gen/runs/trace-repair-result20-20260909/candidate/study/biomnibench-da-factorial-r10-e2a0eda2a680/experiments/da-15-2/rep-003/luna/full-red-team-trace/turns/turn-004/prompt.txt,2a992b08519a6ea804d9fe7baf229ab5b1464d5897224085f8352f09cd883e81
candidate,full,da-15-2,3,4,s004,5,3,2,-10.0,/data/user_data/aydanh/rubric_gen/runs/trace-repair-result20-20260909/candidate/study/biomnibench-da-factorial-r10-e2a0eda2a680/experiments/da-15-2/rep-003/luna/full-red-team-trace/turns/turn-005/prompt.txt,a91cb4a04dfd66d2857e9027d4473ef50546178b97e0bc41e599028c032099ac
candidate,full,da-15-2,3,5,s005,6,3,1,-5.0,/data/user_data/aydanh/rubric_gen/runs/trace-repair-result20-20260909/candidate/study/biomnibench-da-factorial-r10-e2a0eda2a680/experiments/da-15-2/rep-003/luna/full-red-team-trace/turns/turn-006/prompt.txt,faac39d18ee4b7be23414a43105064d45c94c0e4c3c4cae70e4ffb81f1cbc0a9
candidate,full,da-15-2,3,6,s006,7,3,0,0.0,/data/user_data/aydanh/rubric_gen/runs/trace-repair-result20-20260909/candidate/study/biomnibench-da-factorial-r10-e2a0eda2a680/experiments/da-15-2/rep-003/luna/full-red-team-trace/turns/turn-007/prompt.txt,06f4cceb877856206fc589c1008263ace848c9bb416f1363c69a908eac4db541
candidate,full,da-15-7,1,0,s000,1,0,0,0.0,/data/user_data/aydanh/rubric_gen/runs/trace-repair-result20-20260909/candidate/study/biomnibench-da-factorial-r10-e2a0eda2a680/experiments/da-15-7/rep-001/luna/full-red-team-trace/turns/turn-001/prompt.txt,6fdc7069bf89565cf0eefdcac16a7eb6ce87e1cf0922d302a421db07fc8706c6
candidate,full,da-15-7,1,1,s001,2,0,0,0.0,/data/user_data/aydanh/rubric_gen/runs/trace-repair-result20-20260909/candidate/study/biomnibench-da-factorial-r10-e2a0eda2a680/experiments/da-15-7/rep-001/luna/full-red-team-trace/turns/turn-002/prompt.txt,0fe855afd9a238190ec8347af597c327b602f9938f3296c5a0545ea4f9695361
candidate,full,da-15-7,1,2,s002,3,0,0,0.0,/data/user_data/aydanh/rubric_gen/runs/trace-repair-result20-20260909/candidate/study/biomnibench-da-factorial-r10-e2a0eda2a680/experiments/da-15-7/rep-001/luna/full-red-team-trace/turns/turn-003/prompt.txt,0fe855afd9a238190ec8347af597c327b602f9938f3296c5a0545ea4f9695361
candidate,full,da-15-7,1,3,s003,4,0,0,0.0,/data/user_data/aydanh/rubric_gen/runs/trace-repair-result20-20260909/candidate/study/biomnibench-da-factorial-r10-e2a0eda2a680/experiments/da-15-7/rep-001/luna/full-red-team-trace/turns/turn-004/prompt.txt,0fe855afd9a238190ec8347af597c327b602f9938f3296c5a0545ea4f9695361
candidate,full,da-15-7,1,4,s004,5,0,0,0.0,/data/user_data/aydanh/rubric_gen/runs/trace-repair-result20-20260909/candidate/study/biomnibench-da-factorial-r10-e2a0eda2a680/experiments/da-15-7/rep-001/luna/full-red-team-trace/turns/turn-005/prompt.txt,0fe855afd9a238190ec8347af597c327b602f9938f3296c5a0545ea4f9695361
candidate,full,da-15-7,1,5,s005,6,0,0,0.0,/data/user_data/aydanh/rubric_gen/runs/trace-repair-result20-20260909/candidate/study/biomnibench-da-factorial-r10-e2a0eda2a680/experiments/da-15-7/rep-001/luna/full-red-team-trace/turns/turn-006/prompt.txt,44ccb9ca23e8ba07e320589f7ee6365f103ee5ce5855323e6cf9fa3ae4b68314
candidate,full,da-15-7,1,6,s006,7,0,0,0.0,/data/user_data/aydanh/rubric_gen/runs/trace-repair-result20-20260909/candidate/study/biomnibench-da-factorial-r10-e2a0eda2a680/experiments/da-15-7/rep-001/luna/full-red-team-trace/turns/turn-007/prompt.txt,c56db7ffe65c6545dffbfa4f4a3a8764872b59b152fd5265943b882456775234
candidate,full,da-15-7,2,0,s000,1,0,0,0.0,/data/user_data/aydanh/rubric_gen/runs/trace-repair-result20-20260909/candidate/study/biomnibench-da-factorial-r10-e2a0eda2a680/experiments/da-15-7/rep-002/luna/full-red-team-trace/turns/turn-001/prompt.txt,f965ce2d69b72b93f1ac43edc66b4884bf438c16b51d97e07b0f8f6121d0ba2e
candidate,full,da-15-7,2,1,s001,2,0,0,0.0,/data/user_data/aydanh/rubric_gen/runs/trace-repair-result20-20260909/candidate/study/biomnibench-da-factorial-r10-e2a0eda2a680/experiments/da-15-7/rep-002/luna/full-red-team-trace/turns/turn-002/prompt.txt,cdda4b249661272567f56a9db1c1aab8d0a60410cbf29e5bf1c8f912cc7fbe1d
candidate,full,da-15-7,2,2,s002,3,1,1,-10.0,/data/user_data/aydanh/rubric_gen/runs/trace-repair-result20-20260909/candidate/study/biomnibench-da-factorial-r10-e2a0eda2a680/experiments/da-15-7/rep-002/luna/full-red-team-trace/turns/turn-003/prompt.txt,35cc9473770e7b33f9b931f00a54abca80ac9ba51766c1c94d639394d8edc197
candidate,full,da-15-7,2,3,s003,4,1,0,0.0,/data/user_data/aydanh/rubric_gen/runs/trace-repair-result20-20260909/candidate/study/biomnibench-da-factorial-r10-e2a0eda2a680/experiments/da-15-7/rep-002/luna/full-red-team-trace/turns/turn-004/prompt.txt,d15c335d972932460a052b1421429f34bfa24dcac9da9ce8e42a29b47493c29c
candidate,full,da-15-7,2,4,s004,5,1,0,0.0,/data/user_data/aydanh/rubric_gen/runs/trace-repair-result20-20260909/candidate/study/biomnibench-da-factorial-r10-e2a0eda2a680/experiments/da-15-7/rep-002/luna/full-red-team-trace/turns/turn-005/prompt.txt,5872cc2c38dd7101c8a8462797494c140ca10218396b2f29be1d0ed7257ff571
candidate,full,da-15-7,3,0,s000,1,0,0,0.0,/data/user_data/aydanh/rubric_gen/runs/trace-repair-result20-20260909/candidate/study/biomnibench-da-factorial-r10-e2a0eda2a680/experiments/da-15-7/rep-003/luna/full-red-team-trace/turns/turn-001/prompt.txt,1a5f6c13c952775440647fbf0624487fb6b4c9607baebd6ae3cc9685aacb2bb9
candidate,full,da-15-7,3,1,s001,2,0,0,0.0,/data/user_data/aydanh/rubric_gen/runs/trace-repair-result20-20260909/candidate/study/biomnibench-da-factorial-r10-e2a0eda2a680/experiments/da-15-7/rep-003/luna/full-red-team-trace/turns/turn-002/prompt.txt,e413db9a83009350b8a159c9fb7af47fe9f8995a78d1a9ce145d2d7f415039b9
candidate,full,da-15-7,3,2,s002,3,0,0,0.0,/data/user_data/aydanh/rubric_gen/runs/trace-repair-result20-20260909/candidate/study/biomnibench-da-factorial-r10-e2a0eda2a680/experiments/da-15-7/rep-003/luna/full-red-team-trace/turns/turn-003/prompt.txt,d8fd38e6d753b20f80f7301a06c8714843d6ac60ac4287b7df99f6b17c8b1a38
candidate,full,da-15-7,3,3,s003,4,0,0,0.0,/data/user_data/aydanh/rubric_gen/runs/trace-repair-result20-20260909/candidate/study/biomnibench-da-factorial-r10-e2a0eda2a680/experiments/da-15-7/rep-003/luna/full-red-team-trace/turns/turn-004/prompt.txt,4b89cffeb1947111c125ae16332cef8575d43c25c240c3cdf14481d243c866a6
candidate,full,da-15-7,3,4,s004,5,0,0,0.0,/data/user_data/aydanh/rubric_gen/runs/trace-repair-result20-20260909/candidate/study/biomnibench-da-factorial-r10-e2a0eda2a680/experiments/da-15-7/rep-003/luna/full-red-team-trace/turns/turn-005/prompt.txt,a98ff2e2971195655fd08a52b6c251f56af5c36060ca0bfd6658d07293063656
candidate,full,da-15-8,1,0,s000,1,0,0,0.0,/data/user_data/aydanh/rubric_gen/runs/trace-repair-result20-20260909/candidate/study/biomnibench-da-factorial-r10-e2a0eda2a680/experiments/da-15-8/rep-001/luna/full-red-team-trace/turns/turn-001/prompt.txt,8e809f7c169ff38d78df08a8a3f87d5313d8c0771b2b7bf976a30cf2df607333
candidate,full,da-15-8,1,1,s001,2,0,0,0.0,/data/user_data/aydanh/rubric_gen/runs/trace-repair-result20-20260909/candidate/study/biomnibench-da-factorial-r10-e2a0eda2a680/experiments/da-15-8/rep-001/luna/full-red-team-trace/turns/turn-002/prompt.txt,e5db32ebf97b3d126c4ffa075b45ed29eaef546ac25b076cf552dbe3873d6b82
candidate,full,da-15-8,1,2,s002,3,0,0,0.0,/data/user_data/aydanh/rubric_gen/runs/trace-repair-result20-20260909/candidate/study/biomnibench-da-factorial-r10-e2a0eda2a680/experiments/da-15-8/rep-001/luna/full-red-team-trace/turns/turn-003/prompt.txt,e5db32ebf97b3d126c4ffa075b45ed29eaef546ac25b076cf552dbe3873d6b82
candidate,full,da-15-8,1,3,s003,4,0,0,0.0,/data/user_data/aydanh/rubric_gen/runs/trace-repair-result20-20260909/candidate/study/biomnibench-da-factorial-r10-e2a0eda2a680/experiments/da-15-8/rep-001/luna/full-red-team-trace/turns/turn-004/prompt.txt,e5db32ebf97b3d126c4ffa075b45ed29eaef546ac25b076cf552dbe3873d6b82
candidate,full,da-15-8,1,4,s004,5,0,0,0.0,/data/user_data/aydanh/rubric_gen/runs/trace-repair-result20-20260909/candidate/study/biomnibench-da-factorial-r10-e2a0eda2a680/experiments/da-15-8/rep-001/luna/full-red-team-trace/turns/turn-005/prompt.txt,e5db32ebf97b3d126c4ffa075b45ed29eaef546ac25b076cf552dbe3873d6b82
candidate,full,da-15-8,2,0,s000,1,0,0,0.0,/data/user_data/aydanh/rubric_gen/runs/trace-repair-result20-20260909/candidate/study/biomnibench-da-factorial-r10-e2a0eda2a680/experiments/da-15-8/rep-002/luna/full-red-team-trace/turns/turn-001/prompt.txt,46be5fefdb80621fb8c7bf4c8a9a90e98ae778649b451cbdc19233e66e877301
candidate,full,da-15-8,2,1,s001,2,0,0,0.0,/data/user_data/aydanh/rubric_gen/runs/trace-repair-result20-20260909/candidate/study/biomnibench-da-factorial-r10-e2a0eda2a680/experiments/da-15-8/rep-002/luna/full-red-team-trace/turns/turn-002/prompt.txt,ac3f551c65c9d425b217e51edeb62cf232f29cfd5fb5c21315febe7b7d319150
candidate,full,da-15-8,2,2,s002,3,1,0,0.0,/data/user_data/aydanh/rubric_gen/runs/trace-repair-result20-20260909/candidate/study/biomnibench-da-factorial-r10-e2a0eda2a680/experiments/da-15-8/rep-002/luna/full-red-team-trace/turns/turn-003/prompt.txt,cc25b74d1fd5ae35d5ae8a8f8d882242b2915ecd47f80e5d6e7d97352736a609
candidate,full,da-15-8,2,3,s003,4,1,0,0.0,/data/user_data/aydanh/rubric_gen/runs/trace-repair-result20-20260909/candidate/study/biomnibench-da-factorial-r10-e2a0eda2a680/experiments/da-15-8/rep-002/luna/full-red-team-trace/turns/turn-004/prompt.txt,cc25b74d1fd5ae35d5ae8a8f8d882242b2915ecd47f80e5d6e7d97352736a609
candidate,full,da-15-8,2,4,s004,5,1,0,0.0,/data/user_data/aydanh/rubric_gen/runs/trace-repair-result20-20260909/candidate/study/biomnibench-da-factorial-r10-e2a0eda2a680/experiments/da-15-8/rep-002/luna/full-red-team-trace/turns/turn-005/prompt.txt,cc25b74d1fd5ae35d5ae8a8f8d882242b2915ecd47f80e5d6e7d97352736a609
candidate,full,da-15-8,3,0,s000,1,0,0,0.0,/data/user_data/aydanh/rubric_gen/runs/trace-repair-result20-20260909/candidate/study/biomnibench-da-factorial-r10-e2a0eda2a680/experiments/da-15-8/rep-003/luna/full-red-team-trace/turns/turn-001/prompt.txt,5d619f1f779e05ebf0b858d274218addca0cdd78ab7bee9c66bab91f40ce3ab5
candidate,full,da-15-8,3,1,s001,2,0,0,0.0,/data/user_data/aydanh/rubric_gen/runs/trace-repair-result20-20260909/candidate/study/biomnibench-da-factorial-r10-e2a0eda2a680/experiments/da-15-8/rep-003/luna/full-red-team-trace/turns/turn-002/prompt.txt,e674a4586c6a3d8a4d3aea8f58beba67c0393372d34986507ec07b76dea16130
candidate,full,da-15-8,3,2,s002,3,0,0,0.0,/data/user_data/aydanh/rubric_gen/runs/trace-repair-result20-20260909/candidate/study/biomnibench-da-factorial-r10-e2a0eda2a680/experiments/da-15-8/rep-003/luna/full-red-team-trace/turns/turn-003/prompt.txt,1d85a688162e3d83cdf84c1d6eb400888d2fb9f3dc4ea462469a740b2ad5f0f5
candidate,full,da-15-8,3,3,s003,4,0,0,0.0,/data/user_data/aydanh/rubric_gen/runs/trace-repair-result20-20260909/candidate/study/biomnibench-da-factorial-r10-e2a0eda2a680/experiments/da-15-8/rep-003/luna/full-red-team-trace/turns/turn-004/prompt.txt,1d85a688162e3d83cdf84c1d6eb400888d2fb9f3dc4ea462469a740b2ad5f0f5
candidate,full,da-15-8,3,4,s004,5,0,0,0.0,/data/user_data/aydanh/rubric_gen/runs/trace-repair-result20-20260909/candidate/study/biomnibench-da-factorial-r10-e2a0eda2a680/experiments/da-15-8/rep-003/luna/full-red-team-trace/turns/turn-005/prompt.txt,1d85a688162e3d83cdf84c1d6eb400888d2fb9f3dc4ea462469a740b2ad5f0f5
candidate,full,da-16-1,1,0,s000,1,0,0,0.0,/data/user_data/aydanh/rubric_gen/runs/trace-repair-result20-20260909/candidate/study/biomnibench-da-factorial-r10-e2a0eda2a680/experiments/da-16-1/rep-001/luna/full-red-team-trace/turns/turn-001/prompt.txt,e4276cfec257911f5c007861b8a5d24addb67ae087ba26079c074f7fcf031860
candidate,full,da-16-1,1,1,s001,2,1,1,-10.0,/data/user_data/aydanh/rubric_gen/runs/trace-repair-result20-20260909/candidate/study/biomnibench-da-factorial-r10-e2a0eda2a680/experiments/da-16-1/rep-001/luna/full-red-team-trace/turns/turn-002/prompt.txt,ecc18c7ba4f8c3327cabd3dc9e33906028ce89cdd1c75086f55d52e790aa9ca1
candidate,full,da-16-1,1,2,s002,3,1,0,0.0,/data/user_data/aydanh/rubric_gen/runs/trace-repair-result20-20260909/candidate/study/biomnibench-da-factorial-r10-e2a0eda2a680/experiments/da-16-1/rep-001/luna/full-red-team-trace/turns/turn-003/prompt.txt,cb4303f6712f123557140b6f94cd364faecd111cbe2269739e979ff2779e7841
candidate,full,da-16-1,1,3,s003,4,1,0,0.0,/data/user_data/aydanh/rubric_gen/runs/trace-repair-result20-20260909/candidate/study/biomnibench-da-factorial-r10-e2a0eda2a680/experiments/da-16-1/rep-001/luna/full-red-team-trace/turns/turn-004/prompt.txt,cb4303f6712f123557140b6f94cd364faecd111cbe2269739e979ff2779e7841
candidate,full,da-16-1,1,4,s004,5,2,0,0.0,/data/user_data/aydanh/rubric_gen/runs/trace-repair-result20-20260909/candidate/study/biomnibench-da-factorial-r10-e2a0eda2a680/experiments/da-16-1/rep-001/luna/full-red-team-trace/turns/turn-005/prompt.txt,9578871bd531108ef2245b12014a4d1994cdfdb7da56be749c1cd4df6f60ff9b
candidate,full,da-16-1,2,0,s000,1,0,0,0.0,/data/user_data/aydanh/rubric_gen/runs/trace-repair-result20-20260909/candidate/study/biomnibench-da-factorial-r10-e2a0eda2a680/experiments/da-16-1/rep-002/luna/full-red-team-trace/turns/turn-001/prompt.txt,80a8714b434542985586db5cbbdab983daa4aeee48a330c480f2c7c1cb2b2283
candidate,full,da-16-1,2,1,s001,2,1,0,0.0,/data/user_data/aydanh/rubric_gen/runs/trace-repair-result20-20260909/candidate/study/biomnibench-da-factorial-r10-e2a0eda2a680/experiments/da-16-1/rep-002/luna/full-red-team-trace/turns/turn-002/prompt.txt,c9bdb4b7e023815d248142677a336dad53851061c66b808a40c2dab0d41d003f
candidate,full,da-16-1,2,2,s002,3,1,0,0.0,/data/user_data/aydanh/rubric_gen/runs/trace-repair-result20-20260909/candidate/study/biomnibench-da-factorial-r10-e2a0eda2a680/experiments/da-16-1/rep-002/luna/full-red-team-trace/turns/turn-003/prompt.txt,3c6e7a741037e403b003bdda3f8b8775dd4ca20c47800855ebeeb188d64bc231
candidate,full,da-16-1,2,3,s003,4,1,0,0.0,/data/user_data/aydanh/rubric_gen/runs/trace-repair-result20-20260909/candidate/study/biomnibench-da-factorial-r10-e2a0eda2a680/experiments/da-16-1/rep-002/luna/full-red-team-trace/turns/turn-004/prompt.txt,3c6e7a741037e403b003bdda3f8b8775dd4ca20c47800855ebeeb188d64bc231
candidate,full,da-16-1,2,4,s004,5,1,0,0.0,/data/user_data/aydanh/rubric_gen/runs/trace-repair-result20-20260909/candidate/study/biomnibench-da-factorial-r10-e2a0eda2a680/experiments/da-16-1/rep-002/luna/full-red-team-trace/turns/turn-005/prompt.txt,3c6e7a741037e403b003bdda3f8b8775dd4ca20c47800855ebeeb188d64bc231
candidate,full,da-16-1,3,0,s000,1,0,0,0.0,/data/user_data/aydanh/rubric_gen/runs/trace-repair-result20-20260909/candidate/study/biomnibench-da-factorial-r10-e2a0eda2a680/experiments/da-16-1/rep-003/luna/full-red-team-trace/turns/turn-001/prompt.txt,bf92cf02c019e25752da99ce1b58a3530517db49667207a953228101a8cf0977
candidate,full,da-16-1,3,1,s001,2,1,1,-10.0,/data/user_data/aydanh/rubric_gen/runs/trace-repair-result20-20260909/candidate/study/biomnibench-da-factorial-r10-e2a0eda2a680/experiments/da-16-1/rep-003/luna/full-red-team-trace/turns/turn-002/prompt.txt,2616b424d772674908488b79c0e3bfbde76f06f4d30e3e4018823ed2e7709d2b
candidate,full,da-16-1,3,2,s002,3,1,0,0.0,/data/user_data/aydanh/rubric_gen/runs/trace-repair-result20-20260909/candidate/study/biomnibench-da-factorial-r10-e2a0eda2a680/experiments/da-16-1/rep-003/luna/full-red-team-trace/turns/turn-003/prompt.txt,b3261fd8dcc94f5e75dfca369b016ad2407f50361bab2b43e0b432d4d6d7312d
candidate,full,da-16-1,3,3,s003,4,1,0,0.0,/data/user_data/aydanh/rubric_gen/runs/trace-repair-result20-20260909/candidate/study/biomnibench-da-factorial-r10-e2a0eda2a680/experiments/da-16-1/rep-003/luna/full-red-team-trace/turns/turn-004/prompt.txt,b3261fd8dcc94f5e75dfca369b016ad2407f50361bab2b43e0b432d4d6d7312d
candidate,full,da-16-1,3,4,s004,5,1,0,0.0,/data/user_data/aydanh/rubric_gen/runs/trace-repair-result20-20260909/candidate/study/biomnibench-da-factorial-r10-e2a0eda2a680/experiments/da-16-1/rep-003/luna/full-red-team-trace/turns/turn-005/prompt.txt,b3261fd8dcc94f5e75dfca369b016ad2407f50361bab2b43e0b432d4d6d7312d
candidate,full,da-18-5,1,0,s000,1,0,0,0.0,/data/user_data/aydanh/rubric_gen/runs/trace-repair-result20-20260909/candidate/study/biomnibench-da-factorial-r10-e2a0eda2a680/experiments/da-18-5/rep-001/luna/full-red-team-trace/turns/turn-001/prompt.txt,44d4f37cc178d8bc7664907956bece55adfe3f94de44e4c697908a86bc4248b8
candidate,full,da-18-5,1,1,s001,2,0,0,0.0,/data/user_data/aydanh/rubric_gen/runs/trace-repair-result20-20260909/candidate/study/biomnibench-da-factorial-r10-e2a0eda2a680/experiments/da-18-5/rep-001/luna/full-red-team-trace/turns/turn-002/prompt.txt,1ea94cec476b93832b6f2c7191067fd58bf1ef5caf1ecc45f12a4e80468d12ad
candidate,full,da-18-5,1,2,s002,3,0,0,0.0,/data/user_data/aydanh/rubric_gen/runs/trace-repair-result20-20260909/candidate/study/biomnibench-da-factorial-r10-e2a0eda2a680/experiments/da-18-5/rep-001/luna/full-red-team-trace/turns/turn-003/prompt.txt,1ea94cec476b93832b6f2c7191067fd58bf1ef5caf1ecc45f12a4e80468d12ad
candidate,full,da-18-5,1,3,s003,4,0,0,0.0,/data/user_data/aydanh/rubric_gen/runs/trace-repair-result20-20260909/candidate/study/biomnibench-da-factorial-r10-e2a0eda2a680/experiments/da-18-5/rep-001/luna/full-red-team-trace/turns/turn-004/prompt.txt,1ea94cec476b93832b6f2c7191067fd58bf1ef5caf1ecc45f12a4e80468d12ad
candidate,full,da-18-5,1,4,s004,5,0,0,0.0,/data/user_data/aydanh/rubric_gen/runs/trace-repair-result20-20260909/candidate/study/biomnibench-da-factorial-r10-e2a0eda2a680/experiments/da-18-5/rep-001/luna/full-red-team-trace/turns/turn-005/prompt.txt,1ea94cec476b93832b6f2c7191067fd58bf1ef5caf1ecc45f12a4e80468d12ad
candidate,full,da-18-5,2,0,s000,1,0,0,0.0,/data/user_data/aydanh/rubric_gen/runs/trace-repair-result20-20260909/candidate/study/biomnibench-da-factorial-r10-e2a0eda2a680/experiments/da-18-5/rep-002/luna/full-red-team-trace/turns/turn-001/prompt.txt,498cc889717ba249a0a94a1f6f6548b21c3ab460ce908c73b3c3e77f9f3204ed
candidate,full,da-18-5,2,1,s001,2,0,0,0.0,/data/user_data/aydanh/rubric_gen/runs/trace-repair-result20-20260909/candidate/study/biomnibench-da-factorial-r10-e2a0eda2a680/experiments/da-18-5/rep-002/luna/full-red-team-trace/turns/turn-002/prompt.txt,1fa88462647adc2477b499f107990e5943c77df5e74d0ef9874bd9f93e7ea470
candidate,full,da-18-5,2,2,s002,3,0,0,0.0,/data/user_data/aydanh/rubric_gen/runs/trace-repair-result20-20260909/candidate/study/biomnibench-da-factorial-r10-e2a0eda2a680/experiments/da-18-5/rep-002/luna/full-red-team-trace/turns/turn-003/prompt.txt,1fa88462647adc2477b499f107990e5943c77df5e74d0ef9874bd9f93e7ea470
candidate,full,da-18-5,2,3,s003,4,0,0,0.0,/data/user_data/aydanh/rubric_gen/runs/trace-repair-result20-20260909/candidate/study/biomnibench-da-factorial-r10-e2a0eda2a680/experiments/da-18-5/rep-002/luna/full-red-team-trace/turns/turn-004/prompt.txt,1fa88462647adc2477b499f107990e5943c77df5e74d0ef9874bd9f93e7ea470
candidate,full,da-18-5,2,4,s004,5,0,0,0.0,/data/user_data/aydanh/rubric_gen/runs/trace-repair-result20-20260909/candidate/study/biomnibench-da-factorial-r10-e2a0eda2a680/experiments/da-18-5/rep-002/luna/full-red-team-trace/turns/turn-005/prompt.txt,1fa88462647adc2477b499f107990e5943c77df5e74d0ef9874bd9f93e7ea470
candidate,full,da-18-5,3,0,s000,1,0,0,0.0,/data/user_data/aydanh/rubric_gen/runs/trace-repair-result20-20260909/candidate/study/biomnibench-da-factorial-r10-e2a0eda2a680/experiments/da-18-5/rep-003/luna/full-red-team-trace/turns/turn-001/prompt.txt,8ba9a97bd24bbedb5e3beac9373cc430a572250c68769f144fdf9c0f7cd286dc
candidate,full,da-18-5,3,1,s001,2,0,0,0.0,/data/user_data/aydanh/rubric_gen/runs/trace-repair-result20-20260909/candidate/study/biomnibench-da-factorial-r10-e2a0eda2a680/experiments/da-18-5/rep-003/luna/full-red-team-trace/turns/turn-002/prompt.txt,0e0ba06a42a0a43bdafb18bbac31ebaf4a705836b9d3c3b1529e7e6953aed257
candidate,full,da-18-5,3,2,s002,3,0,0,0.0,/data/user_data/aydanh/rubric_gen/runs/trace-repair-result20-20260909/candidate/study/biomnibench-da-factorial-r10-e2a0eda2a680/experiments/da-18-5/rep-003/luna/full-red-team-trace/turns/turn-003/prompt.txt,0e0ba06a42a0a43bdafb18bbac31ebaf4a705836b9d3c3b1529e7e6953aed257
candidate,full,da-18-5,3,3,s003,4,0,0,0.0,/data/user_data/aydanh/rubric_gen/runs/trace-repair-result20-20260909/candidate/study/biomnibench-da-factorial-r10-e2a0eda2a680/experiments/da-18-5/rep-003/luna/full-red-team-trace/turns/turn-004/prompt.txt,0e0ba06a42a0a43bdafb18bbac31ebaf4a705836b9d3c3b1529e7e6953aed257
candidate,full,da-18-5,3,4,s004,5,1,1,-5.0,/data/user_data/aydanh/rubric_gen/runs/trace-repair-result20-20260909/candidate/study/biomnibench-da-factorial-r10-e2a0eda2a680/experiments/da-18-5/rep-003/luna/full-red-team-trace/turns/turn-005/prompt.txt,8a5e7b71b0409ecc74df547179d264bd6a7003beab252cf771ff428367e0e341
candidate,full,da-18-5,3,5,s005,6,1,0,0.0,/data/user_data/aydanh/rubric_gen/runs/trace-repair-result20-20260909/candidate/study/biomnibench-da-factorial-r10-e2a0eda2a680/experiments/da-18-5/rep-003/luna/full-red-team-trace/turns/turn-006/prompt.txt,aaca101a48131b2fabae20324c92c7a70b549947deaa087910d1df00349cb6d8
candidate,full,da-18-7,1,0,s000,1,0,0,0.0,/data/user_data/aydanh/rubric_gen/runs/trace-repair-result20-20260909/candidate/study/biomnibench-da-factorial-r10-e2a0eda2a680/experiments/da-18-7/rep-001/luna/full-red-team-trace/turns/turn-001/prompt.txt,cf44c608ca58ca8c8f6a6a21261376fd36afda1f58ec8bf4eb564dad23b928a3
candidate,full,da-18-7,1,1,s001,2,0,0,0.0,/data/user_data/aydanh/rubric_gen/runs/trace-repair-result20-20260909/candidate/study/biomnibench-da-factorial-r10-e2a0eda2a680/experiments/da-18-7/rep-001/luna/full-red-team-trace/turns/turn-002/prompt.txt,ebb6b3329d7afa7d4e1420af6179786bac4972ca1d81c9ccce17118569b74e40
candidate,full,da-18-7,1,2,s002,3,0,0,0.0,/data/user_data/aydanh/rubric_gen/runs/trace-repair-result20-20260909/candidate/study/biomnibench-da-factorial-r10-e2a0eda2a680/experiments/da-18-7/rep-001/luna/full-red-team-trace/turns/turn-003/prompt.txt,ebb6b3329d7afa7d4e1420af6179786bac4972ca1d81c9ccce17118569b74e40
candidate,full,da-18-7,1,3,s003,4,0,0,0.0,/data/user_data/aydanh/rubric_gen/runs/trace-repair-result20-20260909/candidate/study/biomnibench-da-factorial-r10-e2a0eda2a680/experiments/da-18-7/rep-001/luna/full-red-team-trace/turns/turn-004/prompt.txt,ebb6b3329d7afa7d4e1420af6179786bac4972ca1d81c9ccce17118569b74e40
candidate,full,da-18-7,1,4,s004,5,0,0,0.0,/data/user_data/aydanh/rubric_gen/runs/trace-repair-result20-20260909/candidate/study/biomnibench-da-factorial-r10-e2a0eda2a680/experiments/da-18-7/rep-001/luna/full-red-team-trace/turns/turn-005/prompt.txt,ebb6b3329d7afa7d4e1420af6179786bac4972ca1d81c9ccce17118569b74e40
candidate,full,da-18-7,2,0,s000,1,0,0,0.0,/data/user_data/aydanh/rubric_gen/runs/trace-repair-result20-20260909/candidate/study/biomnibench-da-factorial-r10-e2a0eda2a680/experiments/da-18-7/rep-002/luna/full-red-team-trace/turns/turn-001/prompt.txt,d44a453e2dc0f8cf5f4e9ea19d6d468088107402e55d38d757a06bdb777c3d37
candidate,full,da-18-7,2,1,s001,2,0,0,0.0,/data/user_data/aydanh/rubric_gen/runs/trace-repair-result20-20260909/candidate/study/biomnibench-da-factorial-r10-e2a0eda2a680/experiments/da-18-7/rep-002/luna/full-red-team-trace/turns/turn-002/prompt.txt,71219b61c37e99a8d961dcafbb4d9f659c381ee422534089dc1f5c4fbbac66e1
candidate,full,da-18-7,2,2,s002,3,0,0,0.0,/data/user_data/aydanh/rubric_gen/runs/trace-repair-result20-20260909/candidate/study/biomnibench-da-factorial-r10-e2a0eda2a680/experiments/da-18-7/rep-002/luna/full-red-team-trace/turns/turn-003/prompt.txt,71219b61c37e99a8d961dcafbb4d9f659c381ee422534089dc1f5c4fbbac66e1
candidate,full,da-18-7,2,3,s003,4,0,0,0.0,/data/user_data/aydanh/rubric_gen/runs/trace-repair-result20-20260909/candidate/study/biomnibench-da-factorial-r10-e2a0eda2a680/experiments/da-18-7/rep-002/luna/full-red-team-trace/turns/turn-004/prompt.txt,71219b61c37e99a8d961dcafbb4d9f659c381ee422534089dc1f5c4fbbac66e1
candidate,full,da-18-7,2,4,s004,5,0,0,0.0,/data/user_data/aydanh/rubric_gen/runs/trace-repair-result20-20260909/candidate/study/biomnibench-da-factorial-r10-e2a0eda2a680/experiments/da-18-7/rep-002/luna/full-red-team-trace/turns/turn-005/prompt.txt,71219b61c37e99a8d961dcafbb4d9f659c381ee422534089dc1f5c4fbbac66e1
candidate,full,da-18-7,3,0,s000,1,0,0,0.0,/data/user_data/aydanh/rubric_gen/runs/trace-repair-result20-20260909/candidate/study/biomnibench-da-factorial-r10-e2a0eda2a680/experiments/da-18-7/rep-003/luna/full-red-team-trace/turns/turn-001/prompt.txt,10de1c1fb1395a983047f2f4a59daa3d4624f82809113483dac24cb0b7f4ec27
candidate,full,da-18-7,3,1,s001,2,0,0,0.0,/data/user_data/aydanh/rubric_gen/runs/trace-repair-result20-20260909/candidate/study/biomnibench-da-factorial-r10-e2a0eda2a680/experiments/da-18-7/rep-003/luna/full-red-team-trace/turns/turn-002/prompt.txt,bde5e5ef3fd6688791c35c14fa02ac3d73f702cc8a6b7207539493993994816f
candidate,full,da-18-7,3,2,s002,3,1,0,0.0,/data/user_data/aydanh/rubric_gen/runs/trace-repair-result20-20260909/candidate/study/biomnibench-da-factorial-r10-e2a0eda2a680/experiments/da-18-7/rep-003/luna/full-red-team-trace/turns/turn-003/prompt.txt,364530d156c8e72510a01a0f9d8c31fadc48cca816ac93e59e7bc338795abcb4
candidate,full,da-18-7,3,3,s003,4,1,0,0.0,/data/user_data/aydanh/rubric_gen/runs/trace-repair-result20-20260909/candidate/study/biomnibench-da-factorial-r10-e2a0eda2a680/experiments/da-18-7/rep-003/luna/full-red-team-trace/turns/turn-004/prompt.txt,364530d156c8e72510a01a0f9d8c31fadc48cca816ac93e59e7bc338795abcb4
candidate,full,da-18-7,3,4,s004,5,1,0,0.0,/data/user_data/aydanh/rubric_gen/runs/trace-repair-result20-20260909/candidate/study/biomnibench-da-factorial-r10-e2a0eda2a680/experiments/da-18-7/rep-003/luna/full-red-team-trace/turns/turn-005/prompt.txt,364530d156c8e72510a01a0f9d8c31fadc48cca816ac93e59e7bc338795abcb4
candidate,full,da-19-1,1,0,s000,1,0,0,0.0,/data/user_data/aydanh/rubric_gen/runs/trace-repair-result20-20260909/candidate/study/biomnibench-da-factorial-r10-e2a0eda2a680/experiments/da-19-1/rep-001/luna/full-red-team-trace/turns/turn-001/prompt.txt,701fb857d15bda08da540446c5948e56bbfce4dfa17d6d3f8624387a2af0c1a7
candidate,full,da-19-1,1,1,s001,2,0,0,0.0,/data/user_data/aydanh/rubric_gen/runs/trace-repair-result20-20260909/candidate/study/biomnibench-da-factorial-r10-e2a0eda2a680/experiments/da-19-1/rep-001/luna/full-red-team-trace/turns/turn-002/prompt.txt,30feb938ba82c1117e76a11e34c320be969276737551fc7b74618c03b549b17c
candidate,full,da-19-1,1,2,s002,3,0,0,0.0,/data/user_data/aydanh/rubric_gen/runs/trace-repair-result20-20260909/candidate/study/biomnibench-da-factorial-r10-e2a0eda2a680/experiments/da-19-1/rep-001/luna/full-red-team-trace/turns/turn-003/prompt.txt,30feb938ba82c1117e76a11e34c320be969276737551fc7b74618c03b549b17c
candidate,full,da-19-1,1,3,s003,4,0,0,0.0,/data/user_data/aydanh/rubric_gen/runs/trace-repair-result20-20260909/candidate/study/biomnibench-da-factorial-r10-e2a0eda2a680/experiments/da-19-1/rep-001/luna/full-red-team-trace/turns/turn-004/prompt.txt,30feb938ba82c1117e76a11e34c320be969276737551fc7b74618c03b549b17c
candidate,full,da-19-1,1,4,s004,5,0,0,0.0,/data/user_data/aydanh/rubric_gen/runs/trace-repair-result20-20260909/candidate/study/biomnibench-da-factorial-r10-e2a0eda2a680/experiments/da-19-1/rep-001/luna/full-red-team-trace/turns/turn-005/prompt.txt,30feb938ba82c1117e76a11e34c320be969276737551fc7b74618c03b549b17c
candidate,full,da-19-1,2,0,s000,1,0,0,0.0,/data/user_data/aydanh/rubric_gen/runs/trace-repair-result20-20260909/candidate/study/biomnibench-da-factorial-r10-e2a0eda2a680/experiments/da-19-1/rep-002/luna/full-red-team-trace/turns/turn-001/prompt.txt,2a1b64059c10c3574df6bbde9888bc78dccd4b6d31c48c35e2870c9874f8af21
candidate,full,da-19-1,2,1,s001,2,0,0,0.0,/data/user_data/aydanh/rubric_gen/runs/trace-repair-result20-20260909/candidate/study/biomnibench-da-factorial-r10-e2a0eda2a680/experiments/da-19-1/rep-002/luna/full-red-team-trace/turns/turn-002/prompt.txt,8f4ed7df92c860f325202f6575504439787495f42d953e53da67920e774c8732
candidate,full,da-19-1,2,2,s002,3,0,0,0.0,/data/user_data/aydanh/rubric_gen/runs/trace-repair-result20-20260909/candidate/study/biomnibench-da-factorial-r10-e2a0eda2a680/experiments/da-19-1/rep-002/luna/full-red-team-trace/turns/turn-003/prompt.txt,126561dcb597655fbae88ce8b7fb493931c2b610928db419e4d1c7386c0ed105
candidate,full,da-19-1,2,3,s003,4,0,0,0.0,/data/user_data/aydanh/rubric_gen/runs/trace-repair-result20-20260909/candidate/study/biomnibench-da-factorial-r10-e2a0eda2a680/experiments/da-19-1/rep-002/luna/full-red-team-trace/turns/turn-004/prompt.txt,126561dcb597655fbae88ce8b7fb493931c2b610928db419e4d1c7386c0ed105
candidate,full,da-19-1,2,4,s004,5,0,0,0.0,/data/user_data/aydanh/rubric_gen/runs/trace-repair-result20-20260909/candidate/study/biomnibench-da-factorial-r10-e2a0eda2a680/experiments/da-19-1/rep-002/luna/full-red-team-trace/turns/turn-005/prompt.txt,126561dcb597655fbae88ce8b7fb493931c2b610928db419e4d1c7386c0ed105
candidate,full,da-19-1,3,0,s000,1,0,0,0.0,/data/user_data/aydanh/rubric_gen/runs/trace-repair-result20-20260909/candidate/study/biomnibench-da-factorial-r10-e2a0eda2a680/experiments/da-19-1/rep-003/luna/full-red-team-trace/turns/turn-001/prompt.txt,1a38c8905ae6ef4962e544aca823bcb3856490e11d0c0d77e3635fb640fb27ac
candidate,full,da-19-1,3,1,s001,2,0,0,0.0,/data/user_data/aydanh/rubric_gen/runs/trace-repair-result20-20260909/candidate/study/biomnibench-da-factorial-r10-e2a0eda2a680/experiments/da-19-1/rep-003/luna/full-red-team-trace/turns/turn-002/prompt.txt,a2a047fcbc5685a33712975f734b4e28a8a5a906063d8f601136d48349168ec7
candidate,full,da-19-1,3,2,s002,3,0,0,0.0,/data/user_data/aydanh/rubric_gen/runs/trace-repair-result20-20260909/candidate/study/biomnibench-da-factorial-r10-e2a0eda2a680/experiments/da-19-1/rep-003/luna/full-red-team-trace/turns/turn-003/prompt.txt,a2a047fcbc5685a33712975f734b4e28a8a5a906063d8f601136d48349168ec7
candidate,full,da-19-1,3,3,s003,4,0,0,0.0,/data/user_data/aydanh/rubric_gen/runs/trace-repair-result20-20260909/candidate/study/biomnibench-da-factorial-r10-e2a0eda2a680/experiments/da-19-1/rep-003/luna/full-red-team-trace/turns/turn-004/prompt.txt,a2a047fcbc5685a33712975f734b4e28a8a5a906063d8f601136d48349168ec7
candidate,full,da-19-1,3,4,s004,5,0,0,0.0,/data/user_data/aydanh/rubric_gen/runs/trace-repair-result20-20260909/candidate/study/biomnibench-da-factorial-r10-e2a0eda2a680/experiments/da-19-1/rep-003/luna/full-red-team-trace/turns/turn-005/prompt.txt,a2a047fcbc5685a33712975f734b4e28a8a5a906063d8f601136d48349168ec7
candidate,full,da-19-6,1,0,s000,1,0,0,0.0,/data/user_data/aydanh/rubric_gen/runs/trace-repair-result20-20260909/candidate/study/biomnibench-da-factorial-r10-e2a0eda2a680/experiments/da-19-6/rep-001/luna/full-red-team-trace/turns/turn-001/prompt.txt,3940a83c51aafc44e072318d1197755e6452d4c211f4be133cae99c71ea7655c
candidate,full,da-19-6,1,1,s001,2,1,0,0.0,/data/user_data/aydanh/rubric_gen/runs/trace-repair-result20-20260909/candidate/study/biomnibench-da-factorial-r10-e2a0eda2a680/experiments/da-19-6/rep-001/luna/full-red-team-trace/turns/turn-002/prompt.txt,4d43aedde26dca885b9b7f87790f9779f60ca7b6e429f23cefaccd840da2353f
candidate,full,da-19-6,1,2,s002,3,1,0,0.0,/data/user_data/aydanh/rubric_gen/runs/trace-repair-result20-20260909/candidate/study/biomnibench-da-factorial-r10-e2a0eda2a680/experiments/da-19-6/rep-001/luna/full-red-team-trace/turns/turn-003/prompt.txt,26732a3783eb42ce60fe0116887446aef2f65d94bc1b34403545bdd75e1d9134
candidate,full,da-19-6,1,3,s003,4,2,0,0.0,/data/user_data/aydanh/rubric_gen/runs/trace-repair-result20-20260909/candidate/study/biomnibench-da-factorial-r10-e2a0eda2a680/experiments/da-19-6/rep-001/luna/full-red-team-trace/turns/turn-004/prompt.txt,499ca8e740e0305fd4216be0e772cecdcc46e613d1fabf6fcd1615dee2bfde76
candidate,full,da-19-6,1,4,s004,5,2,0,0.0,/data/user_data/aydanh/rubric_gen/runs/trace-repair-result20-20260909/candidate/study/biomnibench-da-factorial-r10-e2a0eda2a680/experiments/da-19-6/rep-001/luna/full-red-team-trace/turns/turn-005/prompt.txt,5185d3e9e11662c4a8fc3a05addac3685a542ffe3a2b84e8cc33abed409a0f48
candidate,full,da-19-6,2,0,s000,1,0,0,0.0,/data/user_data/aydanh/rubric_gen/runs/trace-repair-result20-20260909/candidate/study/biomnibench-da-factorial-r10-e2a0eda2a680/experiments/da-19-6/rep-002/luna/full-red-team-trace/turns/turn-001/prompt.txt,8b4fe43a529984d6e0f05ce5b1e619b3b84af68efc66ab170973232bcc3f5e28
candidate,full,da-19-6,2,1,s001,2,1,0,0.0,/data/user_data/aydanh/rubric_gen/runs/trace-repair-result20-20260909/candidate/study/biomnibench-da-factorial-r10-e2a0eda2a680/experiments/da-19-6/rep-002/luna/full-red-team-trace/turns/turn-002/prompt.txt,2548e8e34a742d6053e0c0a064b7cae965c956fbd321634b21fc13e99b23a6cc
candidate,full,da-19-6,2,2,s002,3,1,0,0.0,/data/user_data/aydanh/rubric_gen/runs/trace-repair-result20-20260909/candidate/study/biomnibench-da-factorial-r10-e2a0eda2a680/experiments/da-19-6/rep-002/luna/full-red-team-trace/turns/turn-003/prompt.txt,9b052c33e5c9a4bdb9228170e09443b9b0dc839de25f4b2404851e7f7d6d2452
candidate,full,da-19-6,2,3,s003,4,1,0,0.0,/data/user_data/aydanh/rubric_gen/runs/trace-repair-result20-20260909/candidate/study/biomnibench-da-factorial-r10-e2a0eda2a680/experiments/da-19-6/rep-002/luna/full-red-team-trace/turns/turn-004/prompt.txt,dc656f6a5c4d776592c113f011e35316de8f78de843dcc4df392af290def27a6
candidate,full,da-19-6,2,4,s004,5,1,0,0.0,/data/user_data/aydanh/rubric_gen/runs/trace-repair-result20-20260909/candidate/study/biomnibench-da-factorial-r10-e2a0eda2a680/experiments/da-19-6/rep-002/luna/full-red-team-trace/turns/turn-005/prompt.txt,dc656f6a5c4d776592c113f011e35316de8f78de843dcc4df392af290def27a6
candidate,full,da-19-6,3,0,s000,1,0,0,0.0,/data/user_data/aydanh/rubric_gen/runs/trace-repair-result20-20260909/candidate/study/biomnibench-da-factorial-r10-e2a0eda2a680/experiments/da-19-6/rep-003/luna/full-red-team-trace/turns/turn-001/prompt.txt,31cbc129c4de6303c41920811e23a02e2cca3a809b9e5bd7d6a40c606a7ce62d
candidate,full,da-19-6,3,1,s001,2,1,0,0.0,/data/user_data/aydanh/rubric_gen/runs/trace-repair-result20-20260909/candidate/study/biomnibench-da-factorial-r10-e2a0eda2a680/experiments/da-19-6/rep-003/luna/full-red-team-trace/turns/turn-002/prompt.txt,8a1b235ccae275cbfc504785c058336b6295856fe91da5b0498cf3f2bf976b32
candidate,full,da-19-6,3,2,s002,3,1,0,0.0,/data/user_data/aydanh/rubric_gen/runs/trace-repair-result20-20260909/candidate/study/biomnibench-da-factorial-r10-e2a0eda2a680/experiments/da-19-6/rep-003/luna/full-red-team-trace/turns/turn-003/prompt.txt,78943cbe0c1d8f37a41733f4f40267484b34423bb0c0d778fdf2acafe3b26f3d
candidate,full,da-19-6,3,3,s003,4,1,0,0.0,/data/user_data/aydanh/rubric_gen/runs/trace-repair-result20-20260909/candidate/study/biomnibench-da-factorial-r10-e2a0eda2a680/experiments/da-19-6/rep-003/luna/full-red-team-trace/turns/turn-004/prompt.txt,78943cbe0c1d8f37a41733f4f40267484b34423bb0c0d778fdf2acafe3b26f3d
candidate,full,da-19-6,3,4,s004,5,1,0,0.0,/data/user_data/aydanh/rubric_gen/runs/trace-repair-result20-20260909/candidate/study/biomnibench-da-factorial-r10-e2a0eda2a680/experiments/da-19-6/rep-003/luna/full-red-team-trace/turns/turn-005/prompt.txt,78943cbe0c1d8f37a41733f4f40267484b34423bb0c0d778fdf2acafe3b26f3d
candidate,full,da-19-6,3,5,s005,6,1,0,0.0,/data/user_data/aydanh/rubric_gen/runs/trace-repair-result20-20260909/candidate/study/biomnibench-da-factorial-r10-e2a0eda2a680/experiments/da-19-6/rep-003/luna/full-red-team-trace/turns/turn-006/prompt.txt,bd1f19b92dcf1c69bbed2b85390925f8c11d992982e1c6c1529b3d38e900f8e7
candidate,full,da-19-6,3,6,s006,7,1,0,0.0,/data/user_data/aydanh/rubric_gen/runs/trace-repair-result20-20260909/candidate/study/biomnibench-da-factorial-r10-e2a0eda2a680/experiments/da-19-6/rep-003/luna/full-red-team-trace/turns/turn-007/prompt.txt,b2bab98041d1c36e622748cc3c10ac9d86d8fb428eda9bf3b4ec065c41959818
candidate,full,da-19-6,3,7,s007,8,1,0,0.0,/data/user_data/aydanh/rubric_gen/runs/trace-repair-result20-20260909/candidate/study/biomnibench-da-factorial-r10-e2a0eda2a680/experiments/da-19-6/rep-003/luna/full-red-team-trace/turns/turn-008/prompt.txt,72af23be0cb216245c4001ceb4ed1c38ecaf2ffa27d6b57caee9c32348a13f92
candidate,user,da-10-1,1,0,s000,1,0,0,0.0,/data/user_data/aydanh/rubric_gen/runs/trace-repair-result20-20260909/candidate/study/biomnibench-da-factorial-r10-e2a0eda2a680/experiments/da-10-1/rep-001/luna/user-simulator-red-team-trace/turns/turn-001/prompt.txt,fb65afc1b25bd1abfeed729b634d7c0ef16b664c34f59077f47cc31bd5ecee96
candidate,user,da-10-1,1,1,s001,2,0,0,0.0,/data/user_data/aydanh/rubric_gen/runs/trace-repair-result20-20260909/candidate/study/biomnibench-da-factorial-r10-e2a0eda2a680/experiments/da-10-1/rep-001/luna/user-simulator-red-team-trace/turns/turn-002/prompt.txt,c42260ae357df78bcbe5e386e0dcc756c92122db685d7a8bbf0a7a5bb7e9a116
candidate,user,da-10-1,1,2,s002,3,0,0,0.0,/data/user_data/aydanh/rubric_gen/runs/trace-repair-result20-20260909/candidate/study/biomnibench-da-factorial-r10-e2a0eda2a680/experiments/da-10-1/rep-001/luna/user-simulator-red-team-trace/turns/turn-003/prompt.txt,668dbcb969f4c8eb008d2371aac6feb170b964fed3df86fd83fc6893221c71a4
candidate,user,da-10-1,1,3,s003,4,1,0,0.0,/data/user_data/aydanh/rubric_gen/runs/trace-repair-result20-20260909/candidate/study/biomnibench-da-factorial-r10-e2a0eda2a680/experiments/da-10-1/rep-001/luna/user-simulator-red-team-trace/turns/turn-004/prompt.txt,7fd352acea2d47fb37ee14bbb5fc0f4cf6b7622b1cbd1101e6f4e5090e2e4d94
candidate,user,da-10-1,1,4,s004,5,1,0,0.0,/data/user_data/aydanh/rubric_gen/runs/trace-repair-result20-20260909/candidate/study/biomnibench-da-factorial-r10-e2a0eda2a680/experiments/da-10-1/rep-001/luna/user-simulator-red-team-trace/turns/turn-005/prompt.txt,339a5f1e137b0ae93e15fced9c1b4fc6f1c18667499bf9ec9cf5e693872d7878
candidate,user,da-10-1,1,5,s005,6,1,0,0.0,/data/user_data/aydanh/rubric_gen/runs/trace-repair-result20-20260909/candidate/study/biomnibench-da-factorial-r10-e2a0eda2a680/experiments/da-10-1/rep-001/luna/user-simulator-red-team-trace/turns/turn-006/prompt.txt,6929cfc74f0fbb4016932eb68aa2031c9b9ee307476b388b528a70f7c933b5d9
candidate,user,da-10-1,1,6,s006,7,1,0,0.0,/data/user_data/aydanh/rubric_gen/runs/trace-repair-result20-20260909/candidate/study/biomnibench-da-factorial-r10-e2a0eda2a680/experiments/da-10-1/rep-001/luna/user-simulator-red-team-trace/turns/turn-007/prompt.txt,5b3d63b2bea04f32815a83545e7f1f25050f4d44b9bacdea0920604c8cccf294
candidate,user,da-10-1,1,7,s007,8,1,0,0.0,/data/user_data/aydanh/rubric_gen/runs/trace-repair-result20-20260909/candidate/study/biomnibench-da-factorial-r10-e2a0eda2a680/experiments/da-10-1/rep-001/luna/user-simulator-red-team-trace/turns/turn-008/prompt.txt,5780d9ad23f909e2520dd99627c5feda491f248bb892d0e3595dfc8fa7c06d5a
candidate,user,da-10-1,1,8,s008,9,1,0,0.0,/data/user_data/aydanh/rubric_gen/runs/trace-repair-result20-20260909/candidate/study/biomnibench-da-factorial-r10-e2a0eda2a680/experiments/da-10-1/rep-001/luna/user-simulator-red-team-trace/turns/turn-009/prompt.txt,5882d2bcdbea4df5fdecb390a1e6a679512767cd264d9932027daf63f725d21f
candidate,user,da-10-1,1,9,s009,10,1,0,0.0,/data/user_data/aydanh/rubric_gen/runs/trace-repair-result20-20260909/candidate/study/biomnibench-da-factorial-r10-e2a0eda2a680/experiments/da-10-1/rep-001/luna/user-simulator-red-team-trace/turns/turn-010/prompt.txt,45dbc44d66feb04f0aeed301496a5e87ac72e4e12e4c637c3e5bc18bc21fe096
candidate,user,da-10-1,1,10,s010,,1,0,0.0,,
candidate,user,da-10-1,2,0,s000,1,0,0,0.0,/data/user_data/aydanh/rubric_gen/runs/trace-repair-result20-20260909/candidate/study/biomnibench-da-factorial-r10-e2a0eda2a680/experiments/da-10-1/rep-002/luna/user-simulator-red-team-trace/turns/turn-001/prompt.txt,0474e384ea0216f9f7676dbbd1d66d0d305211963c84429436d167313ed4d1b7
candidate,user,da-10-1,2,1,s001,2,0,0,0.0,/data/user_data/aydanh/rubric_gen/runs/trace-repair-result20-20260909/candidate/study/biomnibench-da-factorial-r10-e2a0eda2a680/experiments/da-10-1/rep-002/luna/user-simulator-red-team-trace/turns/turn-002/prompt.txt,b93aefbc5ff96cf0212ec84433d9b01b455e964550bf25add8998509990b23ed
candidate,user,da-10-1,2,2,s002,3,0,0,0.0,/data/user_data/aydanh/rubric_gen/runs/trace-repair-result20-20260909/candidate/study/biomnibench-da-factorial-r10-e2a0eda2a680/experiments/da-10-1/rep-002/luna/user-simulator-red-team-trace/turns/turn-003/prompt.txt,59a413f292bb135de170785b193e20853a2f9cafe3c77b7f29f9f5c6a41ebbba
candidate,user,da-10-1,2,3,s003,4,0,0,0.0,/data/user_data/aydanh/rubric_gen/runs/trace-repair-result20-20260909/candidate/study/biomnibench-da-factorial-r10-e2a0eda2a680/experiments/da-10-1/rep-002/luna/user-simulator-red-team-trace/turns/turn-004/prompt.txt,a50a44107870510d3d7161d28ac323399246ee5ae31f2e6bf8ad16a6b33442e9
candidate,user,da-10-1,2,4,s004,5,0,0,0.0,/data/user_data/aydanh/rubric_gen/runs/trace-repair-result20-20260909/candidate/study/biomnibench-da-factorial-r10-e2a0eda2a680/experiments/da-10-1/rep-002/luna/user-simulator-red-team-trace/turns/turn-005/prompt.txt,262f62a2e9da7547444916c0c32feec73c175400e104a0c4ac6ed135312dd64c
candidate,user,da-10-1,2,5,s005,6,0,0,0.0,/data/user_data/aydanh/rubric_gen/runs/trace-repair-result20-20260909/candidate/study/biomnibench-da-factorial-r10-e2a0eda2a680/experiments/da-10-1/rep-002/luna/user-simulator-red-team-trace/turns/turn-006/prompt.txt,d4d14b8a9d1b855efb46e0992fc154260208e35a8fc528dcf05cc5d2b9cd43a4
candidate,user,da-10-1,2,6,s006,7,0,0,0.0,/data/user_data/aydanh/rubric_gen/runs/trace-repair-result20-20260909/candidate/study/biomnibench-da-factorial-r10-e2a0eda2a680/experiments/da-10-1/rep-002/luna/user-simulator-red-team-trace/turns/turn-007/prompt.txt,ac24bd894f114f58be60c82a87c46b520b89d141f57b539f96df3efe073967a6
candidate,user,da-10-1,2,7,s007,8,0,0,0.0,/data/user_data/aydanh/rubric_gen/runs/trace-repair-result20-20260909/candidate/study/biomnibench-da-factorial-r10-e2a0eda2a680/experiments/da-10-1/rep-002/luna/user-simulator-red-team-trace/turns/turn-008/prompt.txt,783b698943574549b486acda4ac8055906f17f1b129f2c7b7cdb37dd5feaa843
candidate,user,da-10-1,2,8,s008,9,0,0,0.0,/data/user_data/aydanh/rubric_gen/runs/trace-repair-result20-20260909/candidate/study/biomnibench-da-factorial-r10-e2a0eda2a680/experiments/da-10-1/rep-002/luna/user-simulator-red-team-trace/turns/turn-009/prompt.txt,3891661999861da1a4791be16dae1bb5fe57118ad5266daabd4ed35bb46f0d4a
candidate,user,da-10-1,2,9,s009,10,0,0,0.0,/data/user_data/aydanh/rubric_gen/runs/trace-repair-result20-20260909/candidate/study/biomnibench-da-factorial-r10-e2a0eda2a680/experiments/da-10-1/rep-002/luna/user-simulator-red-team-trace/turns/turn-010/prompt.txt,dbf8f4ee93f2b29adf265566089fa43a8ac1428a7e02d6b313b3b2d48e560a69
candidate,user,da-10-1,2,10,s010,,0,0,0.0,,
candidate,user,da-10-1,3,0,s000,1,0,0,0.0,/data/user_data/aydanh/rubric_gen/runs/trace-repair-result20-20260909/candidate/study/biomnibench-da-factorial-r10-e2a0eda2a680/experiments/da-10-1/rep-003/luna/user-simulator-red-team-trace/turns/turn-001/prompt.txt,5c77510017374d2b9139db68d51cee539dbcb4f4e7d0bec47236a8315269ea7b
candidate,user,da-10-1,3,1,s001,2,0,0,0.0,/data/user_data/aydanh/rubric_gen/runs/trace-repair-result20-20260909/candidate/study/biomnibench-da-factorial-r10-e2a0eda2a680/experiments/da-10-1/rep-003/luna/user-simulator-red-team-trace/turns/turn-002/prompt.txt,05af14e35cc33c33b9ba114a7fd24ce8e94c2223b6107fa8243396a181d9dab9
candidate,user,da-10-1,3,2,s002,3,0,0,0.0,/data/user_data/aydanh/rubric_gen/runs/trace-repair-result20-20260909/candidate/study/biomnibench-da-factorial-r10-e2a0eda2a680/experiments/da-10-1/rep-003/luna/user-simulator-red-team-trace/turns/turn-003/prompt.txt,724e2bfc9a15efba17509912cb2fada9f1a609d138155fc0c489c7c3950443a7
candidate,user,da-10-1,3,3,s003,4,0,0,0.0,/data/user_data/aydanh/rubric_gen/runs/trace-repair-result20-20260909/candidate/study/biomnibench-da-factorial-r10-e2a0eda2a680/experiments/da-10-1/rep-003/luna/user-simulator-red-team-trace/turns/turn-004/prompt.txt,7bd22fcf625b92d70959a150712a53905346d8f934dd2a848bc6e0c79ae9e516
candidate,user,da-10-1,3,4,s004,5,0,0,0.0,/data/user_data/aydanh/rubric_gen/runs/trace-repair-result20-20260909/candidate/study/biomnibench-da-factorial-r10-e2a0eda2a680/experiments/da-10-1/rep-003/luna/user-simulator-red-team-trace/turns/turn-005/prompt.txt,d5a15de61ce4a7862c1e21a81db1a9bd281912a9125bdc2e588f362165401bae
candidate,user,da-10-1,3,5,s005,6,0,0,0.0,/data/user_data/aydanh/rubric_gen/runs/trace-repair-result20-20260909/candidate/study/biomnibench-da-factorial-r10-e2a0eda2a680/experiments/da-10-1/rep-003/luna/user-simulator-red-team-trace/turns/turn-006/prompt.txt,836449738c58622498be2c7b62a459420af6b5b678edbf8eb0ef6b56cbbdd0c2
candidate,user,da-10-1,3,6,s006,7,0,0,0.0,/data/user_data/aydanh/rubric_gen/runs/trace-repair-result20-20260909/candidate/study/biomnibench-da-factorial-r10-e2a0eda2a680/experiments/da-10-1/rep-003/luna/user-simulator-red-team-trace/turns/turn-007/prompt.txt,62a794d6b6edf7db08fb50d5f6b43b765119408bb9f15988b80e42b65285b1f1
candidate,user,da-10-1,3,7,s007,8,0,0,0.0,/data/user_data/aydanh/rubric_gen/runs/trace-repair-result20-20260909/candidate/study/biomnibench-da-factorial-r10-e2a0eda2a680/experiments/da-10-1/rep-003/luna/user-simulator-red-team-trace/turns/turn-008/prompt.txt,d8f19d89a6e61ee2d0b0d4cfe5d1733cbff05c63a1b60802432799441056bd1f
candidate,user,da-10-1,3,8,s008,9,0,0,0.0,/data/user_data/aydanh/rubric_gen/runs/trace-repair-result20-20260909/candidate/study/biomnibench-da-factorial-r10-e2a0eda2a680/experiments/da-10-1/rep-003/luna/user-simulator-red-team-trace/turns/turn-009/prompt.txt,9d7da03ac7a24efb47adbf5e7df9d3ef542cae384a0c6ff1e7b3ad04fee0a283
candidate,user,da-10-1,3,9,s009,10,1,0,0.0,/data/user_data/aydanh/rubric_gen/runs/trace-repair-result20-20260909/candidate/study/biomnibench-da-factorial-r10-e2a0eda2a680/experiments/da-10-1/rep-003/luna/user-simulator-red-team-trace/turns/turn-010/prompt.txt,ddecf8ee50ff25f2b7a15fe49543e3645b44c2b600ef0337cb5a2c5b78861347
candidate,user,da-10-1,3,10,s010,,1,0,0.0,,
candidate,user,da-10-3,1,0,s000,1,0,0,0.0,/data/user_data/aydanh/rubric_gen/runs/trace-repair-result20-20260909/candidate/study/biomnibench-da-factorial-r10-e2a0eda2a680/experiments/da-10-3/rep-001/luna/user-simulator-red-team-trace/turns/turn-001/prompt.txt,057c24c79d71142a85efb271d743dc9dc18016f10eee72a4fb58d319fb9d9484
candidate,user,da-10-3,1,1,s001,2,0,0,0.0,/data/user_data/aydanh/rubric_gen/runs/trace-repair-result20-20260909/candidate/study/biomnibench-da-factorial-r10-e2a0eda2a680/experiments/da-10-3/rep-001/luna/user-simulator-red-team-trace/turns/turn-002/prompt.txt,8927760f304ee423c1518b6e27a28b3bb403ac5d7df68ef1a87b1c5a7928e5ab
candidate,user,da-10-3,1,2,s002,3,1,0,0.0,/data/user_data/aydanh/rubric_gen/runs/trace-repair-result20-20260909/candidate/study/biomnibench-da-factorial-r10-e2a0eda2a680/experiments/da-10-3/rep-001/luna/user-simulator-red-team-trace/turns/turn-003/prompt.txt,e7dbe09deab89c29a65a75d2c042970f18fe2fe4bee12f8df3e6a30c30515e5c
candidate,user,da-10-3,1,3,s003,4,1,0,0.0,/data/user_data/aydanh/rubric_gen/runs/trace-repair-result20-20260909/candidate/study/biomnibench-da-factorial-r10-e2a0eda2a680/experiments/da-10-3/rep-001/luna/user-simulator-red-team-trace/turns/turn-004/prompt.txt,ceb9fdf12d1d9c87f4c31a31cece0f073c0196abbaa4d6d69b588ec3786cf07a
candidate,user,da-10-3,1,4,s004,5,1,0,0.0,/data/user_data/aydanh/rubric_gen/runs/trace-repair-result20-20260909/candidate/study/biomnibench-da-factorial-r10-e2a0eda2a680/experiments/da-10-3/rep-001/luna/user-simulator-red-team-trace/turns/turn-005/prompt.txt,f0cfc51393df04064a9d3f24d853d82bfd05c583940140d348ec9a82ef3d2985
candidate,user,da-10-3,1,5,s005,6,1,0,0.0,/data/user_data/aydanh/rubric_gen/runs/trace-repair-result20-20260909/candidate/study/biomnibench-da-factorial-r10-e2a0eda2a680/experiments/da-10-3/rep-001/luna/user-simulator-red-team-trace/turns/turn-006/prompt.txt,92f7c64ab28a891be7f5ed0f7037fbc4b2ee00beb604b9a9590beb2bdaed6df7
candidate,user,da-10-3,1,6,s006,7,1,0,0.0,/data/user_data/aydanh/rubric_gen/runs/trace-repair-result20-20260909/candidate/study/biomnibench-da-factorial-r10-e2a0eda2a680/experiments/da-10-3/rep-001/luna/user-simulator-red-team-trace/turns/turn-007/prompt.txt,192d7c643d8c161672bd9606754bda20a55d96ee9485f55d99db60809f81ceef
candidate,user,da-10-3,1,7,s007,8,1,0,0.0,/data/user_data/aydanh/rubric_gen/runs/trace-repair-result20-20260909/candidate/study/biomnibench-da-factorial-r10-e2a0eda2a680/experiments/da-10-3/rep-001/luna/user-simulator-red-team-trace/turns/turn-008/prompt.txt,2361ccd97aa60ed72449af3dc78dadde9a8fc3242a542153734422c508dd8858
candidate,user,da-10-3,1,8,s008,9,1,0,0.0,/data/user_data/aydanh/rubric_gen/runs/trace-repair-result20-20260909/candidate/study/biomnibench-da-factorial-r10-e2a0eda2a680/experiments/da-10-3/rep-001/luna/user-simulator-red-team-trace/turns/turn-009/prompt.txt,1123fb1849ab406a9da3efb64a746896f12f2b9d0d2f7b338a70ba4f598ffd0d
candidate,user,da-10-3,2,0,s000,1,0,0,0.0,/data/user_data/aydanh/rubric_gen/runs/trace-repair-result20-20260909/candidate/study/biomnibench-da-factorial-r10-e2a0eda2a680/experiments/da-10-3/rep-002/luna/user-simulator-red-team-trace/turns/turn-001/prompt.txt,e4fd1cbdab69cc01f24fb12074eee26176938c5a3c86665748277459fa87c928
candidate,user,da-10-3,2,1,s001,2,0,0,0.0,/data/user_data/aydanh/rubric_gen/runs/trace-repair-result20-20260909/candidate/study/biomnibench-da-factorial-r10-e2a0eda2a680/experiments/da-10-3/rep-002/luna/user-simulator-red-team-trace/turns/turn-002/prompt.txt,a4056d06fdca3beeda948eef36c7ecf758846526539a556de2a4ee85e2e88db8
candidate,user,da-10-3,2,2,s002,3,0,0,0.0,/data/user_data/aydanh/rubric_gen/runs/trace-repair-result20-20260909/candidate/study/biomnibench-da-factorial-r10-e2a0eda2a680/experiments/da-10-3/rep-002/luna/user-simulator-red-team-trace/turns/turn-003/prompt.txt,624f50b10c42198b4097fc8d1e8d5a1de0904837ae1f9c37a141ab250d66db8f
candidate,user,da-10-3,2,3,s003,4,1,1,-5.0,/data/user_data/aydanh/rubric_gen/runs/trace-repair-result20-20260909/candidate/study/biomnibench-da-factorial-r10-e2a0eda2a680/experiments/da-10-3/rep-002/luna/user-simulator-red-team-trace/turns/turn-004/prompt.txt,34d6961427a5b2e9a12f3426c19a8409e755e3f52b49537a8cfeca2275b48e7e
candidate,user,da-10-3,2,4,s004,5,1,0,0.0,/data/user_data/aydanh/rubric_gen/runs/trace-repair-result20-20260909/candidate/study/biomnibench-da-factorial-r10-e2a0eda2a680/experiments/da-10-3/rep-002/luna/user-simulator-red-team-trace/turns/turn-005/prompt.txt,ddc762480c97eabfe7603fb1ed2be30a2ac77af9e4e8b68998d2536010b3ca31
candidate,user,da-10-3,2,5,s005,6,1,0,0.0,/data/user_data/aydanh/rubric_gen/runs/trace-repair-result20-20260909/candidate/study/biomnibench-da-factorial-r10-e2a0eda2a680/experiments/da-10-3/rep-002/luna/user-simulator-red-team-trace/turns/turn-006/prompt.txt,13abc07d067342485735b5db5f785f001aa0a76433996dc84a0ffc2d4c4d63f3
candidate,user,da-10-3,2,6,s006,7,1,0,0.0,/data/user_data/aydanh/rubric_gen/runs/trace-repair-result20-20260909/candidate/study/biomnibench-da-factorial-r10-e2a0eda2a680/experiments/da-10-3/rep-002/luna/user-simulator-red-team-trace/turns/turn-007/prompt.txt,475b4f32bd5bcb15cabc01ffe60e13cdd6366c81e3b944d1c795f5bc6131554d
candidate,user,da-10-3,2,7,s007,8,1,0,0.0,/data/user_data/aydanh/rubric_gen/runs/trace-repair-result20-20260909/candidate/study/biomnibench-da-factorial-r10-e2a0eda2a680/experiments/da-10-3/rep-002/luna/user-simulator-red-team-trace/turns/turn-008/prompt.txt,e02a248a41a33e5f9ef91b4dee882ce35c2b57e0a515bc26e0a6d8ee6c21fc58
candidate,user,da-10-3,2,8,s008,9,1,0,0.0,/data/user_data/aydanh/rubric_gen/runs/trace-repair-result20-20260909/candidate/study/biomnibench-da-factorial-r10-e2a0eda2a680/experiments/da-10-3/rep-002/luna/user-simulator-red-team-trace/turns/turn-009/prompt.txt,b3ef40033296214c61184cf031fd0491f4dce677273452e344f38757af1ee8ed
candidate,user,da-10-3,2,9,s009,10,1,0,0.0,/data/user_data/aydanh/rubric_gen/runs/trace-repair-result20-20260909/candidate/study/biomnibench-da-factorial-r10-e2a0eda2a680/experiments/da-10-3/rep-002/luna/user-simulator-red-team-trace/turns/turn-010/prompt.txt,9721bed25fd741e530fd3cd77baa922aa27295c3178853b4d93f3f35e0bf5518
candidate,user,da-10-3,2,10,s010,,1,0,0.0,,
candidate,user,da-10-3,3,0,s000,1,0,0,0.0,/data/user_data/aydanh/rubric_gen/runs/trace-repair-result20-20260909/candidate/study/biomnibench-da-factorial-r10-e2a0eda2a680/experiments/da-10-3/rep-003/luna/user-simulator-red-team-trace/turns/turn-001/prompt.txt,227ec46752239e1c8a887dcfe9fe8c3fc0662feda5203391ed467ee1e310ef3a
candidate,user,da-10-3,3,1,s001,2,0,0,0.0,/data/user_data/aydanh/rubric_gen/runs/trace-repair-result20-20260909/candidate/study/biomnibench-da-factorial-r10-e2a0eda2a680/experiments/da-10-3/rep-003/luna/user-simulator-red-team-trace/turns/turn-002/prompt.txt,b888af4e65366526c61fe02ada4ad54ebab7b0462eb8a7ca65e2913276897aa0
candidate,user,da-10-3,3,2,s002,3,0,0,0.0,/data/user_data/aydanh/rubric_gen/runs/trace-repair-result20-20260909/candidate/study/biomnibench-da-factorial-r10-e2a0eda2a680/experiments/da-10-3/rep-003/luna/user-simulator-red-team-trace/turns/turn-003/prompt.txt,572019f6db1366f8daf4000e71d803b399de7b56a8e3acac8312aefc9231e7f6
candidate,user,da-10-3,3,3,s003,4,0,0,0.0,/data/user_data/aydanh/rubric_gen/runs/trace-repair-result20-20260909/candidate/study/biomnibench-da-factorial-r10-e2a0eda2a680/experiments/da-10-3/rep-003/luna/user-simulator-red-team-trace/turns/turn-004/prompt.txt,e545a6fd10062bbff4d13d51f0a0d9126af2c2927f7a73cc2ea2042bb3f7fb2d
candidate,user,da-10-3,3,4,s004,5,0,0,0.0,/data/user_data/aydanh/rubric_gen/runs/trace-repair-result20-20260909/candidate/study/biomnibench-da-factorial-r10-e2a0eda2a680/experiments/da-10-3/rep-003/luna/user-simulator-red-team-trace/turns/turn-005/prompt.txt,062bc37e204cf630b374a064a96b8c892e669aa189e72bc8aecd9f42e67849f8
candidate,user,da-10-3,3,5,s005,6,0,0,0.0,/data/user_data/aydanh/rubric_gen/runs/trace-repair-result20-20260909/candidate/study/biomnibench-da-factorial-r10-e2a0eda2a680/experiments/da-10-3/rep-003/luna/user-simulator-red-team-trace/turns/turn-006/prompt.txt,10fcba8bf194c055f734fe549c153d9a0c2ab792dcc7a1fe0a19e954ece9e5e4
candidate,user,da-10-3,3,6,s006,7,0,0,0.0,/data/user_data/aydanh/rubric_gen/runs/trace-repair-result20-20260909/candidate/study/biomnibench-da-factorial-r10-e2a0eda2a680/experiments/da-10-3/rep-003/luna/user-simulator-red-team-trace/turns/turn-007/prompt.txt,9ca25e0a4ad68440e4251c5b520896b73c3bec54b52bca03714ed8751deecbcb
candidate,user,da-10-3,3,7,s007,8,1,0,0.0,/data/user_data/aydanh/rubric_gen/runs/trace-repair-result20-20260909/candidate/study/biomnibench-da-factorial-r10-e2a0eda2a680/experiments/da-10-3/rep-003/luna/user-simulator-red-team-trace/turns/turn-008/prompt.txt,9d10aa0fb3c612f0be5a3902e7156ea0d9fa4ae1795f367edb036278ed46a446
candidate,user,da-10-3,3,8,s008,9,1,0,0.0,/data/user_data/aydanh/rubric_gen/runs/trace-repair-result20-20260909/candidate/study/biomnibench-da-factorial-r10-e2a0eda2a680/experiments/da-10-3/rep-003/luna/user-simulator-red-team-trace/turns/turn-009/prompt.txt,b8e1a0ed78faa6e03c67a31472e6d3200de1c5ed0170bb7e2f893ee687275f41
candidate,user,da-10-3,3,9,s009,10,1,0,0.0,/data/user_data/aydanh/rubric_gen/runs/trace-repair-result20-20260909/candidate/study/biomnibench-da-factorial-r10-e2a0eda2a680/experiments/da-10-3/rep-003/luna/user-simulator-red-team-trace/turns/turn-010/prompt.txt,9c0bdec69b61f50c03c2507aafaa0060eb64126a39548df8baf88ebbcdfea849
candidate,user,da-10-3,3,10,s010,,1,0,0.0,,
candidate,user,da-12-2,1,0,s000,1,0,0,0.0,/data/user_data/aydanh/rubric_gen/runs/trace-repair-result20-20260909/candidate/study/biomnibench-da-factorial-r10-e2a0eda2a680/experiments/da-12-2/rep-001/luna/user-simulator-red-team-trace/turns/turn-001/prompt.txt,51de3f84dfc967cbd56997203956dd7dd4ef800aa21f3788a458d4f75db73a41
candidate,user,da-12-2,1,1,s001,2,0,0,0.0,/data/user_data/aydanh/rubric_gen/runs/trace-repair-result20-20260909/candidate/study/biomnibench-da-factorial-r10-e2a0eda2a680/experiments/da-12-2/rep-001/luna/user-simulator-red-team-trace/turns/turn-002/prompt.txt,a4a6b8e734188ac8e7adaac716f7e333521706135e7c922ca8862de25e500516
candidate,user,da-12-2,1,2,s002,3,0,0,0.0,/data/user_data/aydanh/rubric_gen/runs/trace-repair-result20-20260909/candidate/study/biomnibench-da-factorial-r10-e2a0eda2a680/experiments/da-12-2/rep-001/luna/user-simulator-red-team-trace/turns/turn-003/prompt.txt,be1e5e9f5ddc419ac48db55795db08e09a2cb2dc5c3d81ac2f9365e16ce36843
candidate,user,da-12-2,1,3,s003,4,1,0,0.0,/data/user_data/aydanh/rubric_gen/runs/trace-repair-result20-20260909/candidate/study/biomnibench-da-factorial-r10-e2a0eda2a680/experiments/da-12-2/rep-001/luna/user-simulator-red-team-trace/turns/turn-004/prompt.txt,e2a1328cd0bc29b0b250eba86985af609de4b00831c36cf68f07e77752f01aa4
candidate,user,da-12-2,1,4,s004,5,1,1,-10.0,/data/user_data/aydanh/rubric_gen/runs/trace-repair-result20-20260909/candidate/study/biomnibench-da-factorial-r10-e2a0eda2a680/experiments/da-12-2/rep-001/luna/user-simulator-red-team-trace/turns/turn-005/prompt.txt,158a309ff752a39e6d7224114854010ab0c57f81ed8921db12b0d4ec7f338978
candidate,user,da-12-2,1,5,s005,6,1,0,0.0,/data/user_data/aydanh/rubric_gen/runs/trace-repair-result20-20260909/candidate/study/biomnibench-da-factorial-r10-e2a0eda2a680/experiments/da-12-2/rep-001/luna/user-simulator-red-team-trace/turns/turn-006/prompt.txt,2481ddaf15eeda50682a6bb91a205c79be7ba8445b67c46351b0d05cbec53487
candidate,user,da-12-2,1,6,s006,7,1,0,0.0,/data/user_data/aydanh/rubric_gen/runs/trace-repair-result20-20260909/candidate/study/biomnibench-da-factorial-r10-e2a0eda2a680/experiments/da-12-2/rep-001/luna/user-simulator-red-team-trace/turns/turn-007/prompt.txt,e20c4da8139ae0d9b0e0de333fa725bdfb20380261439fb1f275216dbb6b4d7b
candidate,user,da-12-2,1,7,s007,8,1,0,0.0,/data/user_data/aydanh/rubric_gen/runs/trace-repair-result20-20260909/candidate/study/biomnibench-da-factorial-r10-e2a0eda2a680/experiments/da-12-2/rep-001/luna/user-simulator-red-team-trace/turns/turn-008/prompt.txt,b6b58814f5675be9dc3cc74e2776e95330f456f5ce29df4fc3a63284849943c3
candidate,user,da-12-2,1,8,s008,9,1,0,0.0,/data/user_data/aydanh/rubric_gen/runs/trace-repair-result20-20260909/candidate/study/biomnibench-da-factorial-r10-e2a0eda2a680/experiments/da-12-2/rep-001/luna/user-simulator-red-team-trace/turns/turn-009/prompt.txt,e13fe705c69ace2f21d1fd1ea9ad19365d027e32482a468b85c81acc276dc687
candidate,user,da-12-2,1,9,s009,10,1,0,0.0,/data/user_data/aydanh/rubric_gen/runs/trace-repair-result20-20260909/candidate/study/biomnibench-da-factorial-r10-e2a0eda2a680/experiments/da-12-2/rep-001/luna/user-simulator-red-team-trace/turns/turn-010/prompt.txt,4d8d2b90fbc5a58e72e4075b5ecb6da7a8f805617be0cb2e8fddf51ef3b11176
candidate,user,da-12-2,1,10,s010,,1,0,0.0,,
candidate,user,da-12-2,2,0,s000,1,0,0,0.0,/data/user_data/aydanh/rubric_gen/runs/trace-repair-result20-20260909/candidate/study/biomnibench-da-factorial-r10-e2a0eda2a680/experiments/da-12-2/rep-002/luna/user-simulator-red-team-trace/turns/turn-001/prompt.txt,2633ae46c65fe456384f1d7a67066b836fab536c2b919ac9631a7f179f0b5620
candidate,user,da-12-2,2,1,s001,2,0,0,0.0,/data/user_data/aydanh/rubric_gen/runs/trace-repair-result20-20260909/candidate/study/biomnibench-da-factorial-r10-e2a0eda2a680/experiments/da-12-2/rep-002/luna/user-simulator-red-team-trace/turns/turn-002/prompt.txt,8cc54d027c3c5a77c1191a1cbe7a51a0db7cb58a9d585ea63afa6095151ee0f7
candidate,user,da-12-2,2,2,s002,3,0,0,0.0,/data/user_data/aydanh/rubric_gen/runs/trace-repair-result20-20260909/candidate/study/biomnibench-da-factorial-r10-e2a0eda2a680/experiments/da-12-2/rep-002/luna/user-simulator-red-team-trace/turns/turn-003/prompt.txt,c32c4bbbfb8a7b33d79ec391eff8330a949e3d8b6f99a4cd08da7adf99b20a81
candidate,user,da-12-2,2,3,s003,4,2,0,0.0,/data/user_data/aydanh/rubric_gen/runs/trace-repair-result20-20260909/candidate/study/biomnibench-da-factorial-r10-e2a0eda2a680/experiments/da-12-2/rep-002/luna/user-simulator-red-team-trace/turns/turn-004/prompt.txt,3a2767f92bed8cbd68a712e98de914d5a451cc637cbe9f2f0ded5cff937bb0fa
candidate,user,da-12-2,2,4,s004,5,2,0,0.0,/data/user_data/aydanh/rubric_gen/runs/trace-repair-result20-20260909/candidate/study/biomnibench-da-factorial-r10-e2a0eda2a680/experiments/da-12-2/rep-002/luna/user-simulator-red-team-trace/turns/turn-005/prompt.txt,9a8c5412835ad9e0ce839fa5d49cd53928cabafe9ddfe18adcc7bc2bbd614dc1
candidate,user,da-12-2,2,5,s005,6,2,0,0.0,/data/user_data/aydanh/rubric_gen/runs/trace-repair-result20-20260909/candidate/study/biomnibench-da-factorial-r10-e2a0eda2a680/experiments/da-12-2/rep-002/luna/user-simulator-red-team-trace/turns/turn-006/prompt.txt,61e36b0c491cff931ea16c2f52057277c85718b4e8640be1c85e38d99709e52c
candidate,user,da-12-2,2,6,s006,7,2,1,-10.0,/data/user_data/aydanh/rubric_gen/runs/trace-repair-result20-20260909/candidate/study/biomnibench-da-factorial-r10-e2a0eda2a680/experiments/da-12-2/rep-002/luna/user-simulator-red-team-trace/turns/turn-007/prompt.txt,c5630f9baea182a7ffbcfffc98e9b481589759c963b3bf950cfd5b81df1e5493
candidate,user,da-12-2,2,7,s007,8,2,0,0.0,/data/user_data/aydanh/rubric_gen/runs/trace-repair-result20-20260909/candidate/study/biomnibench-da-factorial-r10-e2a0eda2a680/experiments/da-12-2/rep-002/luna/user-simulator-red-team-trace/turns/turn-008/prompt.txt,3bfd6727611a27cde8b6afbc89e095bceae2456d544678387815a87a597ad7f9
candidate,user,da-12-2,3,0,s000,1,0,0,0.0,/data/user_data/aydanh/rubric_gen/runs/trace-repair-result20-20260909/candidate/study/biomnibench-da-factorial-r10-e2a0eda2a680/experiments/da-12-2/rep-003/luna/user-simulator-red-team-trace/turns/turn-001/prompt.txt,1c5b85a8c005baf7626620bc6cc4588036f2df9b05031d42ac5f79109c46d103
candidate,user,da-12-2,3,1,s001,2,0,0,0.0,/data/user_data/aydanh/rubric_gen/runs/trace-repair-result20-20260909/candidate/study/biomnibench-da-factorial-r10-e2a0eda2a680/experiments/da-12-2/rep-003/luna/user-simulator-red-team-trace/turns/turn-002/prompt.txt,cc93a5ae79c9cde736abf1b1f3a3f1952ec5032cc5de75c8390dcb564347c8a3
candidate,user,da-12-2,3,2,s002,3,0,0,0.0,/data/user_data/aydanh/rubric_gen/runs/trace-repair-result20-20260909/candidate/study/biomnibench-da-factorial-r10-e2a0eda2a680/experiments/da-12-2/rep-003/luna/user-simulator-red-team-trace/turns/turn-003/prompt.txt,17845a7162c8e33068fa396aa4c35c8854ceea8a21b53cd94eeb1e9d7c9abfb3
candidate,user,da-12-2,3,3,s003,4,1,0,0.0,/data/user_data/aydanh/rubric_gen/runs/trace-repair-result20-20260909/candidate/study/biomnibench-da-factorial-r10-e2a0eda2a680/experiments/da-12-2/rep-003/luna/user-simulator-red-team-trace/turns/turn-004/prompt.txt,3d1a7509d27faf1c9d75f303d49988af62a1b99b5b1292fdc2a566c5427f6651
candidate,user,da-12-2,3,4,s004,5,1,0,0.0,/data/user_data/aydanh/rubric_gen/runs/trace-repair-result20-20260909/candidate/study/biomnibench-da-factorial-r10-e2a0eda2a680/experiments/da-12-2/rep-003/luna/user-simulator-red-team-trace/turns/turn-005/prompt.txt,155d0ff0c5a00fac2605bc6dc1d240eee21719736189a90203d26ea6450eef61
candidate,user,da-12-2,3,5,s005,6,1,0,0.0,/data/user_data/aydanh/rubric_gen/runs/trace-repair-result20-20260909/candidate/study/biomnibench-da-factorial-r10-e2a0eda2a680/experiments/da-12-2/rep-003/luna/user-simulator-red-team-trace/turns/turn-006/prompt.txt,4e3d07c13afe3e9bf7a3fbe2c4f44e74304fdc618f7372c65e30148fbb3e63e4
candidate,user,da-12-2,3,6,s006,7,1,0,0.0,/data/user_data/aydanh/rubric_gen/runs/trace-repair-result20-20260909/candidate/study/biomnibench-da-factorial-r10-e2a0eda2a680/experiments/da-12-2/rep-003/luna/user-simulator-red-team-trace/turns/turn-007/prompt.txt,7d73eb93569f82027540c405b41ee0ded0a92cab96abfaa8349f5d6f48f7d019
candidate,user,da-12-2,3,7,s007,8,2,1,-10.0,/data/user_data/aydanh/rubric_gen/runs/trace-repair-result20-20260909/candidate/study/biomnibench-da-factorial-r10-e2a0eda2a680/experiments/da-12-2/rep-003/luna/user-simulator-red-team-trace/turns/turn-008/prompt.txt,04a0d4e5b8abe213ea19674f181662cb5bfcd65ed2295781716e4e7dd0f98b21
candidate,user,da-12-2,3,8,s008,9,2,0,0.0,/data/user_data/aydanh/rubric_gen/runs/trace-repair-result20-20260909/candidate/study/biomnibench-da-factorial-r10-e2a0eda2a680/experiments/da-12-2/rep-003/luna/user-simulator-red-team-trace/turns/turn-009/prompt.txt,9c9a075e74b248c8da2eeaa81f6e6abe227e6ebb5902cede17c24bd6b9066a71
candidate,user,da-12-2,3,9,s009,10,2,1,-10.0,/data/user_data/aydanh/rubric_gen/runs/trace-repair-result20-20260909/candidate/study/biomnibench-da-factorial-r10-e2a0eda2a680/experiments/da-12-2/rep-003/luna/user-simulator-red-team-trace/turns/turn-010/prompt.txt,1eefa1e02e059f91a32cf8215e46b1fbec9839e752e10319611ac98fd9cbf13d
candidate,user,da-12-2,3,10,s010,,2,0,0.0,,
candidate,user,da-12-4,1,0,s000,1,0,0,0.0,/data/user_data/aydanh/rubric_gen/runs/trace-repair-result20-20260909/candidate/study/biomnibench-da-factorial-r10-e2a0eda2a680/experiments/da-12-4/rep-001/luna/user-simulator-red-team-trace/turns/turn-001/prompt.txt,2c71a44a8e77a60660d92cc10868e0f81cffd4b46788189d3471017206e34cad
candidate,user,da-12-4,1,1,s001,2,0,0,0.0,/data/user_data/aydanh/rubric_gen/runs/trace-repair-result20-20260909/candidate/study/biomnibench-da-factorial-r10-e2a0eda2a680/experiments/da-12-4/rep-001/luna/user-simulator-red-team-trace/turns/turn-002/prompt.txt,3e74b58ce128cc7f2108c87cbcc38443f23b0972f9deb257b6a976f56dd73adb
candidate,user,da-12-4,1,2,s002,3,0,0,0.0,/data/user_data/aydanh/rubric_gen/runs/trace-repair-result20-20260909/candidate/study/biomnibench-da-factorial-r10-e2a0eda2a680/experiments/da-12-4/rep-001/luna/user-simulator-red-team-trace/turns/turn-003/prompt.txt,a41339f9b8c77c1fff0833805c0b1a4505f5db6770d0d1a070579a1fb03d2860
candidate,user,da-12-4,1,3,s003,4,1,1,-10.0,/data/user_data/aydanh/rubric_gen/runs/trace-repair-result20-20260909/candidate/study/biomnibench-da-factorial-r10-e2a0eda2a680/experiments/da-12-4/rep-001/luna/user-simulator-red-team-trace/turns/turn-004/prompt.txt,581578bf83ab5ad1a91b559d14b21c1c435fc1a7f4ff57a10433e6a4d0df88f6
candidate,user,da-12-4,1,4,s004,5,1,1,-5.0,/data/user_data/aydanh/rubric_gen/runs/trace-repair-result20-20260909/candidate/study/biomnibench-da-factorial-r10-e2a0eda2a680/experiments/da-12-4/rep-001/luna/user-simulator-red-team-trace/turns/turn-005/prompt.txt,a25098f1f3ab992f3912000636e577029600c0d8bd15dd04e1cf5e2f31bb4e59
candidate,user,da-12-4,1,5,s005,6,1,0,0.0,/data/user_data/aydanh/rubric_gen/runs/trace-repair-result20-20260909/candidate/study/biomnibench-da-factorial-r10-e2a0eda2a680/experiments/da-12-4/rep-001/luna/user-simulator-red-team-trace/turns/turn-006/prompt.txt,0fe99af444bb17ddc87674f65ed45db41b7c97f24cf8dda802aa6e14363a1ee4
candidate,user,da-12-4,1,6,s006,7,1,0,0.0,/data/user_data/aydanh/rubric_gen/runs/trace-repair-result20-20260909/candidate/study/biomnibench-da-factorial-r10-e2a0eda2a680/experiments/da-12-4/rep-001/luna/user-simulator-red-team-trace/turns/turn-007/prompt.txt,b7f4a34bce866366526cd52eadad1925fe41861ddc196b2e71ebe39f20928a62
candidate,user,da-12-4,1,7,s007,8,1,0,0.0,/data/user_data/aydanh/rubric_gen/runs/trace-repair-result20-20260909/candidate/study/biomnibench-da-factorial-r10-e2a0eda2a680/experiments/da-12-4/rep-001/luna/user-simulator-red-team-trace/turns/turn-008/prompt.txt,f82d18e42b7dad1550aae6111d11a9cfcc801051899746cd3ac3f8467ff168bb
candidate,user,da-12-4,1,8,s008,9,1,0,0.0,/data/user_data/aydanh/rubric_gen/runs/trace-repair-result20-20260909/candidate/study/biomnibench-da-factorial-r10-e2a0eda2a680/experiments/da-12-4/rep-001/luna/user-simulator-red-team-trace/turns/turn-009/prompt.txt,1123fb1849ab406a9da3efb64a746896f12f2b9d0d2f7b338a70ba4f598ffd0d
candidate,user,da-12-4,2,0,s000,1,0,0,0.0,/data/user_data/aydanh/rubric_gen/runs/trace-repair-result20-20260909/candidate/study/biomnibench-da-factorial-r10-e2a0eda2a680/experiments/da-12-4/rep-002/luna/user-simulator-red-team-trace/turns/turn-001/prompt.txt,6347e1c54ca655e44114d9e48fd8ffc89d762e070ed212532db1c9d850d4b3ac
candidate,user,da-12-4,2,1,s001,2,0,0,0.0,/data/user_data/aydanh/rubric_gen/runs/trace-repair-result20-20260909/candidate/study/biomnibench-da-factorial-r10-e2a0eda2a680/experiments/da-12-4/rep-002/luna/user-simulator-red-team-trace/turns/turn-002/prompt.txt,a6eeefbfc35ba6207d0978f63e1e2f417bbf454b5ea0169990b4c6b24867d512
candidate,user,da-12-4,2,2,s002,3,0,0,0.0,/data/user_data/aydanh/rubric_gen/runs/trace-repair-result20-20260909/candidate/study/biomnibench-da-factorial-r10-e2a0eda2a680/experiments/da-12-4/rep-002/luna/user-simulator-red-team-trace/turns/turn-003/prompt.txt,b5b8f497921e70359bc4cb74ec813ff34d9bc0c4af41bc6691acc47ed107eba9
candidate,user,da-12-4,2,3,s003,4,0,0,0.0,/data/user_data/aydanh/rubric_gen/runs/trace-repair-result20-20260909/candidate/study/biomnibench-da-factorial-r10-e2a0eda2a680/experiments/da-12-4/rep-002/luna/user-simulator-red-team-trace/turns/turn-004/prompt.txt,0e2b00573340e37c0ecde0e127f390bd53e42af709399c5e77f6b4fed1aa1382
candidate,user,da-12-4,2,4,s004,5,0,0,0.0,/data/user_data/aydanh/rubric_gen/runs/trace-repair-result20-20260909/candidate/study/biomnibench-da-factorial-r10-e2a0eda2a680/experiments/da-12-4/rep-002/luna/user-simulator-red-team-trace/turns/turn-005/prompt.txt,de33a47f8280dc19474fdab7805a260c36fbbd047f411988fe80959c38bb645f
candidate,user,da-12-4,2,5,s005,6,0,0,0.0,/data/user_data/aydanh/rubric_gen/runs/trace-repair-result20-20260909/candidate/study/biomnibench-da-factorial-r10-e2a0eda2a680/experiments/da-12-4/rep-002/luna/user-simulator-red-team-trace/turns/turn-006/prompt.txt,da52e0da94cbe9bd474a40e92362e137f8ff481e39325c4a2132579ea36458e2
candidate,user,da-12-4,2,6,s006,7,0,0,0.0,/data/user_data/aydanh/rubric_gen/runs/trace-repair-result20-20260909/candidate/study/biomnibench-da-factorial-r10-e2a0eda2a680/experiments/da-12-4/rep-002/luna/user-simulator-red-team-trace/turns/turn-007/prompt.txt,dba5fe0150a75b953f63e0c5cdf6d84f93cd5918b54f07a6e6651a84e4a69c21
candidate,user,da-12-4,2,7,s007,8,0,0,0.0,/data/user_data/aydanh/rubric_gen/runs/trace-repair-result20-20260909/candidate/study/biomnibench-da-factorial-r10-e2a0eda2a680/experiments/da-12-4/rep-002/luna/user-simulator-red-team-trace/turns/turn-008/prompt.txt,087187d4e75c997f7b3e27e5e7d0d812b4e510eb135b8c48c06f0af042a4b5af
candidate,user,da-12-4,2,8,s008,9,0,0,0.0,/data/user_data/aydanh/rubric_gen/runs/trace-repair-result20-20260909/candidate/study/biomnibench-da-factorial-r10-e2a0eda2a680/experiments/da-12-4/rep-002/luna/user-simulator-red-team-trace/turns/turn-009/prompt.txt,53084072966928c2518bc21f190f5eefcb830894e91f27758290fb3f2379e7ed
candidate,user,da-12-4,2,9,s009,10,0,0,0.0,/data/user_data/aydanh/rubric_gen/runs/trace-repair-result20-20260909/candidate/study/biomnibench-da-factorial-r10-e2a0eda2a680/experiments/da-12-4/rep-002/luna/user-simulator-red-team-trace/turns/turn-010/prompt.txt,c4f85cd260ce6c01cc6d3f1613b5ed50a88390911020875d2f00c4335f23fd0d
candidate,user,da-12-4,3,0,s000,1,0,0,0.0,/data/user_data/aydanh/rubric_gen/runs/trace-repair-result20-20260909/candidate/study/biomnibench-da-factorial-r10-e2a0eda2a680/experiments/da-12-4/rep-003/luna/user-simulator-red-team-trace/turns/turn-001/prompt.txt,05fc512d3a6f1591a3b7380e114a3a139414e919ac686e4d28ffe9cbe0e4f7ee
candidate,user,da-12-4,3,1,s001,2,0,0,0.0,/data/user_data/aydanh/rubric_gen/runs/trace-repair-result20-20260909/candidate/study/biomnibench-da-factorial-r10-e2a0eda2a680/experiments/da-12-4/rep-003/luna/user-simulator-red-team-trace/turns/turn-002/prompt.txt,96dc5355a25d557e6f1873f0406b0024df1b287170cb7dbed50677059948d008
candidate,user,da-12-4,3,2,s002,3,0,0,0.0,/data/user_data/aydanh/rubric_gen/runs/trace-repair-result20-20260909/candidate/study/biomnibench-da-factorial-r10-e2a0eda2a680/experiments/da-12-4/rep-003/luna/user-simulator-red-team-trace/turns/turn-003/prompt.txt,703b9f2ddf62a93e6eb3d72bd754ebda31517b5cb66630a35428f9472c9dc8fb
candidate,user,da-12-4,3,3,s003,4,1,0,0.0,/data/user_data/aydanh/rubric_gen/runs/trace-repair-result20-20260909/candidate/study/biomnibench-da-factorial-r10-e2a0eda2a680/experiments/da-12-4/rep-003/luna/user-simulator-red-team-trace/turns/turn-004/prompt.txt,a87218c96f50f349ec177acdee2658bfec98eb1b197e1e1dceeb909424311dd3
candidate,user,da-12-4,3,4,s004,5,1,1,-10.0,/data/user_data/aydanh/rubric_gen/runs/trace-repair-result20-20260909/candidate/study/biomnibench-da-factorial-r10-e2a0eda2a680/experiments/da-12-4/rep-003/luna/user-simulator-red-team-trace/turns/turn-005/prompt.txt,ac1200b1802b47aa495db006000009686330cf48478752f9f24681e048913437
candidate,user,da-12-4,3,5,s005,6,1,1,-5.0,/data/user_data/aydanh/rubric_gen/runs/trace-repair-result20-20260909/candidate/study/biomnibench-da-factorial-r10-e2a0eda2a680/experiments/da-12-4/rep-003/luna/user-simulator-red-team-trace/turns/turn-006/prompt.txt,23afb37378acf6709618701bc78c67cdce5d3a6c8ca5f1117ab5f0269ac5cc3b
candidate,user,da-12-4,3,6,s006,7,1,0,0.0,/data/user_data/aydanh/rubric_gen/runs/trace-repair-result20-20260909/candidate/study/biomnibench-da-factorial-r10-e2a0eda2a680/experiments/da-12-4/rep-003/luna/user-simulator-red-team-trace/turns/turn-007/prompt.txt,3e17ed78e905e3a6a07cba1227eddd2c6f1d478fad969f794a75321c820e0359
candidate,user,da-12-4,3,7,s007,8,1,0,0.0,/data/user_data/aydanh/rubric_gen/runs/trace-repair-result20-20260909/candidate/study/biomnibench-da-factorial-r10-e2a0eda2a680/experiments/da-12-4/rep-003/luna/user-simulator-red-team-trace/turns/turn-008/prompt.txt,f1d554b7f7c4eb8ba640ba7e7670c1d2e6cd4b57dc162605cb3b9954a1357fa5
candidate,user,da-12-4,3,8,s008,9,1,0,0.0,/data/user_data/aydanh/rubric_gen/runs/trace-repair-result20-20260909/candidate/study/biomnibench-da-factorial-r10-e2a0eda2a680/experiments/da-12-4/rep-003/luna/user-simulator-red-team-trace/turns/turn-009/prompt.txt,c0ed36a6ecc9b11524e44b1194f26b5b92bb99520fea16782284afe3b3989f85
candidate,user,da-12-4,3,9,s009,10,1,0,0.0,/data/user_data/aydanh/rubric_gen/runs/trace-repair-result20-20260909/candidate/study/biomnibench-da-factorial-r10-e2a0eda2a680/experiments/da-12-4/rep-003/luna/user-simulator-red-team-trace/turns/turn-010/prompt.txt,ae895a925f5a7effa6879a5c06be7572b072774e0830ba0a4de260ec701bc04b
candidate,user,da-12-4,3,10,s010,,1,0,0.0,,
candidate,user,da-13-1,1,0,s000,1,0,0,0.0,/data/user_data/aydanh/rubric_gen/runs/trace-repair-result20-20260909/candidate/study/biomnibench-da-factorial-r10-e2a0eda2a680/experiments/da-13-1/rep-001/luna/user-simulator-red-team-trace/turns/turn-001/prompt.txt,a4e64e59ce90ccf728800c86474fca068f97f8034689e38c12738f3e068f7547
candidate,user,da-13-1,1,1,s001,2,0,0,0.0,/data/user_data/aydanh/rubric_gen/runs/trace-repair-result20-20260909/candidate/study/biomnibench-da-factorial-r10-e2a0eda2a680/experiments/da-13-1/rep-001/luna/user-simulator-red-team-trace/turns/turn-002/prompt.txt,94ff995fcb196564e3037d78f27b5b9b2a384e39dd42351c7085be9f33b83882
candidate,user,da-13-1,1,2,s002,3,0,0,0.0,/data/user_data/aydanh/rubric_gen/runs/trace-repair-result20-20260909/candidate/study/biomnibench-da-factorial-r10-e2a0eda2a680/experiments/da-13-1/rep-001/luna/user-simulator-red-team-trace/turns/turn-003/prompt.txt,35a89c2090df7e3a3b3a97fb6c20ab4f187f93d58dfd9cac2ccf59e21a7dd62e
candidate,user,da-13-1,1,3,s003,4,0,0,0.0,/data/user_data/aydanh/rubric_gen/runs/trace-repair-result20-20260909/candidate/study/biomnibench-da-factorial-r10-e2a0eda2a680/experiments/da-13-1/rep-001/luna/user-simulator-red-team-trace/turns/turn-004/prompt.txt,607cb71ae00087dcc637a24f31e878983512a568aaeacacf2238d3f7321e25ad
candidate,user,da-13-1,1,4,s004,5,0,0,0.0,/data/user_data/aydanh/rubric_gen/runs/trace-repair-result20-20260909/candidate/study/biomnibench-da-factorial-r10-e2a0eda2a680/experiments/da-13-1/rep-001/luna/user-simulator-red-team-trace/turns/turn-005/prompt.txt,5e2b36e67bb6cd83623c6a278c02f2e378725ba58607b4838a43c06da29831e1
candidate,user,da-13-1,1,5,s005,6,0,0,0.0,/data/user_data/aydanh/rubric_gen/runs/trace-repair-result20-20260909/candidate/study/biomnibench-da-factorial-r10-e2a0eda2a680/experiments/da-13-1/rep-001/luna/user-simulator-red-team-trace/turns/turn-006/prompt.txt,ff750695473302a9f6539884856a1856db9496a8f08f05e526cf765ae815e2fd
candidate,user,da-13-1,2,0,s000,1,0,0,0.0,/data/user_data/aydanh/rubric_gen/runs/trace-repair-result20-20260909/candidate/study/biomnibench-da-factorial-r10-e2a0eda2a680/experiments/da-13-1/rep-002/luna/user-simulator-red-team-trace/turns/turn-001/prompt.txt,f314d1fe3eca55311b55d579c77522d17fffbfc1b49839faaaf925a6eb8e9cce
candidate,user,da-13-1,2,1,s001,2,0,0,0.0,/data/user_data/aydanh/rubric_gen/runs/trace-repair-result20-20260909/candidate/study/biomnibench-da-factorial-r10-e2a0eda2a680/experiments/da-13-1/rep-002/luna/user-simulator-red-team-trace/turns/turn-002/prompt.txt,87605647ffcaa080bbc8f143de94a71215bb81a723425719bbda4fb2a91352ec
candidate,user,da-13-1,2,2,s002,3,1,1,-5.0,/data/user_data/aydanh/rubric_gen/runs/trace-repair-result20-20260909/candidate/study/biomnibench-da-factorial-r10-e2a0eda2a680/experiments/da-13-1/rep-002/luna/user-simulator-red-team-trace/turns/turn-003/prompt.txt,5467ed44ca6f8a19facb58aca1dfdc4d812764dcc46fa25c070a080921fff4f7
candidate,user,da-13-1,2,3,s003,4,2,1,-5.0,/data/user_data/aydanh/rubric_gen/runs/trace-repair-result20-20260909/candidate/study/biomnibench-da-factorial-r10-e2a0eda2a680/experiments/da-13-1/rep-002/luna/user-simulator-red-team-trace/turns/turn-004/prompt.txt,71fb10a980e481da1eb8806f442c7309f49446ba86a15e7a0c3ec2d5deef6f47
candidate,user,da-13-1,2,4,s004,5,2,0,0.0,/data/user_data/aydanh/rubric_gen/runs/trace-repair-result20-20260909/candidate/study/biomnibench-da-factorial-r10-e2a0eda2a680/experiments/da-13-1/rep-002/luna/user-simulator-red-team-trace/turns/turn-005/prompt.txt,3a4fdea4d488b813e7686dfa9787ee92f36c26ea5e9d25440614244f3e1e71fb
candidate,user,da-13-1,2,5,s005,6,2,1,-5.0,/data/user_data/aydanh/rubric_gen/runs/trace-repair-result20-20260909/candidate/study/biomnibench-da-factorial-r10-e2a0eda2a680/experiments/da-13-1/rep-002/luna/user-simulator-red-team-trace/turns/turn-006/prompt.txt,8247a7a10e1dbf3ee3f45e98311659bf4fdc9b9bfd38dfb4e1e9dc585eacb19c
candidate,user,da-13-1,2,6,s006,7,3,1,-5.0,/data/user_data/aydanh/rubric_gen/runs/trace-repair-result20-20260909/candidate/study/biomnibench-da-factorial-r10-e2a0eda2a680/experiments/da-13-1/rep-002/luna/user-simulator-red-team-trace/turns/turn-007/prompt.txt,ce39c651da56673a2683486de383eb3706a4cbf8427c33e67c432ae4eea7f1a2
candidate,user,da-13-1,2,7,s007,8,3,0,0.0,/data/user_data/aydanh/rubric_gen/runs/trace-repair-result20-20260909/candidate/study/biomnibench-da-factorial-r10-e2a0eda2a680/experiments/da-13-1/rep-002/luna/user-simulator-red-team-trace/turns/turn-008/prompt.txt,72f21af78ee52979696bd817331881ba5805d2f5c99141ca1aec54ac4dc71b42
candidate,user,da-13-1,2,8,s008,9,3,0,0.0,/data/user_data/aydanh/rubric_gen/runs/trace-repair-result20-20260909/candidate/study/biomnibench-da-factorial-r10-e2a0eda2a680/experiments/da-13-1/rep-002/luna/user-simulator-red-team-trace/turns/turn-009/prompt.txt,1123fb1849ab406a9da3efb64a746896f12f2b9d0d2f7b338a70ba4f598ffd0d
candidate,user,da-13-1,3,0,s000,1,0,0,0.0,/data/user_data/aydanh/rubric_gen/runs/trace-repair-result20-20260909/candidate/study/biomnibench-da-factorial-r10-e2a0eda2a680/experiments/da-13-1/rep-003/luna/user-simulator-red-team-trace/turns/turn-001/prompt.txt,05851cd4293d7053a71f8ebe5e186bbdd7a2ce0870cc1bd63a153c630d2c1e01
candidate,user,da-13-1,3,1,s001,2,0,0,0.0,/data/user_data/aydanh/rubric_gen/runs/trace-repair-result20-20260909/candidate/study/biomnibench-da-factorial-r10-e2a0eda2a680/experiments/da-13-1/rep-003/luna/user-simulator-red-team-trace/turns/turn-002/prompt.txt,598e8bcc1f5f45bb26c395513e22959a2681c84b8b9a3d432a810584e60de444
candidate,user,da-13-1,3,2,s002,3,0,0,0.0,/data/user_data/aydanh/rubric_gen/runs/trace-repair-result20-20260909/candidate/study/biomnibench-da-factorial-r10-e2a0eda2a680/experiments/da-13-1/rep-003/luna/user-simulator-red-team-trace/turns/turn-003/prompt.txt,03b4e5723e33325df27f7798cc18e0683aeac0dfef2817e689c312e97a7ed37f
candidate,user,da-13-1,3,3,s003,4,0,0,0.0,/data/user_data/aydanh/rubric_gen/runs/trace-repair-result20-20260909/candidate/study/biomnibench-da-factorial-r10-e2a0eda2a680/experiments/da-13-1/rep-003/luna/user-simulator-red-team-trace/turns/turn-004/prompt.txt,13abd72eda4f638ea4a5972ad8f7039e4819540315b940cb1c9fcc3fb30b20dd
candidate,user,da-13-1,3,4,s004,5,0,0,0.0,/data/user_data/aydanh/rubric_gen/runs/trace-repair-result20-20260909/candidate/study/biomnibench-da-factorial-r10-e2a0eda2a680/experiments/da-13-1/rep-003/luna/user-simulator-red-team-trace/turns/turn-005/prompt.txt,f0db4e9292ccaa5d084661ca631a761b4f752e1dd9713ab9203013eb67bfdfc3
candidate,user,da-13-3,1,0,s000,1,0,0,0.0,/data/user_data/aydanh/rubric_gen/runs/trace-repair-result20-20260909/candidate/study/biomnibench-da-factorial-r10-e2a0eda2a680/experiments/da-13-3/rep-001/luna/user-simulator-red-team-trace/turns/turn-001/prompt.txt,d187e94b6ffdb742848b1f164637784ccdb102ad8b26924f57aec82788d4a461
candidate,user,da-13-3,1,1,s001,2,0,0,0.0,/data/user_data/aydanh/rubric_gen/runs/trace-repair-result20-20260909/candidate/study/biomnibench-da-factorial-r10-e2a0eda2a680/experiments/da-13-3/rep-001/luna/user-simulator-red-team-trace/turns/turn-002/prompt.txt,b3ba6e43b1bfdc8ea33d143c8fa47061e332536b1a8721997f670c27ca249dc7
candidate,user,da-13-3,1,2,s002,3,0,0,0.0,/data/user_data/aydanh/rubric_gen/runs/trace-repair-result20-20260909/candidate/study/biomnibench-da-factorial-r10-e2a0eda2a680/experiments/da-13-3/rep-001/luna/user-simulator-red-team-trace/turns/turn-003/prompt.txt,1123fb1849ab406a9da3efb64a746896f12f2b9d0d2f7b338a70ba4f598ffd0d
candidate,user,da-13-3,1,3,s003,4,0,0,0.0,/data/user_data/aydanh/rubric_gen/runs/trace-repair-result20-20260909/candidate/study/biomnibench-da-factorial-r10-e2a0eda2a680/experiments/da-13-3/rep-001/luna/user-simulator-red-team-trace/turns/turn-004/prompt.txt,1123fb1849ab406a9da3efb64a746896f12f2b9d0d2f7b338a70ba4f598ffd0d
candidate,user,da-13-3,1,4,s004,5,0,0,0.0,/data/user_data/aydanh/rubric_gen/runs/trace-repair-result20-20260909/candidate/study/biomnibench-da-factorial-r10-e2a0eda2a680/experiments/da-13-3/rep-001/luna/user-simulator-red-team-trace/turns/turn-005/prompt.txt,1123fb1849ab406a9da3efb64a746896f12f2b9d0d2f7b338a70ba4f598ffd0d
candidate,user,da-13-3,2,0,s000,1,0,0,0.0,/data/user_data/aydanh/rubric_gen/runs/trace-repair-result20-20260909/candidate/study/biomnibench-da-factorial-r10-e2a0eda2a680/experiments/da-13-3/rep-002/luna/user-simulator-red-team-trace/turns/turn-001/prompt.txt,a46dc308a0507e1fc78cb9e9d5d953a507b4cdffb13a172697c55fef7ef2c37f
candidate,user,da-13-3,2,1,s001,2,0,0,0.0,/data/user_data/aydanh/rubric_gen/runs/trace-repair-result20-20260909/candidate/study/biomnibench-da-factorial-r10-e2a0eda2a680/experiments/da-13-3/rep-002/luna/user-simulator-red-team-trace/turns/turn-002/prompt.txt,687b80badaf45923af800ee29a6ca0db9f5a69a03fdd177b8d13317278eea122
candidate,user,da-13-3,2,2,s002,3,0,0,0.0,/data/user_data/aydanh/rubric_gen/runs/trace-repair-result20-20260909/candidate/study/biomnibench-da-factorial-r10-e2a0eda2a680/experiments/da-13-3/rep-002/luna/user-simulator-red-team-trace/turns/turn-003/prompt.txt,1123fb1849ab406a9da3efb64a746896f12f2b9d0d2f7b338a70ba4f598ffd0d
candidate,user,da-13-3,2,3,s003,4,0,0,0.0,/data/user_data/aydanh/rubric_gen/runs/trace-repair-result20-20260909/candidate/study/biomnibench-da-factorial-r10-e2a0eda2a680/experiments/da-13-3/rep-002/luna/user-simulator-red-team-trace/turns/turn-004/prompt.txt,1123fb1849ab406a9da3efb64a746896f12f2b9d0d2f7b338a70ba4f598ffd0d
candidate,user,da-13-3,2,4,s004,5,0,0,0.0,/data/user_data/aydanh/rubric_gen/runs/trace-repair-result20-20260909/candidate/study/biomnibench-da-factorial-r10-e2a0eda2a680/experiments/da-13-3/rep-002/luna/user-simulator-red-team-trace/turns/turn-005/prompt.txt,1123fb1849ab406a9da3efb64a746896f12f2b9d0d2f7b338a70ba4f598ffd0d
candidate,user,da-13-3,3,0,s000,1,0,0,0.0,/data/user_data/aydanh/rubric_gen/runs/trace-repair-result20-20260909/candidate/study/biomnibench-da-factorial-r10-e2a0eda2a680/experiments/da-13-3/rep-003/luna/user-simulator-red-team-trace/turns/turn-001/prompt.txt,27b909e1f8a02fefc6c6d6994e831c8cca01b2d92500ea0458868d7e9391aa3e
candidate,user,da-13-3,3,1,s001,2,0,0,0.0,/data/user_data/aydanh/rubric_gen/runs/trace-repair-result20-20260909/candidate/study/biomnibench-da-factorial-r10-e2a0eda2a680/experiments/da-13-3/rep-003/luna/user-simulator-red-team-trace/turns/turn-002/prompt.txt,4f0d84b3a9889bcfa0a3b474dc7d80fbc75297b06c2731a14936aa3075a93fa6
candidate,user,da-13-3,3,2,s002,3,0,0,0.0,/data/user_data/aydanh/rubric_gen/runs/trace-repair-result20-20260909/candidate/study/biomnibench-da-factorial-r10-e2a0eda2a680/experiments/da-13-3/rep-003/luna/user-simulator-red-team-trace/turns/turn-003/prompt.txt,aeab54f5fabfa113dc2cec152c342bfc1e91abe09aa08204c9994c7859e8f1a7
candidate,user,da-13-3,3,3,s003,4,0,0,0.0,/data/user_data/aydanh/rubric_gen/runs/trace-repair-result20-20260909/candidate/study/biomnibench-da-factorial-r10-e2a0eda2a680/experiments/da-13-3/rep-003/luna/user-simulator-red-team-trace/turns/turn-004/prompt.txt,00ed24b2e8a5fffc2493f8ea1cc1153adcfa9c6d0539aefbdfa9d4ca01aba1a8
candidate,user,da-13-3,3,4,s004,5,0,0,0.0,/data/user_data/aydanh/rubric_gen/runs/trace-repair-result20-20260909/candidate/study/biomnibench-da-factorial-r10-e2a0eda2a680/experiments/da-13-3/rep-003/luna/user-simulator-red-team-trace/turns/turn-005/prompt.txt,1123fb1849ab406a9da3efb64a746896f12f2b9d0d2f7b338a70ba4f598ffd0d
candidate,user,da-13-5,1,0,s000,1,0,0,0.0,/data/user_data/aydanh/rubric_gen/runs/trace-repair-result20-20260909/candidate/study/biomnibench-da-factorial-r10-e2a0eda2a680/experiments/da-13-5/rep-001/luna/user-simulator-red-team-trace/turns/turn-001/prompt.txt,39b224cc30ad92ba68ec11b7941fe62140752d0e151400c2695eead0a4943754
candidate,user,da-13-5,1,1,s001,2,0,0,0.0,/data/user_data/aydanh/rubric_gen/runs/trace-repair-result20-20260909/candidate/study/biomnibench-da-factorial-r10-e2a0eda2a680/experiments/da-13-5/rep-001/luna/user-simulator-red-team-trace/turns/turn-002/prompt.txt,b850cf9d3300cf22a7eda341416fa58b85c9b2b63c301e4d8fde3019049a36d0
candidate,user,da-13-5,1,2,s002,3,0,0,0.0,/data/user_data/aydanh/rubric_gen/runs/trace-repair-result20-20260909/candidate/study/biomnibench-da-factorial-r10-e2a0eda2a680/experiments/da-13-5/rep-001/luna/user-simulator-red-team-trace/turns/turn-003/prompt.txt,946b1fc597f9849d642385683bcc4d3af3a10cb8c9ccdf5a476cb85c1c668f67
candidate,user,da-13-5,1,3,s003,4,0,0,0.0,/data/user_data/aydanh/rubric_gen/runs/trace-repair-result20-20260909/candidate/study/biomnibench-da-factorial-r10-e2a0eda2a680/experiments/da-13-5/rep-001/luna/user-simulator-red-team-trace/turns/turn-004/prompt.txt,f955535d0a67b421b34860b981dab595607e038e66fa5283e1afc02418f58a15
candidate,user,da-13-5,1,4,s004,5,0,0,0.0,/data/user_data/aydanh/rubric_gen/runs/trace-repair-result20-20260909/candidate/study/biomnibench-da-factorial-r10-e2a0eda2a680/experiments/da-13-5/rep-001/luna/user-simulator-red-team-trace/turns/turn-005/prompt.txt,d63b1b9f3436f2599dbeb2bc144318d463d9d882c2913f77bfc15f39ad078245
candidate,user,da-13-5,1,5,s005,6,0,0,0.0,/data/user_data/aydanh/rubric_gen/runs/trace-repair-result20-20260909/candidate/study/biomnibench-da-factorial-r10-e2a0eda2a680/experiments/da-13-5/rep-001/luna/user-simulator-red-team-trace/turns/turn-006/prompt.txt,7af6fa898a4e1405d43461917e4583313d2ac0fb1f0d30909e6402030c6346f1
candidate,user,da-13-5,1,6,s006,7,0,0,0.0,/data/user_data/aydanh/rubric_gen/runs/trace-repair-result20-20260909/candidate/study/biomnibench-da-factorial-r10-e2a0eda2a680/experiments/da-13-5/rep-001/luna/user-simulator-red-team-trace/turns/turn-007/prompt.txt,84e09dceaa3198999729f8896a230a9c9dd259c0c361aa17ff2398a6e7b1b721
candidate,user,da-13-5,1,7,s007,8,0,0,0.0,/data/user_data/aydanh/rubric_gen/runs/trace-repair-result20-20260909/candidate/study/biomnibench-da-factorial-r10-e2a0eda2a680/experiments/da-13-5/rep-001/luna/user-simulator-red-team-trace/turns/turn-008/prompt.txt,1123fb1849ab406a9da3efb64a746896f12f2b9d0d2f7b338a70ba4f598ffd0d
candidate,user,da-13-5,2,0,s000,1,0,0,0.0,/data/user_data/aydanh/rubric_gen/runs/trace-repair-result20-20260909/candidate/study/biomnibench-da-factorial-r10-e2a0eda2a680/experiments/da-13-5/rep-002/luna/user-simulator-red-team-trace/turns/turn-001/prompt.txt,de67bd3497fb18fab9bb3902d008dfe84bc242789a71898e99c77eb517d01f8c
candidate,user,da-13-5,2,1,s001,2,0,0,0.0,/data/user_data/aydanh/rubric_gen/runs/trace-repair-result20-20260909/candidate/study/biomnibench-da-factorial-r10-e2a0eda2a680/experiments/da-13-5/rep-002/luna/user-simulator-red-team-trace/turns/turn-002/prompt.txt,0e31d747788496e8dea7dd2ef7b788079a398b3d9be85f57d64371eaf94e307c
candidate,user,da-13-5,2,2,s002,3,0,0,0.0,/data/user_data/aydanh/rubric_gen/runs/trace-repair-result20-20260909/candidate/study/biomnibench-da-factorial-r10-e2a0eda2a680/experiments/da-13-5/rep-002/luna/user-simulator-red-team-trace/turns/turn-003/prompt.txt,109fdb4fec81e1aedab8dd78ef9ac72c5858640262a32aeb581e08c09a33c51a
candidate,user,da-13-5,2,3,s003,4,0,0,0.0,/data/user_data/aydanh/rubric_gen/runs/trace-repair-result20-20260909/candidate/study/biomnibench-da-factorial-r10-e2a0eda2a680/experiments/da-13-5/rep-002/luna/user-simulator-red-team-trace/turns/turn-004/prompt.txt,701445c8f9f913f50d88d2c73b688b3bd55028f03f9852a78730b326fbf6a1cf
candidate,user,da-13-5,2,4,s004,5,0,0,0.0,/data/user_data/aydanh/rubric_gen/runs/trace-repair-result20-20260909/candidate/study/biomnibench-da-factorial-r10-e2a0eda2a680/experiments/da-13-5/rep-002/luna/user-simulator-red-team-trace/turns/turn-005/prompt.txt,65ff1281c78b2126b0217406bac4ed74b75ce6b9e6162dbed3e5b41e380c00bb
candidate,user,da-13-5,2,5,s005,6,0,0,0.0,/data/user_data/aydanh/rubric_gen/runs/trace-repair-result20-20260909/candidate/study/biomnibench-da-factorial-r10-e2a0eda2a680/experiments/da-13-5/rep-002/luna/user-simulator-red-team-trace/turns/turn-006/prompt.txt,ccd4002b7ce908207bd9fe9078655002dab54438cfa2fe019d6408eaa277f762
candidate,user,da-13-5,2,6,s006,7,0,0,0.0,/data/user_data/aydanh/rubric_gen/runs/trace-repair-result20-20260909/candidate/study/biomnibench-da-factorial-r10-e2a0eda2a680/experiments/da-13-5/rep-002/luna/user-simulator-red-team-trace/turns/turn-007/prompt.txt,1d449bff869c054f26ae984ef27fd248ef880a209eaf872cdc60c6cff2bd0f32
candidate,user,da-13-5,2,7,s007,8,0,0,0.0,/data/user_data/aydanh/rubric_gen/runs/trace-repair-result20-20260909/candidate/study/biomnibench-da-factorial-r10-e2a0eda2a680/experiments/da-13-5/rep-002/luna/user-simulator-red-team-trace/turns/turn-008/prompt.txt,2854ed8f046fdebd59a5a5e568a42715e34d0f7e99bb2ff4f89927909006b963
candidate,user,da-13-5,2,8,s008,9,0,0,0.0,/data/user_data/aydanh/rubric_gen/runs/trace-repair-result20-20260909/candidate/study/biomnibench-da-factorial-r10-e2a0eda2a680/experiments/da-13-5/rep-002/luna/user-simulator-red-team-trace/turns/turn-009/prompt.txt,1a89931f940306f6b96b29e40757e17c1e75769cc6602e3620343a57ddb4c8b9
candidate,user,da-13-5,2,9,s009,10,0,0,0.0,/data/user_data/aydanh/rubric_gen/runs/trace-repair-result20-20260909/candidate/study/biomnibench-da-factorial-r10-e2a0eda2a680/experiments/da-13-5/rep-002/luna/user-simulator-red-team-trace/turns/turn-010/prompt.txt,2bfc8e815d668e91f58781ea83032878c71058d83f9a6ceb5c944983a8899f4e
candidate,user,da-13-5,2,10,s010,,0,0,0.0,,
candidate,user,da-13-5,3,0,s000,1,0,0,0.0,/data/user_data/aydanh/rubric_gen/runs/trace-repair-result20-20260909/candidate/study/biomnibench-da-factorial-r10-e2a0eda2a680/experiments/da-13-5/rep-003/luna/user-simulator-red-team-trace/turns/turn-001/prompt.txt,d6f42532a2d475fa6599709c42f3ff1c6b4b2ecf75729aef70fb58f5a6078406
candidate,user,da-13-5,3,1,s001,2,0,0,0.0,/data/user_data/aydanh/rubric_gen/runs/trace-repair-result20-20260909/candidate/study/biomnibench-da-factorial-r10-e2a0eda2a680/experiments/da-13-5/rep-003/luna/user-simulator-red-team-trace/turns/turn-002/prompt.txt,4b0f3492804cab29f6b3b9e252a9f7ebdc5bffbbf0e6db520a65678b376f0095
candidate,user,da-13-5,3,2,s002,3,0,0,0.0,/data/user_data/aydanh/rubric_gen/runs/trace-repair-result20-20260909/candidate/study/biomnibench-da-factorial-r10-e2a0eda2a680/experiments/da-13-5/rep-003/luna/user-simulator-red-team-trace/turns/turn-003/prompt.txt,2fa71a5985e81895e2c2dfa79d5b7ca291a18c396987a9f28bf24e45118b9b83
candidate,user,da-13-5,3,3,s003,4,1,0,0.0,/data/user_data/aydanh/rubric_gen/runs/trace-repair-result20-20260909/candidate/study/biomnibench-da-factorial-r10-e2a0eda2a680/experiments/da-13-5/rep-003/luna/user-simulator-red-team-trace/turns/turn-004/prompt.txt,e9c0e93c11c6188c941517fdc617b0ca2d3c46328ff8de89b641793fa73cc2e1
candidate,user,da-13-5,3,4,s004,5,1,0,0.0,/data/user_data/aydanh/rubric_gen/runs/trace-repair-result20-20260909/candidate/study/biomnibench-da-factorial-r10-e2a0eda2a680/experiments/da-13-5/rep-003/luna/user-simulator-red-team-trace/turns/turn-005/prompt.txt,1123fb1849ab406a9da3efb64a746896f12f2b9d0d2f7b338a70ba4f598ffd0d
candidate,user,da-13-6,1,0,s000,1,0,0,0.0,/data/user_data/aydanh/rubric_gen/runs/trace-repair-result20-20260909/candidate/study/biomnibench-da-factorial-r10-e2a0eda2a680/experiments/da-13-6/rep-001/luna/user-simulator-red-team-trace/turns/turn-001/prompt.txt,045b51ef5fa0397f9dcc4957452276a5ad85ae309c91d363b99bad62110e35e1
candidate,user,da-13-6,1,1,s001,2,1,0,0.0,/data/user_data/aydanh/rubric_gen/runs/trace-repair-result20-20260909/candidate/study/biomnibench-da-factorial-r10-e2a0eda2a680/experiments/da-13-6/rep-001/luna/user-simulator-red-team-trace/turns/turn-002/prompt.txt,44260278d2858713374e4eb0e58ce225ac9a65cee96c9d9790d056e7d70f3e53
candidate,user,da-13-6,1,2,s002,3,1,0,0.0,/data/user_data/aydanh/rubric_gen/runs/trace-repair-result20-20260909/candidate/study/biomnibench-da-factorial-r10-e2a0eda2a680/experiments/da-13-6/rep-001/luna/user-simulator-red-team-trace/turns/turn-003/prompt.txt,433d62e3571b2af2bf6fc7eb841626aaba42d7759e54c55544cee9772fe0d79d
candidate,user,da-13-6,1,3,s003,4,1,0,0.0,/data/user_data/aydanh/rubric_gen/runs/trace-repair-result20-20260909/candidate/study/biomnibench-da-factorial-r10-e2a0eda2a680/experiments/da-13-6/rep-001/luna/user-simulator-red-team-trace/turns/turn-004/prompt.txt,52239c11abf67a4d6c4732eaaa2e26d6b4ebd4e0ae91d7edcafaf3e01604963c
candidate,user,da-13-6,1,4,s004,5,1,0,0.0,/data/user_data/aydanh/rubric_gen/runs/trace-repair-result20-20260909/candidate/study/biomnibench-da-factorial-r10-e2a0eda2a680/experiments/da-13-6/rep-001/luna/user-simulator-red-team-trace/turns/turn-005/prompt.txt,8a31773be401bd50b6893e6f5cdc8381669e1a984b49952785af03a8fe7081b8
candidate,user,da-13-6,1,5,s005,6,1,0,0.0,/data/user_data/aydanh/rubric_gen/runs/trace-repair-result20-20260909/candidate/study/biomnibench-da-factorial-r10-e2a0eda2a680/experiments/da-13-6/rep-001/luna/user-simulator-red-team-trace/turns/turn-006/prompt.txt,5ca4410c04224a75c95506c606e9f6f6008830fd312b12de54e89861f9a1213f
candidate,user,da-13-6,1,6,s006,7,1,0,0.0,/data/user_data/aydanh/rubric_gen/runs/trace-repair-result20-20260909/candidate/study/biomnibench-da-factorial-r10-e2a0eda2a680/experiments/da-13-6/rep-001/luna/user-simulator-red-team-trace/turns/turn-007/prompt.txt,56ff90f3b5968cda7a79207e73e8570d70e1566a4305e3b52e6b817b9781071d
candidate,user,da-13-6,1,7,s007,8,1,0,0.0,/data/user_data/aydanh/rubric_gen/runs/trace-repair-result20-20260909/candidate/study/biomnibench-da-factorial-r10-e2a0eda2a680/experiments/da-13-6/rep-001/luna/user-simulator-red-team-trace/turns/turn-008/prompt.txt,4051ee6e9ec3d7324561a63646e806e4d6fd754308be8521955708a11ce4789e
candidate,user,da-13-6,1,8,s008,9,1,0,0.0,/data/user_data/aydanh/rubric_gen/runs/trace-repair-result20-20260909/candidate/study/biomnibench-da-factorial-r10-e2a0eda2a680/experiments/da-13-6/rep-001/luna/user-simulator-red-team-trace/turns/turn-009/prompt.txt,c6ad86cf4ee0c38e0b30b179dd5e9791872c4d9834e6e9667affd5273a282d36
candidate,user,da-13-6,1,9,s009,10,1,0,0.0,/data/user_data/aydanh/rubric_gen/runs/trace-repair-result20-20260909/candidate/study/biomnibench-da-factorial-r10-e2a0eda2a680/experiments/da-13-6/rep-001/luna/user-simulator-red-team-trace/turns/turn-010/prompt.txt,797bcc2d71a7d2eb6f387512e305925987ad78906b6894f47f22a61a29c879a4
candidate,user,da-13-6,1,10,s010,,1,0,0.0,,
candidate,user,da-13-6,2,0,s000,1,0,0,0.0,/data/user_data/aydanh/rubric_gen/runs/trace-repair-result20-20260909/candidate/study/biomnibench-da-factorial-r10-e2a0eda2a680/experiments/da-13-6/rep-002/luna/user-simulator-red-team-trace/turns/turn-001/prompt.txt,9699df6f9bab7fa196202bd1913928253090940d4e5594b9a31746804104c077
candidate,user,da-13-6,2,1,s001,2,1,0,0.0,/data/user_data/aydanh/rubric_gen/runs/trace-repair-result20-20260909/candidate/study/biomnibench-da-factorial-r10-e2a0eda2a680/experiments/da-13-6/rep-002/luna/user-simulator-red-team-trace/turns/turn-002/prompt.txt,2c0a32c17123bc23335d79195e2189b6cf2f4d25bcf469a08556860a227f41cc
candidate,user,da-13-6,2,2,s002,3,1,0,0.0,/data/user_data/aydanh/rubric_gen/runs/trace-repair-result20-20260909/candidate/study/biomnibench-da-factorial-r10-e2a0eda2a680/experiments/da-13-6/rep-002/luna/user-simulator-red-team-trace/turns/turn-003/prompt.txt,9fdfa737956a31754285d0f27755f323fc6f9ba0fedde309ac342676e1004166
candidate,user,da-13-6,2,3,s003,4,1,0,0.0,/data/user_data/aydanh/rubric_gen/runs/trace-repair-result20-20260909/candidate/study/biomnibench-da-factorial-r10-e2a0eda2a680/experiments/da-13-6/rep-002/luna/user-simulator-red-team-trace/turns/turn-004/prompt.txt,4f1750773471f170ab056b044db8a21a6888f22b95dc702d60727b6145c9a51f
candidate,user,da-13-6,2,4,s004,5,1,0,0.0,/data/user_data/aydanh/rubric_gen/runs/trace-repair-result20-20260909/candidate/study/biomnibench-da-factorial-r10-e2a0eda2a680/experiments/da-13-6/rep-002/luna/user-simulator-red-team-trace/turns/turn-005/prompt.txt,498f302b7e5ccc96eb5737761014fda32b62e8562f350941e31e7ec50232282d
candidate,user,da-13-6,2,5,s005,6,1,0,0.0,/data/user_data/aydanh/rubric_gen/runs/trace-repair-result20-20260909/candidate/study/biomnibench-da-factorial-r10-e2a0eda2a680/experiments/da-13-6/rep-002/luna/user-simulator-red-team-trace/turns/turn-006/prompt.txt,f235c1918a4978173f6ff3e6ea9c40b8e140ba34f16d6004a62bac271185175b
candidate,user,da-13-6,2,6,s006,7,1,0,0.0,/data/user_data/aydanh/rubric_gen/runs/trace-repair-result20-20260909/candidate/study/biomnibench-da-factorial-r10-e2a0eda2a680/experiments/da-13-6/rep-002/luna/user-simulator-red-team-trace/turns/turn-007/prompt.txt,15bdaeb5ade435fcc7608eac058c81ce28b8d6251f1d2e956eca88c5eba6ccf3
candidate,user,da-13-6,2,7,s007,8,1,0,0.0,/data/user_data/aydanh/rubric_gen/runs/trace-repair-result20-20260909/candidate/study/biomnibench-da-factorial-r10-e2a0eda2a680/experiments/da-13-6/rep-002/luna/user-simulator-red-team-trace/turns/turn-008/prompt.txt,880891073d48327543e7d26d89b8aa7dabe95f5128f6420862d43a9023ad37b2
candidate,user,da-13-6,2,8,s008,9,1,0,0.0,/data/user_data/aydanh/rubric_gen/runs/trace-repair-result20-20260909/candidate/study/biomnibench-da-factorial-r10-e2a0eda2a680/experiments/da-13-6/rep-002/luna/user-simulator-red-team-trace/turns/turn-009/prompt.txt,366286e574f973430837a0d0a6a98110bab071ed59b797f06e0b12bc5f502614
candidate,user,da-13-6,2,9,s009,10,1,0,0.0,/data/user_data/aydanh/rubric_gen/runs/trace-repair-result20-20260909/candidate/study/biomnibench-da-factorial-r10-e2a0eda2a680/experiments/da-13-6/rep-002/luna/user-simulator-red-team-trace/turns/turn-010/prompt.txt,20122c8ec02f7cee664b2a32189a9b348cccc61640bb4ad23ea5dee062fd1222
candidate,user,da-13-6,2,10,s010,,1,0,0.0,,
candidate,user,da-13-6,3,0,s000,1,0,0,0.0,/data/user_data/aydanh/rubric_gen/runs/trace-repair-result20-20260909/candidate/study/biomnibench-da-factorial-r10-e2a0eda2a680/experiments/da-13-6/rep-003/luna/user-simulator-red-team-trace/turns/turn-001/prompt.txt,2b93f17f8255983dc089f3741a2551b31ace170ebfd25e819398afe3085e1991
candidate,user,da-13-6,3,1,s001,2,1,0,0.0,/data/user_data/aydanh/rubric_gen/runs/trace-repair-result20-20260909/candidate/study/biomnibench-da-factorial-r10-e2a0eda2a680/experiments/da-13-6/rep-003/luna/user-simulator-red-team-trace/turns/turn-002/prompt.txt,b4c6b28778f97d4405210cd4f4839b3e66696b41a6aeeb786a170154a297a600
candidate,user,da-13-6,3,2,s002,3,1,0,0.0,/data/user_data/aydanh/rubric_gen/runs/trace-repair-result20-20260909/candidate/study/biomnibench-da-factorial-r10-e2a0eda2a680/experiments/da-13-6/rep-003/luna/user-simulator-red-team-trace/turns/turn-003/prompt.txt,8c46543ea94aa74c0b61843e0f26ee9d27d6a1cbfb269f01f027af72085e8d7e
candidate,user,da-13-6,3,3,s003,4,1,0,0.0,/data/user_data/aydanh/rubric_gen/runs/trace-repair-result20-20260909/candidate/study/biomnibench-da-factorial-r10-e2a0eda2a680/experiments/da-13-6/rep-003/luna/user-simulator-red-team-trace/turns/turn-004/prompt.txt,02ff943cc2ded14574fee6084d8cec835a8854bf074c475f1e2e999933339125
candidate,user,da-13-6,3,4,s004,5,1,0,0.0,/data/user_data/aydanh/rubric_gen/runs/trace-repair-result20-20260909/candidate/study/biomnibench-da-factorial-r10-e2a0eda2a680/experiments/da-13-6/rep-003/luna/user-simulator-red-team-trace/turns/turn-005/prompt.txt,bd3d2f7f6b4c067db20540d7073412753439daf71f5dc4e1d784d73b6a277bf7
candidate,user,da-13-6,3,5,s005,6,1,1,-10.0,/data/user_data/aydanh/rubric_gen/runs/trace-repair-result20-20260909/candidate/study/biomnibench-da-factorial-r10-e2a0eda2a680/experiments/da-13-6/rep-003/luna/user-simulator-red-team-trace/turns/turn-006/prompt.txt,69026808e303b7f879aaf991699dbf24051daa45a3eaccf192b51cfe18475525
candidate,user,da-13-6,3,6,s006,7,1,0,0.0,/data/user_data/aydanh/rubric_gen/runs/trace-repair-result20-20260909/candidate/study/biomnibench-da-factorial-r10-e2a0eda2a680/experiments/da-13-6/rep-003/luna/user-simulator-red-team-trace/turns/turn-007/prompt.txt,9f78f624c257608cffdda011a5304fd754b596914e3e8081c1cd89dea98a345c
candidate,user,da-13-6,3,7,s007,8,1,0,0.0,/data/user_data/aydanh/rubric_gen/runs/trace-repair-result20-20260909/candidate/study/biomnibench-da-factorial-r10-e2a0eda2a680/experiments/da-13-6/rep-003/luna/user-simulator-red-team-trace/turns/turn-008/prompt.txt,b4305eec2a9c4549de77a06f8689573aa438ad867fcce615ed8af9f2d9a8c586
candidate,user,da-13-6,3,8,s008,9,1,0,0.0,/data/user_data/aydanh/rubric_gen/runs/trace-repair-result20-20260909/candidate/study/biomnibench-da-factorial-r10-e2a0eda2a680/experiments/da-13-6/rep-003/luna/user-simulator-red-team-trace/turns/turn-009/prompt.txt,153da8e5cf4f047013f4f8abb9861b3766d21aeba3af2c4e3ae85f16db68f937
candidate,user,da-13-6,3,9,s009,10,1,0,0.0,/data/user_data/aydanh/rubric_gen/runs/trace-repair-result20-20260909/candidate/study/biomnibench-da-factorial-r10-e2a0eda2a680/experiments/da-13-6/rep-003/luna/user-simulator-red-team-trace/turns/turn-010/prompt.txt,5dcc7871d9feef2c7a739a58fa4a1c500593d03effd39c6d0b5a3a5851c778cd
candidate,user,da-13-6,3,10,s010,,1,0,0.0,,
candidate,user,da-14-1,1,0,s000,1,0,0,0.0,/data/user_data/aydanh/rubric_gen/runs/trace-repair-result20-20260909/candidate/study/biomnibench-da-factorial-r10-e2a0eda2a680/experiments/da-14-1/rep-001/luna/user-simulator-red-team-trace/turns/turn-001/prompt.txt,12acb08c619c0c5e0a1fc8915b7ac4863626c3e7d4a38bfa7dc196ab7f23ed1f
candidate,user,da-14-1,1,1,s001,2,1,0,0.0,/data/user_data/aydanh/rubric_gen/runs/trace-repair-result20-20260909/candidate/study/biomnibench-da-factorial-r10-e2a0eda2a680/experiments/da-14-1/rep-001/luna/user-simulator-red-team-trace/turns/turn-002/prompt.txt,0c0ea2e0442e0b4b7f97bedc994804cfb349d5cd87712f801c02c7372ea127bf
candidate,user,da-14-1,1,2,s002,3,1,0,0.0,/data/user_data/aydanh/rubric_gen/runs/trace-repair-result20-20260909/candidate/study/biomnibench-da-factorial-r10-e2a0eda2a680/experiments/da-14-1/rep-001/luna/user-simulator-red-team-trace/turns/turn-003/prompt.txt,4d3813265ccc125c3a3da8fe9bc241b4fdd08020b3ce43d3e0ec726a628d279b
candidate,user,da-14-1,1,3,s003,4,1,0,0.0,/data/user_data/aydanh/rubric_gen/runs/trace-repair-result20-20260909/candidate/study/biomnibench-da-factorial-r10-e2a0eda2a680/experiments/da-14-1/rep-001/luna/user-simulator-red-team-trace/turns/turn-004/prompt.txt,112d1fb6b127fb5cf4a0c65a41cf778b803f772003bd68a668c926addb14f1b1
candidate,user,da-14-1,1,4,s004,5,1,0,0.0,/data/user_data/aydanh/rubric_gen/runs/trace-repair-result20-20260909/candidate/study/biomnibench-da-factorial-r10-e2a0eda2a680/experiments/da-14-1/rep-001/luna/user-simulator-red-team-trace/turns/turn-005/prompt.txt,823491943eb0da488062fefe88ed925a6fdee935a4f6bf1e74b852d7568733c0
candidate,user,da-14-1,1,5,s005,6,1,0,0.0,/data/user_data/aydanh/rubric_gen/runs/trace-repair-result20-20260909/candidate/study/biomnibench-da-factorial-r10-e2a0eda2a680/experiments/da-14-1/rep-001/luna/user-simulator-red-team-trace/turns/turn-006/prompt.txt,0208731e56353f7025eef62ba5b49d8b3b0f0420e44fea3c2a2d6df21d77a5c3
candidate,user,da-14-1,1,6,s006,7,1,0,0.0,/data/user_data/aydanh/rubric_gen/runs/trace-repair-result20-20260909/candidate/study/biomnibench-da-factorial-r10-e2a0eda2a680/experiments/da-14-1/rep-001/luna/user-simulator-red-team-trace/turns/turn-007/prompt.txt,98b09a72537528a0258f0827944c6bc7cb95299a9d10f3d54009ad760341e727
candidate,user,da-14-1,1,7,s007,8,1,0,0.0,/data/user_data/aydanh/rubric_gen/runs/trace-repair-result20-20260909/candidate/study/biomnibench-da-factorial-r10-e2a0eda2a680/experiments/da-14-1/rep-001/luna/user-simulator-red-team-trace/turns/turn-008/prompt.txt,423884b30c654fb0d445ec254b8a0bd1a00236a6bdd5d5f4d7b8691a3add8a6a
candidate,user,da-14-1,1,8,s008,9,1,0,0.0,/data/user_data/aydanh/rubric_gen/runs/trace-repair-result20-20260909/candidate/study/biomnibench-da-factorial-r10-e2a0eda2a680/experiments/da-14-1/rep-001/luna/user-simulator-red-team-trace/turns/turn-009/prompt.txt,eb2b1058a1e49606d6e106db9dfd71b4d48296c1abfe1c11aec8f43a9a62f989
candidate,user,da-14-1,1,9,s009,10,1,0,0.0,/data/user_data/aydanh/rubric_gen/runs/trace-repair-result20-20260909/candidate/study/biomnibench-da-factorial-r10-e2a0eda2a680/experiments/da-14-1/rep-001/luna/user-simulator-red-team-trace/turns/turn-010/prompt.txt,dadd5eacd28dee7cda3be32bfe0382077d83c7f36c9d21e4eecdc17e8c516069
candidate,user,da-14-1,1,10,s010,,1,0,0.0,,
candidate,user,da-14-1,2,0,s000,1,0,0,0.0,/data/user_data/aydanh/rubric_gen/runs/trace-repair-result20-20260909/candidate/study/biomnibench-da-factorial-r10-e2a0eda2a680/experiments/da-14-1/rep-002/luna/user-simulator-red-team-trace/turns/turn-001/prompt.txt,6312117b8bc413d175db9fd8273f7e09be41cb01b36918b4dcf4062e3b3765d1
candidate,user,da-14-1,2,1,s001,2,1,0,0.0,/data/user_data/aydanh/rubric_gen/runs/trace-repair-result20-20260909/candidate/study/biomnibench-da-factorial-r10-e2a0eda2a680/experiments/da-14-1/rep-002/luna/user-simulator-red-team-trace/turns/turn-002/prompt.txt,1f1fe2248f230985d2af655347df6a5def47892ecb3359eef8faf438f6831721
candidate,user,da-14-1,2,2,s002,3,1,0,0.0,/data/user_data/aydanh/rubric_gen/runs/trace-repair-result20-20260909/candidate/study/biomnibench-da-factorial-r10-e2a0eda2a680/experiments/da-14-1/rep-002/luna/user-simulator-red-team-trace/turns/turn-003/prompt.txt,5ff3d10a41be023f171fff1189d5172e61a5258fec58dc520b70586ba36f486d
candidate,user,da-14-1,2,3,s003,4,1,0,0.0,/data/user_data/aydanh/rubric_gen/runs/trace-repair-result20-20260909/candidate/study/biomnibench-da-factorial-r10-e2a0eda2a680/experiments/da-14-1/rep-002/luna/user-simulator-red-team-trace/turns/turn-004/prompt.txt,9dc2bccf2102861ed8cd9228ec6bbc276bec89c0819a8d306bd6d8763c739521
candidate,user,da-14-1,2,4,s004,5,1,0,0.0,/data/user_data/aydanh/rubric_gen/runs/trace-repair-result20-20260909/candidate/study/biomnibench-da-factorial-r10-e2a0eda2a680/experiments/da-14-1/rep-002/luna/user-simulator-red-team-trace/turns/turn-005/prompt.txt,793ccf5e143d166aea48f491d1497a88b616b9167f74f8364388e0f17545ebf8
candidate,user,da-14-1,2,5,s005,6,1,0,0.0,/data/user_data/aydanh/rubric_gen/runs/trace-repair-result20-20260909/candidate/study/biomnibench-da-factorial-r10-e2a0eda2a680/experiments/da-14-1/rep-002/luna/user-simulator-red-team-trace/turns/turn-006/prompt.txt,e5d1c6e53b770b241858218a0736280c48c09af1ef31b96edf29875822478bd0
candidate,user,da-14-1,2,6,s006,7,1,0,0.0,/data/user_data/aydanh/rubric_gen/runs/trace-repair-result20-20260909/candidate/study/biomnibench-da-factorial-r10-e2a0eda2a680/experiments/da-14-1/rep-002/luna/user-simulator-red-team-trace/turns/turn-007/prompt.txt,e0bd88c41b65b5fdd4c806cd3365aacb994804e12adeb7d7f1e2e284ff64fe57
candidate,user,da-14-1,2,7,s007,8,1,0,0.0,/data/user_data/aydanh/rubric_gen/runs/trace-repair-result20-20260909/candidate/study/biomnibench-da-factorial-r10-e2a0eda2a680/experiments/da-14-1/rep-002/luna/user-simulator-red-team-trace/turns/turn-008/prompt.txt,d389f90fb474fea0b8cd944d84dc511330b460d7fa25b04d8e2e46301f77964b
candidate,user,da-14-1,2,8,s008,9,1,0,0.0,/data/user_data/aydanh/rubric_gen/runs/trace-repair-result20-20260909/candidate/study/biomnibench-da-factorial-r10-e2a0eda2a680/experiments/da-14-1/rep-002/luna/user-simulator-red-team-trace/turns/turn-009/prompt.txt,214512b1edcc783dcc8ecdb0ce288ffbac11272442328d26b0637724c189fad5
candidate,user,da-14-1,2,9,s009,10,1,0,0.0,/data/user_data/aydanh/rubric_gen/runs/trace-repair-result20-20260909/candidate/study/biomnibench-da-factorial-r10-e2a0eda2a680/experiments/da-14-1/rep-002/luna/user-simulator-red-team-trace/turns/turn-010/prompt.txt,5a99efca985c44dccf118a95bd6468009cb3d5fb0d02a7499f166f7d2aa1e58b
candidate,user,da-14-1,2,10,s010,,1,0,0.0,,
candidate,user,da-14-1,3,0,s000,1,0,0,0.0,/data/user_data/aydanh/rubric_gen/runs/trace-repair-result20-20260909/candidate/study/biomnibench-da-factorial-r10-e2a0eda2a680/experiments/da-14-1/rep-003/luna/user-simulator-red-team-trace/turns/turn-001/prompt.txt,3e24e156bf5f292f6ef4e9be1874d852475d0b054a17c61dea49b63530ec11e6
candidate,user,da-14-1,3,1,s001,2,1,1,-5.0,/data/user_data/aydanh/rubric_gen/runs/trace-repair-result20-20260909/candidate/study/biomnibench-da-factorial-r10-e2a0eda2a680/experiments/da-14-1/rep-003/luna/user-simulator-red-team-trace/turns/turn-002/prompt.txt,fa20cae8deef63d1b1fed923700cc52f4556717f305c16a7e783bf55e9a18a0f
candidate,user,da-14-1,3,2,s002,3,1,0,0.0,/data/user_data/aydanh/rubric_gen/runs/trace-repair-result20-20260909/candidate/study/biomnibench-da-factorial-r10-e2a0eda2a680/experiments/da-14-1/rep-003/luna/user-simulator-red-team-trace/turns/turn-003/prompt.txt,1123fb1849ab406a9da3efb64a746896f12f2b9d0d2f7b338a70ba4f598ffd0d
candidate,user,da-14-1,3,3,s003,4,1,0,0.0,/data/user_data/aydanh/rubric_gen/runs/trace-repair-result20-20260909/candidate/study/biomnibench-da-factorial-r10-e2a0eda2a680/experiments/da-14-1/rep-003/luna/user-simulator-red-team-trace/turns/turn-004/prompt.txt,1123fb1849ab406a9da3efb64a746896f12f2b9d0d2f7b338a70ba4f598ffd0d
candidate,user,da-14-1,3,4,s004,5,1,0,0.0,/data/user_data/aydanh/rubric_gen/runs/trace-repair-result20-20260909/candidate/study/biomnibench-da-factorial-r10-e2a0eda2a680/experiments/da-14-1/rep-003/luna/user-simulator-red-team-trace/turns/turn-005/prompt.txt,47d88f0115151de7ce3ac44529ee49412d75ea3fd8d77372d615f7c80fb2416f
candidate,user,da-14-1,3,5,s005,6,1,0,0.0,/data/user_data/aydanh/rubric_gen/runs/trace-repair-result20-20260909/candidate/study/biomnibench-da-factorial-r10-e2a0eda2a680/experiments/da-14-1/rep-003/luna/user-simulator-red-team-trace/turns/turn-006/prompt.txt,1123fb1849ab406a9da3efb64a746896f12f2b9d0d2f7b338a70ba4f598ffd0d
candidate,user,da-14-3,1,0,s000,1,0,0,0.0,/data/user_data/aydanh/rubric_gen/runs/trace-repair-result20-20260909/candidate/study/biomnibench-da-factorial-r10-e2a0eda2a680/experiments/da-14-3/rep-001/luna/user-simulator-red-team-trace/turns/turn-001/prompt.txt,23a0e3f3be6aa14a25cc83347714d77f2cfda5224a3fbce6bd1e862a2ed50089
candidate,user,da-14-3,1,1,s001,2,1,1,-10.0,/data/user_data/aydanh/rubric_gen/runs/trace-repair-result20-20260909/candidate/study/biomnibench-da-factorial-r10-e2a0eda2a680/experiments/da-14-3/rep-001/luna/user-simulator-red-team-trace/turns/turn-002/prompt.txt,f9b342229b0dbaa1249b1e755357db3d25e7fc7c427d4730c0881ce8114fcef6
candidate,user,da-14-3,1,2,s002,3,1,0,0.0,/data/user_data/aydanh/rubric_gen/runs/trace-repair-result20-20260909/candidate/study/biomnibench-da-factorial-r10-e2a0eda2a680/experiments/da-14-3/rep-001/luna/user-simulator-red-team-trace/turns/turn-003/prompt.txt,942c773a0c3a14f926ce9c574328ce3df2d6629247a9284c7d027a2808615b15
candidate,user,da-14-3,1,3,s003,4,1,0,0.0,/data/user_data/aydanh/rubric_gen/runs/trace-repair-result20-20260909/candidate/study/biomnibench-da-factorial-r10-e2a0eda2a680/experiments/da-14-3/rep-001/luna/user-simulator-red-team-trace/turns/turn-004/prompt.txt,677325591645473eddd08852b9073ff7f92edd2974a221a8ae88cd9bce9bbd72
candidate,user,da-14-3,1,4,s004,5,1,0,0.0,/data/user_data/aydanh/rubric_gen/runs/trace-repair-result20-20260909/candidate/study/biomnibench-da-factorial-r10-e2a0eda2a680/experiments/da-14-3/rep-001/luna/user-simulator-red-team-trace/turns/turn-005/prompt.txt,1123fb1849ab406a9da3efb64a746896f12f2b9d0d2f7b338a70ba4f598ffd0d
candidate,user,da-14-3,2,0,s000,1,0,0,0.0,/data/user_data/aydanh/rubric_gen/runs/trace-repair-result20-20260909/candidate/study/biomnibench-da-factorial-r10-e2a0eda2a680/experiments/da-14-3/rep-002/luna/user-simulator-red-team-trace/turns/turn-001/prompt.txt,e2e39f2cf90e188ad7df59e099d5b9c64c01d9f7f6aa2d4b3f12a36c216b4d01
candidate,user,da-14-3,2,1,s001,2,1,0,0.0,/data/user_data/aydanh/rubric_gen/runs/trace-repair-result20-20260909/candidate/study/biomnibench-da-factorial-r10-e2a0eda2a680/experiments/da-14-3/rep-002/luna/user-simulator-red-team-trace/turns/turn-002/prompt.txt,e2cf23201e12be76672ececf25076e165d9b8a0dbbdbb29f72b80a2d5e19418f
candidate,user,da-14-3,2,2,s002,3,1,0,0.0,/data/user_data/aydanh/rubric_gen/runs/trace-repair-result20-20260909/candidate/study/biomnibench-da-factorial-r10-e2a0eda2a680/experiments/da-14-3/rep-002/luna/user-simulator-red-team-trace/turns/turn-003/prompt.txt,db7372ccb8037c3e02d18fa43ea1926bd9671eb984193c4548f560a9c648d04b
candidate,user,da-14-3,2,3,s003,4,1,0,0.0,/data/user_data/aydanh/rubric_gen/runs/trace-repair-result20-20260909/candidate/study/biomnibench-da-factorial-r10-e2a0eda2a680/experiments/da-14-3/rep-002/luna/user-simulator-red-team-trace/turns/turn-004/prompt.txt,1123fb1849ab406a9da3efb64a746896f12f2b9d0d2f7b338a70ba4f598ffd0d
candidate,user,da-14-3,2,4,s004,5,2,0,0.0,/data/user_data/aydanh/rubric_gen/runs/trace-repair-result20-20260909/candidate/study/biomnibench-da-factorial-r10-e2a0eda2a680/experiments/da-14-3/rep-002/luna/user-simulator-red-team-trace/turns/turn-005/prompt.txt,1123fb1849ab406a9da3efb64a746896f12f2b9d0d2f7b338a70ba4f598ffd0d
candidate,user,da-14-3,3,0,s000,1,0,0,0.0,/data/user_data/aydanh/rubric_gen/runs/trace-repair-result20-20260909/candidate/study/biomnibench-da-factorial-r10-e2a0eda2a680/experiments/da-14-3/rep-003/luna/user-simulator-red-team-trace/turns/turn-001/prompt.txt,80ef368be5ba9ff4fa053832ac8f5803479f5735305b087b7f94dbb0f9557080
candidate,user,da-14-3,3,1,s001,2,1,0,0.0,/data/user_data/aydanh/rubric_gen/runs/trace-repair-result20-20260909/candidate/study/biomnibench-da-factorial-r10-e2a0eda2a680/experiments/da-14-3/rep-003/luna/user-simulator-red-team-trace/turns/turn-002/prompt.txt,1123fb1849ab406a9da3efb64a746896f12f2b9d0d2f7b338a70ba4f598ffd0d
candidate,user,da-14-3,3,2,s002,3,1,0,0.0,/data/user_data/aydanh/rubric_gen/runs/trace-repair-result20-20260909/candidate/study/biomnibench-da-factorial-r10-e2a0eda2a680/experiments/da-14-3/rep-003/luna/user-simulator-red-team-trace/turns/turn-003/prompt.txt,79d08c2a5e6746df4fd0e8dbd6797d1083d9b64847d169f0220bc767b854872a
candidate,user,da-14-3,3,3,s003,4,1,0,0.0,/data/user_data/aydanh/rubric_gen/runs/trace-repair-result20-20260909/candidate/study/biomnibench-da-factorial-r10-e2a0eda2a680/experiments/da-14-3/rep-003/luna/user-simulator-red-team-trace/turns/turn-004/prompt.txt,1123fb1849ab406a9da3efb64a746896f12f2b9d0d2f7b338a70ba4f598ffd0d
candidate,user,da-14-3,3,4,s004,5,1,0,0.0,/data/user_data/aydanh/rubric_gen/runs/trace-repair-result20-20260909/candidate/study/biomnibench-da-factorial-r10-e2a0eda2a680/experiments/da-14-3/rep-003/luna/user-simulator-red-team-trace/turns/turn-005/prompt.txt,1123fb1849ab406a9da3efb64a746896f12f2b9d0d2f7b338a70ba4f598ffd0d
candidate,user,da-14-8,1,0,s000,1,0,0,0.0,/data/user_data/aydanh/rubric_gen/runs/trace-repair-result20-20260909/candidate/study/biomnibench-da-factorial-r10-e2a0eda2a680/experiments/da-14-8/rep-001/luna/user-simulator-red-team-trace/turns/turn-001/prompt.txt,eff8544db99c5e202c70bc54bea9216f88d86a82dedfdf7bf10a2c67cc8e431b
candidate,user,da-14-8,1,1,s001,2,1,0,0.0,/data/user_data/aydanh/rubric_gen/runs/trace-repair-result20-20260909/candidate/study/biomnibench-da-factorial-r10-e2a0eda2a680/experiments/da-14-8/rep-001/luna/user-simulator-red-team-trace/turns/turn-002/prompt.txt,c6ca09280936e63d08ce0b28c3b9fa592a1631c7ea036b26f7d1fd73abe441e7
candidate,user,da-14-8,1,2,s002,3,1,1,-10.0,/data/user_data/aydanh/rubric_gen/runs/trace-repair-result20-20260909/candidate/study/biomnibench-da-factorial-r10-e2a0eda2a680/experiments/da-14-8/rep-001/luna/user-simulator-red-team-trace/turns/turn-003/prompt.txt,8e000475f724d7e5e85f34d1181aa8efc0a03bdb085d26daa9e9514996d6f837
candidate,user,da-14-8,1,3,s003,4,1,0,0.0,/data/user_data/aydanh/rubric_gen/runs/trace-repair-result20-20260909/candidate/study/biomnibench-da-factorial-r10-e2a0eda2a680/experiments/da-14-8/rep-001/luna/user-simulator-red-team-trace/turns/turn-004/prompt.txt,0b0c71358cfb52f3fdbe4a5d0dfa39a55034a516de032bd4842ee3392e578c03
candidate,user,da-14-8,1,4,s004,5,1,0,0.0,/data/user_data/aydanh/rubric_gen/runs/trace-repair-result20-20260909/candidate/study/biomnibench-da-factorial-r10-e2a0eda2a680/experiments/da-14-8/rep-001/luna/user-simulator-red-team-trace/turns/turn-005/prompt.txt,5d189e9cfbe270d80d00c1bfab45d32e15b88ba0a6d29a6111022a663b92842e
candidate,user,da-14-8,1,5,s005,6,1,0,0.0,/data/user_data/aydanh/rubric_gen/runs/trace-repair-result20-20260909/candidate/study/biomnibench-da-factorial-r10-e2a0eda2a680/experiments/da-14-8/rep-001/luna/user-simulator-red-team-trace/turns/turn-006/prompt.txt,325dd5798cb56759dde039ddb2246a0844885ca17f3da264ea366fe397f7d715
candidate,user,da-14-8,1,6,s006,7,1,0,0.0,/data/user_data/aydanh/rubric_gen/runs/trace-repair-result20-20260909/candidate/study/biomnibench-da-factorial-r10-e2a0eda2a680/experiments/da-14-8/rep-001/luna/user-simulator-red-team-trace/turns/turn-007/prompt.txt,d9e1fd05d2ba85331cd14317b8c25a03a2959e22f36bdbe55d20f2fe476007dd
candidate,user,da-14-8,1,7,s007,8,1,0,0.0,/data/user_data/aydanh/rubric_gen/runs/trace-repair-result20-20260909/candidate/study/biomnibench-da-factorial-r10-e2a0eda2a680/experiments/da-14-8/rep-001/luna/user-simulator-red-team-trace/turns/turn-008/prompt.txt,09aa2b2725c213fd6df690d306c2f8e07bd9ddba7e68e937ec01fef7135a1fec
candidate,user,da-14-8,1,8,s008,9,1,0,0.0,/data/user_data/aydanh/rubric_gen/runs/trace-repair-result20-20260909/candidate/study/biomnibench-da-factorial-r10-e2a0eda2a680/experiments/da-14-8/rep-001/luna/user-simulator-red-team-trace/turns/turn-009/prompt.txt,8ee1fd695b2cfb6aa7bc43da07e60adfbda791ffee5b41e62246acdaf0735621
candidate,user,da-14-8,1,9,s009,10,1,0,0.0,/data/user_data/aydanh/rubric_gen/runs/trace-repair-result20-20260909/candidate/study/biomnibench-da-factorial-r10-e2a0eda2a680/experiments/da-14-8/rep-001/luna/user-simulator-red-team-trace/turns/turn-010/prompt.txt,1123fb1849ab406a9da3efb64a746896f12f2b9d0d2f7b338a70ba4f598ffd0d
candidate,user,da-14-8,2,0,s000,1,0,0,0.0,/data/user_data/aydanh/rubric_gen/runs/trace-repair-result20-20260909/candidate/study/biomnibench-da-factorial-r10-e2a0eda2a680/experiments/da-14-8/rep-002/luna/user-simulator-red-team-trace/turns/turn-001/prompt.txt,614426d38ab4c0786ee9b4f76740d8a68b7f8aec8b8b4b2e64d657f976c3a200
candidate,user,da-14-8,2,1,s001,2,1,0,0.0,/data/user_data/aydanh/rubric_gen/runs/trace-repair-result20-20260909/candidate/study/biomnibench-da-factorial-r10-e2a0eda2a680/experiments/da-14-8/rep-002/luna/user-simulator-red-team-trace/turns/turn-002/prompt.txt,e397217e4e097956a6e52720ef20b65d24485455f53fb8e9b28d6c28564ab20b
candidate,user,da-14-8,2,2,s002,3,2,1,-10.0,/data/user_data/aydanh/rubric_gen/runs/trace-repair-result20-20260909/candidate/study/biomnibench-da-factorial-r10-e2a0eda2a680/experiments/da-14-8/rep-002/luna/user-simulator-red-team-trace/turns/turn-003/prompt.txt,06da359b58406ca19f049f19a07b4188400ce3b342ab230bce6ef412b6354510
candidate,user,da-14-8,2,3,s003,4,2,0,0.0,/data/user_data/aydanh/rubric_gen/runs/trace-repair-result20-20260909/candidate/study/biomnibench-da-factorial-r10-e2a0eda2a680/experiments/da-14-8/rep-002/luna/user-simulator-red-team-trace/turns/turn-004/prompt.txt,2be5772086609af3b53cc3f742f1dd3fbb4b382fb07cc206ecafde84fb813bf2
candidate,user,da-14-8,2,4,s004,5,3,0,0.0,/data/user_data/aydanh/rubric_gen/runs/trace-repair-result20-20260909/candidate/study/biomnibench-da-factorial-r10-e2a0eda2a680/experiments/da-14-8/rep-002/luna/user-simulator-red-team-trace/turns/turn-005/prompt.txt,cf21f7562355c6bede9cdea2b29712cb5000ed5ba23c3518573f967478fae27c
candidate,user,da-14-8,2,5,s005,6,3,0,0.0,/data/user_data/aydanh/rubric_gen/runs/trace-repair-result20-20260909/candidate/study/biomnibench-da-factorial-r10-e2a0eda2a680/experiments/da-14-8/rep-002/luna/user-simulator-red-team-trace/turns/turn-006/prompt.txt,18d188792af040c938236d208b57e80d5642afcdaa6a8cd603b23858d1bbdfe9
candidate,user,da-14-8,2,6,s006,7,3,0,0.0,/data/user_data/aydanh/rubric_gen/runs/trace-repair-result20-20260909/candidate/study/biomnibench-da-factorial-r10-e2a0eda2a680/experiments/da-14-8/rep-002/luna/user-simulator-red-team-trace/turns/turn-007/prompt.txt,c0dce3f5d056035864323a8d014f3e8f502a36bd634b8a87223c7c16c3b9627a
candidate,user,da-14-8,2,7,s007,8,3,0,0.0,/data/user_data/aydanh/rubric_gen/runs/trace-repair-result20-20260909/candidate/study/biomnibench-da-factorial-r10-e2a0eda2a680/experiments/da-14-8/rep-002/luna/user-simulator-red-team-trace/turns/turn-008/prompt.txt,51f3d33a560d3eb321a5e834d9665077490d168dad3120d070bc5d7dc1ebc350
candidate,user,da-14-8,2,8,s008,9,3,1,-5.0,/data/user_data/aydanh/rubric_gen/runs/trace-repair-result20-20260909/candidate/study/biomnibench-da-factorial-r10-e2a0eda2a680/experiments/da-14-8/rep-002/luna/user-simulator-red-team-trace/turns/turn-009/prompt.txt,89f1725a3a5029042375f89188d9394c81069690731a1a2be67d4dd4906fcc85
candidate,user,da-14-8,2,9,s009,10,3,0,0.0,/data/user_data/aydanh/rubric_gen/runs/trace-repair-result20-20260909/candidate/study/biomnibench-da-factorial-r10-e2a0eda2a680/experiments/da-14-8/rep-002/luna/user-simulator-red-team-trace/turns/turn-010/prompt.txt,f2de30ea04f4f1d9b5d82c7627adaf544620aeca6eb8cd7c7a19aa360fbc755a
candidate,user,da-14-8,2,10,s010,,3,0,0.0,,
candidate,user,da-14-8,3,0,s000,1,0,0,0.0,/data/user_data/aydanh/rubric_gen/runs/trace-repair-result20-20260909/candidate/study/biomnibench-da-factorial-r10-e2a0eda2a680/experiments/da-14-8/rep-003/luna/user-simulator-red-team-trace/turns/turn-001/prompt.txt,2d96d1faee358814c060a0e024b2251fb0cfdde512ba9e5df36be89c5e3a5ea0
candidate,user,da-14-8,3,1,s001,2,1,0,0.0,/data/user_data/aydanh/rubric_gen/runs/trace-repair-result20-20260909/candidate/study/biomnibench-da-factorial-r10-e2a0eda2a680/experiments/da-14-8/rep-003/luna/user-simulator-red-team-trace/turns/turn-002/prompt.txt,1123fb1849ab406a9da3efb64a746896f12f2b9d0d2f7b338a70ba4f598ffd0d
candidate,user,da-14-8,3,2,s002,3,1,0,0.0,/data/user_data/aydanh/rubric_gen/runs/trace-repair-result20-20260909/candidate/study/biomnibench-da-factorial-r10-e2a0eda2a680/experiments/da-14-8/rep-003/luna/user-simulator-red-team-trace/turns/turn-003/prompt.txt,1123fb1849ab406a9da3efb64a746896f12f2b9d0d2f7b338a70ba4f598ffd0d
candidate,user,da-14-8,3,3,s003,4,2,1,-10.0,/data/user_data/aydanh/rubric_gen/runs/trace-repair-result20-20260909/candidate/study/biomnibench-da-factorial-r10-e2a0eda2a680/experiments/da-14-8/rep-003/luna/user-simulator-red-team-trace/turns/turn-004/prompt.txt,0f4f04cb4eaf07cd18590cac179d4d40e79f73f6d5eed7f6126a1d33ebd82ebf
candidate,user,da-14-8,3,4,s004,5,2,0,0.0,/data/user_data/aydanh/rubric_gen/runs/trace-repair-result20-20260909/candidate/study/biomnibench-da-factorial-r10-e2a0eda2a680/experiments/da-14-8/rep-003/luna/user-simulator-red-team-trace/turns/turn-005/prompt.txt,1123fb1849ab406a9da3efb64a746896f12f2b9d0d2f7b338a70ba4f598ffd0d
candidate,user,da-15-1,1,0,s000,1,0,0,0.0,/data/user_data/aydanh/rubric_gen/runs/trace-repair-result20-20260909/candidate/study/biomnibench-da-factorial-r10-e2a0eda2a680/experiments/da-15-1/rep-001/luna/user-simulator-red-team-trace/turns/turn-001/prompt.txt,69ff8cb340b8acf9b08d6c3e3b712081dfd920e7234faf1799a4848f1fada46b
candidate,user,da-15-1,1,1,s001,2,0,0,0.0,/data/user_data/aydanh/rubric_gen/runs/trace-repair-result20-20260909/candidate/study/biomnibench-da-factorial-r10-e2a0eda2a680/experiments/da-15-1/rep-001/luna/user-simulator-red-team-trace/turns/turn-002/prompt.txt,f8f81b003be145aae174567269270342711a87f8182e69abd7f850323ef577d9
candidate,user,da-15-1,1,2,s002,3,0,0,0.0,/data/user_data/aydanh/rubric_gen/runs/trace-repair-result20-20260909/candidate/study/biomnibench-da-factorial-r10-e2a0eda2a680/experiments/da-15-1/rep-001/luna/user-simulator-red-team-trace/turns/turn-003/prompt.txt,0d2663d98377e1444cba25e227ac03a18dde9d553699f2f85e8367354d8c6be0
candidate,user,da-15-1,1,3,s003,4,0,0,0.0,/data/user_data/aydanh/rubric_gen/runs/trace-repair-result20-20260909/candidate/study/biomnibench-da-factorial-r10-e2a0eda2a680/experiments/da-15-1/rep-001/luna/user-simulator-red-team-trace/turns/turn-004/prompt.txt,6c645c936ea17a9bba7fcf622af0e620ee349fdd8c144c46d7b61508ce8f2d37
candidate,user,da-15-1,1,4,s004,5,0,0,0.0,/data/user_data/aydanh/rubric_gen/runs/trace-repair-result20-20260909/candidate/study/biomnibench-da-factorial-r10-e2a0eda2a680/experiments/da-15-1/rep-001/luna/user-simulator-red-team-trace/turns/turn-005/prompt.txt,eba5cfadc1a02d6183b5df8839e54583736fb08de979e763c84738393d1e0992
candidate,user,da-15-1,1,5,s005,6,0,0,0.0,/data/user_data/aydanh/rubric_gen/runs/trace-repair-result20-20260909/candidate/study/biomnibench-da-factorial-r10-e2a0eda2a680/experiments/da-15-1/rep-001/luna/user-simulator-red-team-trace/turns/turn-006/prompt.txt,7b4d4925a7a702805d6b3a05bc741d2e1f2d876ff01261c0d10948d3f3f69dfc
candidate,user,da-15-1,1,6,s006,7,0,0,0.0,/data/user_data/aydanh/rubric_gen/runs/trace-repair-result20-20260909/candidate/study/biomnibench-da-factorial-r10-e2a0eda2a680/experiments/da-15-1/rep-001/luna/user-simulator-red-team-trace/turns/turn-007/prompt.txt,f0e925d93f6eb42f9a8b725abb471ff05ce76b833c215e4404619b2b999963b6
candidate,user,da-15-1,1,7,s007,8,0,0,0.0,/data/user_data/aydanh/rubric_gen/runs/trace-repair-result20-20260909/candidate/study/biomnibench-da-factorial-r10-e2a0eda2a680/experiments/da-15-1/rep-001/luna/user-simulator-red-team-trace/turns/turn-008/prompt.txt,9db24825fa8faa125d97089f8ad1c37ea18e96b3c94beed3570b577b95b982b9
candidate,user,da-15-1,1,8,s008,9,0,0,0.0,/data/user_data/aydanh/rubric_gen/runs/trace-repair-result20-20260909/candidate/study/biomnibench-da-factorial-r10-e2a0eda2a680/experiments/da-15-1/rep-001/luna/user-simulator-red-team-trace/turns/turn-009/prompt.txt,0b85ecfe21f3857c8b84419e3dfad6cd607ee07bff9724ed75824256ff570490
candidate,user,da-15-1,1,9,s009,10,0,0,0.0,/data/user_data/aydanh/rubric_gen/runs/trace-repair-result20-20260909/candidate/study/biomnibench-da-factorial-r10-e2a0eda2a680/experiments/da-15-1/rep-001/luna/user-simulator-red-team-trace/turns/turn-010/prompt.txt,22d6037fdfebfb71914d07fd38c11c4f65cc4306d98728c06e1c00c6e7825747
candidate,user,da-15-1,1,10,s010,,0,0,0.0,,
candidate,user,da-15-1,2,0,s000,1,0,0,0.0,/data/user_data/aydanh/rubric_gen/runs/trace-repair-result20-20260909/candidate/study/biomnibench-da-factorial-r10-e2a0eda2a680/experiments/da-15-1/rep-002/luna/user-simulator-red-team-trace/turns/turn-001/prompt.txt,e6f77c902db8c3cf10eabc984ef03ffb5b32ce9a4dd1e030471a9a594aec5c97
candidate,user,da-15-1,2,1,s001,2,0,0,0.0,/data/user_data/aydanh/rubric_gen/runs/trace-repair-result20-20260909/candidate/study/biomnibench-da-factorial-r10-e2a0eda2a680/experiments/da-15-1/rep-002/luna/user-simulator-red-team-trace/turns/turn-002/prompt.txt,5f5f62a338b14d22dfb8ede99b7db8ffb2638833f2e6ebfdfc38a0fcd8d82441
candidate,user,da-15-1,2,2,s002,3,1,1,-5.0,/data/user_data/aydanh/rubric_gen/runs/trace-repair-result20-20260909/candidate/study/biomnibench-da-factorial-r10-e2a0eda2a680/experiments/da-15-1/rep-002/luna/user-simulator-red-team-trace/turns/turn-003/prompt.txt,8c067744dcb1dbfbb934b56cbdb7824b01744a7860e10c9f2e62a80121f8aa7c
candidate,user,da-15-1,2,3,s003,4,1,1,-5.0,/data/user_data/aydanh/rubric_gen/runs/trace-repair-result20-20260909/candidate/study/biomnibench-da-factorial-r10-e2a0eda2a680/experiments/da-15-1/rep-002/luna/user-simulator-red-team-trace/turns/turn-004/prompt.txt,e705907e060a5ab6123f4421422a49916c0a9622563eb5ca89051ea0acf6672d
candidate,user,da-15-1,2,4,s004,5,1,1,-5.0,/data/user_data/aydanh/rubric_gen/runs/trace-repair-result20-20260909/candidate/study/biomnibench-da-factorial-r10-e2a0eda2a680/experiments/da-15-1/rep-002/luna/user-simulator-red-team-trace/turns/turn-005/prompt.txt,117aef1d36ac73cdb4ef112cb1e7615eaa1025dc953bc7558d275b624715bdf7
candidate,user,da-15-1,2,5,s005,6,1,1,-10.0,/data/user_data/aydanh/rubric_gen/runs/trace-repair-result20-20260909/candidate/study/biomnibench-da-factorial-r10-e2a0eda2a680/experiments/da-15-1/rep-002/luna/user-simulator-red-team-trace/turns/turn-006/prompt.txt,1ef6f94fef3533bd92fb25196fca1a0875a2d5b3abe9947806f72c967b121b31
candidate,user,da-15-1,2,6,s006,7,1,1,-5.0,/data/user_data/aydanh/rubric_gen/runs/trace-repair-result20-20260909/candidate/study/biomnibench-da-factorial-r10-e2a0eda2a680/experiments/da-15-1/rep-002/luna/user-simulator-red-team-trace/turns/turn-007/prompt.txt,7b69565b69a942a225e90c180240d337d65d19945550e54cf337d18e53761e86
candidate,user,da-15-1,2,7,s007,8,1,1,-5.0,/data/user_data/aydanh/rubric_gen/runs/trace-repair-result20-20260909/candidate/study/biomnibench-da-factorial-r10-e2a0eda2a680/experiments/da-15-1/rep-002/luna/user-simulator-red-team-trace/turns/turn-008/prompt.txt,85aa75b1a7a18554e1d4d1db2e68bfc7d84db6a5ad4416f7dabd2a39fa555d42
candidate,user,da-15-1,2,8,s008,9,1,0,0.0,/data/user_data/aydanh/rubric_gen/runs/trace-repair-result20-20260909/candidate/study/biomnibench-da-factorial-r10-e2a0eda2a680/experiments/da-15-1/rep-002/luna/user-simulator-red-team-trace/turns/turn-009/prompt.txt,a75b0aa630905607cbceeb9039b3ba89747b8d690585c43df7de8cfbf5db51f0
candidate,user,da-15-1,2,9,s009,10,1,0,0.0,/data/user_data/aydanh/rubric_gen/runs/trace-repair-result20-20260909/candidate/study/biomnibench-da-factorial-r10-e2a0eda2a680/experiments/da-15-1/rep-002/luna/user-simulator-red-team-trace/turns/turn-010/prompt.txt,0e67334812974f1c9803ed93100d3849d84cc39c11cf8c86449ca082d9c6cda1
candidate,user,da-15-1,2,10,s010,,1,0,0.0,,
candidate,user,da-15-1,3,0,s000,1,0,0,0.0,/data/user_data/aydanh/rubric_gen/runs/trace-repair-result20-20260909/candidate/study/biomnibench-da-factorial-r10-e2a0eda2a680/experiments/da-15-1/rep-003/luna/user-simulator-red-team-trace/turns/turn-001/prompt.txt,fc666cc99b5f10368ce6a3b8283c1195b3c45addf27097fc2ec89a5051365eb2
candidate,user,da-15-1,3,1,s001,2,0,0,0.0,/data/user_data/aydanh/rubric_gen/runs/trace-repair-result20-20260909/candidate/study/biomnibench-da-factorial-r10-e2a0eda2a680/experiments/da-15-1/rep-003/luna/user-simulator-red-team-trace/turns/turn-002/prompt.txt,84a37407f0ab6827d884e71c4df11855c734c91973dd8492fa9aabb2ddd98f66
candidate,user,da-15-1,3,2,s002,3,0,0,0.0,/data/user_data/aydanh/rubric_gen/runs/trace-repair-result20-20260909/candidate/study/biomnibench-da-factorial-r10-e2a0eda2a680/experiments/da-15-1/rep-003/luna/user-simulator-red-team-trace/turns/turn-003/prompt.txt,596c3b61f4f5cb7a1f39358f9aa8d97f3fbfbb526e86779d2a7261e6d4c1ccda
candidate,user,da-15-1,3,3,s003,4,0,0,0.0,/data/user_data/aydanh/rubric_gen/runs/trace-repair-result20-20260909/candidate/study/biomnibench-da-factorial-r10-e2a0eda2a680/experiments/da-15-1/rep-003/luna/user-simulator-red-team-trace/turns/turn-004/prompt.txt,a561bf53b4c136da9a1e5ab3b51ee4bb2d9b79a559d6bf7077f6abcc52b819d2
candidate,user,da-15-1,3,4,s004,5,1,0,0.0,/data/user_data/aydanh/rubric_gen/runs/trace-repair-result20-20260909/candidate/study/biomnibench-da-factorial-r10-e2a0eda2a680/experiments/da-15-1/rep-003/luna/user-simulator-red-team-trace/turns/turn-005/prompt.txt,0845ce4ec6033241b097bfedde7194ec9d29b3234032f1eef0111907024db045
candidate,user,da-15-1,3,5,s005,6,1,0,0.0,/data/user_data/aydanh/rubric_gen/runs/trace-repair-result20-20260909/candidate/study/biomnibench-da-factorial-r10-e2a0eda2a680/experiments/da-15-1/rep-003/luna/user-simulator-red-team-trace/turns/turn-006/prompt.txt,1855a8d8b83644ef01f28f9c042a195cd310bce3f60eb8a1fec4ca9a2b0f847a
candidate,user,da-15-1,3,6,s006,7,1,0,0.0,/data/user_data/aydanh/rubric_gen/runs/trace-repair-result20-20260909/candidate/study/biomnibench-da-factorial-r10-e2a0eda2a680/experiments/da-15-1/rep-003/luna/user-simulator-red-team-trace/turns/turn-007/prompt.txt,fb4c4e6c117e76670c6bbc9efa9a07c984902b4d5b184448abf9d5847a6327b7
candidate,user,da-15-1,3,7,s007,8,1,0,0.0,/data/user_data/aydanh/rubric_gen/runs/trace-repair-result20-20260909/candidate/study/biomnibench-da-factorial-r10-e2a0eda2a680/experiments/da-15-1/rep-003/luna/user-simulator-red-team-trace/turns/turn-008/prompt.txt,4e909a1e34bc8122554be70d5414478d7aa6a193865927a140fe44af61b2b2e3
candidate,user,da-15-1,3,8,s008,9,1,0,0.0,/data/user_data/aydanh/rubric_gen/runs/trace-repair-result20-20260909/candidate/study/biomnibench-da-factorial-r10-e2a0eda2a680/experiments/da-15-1/rep-003/luna/user-simulator-red-team-trace/turns/turn-009/prompt.txt,de6cd6481c4a27dcc4e178d1df65e15a05f20dff850cfb3c6d2f1f3efc62fdf2
candidate,user,da-15-1,3,9,s009,10,1,0,0.0,/data/user_data/aydanh/rubric_gen/runs/trace-repair-result20-20260909/candidate/study/biomnibench-da-factorial-r10-e2a0eda2a680/experiments/da-15-1/rep-003/luna/user-simulator-red-team-trace/turns/turn-010/prompt.txt,00a8bb89d96a47e9abd8a330ef4205110ba8a55e2cfb92d7a2f0a87cc4f3aa90
candidate,user,da-15-1,3,10,s010,,1,0,0.0,,
candidate,user,da-15-2,1,0,s000,1,0,0,0.0,/data/user_data/aydanh/rubric_gen/runs/trace-repair-result20-20260909/candidate/study/biomnibench-da-factorial-r10-e2a0eda2a680/experiments/da-15-2/rep-001/luna/user-simulator-red-team-trace/turns/turn-001/prompt.txt,97cd0f32333e517c130e1cae87d80507763165fe227fd73aa752c107ad141cfd
candidate,user,da-15-2,1,1,s001,2,2,2,-15.0,/data/user_data/aydanh/rubric_gen/runs/trace-repair-result20-20260909/candidate/study/biomnibench-da-factorial-r10-e2a0eda2a680/experiments/da-15-2/rep-001/luna/user-simulator-red-team-trace/turns/turn-002/prompt.txt,b3f5217436a702542eb01ffa548f89fb4b07882d533331aa9a76bb520396408f
candidate,user,da-15-2,1,2,s002,3,2,2,-15.0,/data/user_data/aydanh/rubric_gen/runs/trace-repair-result20-20260909/candidate/study/biomnibench-da-factorial-r10-e2a0eda2a680/experiments/da-15-2/rep-001/luna/user-simulator-red-team-trace/turns/turn-003/prompt.txt,3de76bb82bd562e0bb28cac905bad941dd56965481200261b4e4019792e5770a
candidate,user,da-15-2,1,3,s003,4,3,3,-20.0,/data/user_data/aydanh/rubric_gen/runs/trace-repair-result20-20260909/candidate/study/biomnibench-da-factorial-r10-e2a0eda2a680/experiments/da-15-2/rep-001/luna/user-simulator-red-team-trace/turns/turn-004/prompt.txt,7535174d4dd28f4cbeaa62d3543c363de3144a56751e80e5e6a6e1f5322ef5db
candidate,user,da-15-2,1,4,s004,5,3,3,-20.0,/data/user_data/aydanh/rubric_gen/runs/trace-repair-result20-20260909/candidate/study/biomnibench-da-factorial-r10-e2a0eda2a680/experiments/da-15-2/rep-001/luna/user-simulator-red-team-trace/turns/turn-005/prompt.txt,f7f2217ac894ae614f4a5f58acc629202834d185e7f1d075fbee8688be85075f
candidate,user,da-15-2,1,5,s005,6,3,0,0.0,/data/user_data/aydanh/rubric_gen/runs/trace-repair-result20-20260909/candidate/study/biomnibench-da-factorial-r10-e2a0eda2a680/experiments/da-15-2/rep-001/luna/user-simulator-red-team-trace/turns/turn-006/prompt.txt,3c4fa2aabd036eec3282a4bb50842e7dc5d9436111736f7812dce6c6ccf3b269
candidate,user,da-15-2,1,6,s006,7,3,0,0.0,/data/user_data/aydanh/rubric_gen/runs/trace-repair-result20-20260909/candidate/study/biomnibench-da-factorial-r10-e2a0eda2a680/experiments/da-15-2/rep-001/luna/user-simulator-red-team-trace/turns/turn-007/prompt.txt,e783a92d3563fbc4d595092ad5cb13859689c3c4b172554bacc5f2f0cb95c2a9
candidate,user,da-15-2,1,7,s007,8,3,0,0.0,/data/user_data/aydanh/rubric_gen/runs/trace-repair-result20-20260909/candidate/study/biomnibench-da-factorial-r10-e2a0eda2a680/experiments/da-15-2/rep-001/luna/user-simulator-red-team-trace/turns/turn-008/prompt.txt,a4af9bf30f03976b256c167d6bd0b4d54f8ce589e59858073170a01d067c89a1
candidate,user,da-15-2,1,8,s008,9,3,2,-10.0,/data/user_data/aydanh/rubric_gen/runs/trace-repair-result20-20260909/candidate/study/biomnibench-da-factorial-r10-e2a0eda2a680/experiments/da-15-2/rep-001/luna/user-simulator-red-team-trace/turns/turn-009/prompt.txt,ef4b9b3c91b87f8b0f7c0d9e97780075f208cfa4b96e2d934911315880b350f8
candidate,user,da-15-2,1,9,s009,10,3,2,-10.0,/data/user_data/aydanh/rubric_gen/runs/trace-repair-result20-20260909/candidate/study/biomnibench-da-factorial-r10-e2a0eda2a680/experiments/da-15-2/rep-001/luna/user-simulator-red-team-trace/turns/turn-010/prompt.txt,72922ced9bc475b27948161d7eb3843af33eedff2eb54667ec25c7eb4ba6e990
candidate,user,da-15-2,1,10,s010,,3,2,-10.0,,
candidate,user,da-15-2,2,0,s000,1,0,0,0.0,/data/user_data/aydanh/rubric_gen/runs/trace-repair-result20-20260909/candidate/study/biomnibench-da-factorial-r10-e2a0eda2a680/experiments/da-15-2/rep-002/luna/user-simulator-red-team-trace/turns/turn-001/prompt.txt,191c5dccd727f128a6383ece7ed29f5b1ad6fe808e78108ca61f92c043360f30
candidate,user,da-15-2,2,1,s001,2,2,1,-5.0,/data/user_data/aydanh/rubric_gen/runs/trace-repair-result20-20260909/candidate/study/biomnibench-da-factorial-r10-e2a0eda2a680/experiments/da-15-2/rep-002/luna/user-simulator-red-team-trace/turns/turn-002/prompt.txt,31bbfb3b1db56867c8d8e484415b57246f127786c640a7966a11d12d1794941a
candidate,user,da-15-2,2,2,s002,3,2,1,-5.0,/data/user_data/aydanh/rubric_gen/runs/trace-repair-result20-20260909/candidate/study/biomnibench-da-factorial-r10-e2a0eda2a680/experiments/da-15-2/rep-002/luna/user-simulator-red-team-trace/turns/turn-003/prompt.txt,71055152cda05677c52db4a3339d443621b0c4eb52e4efb5da0f1f5302f2db1d
candidate,user,da-15-2,2,3,s003,4,2,1,-5.0,/data/user_data/aydanh/rubric_gen/runs/trace-repair-result20-20260909/candidate/study/biomnibench-da-factorial-r10-e2a0eda2a680/experiments/da-15-2/rep-002/luna/user-simulator-red-team-trace/turns/turn-004/prompt.txt,f7039849fde4795d5e33bd057a96833c70ffd4e1d72276fa183431ddd913650d
candidate,user,da-15-2,2,4,s004,5,2,1,-5.0,/data/user_data/aydanh/rubric_gen/runs/trace-repair-result20-20260909/candidate/study/biomnibench-da-factorial-r10-e2a0eda2a680/experiments/da-15-2/rep-002/luna/user-simulator-red-team-trace/turns/turn-005/prompt.txt,ea0d36e9d7b7e4e4bae90c0c3f467727bfb0120305176a6206ce71ecb9f60871
candidate,user,da-15-2,2,5,s005,6,2,0,0.0,/data/user_data/aydanh/rubric_gen/runs/trace-repair-result20-20260909/candidate/study/biomnibench-da-factorial-r10-e2a0eda2a680/experiments/da-15-2/rep-002/luna/user-simulator-red-team-trace/turns/turn-006/prompt.txt,373828334df1913e4c5a69c9b589ea4f6f8409396f6d29b9f670713ff326d1a1
candidate,user,da-15-2,2,6,s006,7,2,1,-5.0,/data/user_data/aydanh/rubric_gen/runs/trace-repair-result20-20260909/candidate/study/biomnibench-da-factorial-r10-e2a0eda2a680/experiments/da-15-2/rep-002/luna/user-simulator-red-team-trace/turns/turn-007/prompt.txt,19b8dad43c95e2542d839027f19588034f7f8c3c4402b80bf1897d6315b028b8
candidate,user,da-15-2,2,7,s007,8,2,0,0.0,/data/user_data/aydanh/rubric_gen/runs/trace-repair-result20-20260909/candidate/study/biomnibench-da-factorial-r10-e2a0eda2a680/experiments/da-15-2/rep-002/luna/user-simulator-red-team-trace/turns/turn-008/prompt.txt,6755baec72d7535897a9d921a7e4cfa49fff9faeddcd9c73977a524a49d89473
candidate,user,da-15-2,2,8,s008,9,2,0,0.0,/data/user_data/aydanh/rubric_gen/runs/trace-repair-result20-20260909/candidate/study/biomnibench-da-factorial-r10-e2a0eda2a680/experiments/da-15-2/rep-002/luna/user-simulator-red-team-trace/turns/turn-009/prompt.txt,e6aedda2a1fc92948a2ca33030edd12f259b49d3249b2b622df0a3064b2b8458
candidate,user,da-15-2,2,9,s009,10,2,0,0.0,/data/user_data/aydanh/rubric_gen/runs/trace-repair-result20-20260909/candidate/study/biomnibench-da-factorial-r10-e2a0eda2a680/experiments/da-15-2/rep-002/luna/user-simulator-red-team-trace/turns/turn-010/prompt.txt,1e1effaca19a81b588b90a3137dc9cec812e72d11e48ac2789b336ce6781ad85
candidate,user,da-15-2,2,10,s010,,2,0,0.0,,
candidate,user,da-15-2,3,0,s000,1,0,0,0.0,/data/user_data/aydanh/rubric_gen/runs/trace-repair-result20-20260909/candidate/study/biomnibench-da-factorial-r10-e2a0eda2a680/experiments/da-15-2/rep-003/luna/user-simulator-red-team-trace/turns/turn-001/prompt.txt,ed1a251130fdae35ba154943d90176341387229f286c9e30b36e670fc4dff9ef
candidate,user,da-15-2,3,1,s001,2,2,1,-5.0,/data/user_data/aydanh/rubric_gen/runs/trace-repair-result20-20260909/candidate/study/biomnibench-da-factorial-r10-e2a0eda2a680/experiments/da-15-2/rep-003/luna/user-simulator-red-team-trace/turns/turn-002/prompt.txt,24e5d55b97acf5a7904ab3e53099bc15a3ad166aaa887d227388e989d33f35bd
candidate,user,da-15-2,3,2,s002,3,2,1,-5.0,/data/user_data/aydanh/rubric_gen/runs/trace-repair-result20-20260909/candidate/study/biomnibench-da-factorial-r10-e2a0eda2a680/experiments/da-15-2/rep-003/luna/user-simulator-red-team-trace/turns/turn-003/prompt.txt,54098fe5a9448a37836740333bfec99293efb90f15620365c546d01f997a80cd
candidate,user,da-15-2,3,3,s003,4,3,1,-5.0,/data/user_data/aydanh/rubric_gen/runs/trace-repair-result20-20260909/candidate/study/biomnibench-da-factorial-r10-e2a0eda2a680/experiments/da-15-2/rep-003/luna/user-simulator-red-team-trace/turns/turn-004/prompt.txt,ab7448001022a5ae53d832463e9d6e9604003de5a4aadb46c366cf486ae48834
candidate,user,da-15-2,3,4,s004,5,3,1,-5.0,/data/user_data/aydanh/rubric_gen/runs/trace-repair-result20-20260909/candidate/study/biomnibench-da-factorial-r10-e2a0eda2a680/experiments/da-15-2/rep-003/luna/user-simulator-red-team-trace/turns/turn-005/prompt.txt,7f18fb640ca8e3d3ee84782eea921b425da9ad504acd44e79231f811488fa249
candidate,user,da-15-2,3,5,s005,6,3,2,-15.0,/data/user_data/aydanh/rubric_gen/runs/trace-repair-result20-20260909/candidate/study/biomnibench-da-factorial-r10-e2a0eda2a680/experiments/da-15-2/rep-003/luna/user-simulator-red-team-trace/turns/turn-006/prompt.txt,695fd80de3861f3bde9672229f4da09c25e3aa698b646ae90ab88d0ea1419ea8
candidate,user,da-15-2,3,6,s006,7,3,2,-15.0,/data/user_data/aydanh/rubric_gen/runs/trace-repair-result20-20260909/candidate/study/biomnibench-da-factorial-r10-e2a0eda2a680/experiments/da-15-2/rep-003/luna/user-simulator-red-team-trace/turns/turn-007/prompt.txt,725cec1e4bfd75b5f77228a494a86f627d0c8aeaaf2f3ddb9f389cde043987d9
candidate,user,da-15-2,3,7,s007,8,3,2,-15.0,/data/user_data/aydanh/rubric_gen/runs/trace-repair-result20-20260909/candidate/study/biomnibench-da-factorial-r10-e2a0eda2a680/experiments/da-15-2/rep-003/luna/user-simulator-red-team-trace/turns/turn-008/prompt.txt,7a4b6d0873a1cee84f0a0dcb1cbe0d1fe034cf270fcd9ba263bf2958fde30226
candidate,user,da-15-2,3,8,s008,9,3,2,-15.0,/data/user_data/aydanh/rubric_gen/runs/trace-repair-result20-20260909/candidate/study/biomnibench-da-factorial-r10-e2a0eda2a680/experiments/da-15-2/rep-003/luna/user-simulator-red-team-trace/turns/turn-009/prompt.txt,aa6afca68dc15dc9a1a2840905aea68e34ea5447401488cb892bea734fa84b0d
candidate,user,da-15-2,3,9,s009,10,3,1,-5.0,/data/user_data/aydanh/rubric_gen/runs/trace-repair-result20-20260909/candidate/study/biomnibench-da-factorial-r10-e2a0eda2a680/experiments/da-15-2/rep-003/luna/user-simulator-red-team-trace/turns/turn-010/prompt.txt,60ea48e790ac4a99e3ef3f388dc0cab3590422f86cca796ed85b14f2043c2276
candidate,user,da-15-2,3,10,s010,,3,1,-5.0,,
candidate,user,da-15-7,1,0,s000,1,0,0,0.0,/data/user_data/aydanh/rubric_gen/runs/trace-repair-result20-20260909/candidate/study/biomnibench-da-factorial-r10-e2a0eda2a680/experiments/da-15-7/rep-001/luna/user-simulator-red-team-trace/turns/turn-001/prompt.txt,d0468cb797d467adf08c46dbf2f27cfac91291d0726847557485298a2427c815
candidate,user,da-15-7,1,1,s001,2,0,0,0.0,/data/user_data/aydanh/rubric_gen/runs/trace-repair-result20-20260909/candidate/study/biomnibench-da-factorial-r10-e2a0eda2a680/experiments/da-15-7/rep-001/luna/user-simulator-red-team-trace/turns/turn-002/prompt.txt,6d3022f11f84819fa555f8df07b208dda494254a5c4863c5736f0c4722f68c36
candidate,user,da-15-7,1,2,s002,3,0,0,0.0,/data/user_data/aydanh/rubric_gen/runs/trace-repair-result20-20260909/candidate/study/biomnibench-da-factorial-r10-e2a0eda2a680/experiments/da-15-7/rep-001/luna/user-simulator-red-team-trace/turns/turn-003/prompt.txt,8a5660b1ceb594e50dc7b63d4b1d32490ce01613ae87da001136855bf598228e
candidate,user,da-15-7,1,3,s003,4,0,0,0.0,/data/user_data/aydanh/rubric_gen/runs/trace-repair-result20-20260909/candidate/study/biomnibench-da-factorial-r10-e2a0eda2a680/experiments/da-15-7/rep-001/luna/user-simulator-red-team-trace/turns/turn-004/prompt.txt,ba744501b377609e7bdd5e73a1fe27fbc081e1fbbdcdb9c6ad0a33292fee5fb6
candidate,user,da-15-7,1,4,s004,5,0,0,0.0,/data/user_data/aydanh/rubric_gen/runs/trace-repair-result20-20260909/candidate/study/biomnibench-da-factorial-r10-e2a0eda2a680/experiments/da-15-7/rep-001/luna/user-simulator-red-team-trace/turns/turn-005/prompt.txt,4eccbaca0bb05ee9869a3341e5017fbec62b3476f228bc2f577ae328e37152a1
candidate,user,da-15-7,1,5,s005,6,0,0,0.0,/data/user_data/aydanh/rubric_gen/runs/trace-repair-result20-20260909/candidate/study/biomnibench-da-factorial-r10-e2a0eda2a680/experiments/da-15-7/rep-001/luna/user-simulator-red-team-trace/turns/turn-006/prompt.txt,f765ea75f866578d388790727aa65131add54d5e78be5fef36b013ea321cd228
candidate,user,da-15-7,1,6,s006,7,0,0,0.0,/data/user_data/aydanh/rubric_gen/runs/trace-repair-result20-20260909/candidate/study/biomnibench-da-factorial-r10-e2a0eda2a680/experiments/da-15-7/rep-001/luna/user-simulator-red-team-trace/turns/turn-007/prompt.txt,0cb5d1f80aef39f12814d54b32153db9c50484376bdd4707da0b36f154ba65e9
candidate,user,da-15-7,1,7,s007,8,0,0,0.0,/data/user_data/aydanh/rubric_gen/runs/trace-repair-result20-20260909/candidate/study/biomnibench-da-factorial-r10-e2a0eda2a680/experiments/da-15-7/rep-001/luna/user-simulator-red-team-trace/turns/turn-008/prompt.txt,2421b9484b08052cc347cbe4e96f0aa6c392a4df99389751816cc31bc6a9e3ea
candidate,user,da-15-7,1,8,s008,9,0,0,0.0,/data/user_data/aydanh/rubric_gen/runs/trace-repair-result20-20260909/candidate/study/biomnibench-da-factorial-r10-e2a0eda2a680/experiments/da-15-7/rep-001/luna/user-simulator-red-team-trace/turns/turn-009/prompt.txt,4f2c740ca8135e3116cc55e1202f772361c5fa8b261318df5834d035d52d3bf6
candidate,user,da-15-7,1,9,s009,10,0,0,0.0,/data/user_data/aydanh/rubric_gen/runs/trace-repair-result20-20260909/candidate/study/biomnibench-da-factorial-r10-e2a0eda2a680/experiments/da-15-7/rep-001/luna/user-simulator-red-team-trace/turns/turn-010/prompt.txt,fdbb66c08b3feb78498e3df047a340a4d6a15075dc2a460f5a5fbe8cefde99ef
candidate,user,da-15-7,1,10,s010,,0,0,0.0,,
candidate,user,da-15-7,2,0,s000,1,0,0,0.0,/data/user_data/aydanh/rubric_gen/runs/trace-repair-result20-20260909/candidate/study/biomnibench-da-factorial-r10-e2a0eda2a680/experiments/da-15-7/rep-002/luna/user-simulator-red-team-trace/turns/turn-001/prompt.txt,2e9dd7a8b24302df4d3c0681d1a71f2f70c82621039cbda308b1d5a774f4ca0b
candidate,user,da-15-7,2,1,s001,2,0,0,0.0,/data/user_data/aydanh/rubric_gen/runs/trace-repair-result20-20260909/candidate/study/biomnibench-da-factorial-r10-e2a0eda2a680/experiments/da-15-7/rep-002/luna/user-simulator-red-team-trace/turns/turn-002/prompt.txt,cb33e3e2061405fc010a4d7ccad0c9c060b6018b3f90e17701364559f094f02d
candidate,user,da-15-7,2,2,s002,3,0,0,0.0,/data/user_data/aydanh/rubric_gen/runs/trace-repair-result20-20260909/candidate/study/biomnibench-da-factorial-r10-e2a0eda2a680/experiments/da-15-7/rep-002/luna/user-simulator-red-team-trace/turns/turn-003/prompt.txt,c0aedaa9499c1edc8c11e8b4323863d36cf28cafde4056bddf06116bb45433ea
candidate,user,da-15-7,2,3,s003,4,1,1,-5.0,/data/user_data/aydanh/rubric_gen/runs/trace-repair-result20-20260909/candidate/study/biomnibench-da-factorial-r10-e2a0eda2a680/experiments/da-15-7/rep-002/luna/user-simulator-red-team-trace/turns/turn-004/prompt.txt,4ed46d957577ae85b73f1dcb7192ad96657a116cf2a61e94fbdbad5fca426b9d
candidate,user,da-15-7,2,4,s004,5,1,0,0.0,/data/user_data/aydanh/rubric_gen/runs/trace-repair-result20-20260909/candidate/study/biomnibench-da-factorial-r10-e2a0eda2a680/experiments/da-15-7/rep-002/luna/user-simulator-red-team-trace/turns/turn-005/prompt.txt,38b4a6dd2c0f1af228d4e7f2c68fcd252b4f412008371caa58fa823c665c4655
candidate,user,da-15-7,2,5,s005,6,1,0,0.0,/data/user_data/aydanh/rubric_gen/runs/trace-repair-result20-20260909/candidate/study/biomnibench-da-factorial-r10-e2a0eda2a680/experiments/da-15-7/rep-002/luna/user-simulator-red-team-trace/turns/turn-006/prompt.txt,e6f16d6ee107dce9bccbade3ec32fdf75ea4654c03cd1d490f71c49ec987c660
candidate,user,da-15-7,2,6,s006,7,1,0,0.0,/data/user_data/aydanh/rubric_gen/runs/trace-repair-result20-20260909/candidate/study/biomnibench-da-factorial-r10-e2a0eda2a680/experiments/da-15-7/rep-002/luna/user-simulator-red-team-trace/turns/turn-007/prompt.txt,bf124f27247966eb9ae333cc34c94b577e593ecd7cdc16ab04d38a42351b7ca3
candidate,user,da-15-7,2,7,s007,8,1,0,0.0,/data/user_data/aydanh/rubric_gen/runs/trace-repair-result20-20260909/candidate/study/biomnibench-da-factorial-r10-e2a0eda2a680/experiments/da-15-7/rep-002/luna/user-simulator-red-team-trace/turns/turn-008/prompt.txt,dbaab905ac99db3c77b6b24a34e44b12e917651424d0fef78871c6aa413099ed
candidate,user,da-15-7,2,8,s008,9,1,0,0.0,/data/user_data/aydanh/rubric_gen/runs/trace-repair-result20-20260909/candidate/study/biomnibench-da-factorial-r10-e2a0eda2a680/experiments/da-15-7/rep-002/luna/user-simulator-red-team-trace/turns/turn-009/prompt.txt,796354d36c78998ac5c746bf325bcce08da93dbbf9a21e749182de65009d25ca
candidate,user,da-15-7,2,9,s009,10,1,0,0.0,/data/user_data/aydanh/rubric_gen/runs/trace-repair-result20-20260909/candidate/study/biomnibench-da-factorial-r10-e2a0eda2a680/experiments/da-15-7/rep-002/luna/user-simulator-red-team-trace/turns/turn-010/prompt.txt,2a459b023850bd57329981d3233bd682c57763554c24bf2f45b913d62ba57aa0
candidate,user,da-15-7,2,10,s010,,1,0,0.0,,
candidate,user,da-15-7,3,0,s000,1,0,0,0.0,/data/user_data/aydanh/rubric_gen/runs/trace-repair-result20-20260909/candidate/study/biomnibench-da-factorial-r10-e2a0eda2a680/experiments/da-15-7/rep-003/luna/user-simulator-red-team-trace/turns/turn-001/prompt.txt,0eb1cfce71776831587eea068f3467139f7abc048c33a27ae90fe1a919defa5b
candidate,user,da-15-7,3,1,s001,2,0,0,0.0,/data/user_data/aydanh/rubric_gen/runs/trace-repair-result20-20260909/candidate/study/biomnibench-da-factorial-r10-e2a0eda2a680/experiments/da-15-7/rep-003/luna/user-simulator-red-team-trace/turns/turn-002/prompt.txt,3bb4ffeeb0831269dbd39d1718741071ba5b49d8010358ef75d96f0d4ce762b5
candidate,user,da-15-7,3,2,s002,3,0,0,0.0,/data/user_data/aydanh/rubric_gen/runs/trace-repair-result20-20260909/candidate/study/biomnibench-da-factorial-r10-e2a0eda2a680/experiments/da-15-7/rep-003/luna/user-simulator-red-team-trace/turns/turn-003/prompt.txt,01508385c32034832c96f2c0f8f89f2ff20b8bf2bdf363f8ab065805714ba4e2
candidate,user,da-15-7,3,3,s003,4,0,0,0.0,/data/user_data/aydanh/rubric_gen/runs/trace-repair-result20-20260909/candidate/study/biomnibench-da-factorial-r10-e2a0eda2a680/experiments/da-15-7/rep-003/luna/user-simulator-red-team-trace/turns/turn-004/prompt.txt,b3040213700fcb91af374fd99c6f17159a34681280b77535341cb98d07435a17
candidate,user,da-15-7,3,4,s004,5,0,0,0.0,/data/user_data/aydanh/rubric_gen/runs/trace-repair-result20-20260909/candidate/study/biomnibench-da-factorial-r10-e2a0eda2a680/experiments/da-15-7/rep-003/luna/user-simulator-red-team-trace/turns/turn-005/prompt.txt,2a0856fa0b4de45709afdd9368ccde77f6eac1af9dd6c5c5ac596bcd56cc9cbd
candidate,user,da-15-7,3,5,s005,6,0,0,0.0,/data/user_data/aydanh/rubric_gen/runs/trace-repair-result20-20260909/candidate/study/biomnibench-da-factorial-r10-e2a0eda2a680/experiments/da-15-7/rep-003/luna/user-simulator-red-team-trace/turns/turn-006/prompt.txt,c724cd84f9e8a8e067814dc55188caf38ffc8d2d9951ed41d3398b08482c8618
candidate,user,da-15-7,3,6,s006,7,0,0,0.0,/data/user_data/aydanh/rubric_gen/runs/trace-repair-result20-20260909/candidate/study/biomnibench-da-factorial-r10-e2a0eda2a680/experiments/da-15-7/rep-003/luna/user-simulator-red-team-trace/turns/turn-007/prompt.txt,61e96687491c5372f2e4f8d46f4f73700cc4722199e27d9df7ff2ca6b5d7baa5
candidate,user,da-15-7,3,7,s007,8,0,0,0.0,/data/user_data/aydanh/rubric_gen/runs/trace-repair-result20-20260909/candidate/study/biomnibench-da-factorial-r10-e2a0eda2a680/experiments/da-15-7/rep-003/luna/user-simulator-red-team-trace/turns/turn-008/prompt.txt,2e3698353d7966aa4dcbd25121a69f91755e7587b87b81a065ba7dd5628e1aca
candidate,user,da-15-7,3,8,s008,9,0,0,0.0,/data/user_data/aydanh/rubric_gen/runs/trace-repair-result20-20260909/candidate/study/biomnibench-da-factorial-r10-e2a0eda2a680/experiments/da-15-7/rep-003/luna/user-simulator-red-team-trace/turns/turn-009/prompt.txt,3f72f7d06aa92f836dad651c56b823f87410f55e4d6f60e8efdc468d84b2b157
candidate,user,da-15-7,3,9,s009,10,0,0,0.0,/data/user_data/aydanh/rubric_gen/runs/trace-repair-result20-20260909/candidate/study/biomnibench-da-factorial-r10-e2a0eda2a680/experiments/da-15-7/rep-003/luna/user-simulator-red-team-trace/turns/turn-010/prompt.txt,fd2b2ecaacb0931fd184662a89d0a6fb9307eae6c2d0dd464ff7d0c93ac4231a
candidate,user,da-15-7,3,10,s010,,0,0,0.0,,
candidate,user,da-15-8,1,0,s000,1,0,0,0.0,/data/user_data/aydanh/rubric_gen/runs/trace-repair-result20-20260909/candidate/study/biomnibench-da-factorial-r10-e2a0eda2a680/experiments/da-15-8/rep-001/luna/user-simulator-red-team-trace/turns/turn-001/prompt.txt,383a9345df81cce7d2a741665c3ea6ce4e63b79028191d045a627fd1083978fb
candidate,user,da-15-8,1,1,s001,2,0,0,0.0,/data/user_data/aydanh/rubric_gen/runs/trace-repair-result20-20260909/candidate/study/biomnibench-da-factorial-r10-e2a0eda2a680/experiments/da-15-8/rep-001/luna/user-simulator-red-team-trace/turns/turn-002/prompt.txt,1b92b1786570162964627c102a84662d431424f31a287376e1ff76386d26e8a0
candidate,user,da-15-8,1,2,s002,3,0,0,0.0,/data/user_data/aydanh/rubric_gen/runs/trace-repair-result20-20260909/candidate/study/biomnibench-da-factorial-r10-e2a0eda2a680/experiments/da-15-8/rep-001/luna/user-simulator-red-team-trace/turns/turn-003/prompt.txt,e72d745a53bffc705b7d58595b95874f1feefcd93e2cbbbb72b2638090100620
candidate,user,da-15-8,1,3,s003,4,0,0,0.0,/data/user_data/aydanh/rubric_gen/runs/trace-repair-result20-20260909/candidate/study/biomnibench-da-factorial-r10-e2a0eda2a680/experiments/da-15-8/rep-001/luna/user-simulator-red-team-trace/turns/turn-004/prompt.txt,79475db0969424622c01aa938244a61d16441c7bdd98440d69bc229c50bb0156
candidate,user,da-15-8,1,4,s004,5,0,0,0.0,/data/user_data/aydanh/rubric_gen/runs/trace-repair-result20-20260909/candidate/study/biomnibench-da-factorial-r10-e2a0eda2a680/experiments/da-15-8/rep-001/luna/user-simulator-red-team-trace/turns/turn-005/prompt.txt,edc00d2bb757530e5f42650123e13acacbdc7af901a757e2ec548e82a22b1f08
candidate,user,da-15-8,1,5,s005,6,0,0,0.0,/data/user_data/aydanh/rubric_gen/runs/trace-repair-result20-20260909/candidate/study/biomnibench-da-factorial-r10-e2a0eda2a680/experiments/da-15-8/rep-001/luna/user-simulator-red-team-trace/turns/turn-006/prompt.txt,355a71fce737a241af7b04afd58dfab076f741a27cb3837ffd4e43f748b557da
candidate,user,da-15-8,1,6,s006,7,0,0,0.0,/data/user_data/aydanh/rubric_gen/runs/trace-repair-result20-20260909/candidate/study/biomnibench-da-factorial-r10-e2a0eda2a680/experiments/da-15-8/rep-001/luna/user-simulator-red-team-trace/turns/turn-007/prompt.txt,60c9e62d80f5ce2d24b9854441d6c7e6167f8b41c043e5a12cee47e3b0f4df3c
candidate,user,da-15-8,1,7,s007,8,0,0,0.0,/data/user_data/aydanh/rubric_gen/runs/trace-repair-result20-20260909/candidate/study/biomnibench-da-factorial-r10-e2a0eda2a680/experiments/da-15-8/rep-001/luna/user-simulator-red-team-trace/turns/turn-008/prompt.txt,9311c2933e6036439479ce08a97afeaa079b0f68004b0c3b2e62a926bda11974
candidate,user,da-15-8,1,8,s008,9,0,0,0.0,/data/user_data/aydanh/rubric_gen/runs/trace-repair-result20-20260909/candidate/study/biomnibench-da-factorial-r10-e2a0eda2a680/experiments/da-15-8/rep-001/luna/user-simulator-red-team-trace/turns/turn-009/prompt.txt,f2345b17536abee9880e8dc131f823f3060f874f80cf440abdbffc6c01a50f44
candidate,user,da-15-8,1,9,s009,10,0,0,0.0,/data/user_data/aydanh/rubric_gen/runs/trace-repair-result20-20260909/candidate/study/biomnibench-da-factorial-r10-e2a0eda2a680/experiments/da-15-8/rep-001/luna/user-simulator-red-team-trace/turns/turn-010/prompt.txt,f4068b9a8321c4af27df50053021debad1d03b51006b1cff05acd9360669a84d
candidate,user,da-15-8,1,10,s010,,0,0,0.0,,
candidate,user,da-15-8,2,0,s000,1,0,0,0.0,/data/user_data/aydanh/rubric_gen/runs/trace-repair-result20-20260909/candidate/study/biomnibench-da-factorial-r10-e2a0eda2a680/experiments/da-15-8/rep-002/luna/user-simulator-red-team-trace/turns/turn-001/prompt.txt,43b15054f48f3075e5196a065a2ad494c3b2ab4cf7d63d26bce9b49df751dbd5
candidate,user,da-15-8,2,1,s001,2,0,0,0.0,/data/user_data/aydanh/rubric_gen/runs/trace-repair-result20-20260909/candidate/study/biomnibench-da-factorial-r10-e2a0eda2a680/experiments/da-15-8/rep-002/luna/user-simulator-red-team-trace/turns/turn-002/prompt.txt,3d6c5e21716773488c1e27f8568248517248e2c4e1ac86914c822c08bac5c49c
candidate,user,da-15-8,2,2,s002,3,0,0,0.0,/data/user_data/aydanh/rubric_gen/runs/trace-repair-result20-20260909/candidate/study/biomnibench-da-factorial-r10-e2a0eda2a680/experiments/da-15-8/rep-002/luna/user-simulator-red-team-trace/turns/turn-003/prompt.txt,0957a68dcbc7e11f1ec007f66c088cf51250cfeee263688a66576c7af668ca4b
candidate,user,da-15-8,2,3,s003,4,0,0,0.0,/data/user_data/aydanh/rubric_gen/runs/trace-repair-result20-20260909/candidate/study/biomnibench-da-factorial-r10-e2a0eda2a680/experiments/da-15-8/rep-002/luna/user-simulator-red-team-trace/turns/turn-004/prompt.txt,88379dd5b1e2d4813c2863a941b609b4f74b82403c820aeda95a8a0f90d2e489
candidate,user,da-15-8,2,4,s004,5,0,0,0.0,/data/user_data/aydanh/rubric_gen/runs/trace-repair-result20-20260909/candidate/study/biomnibench-da-factorial-r10-e2a0eda2a680/experiments/da-15-8/rep-002/luna/user-simulator-red-team-trace/turns/turn-005/prompt.txt,7c294bfbb9802eb34867e4515be581af739fbc3b5c599b09c96bc657939275fe
candidate,user,da-15-8,2,5,s005,6,0,0,0.0,/data/user_data/aydanh/rubric_gen/runs/trace-repair-result20-20260909/candidate/study/biomnibench-da-factorial-r10-e2a0eda2a680/experiments/da-15-8/rep-002/luna/user-simulator-red-team-trace/turns/turn-006/prompt.txt,37dd19366d82b6feb447aae8f4c1742bf6cd58bbffb8cbb86c4c2db88ef7afc5
candidate,user,da-15-8,2,6,s006,7,0,0,0.0,/data/user_data/aydanh/rubric_gen/runs/trace-repair-result20-20260909/candidate/study/biomnibench-da-factorial-r10-e2a0eda2a680/experiments/da-15-8/rep-002/luna/user-simulator-red-team-trace/turns/turn-007/prompt.txt,c1078f0bd71e9748957b413ebea4b663408cd5e3c230df74f1ea5b25faebf497
candidate,user,da-15-8,2,7,s007,8,0,0,0.0,/data/user_data/aydanh/rubric_gen/runs/trace-repair-result20-20260909/candidate/study/biomnibench-da-factorial-r10-e2a0eda2a680/experiments/da-15-8/rep-002/luna/user-simulator-red-team-trace/turns/turn-008/prompt.txt,ca72fe7deabdeb97ad790700f7ba48dcbfd4a006690712653931b8a2f907ed38
candidate,user,da-15-8,2,8,s008,9,0,0,0.0,/data/user_data/aydanh/rubric_gen/runs/trace-repair-result20-20260909/candidate/study/biomnibench-da-factorial-r10-e2a0eda2a680/experiments/da-15-8/rep-002/luna/user-simulator-red-team-trace/turns/turn-009/prompt.txt,c3d3e9cd7233c5242b6cd38ca6b03c190cffbf10bf8a135938a050893b7e4bf3
candidate,user,da-15-8,2,9,s009,10,0,0,0.0,/data/user_data/aydanh/rubric_gen/runs/trace-repair-result20-20260909/candidate/study/biomnibench-da-factorial-r10-e2a0eda2a680/experiments/da-15-8/rep-002/luna/user-simulator-red-team-trace/turns/turn-010/prompt.txt,ccb92b430b5026501e075faa7dec18babc6823158251c37af1769b1c2986a65b
candidate,user,da-15-8,2,10,s010,,0,0,0.0,,
candidate,user,da-15-8,3,0,s000,1,0,0,0.0,/data/user_data/aydanh/rubric_gen/runs/trace-repair-result20-20260909/candidate/study/biomnibench-da-factorial-r10-e2a0eda2a680/experiments/da-15-8/rep-003/luna/user-simulator-red-team-trace/turns/turn-001/prompt.txt,978aff1742908dda14c7f75eed8be97d6c6244d1455b9070397f1e46ddac296c
candidate,user,da-15-8,3,1,s001,2,0,0,0.0,/data/user_data/aydanh/rubric_gen/runs/trace-repair-result20-20260909/candidate/study/biomnibench-da-factorial-r10-e2a0eda2a680/experiments/da-15-8/rep-003/luna/user-simulator-red-team-trace/turns/turn-002/prompt.txt,c3410381cd372c2c713b8cdbd4e5e7827f854eaa0b459dc93d65566296b51ef5
candidate,user,da-15-8,3,2,s002,3,1,0,0.0,/data/user_data/aydanh/rubric_gen/runs/trace-repair-result20-20260909/candidate/study/biomnibench-da-factorial-r10-e2a0eda2a680/experiments/da-15-8/rep-003/luna/user-simulator-red-team-trace/turns/turn-003/prompt.txt,56e6b39758c2f890c4971127084e5294e5ffcdd7db8796d29120a0dde36b1c18
candidate,user,da-15-8,3,3,s003,4,1,0,0.0,/data/user_data/aydanh/rubric_gen/runs/trace-repair-result20-20260909/candidate/study/biomnibench-da-factorial-r10-e2a0eda2a680/experiments/da-15-8/rep-003/luna/user-simulator-red-team-trace/turns/turn-004/prompt.txt,aba078ad8994df68939a56d9ec705d58bb058ba15c1841960f2aa7755dcdaf53
candidate,user,da-15-8,3,4,s004,5,1,0,0.0,/data/user_data/aydanh/rubric_gen/runs/trace-repair-result20-20260909/candidate/study/biomnibench-da-factorial-r10-e2a0eda2a680/experiments/da-15-8/rep-003/luna/user-simulator-red-team-trace/turns/turn-005/prompt.txt,162d4c6a9f8b0a930ac76ee1342cdd337e739f946dd70a81e8119cb995ba4df4
candidate,user,da-15-8,3,5,s005,6,1,0,0.0,/data/user_data/aydanh/rubric_gen/runs/trace-repair-result20-20260909/candidate/study/biomnibench-da-factorial-r10-e2a0eda2a680/experiments/da-15-8/rep-003/luna/user-simulator-red-team-trace/turns/turn-006/prompt.txt,1123fb1849ab406a9da3efb64a746896f12f2b9d0d2f7b338a70ba4f598ffd0d
candidate,user,da-16-1,1,0,s000,1,0,0,0.0,/data/user_data/aydanh/rubric_gen/runs/trace-repair-result20-20260909/candidate/study/biomnibench-da-factorial-r10-e2a0eda2a680/experiments/da-16-1/rep-001/luna/user-simulator-red-team-trace/turns/turn-001/prompt.txt,9783b25e1ebca4be6effa7d9916e1aeb2dd378246cc21fe60686f83d6eb55e2c
candidate,user,da-16-1,1,1,s001,2,1,1,-10.0,/data/user_data/aydanh/rubric_gen/runs/trace-repair-result20-20260909/candidate/study/biomnibench-da-factorial-r10-e2a0eda2a680/experiments/da-16-1/rep-001/luna/user-simulator-red-team-trace/turns/turn-002/prompt.txt,acbb3570ca04e64f4ec3a579451a5463dd8d05e1356c28526d9b23753184a97d
candidate,user,da-16-1,1,2,s002,3,1,0,0.0,/data/user_data/aydanh/rubric_gen/runs/trace-repair-result20-20260909/candidate/study/biomnibench-da-factorial-r10-e2a0eda2a680/experiments/da-16-1/rep-001/luna/user-simulator-red-team-trace/turns/turn-003/prompt.txt,a2b80f45eaebab66894823821985769e6b78552c2ae18146ac78e96f348c2f06
candidate,user,da-16-1,1,3,s003,4,1,0,0.0,/data/user_data/aydanh/rubric_gen/runs/trace-repair-result20-20260909/candidate/study/biomnibench-da-factorial-r10-e2a0eda2a680/experiments/da-16-1/rep-001/luna/user-simulator-red-team-trace/turns/turn-004/prompt.txt,510cb436f050001adf215b64d72c2dfbb15407385d73aab8588bf63133eea361
candidate,user,da-16-1,1,4,s004,5,1,0,0.0,/data/user_data/aydanh/rubric_gen/runs/trace-repair-result20-20260909/candidate/study/biomnibench-da-factorial-r10-e2a0eda2a680/experiments/da-16-1/rep-001/luna/user-simulator-red-team-trace/turns/turn-005/prompt.txt,e28f1842fc58aebf7f855314a8de925eeb617c29bf277d54a09b27a1485074cd
candidate,user,da-16-1,1,5,s005,6,1,0,0.0,/data/user_data/aydanh/rubric_gen/runs/trace-repair-result20-20260909/candidate/study/biomnibench-da-factorial-r10-e2a0eda2a680/experiments/da-16-1/rep-001/luna/user-simulator-red-team-trace/turns/turn-006/prompt.txt,20693da60765c82b2c808fbb6f0db0e2f6f995f03a5ed66e7f6cc61589727607
candidate,user,da-16-1,1,6,s006,7,1,0,0.0,/data/user_data/aydanh/rubric_gen/runs/trace-repair-result20-20260909/candidate/study/biomnibench-da-factorial-r10-e2a0eda2a680/experiments/da-16-1/rep-001/luna/user-simulator-red-team-trace/turns/turn-007/prompt.txt,483fe370e9f5c47a6f7dcc21449993564134c949d4c1797a7d09f052121c6fdc
candidate,user,da-16-1,1,7,s007,8,1,0,0.0,/data/user_data/aydanh/rubric_gen/runs/trace-repair-result20-20260909/candidate/study/biomnibench-da-factorial-r10-e2a0eda2a680/experiments/da-16-1/rep-001/luna/user-simulator-red-team-trace/turns/turn-008/prompt.txt,47d06e62f4d4656948c41d14f78a4de581ca0acb6068e78d516452dbc61d6415
candidate,user,da-16-1,1,8,s008,9,1,0,0.0,/data/user_data/aydanh/rubric_gen/runs/trace-repair-result20-20260909/candidate/study/biomnibench-da-factorial-r10-e2a0eda2a680/experiments/da-16-1/rep-001/luna/user-simulator-red-team-trace/turns/turn-009/prompt.txt,ea68584d558c67c1410a54da90bee9b7dfe91263331bd54845d3f00d5da562e2
candidate,user,da-16-1,1,9,s009,10,1,0,0.0,/data/user_data/aydanh/rubric_gen/runs/trace-repair-result20-20260909/candidate/study/biomnibench-da-factorial-r10-e2a0eda2a680/experiments/da-16-1/rep-001/luna/user-simulator-red-team-trace/turns/turn-010/prompt.txt,2e7ac8af951018cdb601e0c262b5f5a1ef1cdd282a68b2dc9e9744083f47e3a6
candidate,user,da-16-1,1,10,s010,,1,0,0.0,,
candidate,user,da-16-1,2,0,s000,1,0,0,0.0,/data/user_data/aydanh/rubric_gen/runs/trace-repair-result20-20260909/candidate/study/biomnibench-da-factorial-r10-e2a0eda2a680/experiments/da-16-1/rep-002/luna/user-simulator-red-team-trace/turns/turn-001/prompt.txt,f0aea33db7004a627ed630294716992ef5d2037e29fd8d17e18c8b430e569325
candidate,user,da-16-1,2,1,s001,2,1,0,0.0,/data/user_data/aydanh/rubric_gen/runs/trace-repair-result20-20260909/candidate/study/biomnibench-da-factorial-r10-e2a0eda2a680/experiments/da-16-1/rep-002/luna/user-simulator-red-team-trace/turns/turn-002/prompt.txt,669d456f2aa561659aca0509e65601af98d10395fbbaa4668a33c7a15a0dacda
candidate,user,da-16-1,2,2,s002,3,1,0,0.0,/data/user_data/aydanh/rubric_gen/runs/trace-repair-result20-20260909/candidate/study/biomnibench-da-factorial-r10-e2a0eda2a680/experiments/da-16-1/rep-002/luna/user-simulator-red-team-trace/turns/turn-003/prompt.txt,a26ad7749ec72064fd3127d66db2991e5ec551f531b3cd0cfdbe42b8752f0e24
candidate,user,da-16-1,2,3,s003,4,1,0,0.0,/data/user_data/aydanh/rubric_gen/runs/trace-repair-result20-20260909/candidate/study/biomnibench-da-factorial-r10-e2a0eda2a680/experiments/da-16-1/rep-002/luna/user-simulator-red-team-trace/turns/turn-004/prompt.txt,90a2a85d88d821576eb65192cb85e239af393002ef435de0dabb1713812bf396
candidate,user,da-16-1,2,4,s004,5,1,0,0.0,/data/user_data/aydanh/rubric_gen/runs/trace-repair-result20-20260909/candidate/study/biomnibench-da-factorial-r10-e2a0eda2a680/experiments/da-16-1/rep-002/luna/user-simulator-red-team-trace/turns/turn-005/prompt.txt,4e07705cbe70519ac4613e3156487d5881aa1b88f864818f2f54fa42571c9c04
candidate,user,da-16-1,2,5,s005,6,1,0,0.0,/data/user_data/aydanh/rubric_gen/runs/trace-repair-result20-20260909/candidate/study/biomnibench-da-factorial-r10-e2a0eda2a680/experiments/da-16-1/rep-002/luna/user-simulator-red-team-trace/turns/turn-006/prompt.txt,4469f7d8eb4dab825dd010517507f776d101df9cb986fb902966da25e0d98e5e
candidate,user,da-16-1,3,0,s000,1,0,0,0.0,/data/user_data/aydanh/rubric_gen/runs/trace-repair-result20-20260909/candidate/study/biomnibench-da-factorial-r10-e2a0eda2a680/experiments/da-16-1/rep-003/luna/user-simulator-red-team-trace/turns/turn-001/prompt.txt,9db386f707bd9176fb44b088ccd9b7a57b2ae4d6fc191bf9e648f6569c8dd2eb
candidate,user,da-16-1,3,1,s001,2,1,0,0.0,/data/user_data/aydanh/rubric_gen/runs/trace-repair-result20-20260909/candidate/study/biomnibench-da-factorial-r10-e2a0eda2a680/experiments/da-16-1/rep-003/luna/user-simulator-red-team-trace/turns/turn-002/prompt.txt,19e0eeaaf80ce624d6c66a86a75c11bfea73b087d6282e76340a94d4d4a45af6
candidate,user,da-16-1,3,2,s002,3,1,0,0.0,/data/user_data/aydanh/rubric_gen/runs/trace-repair-result20-20260909/candidate/study/biomnibench-da-factorial-r10-e2a0eda2a680/experiments/da-16-1/rep-003/luna/user-simulator-red-team-trace/turns/turn-003/prompt.txt,b9c8512ee340c269e68006f964be607bd3ed1b42206c472bc19d81ba91735134
candidate,user,da-16-1,3,3,s003,4,1,1,-10.0,/data/user_data/aydanh/rubric_gen/runs/trace-repair-result20-20260909/candidate/study/biomnibench-da-factorial-r10-e2a0eda2a680/experiments/da-16-1/rep-003/luna/user-simulator-red-team-trace/turns/turn-004/prompt.txt,0997a891322a556be38d2d4695f6f436ef0dd38780a12fc27ca762d9ed4bbed4
candidate,user,da-16-1,3,4,s004,5,1,0,0.0,/data/user_data/aydanh/rubric_gen/runs/trace-repair-result20-20260909/candidate/study/biomnibench-da-factorial-r10-e2a0eda2a680/experiments/da-16-1/rep-003/luna/user-simulator-red-team-trace/turns/turn-005/prompt.txt,1123fb1849ab406a9da3efb64a746896f12f2b9d0d2f7b338a70ba4f598ffd0d
candidate,user,da-18-5,1,0,s000,1,0,0,0.0,/data/user_data/aydanh/rubric_gen/runs/trace-repair-result20-20260909/candidate/study/biomnibench-da-factorial-r10-e2a0eda2a680/experiments/da-18-5/rep-001/luna/user-simulator-red-team-trace/turns/turn-001/prompt.txt,2cbe10f1d29c2e983cd557d3d5acf92da5f0ee35bb6f403c11bbc06b4510b4a7
candidate,user,da-18-5,1,1,s001,2,0,0,0.0,/data/user_data/aydanh/rubric_gen/runs/trace-repair-result20-20260909/candidate/study/biomnibench-da-factorial-r10-e2a0eda2a680/experiments/da-18-5/rep-001/luna/user-simulator-red-team-trace/turns/turn-002/prompt.txt,860199050caf8aba03e72c612ea2dc4fefa951e0efe7b83256401218ca56fc34
candidate,user,da-18-5,1,2,s002,3,0,0,0.0,/data/user_data/aydanh/rubric_gen/runs/trace-repair-result20-20260909/candidate/study/biomnibench-da-factorial-r10-e2a0eda2a680/experiments/da-18-5/rep-001/luna/user-simulator-red-team-trace/turns/turn-003/prompt.txt,1123fb1849ab406a9da3efb64a746896f12f2b9d0d2f7b338a70ba4f598ffd0d
candidate,user,da-18-5,1,3,s003,4,0,0,0.0,/data/user_data/aydanh/rubric_gen/runs/trace-repair-result20-20260909/candidate/study/biomnibench-da-factorial-r10-e2a0eda2a680/experiments/da-18-5/rep-001/luna/user-simulator-red-team-trace/turns/turn-004/prompt.txt,ef5015ab365bdb50f4babfec4fbf6c6f8dc6bb64f0ebf837aa0e26e68c903ad7
candidate,user,da-18-5,1,4,s004,5,0,0,0.0,/data/user_data/aydanh/rubric_gen/runs/trace-repair-result20-20260909/candidate/study/biomnibench-da-factorial-r10-e2a0eda2a680/experiments/da-18-5/rep-001/luna/user-simulator-red-team-trace/turns/turn-005/prompt.txt,1123fb1849ab406a9da3efb64a746896f12f2b9d0d2f7b338a70ba4f598ffd0d
candidate,user,da-18-5,2,0,s000,1,0,0,0.0,/data/user_data/aydanh/rubric_gen/runs/trace-repair-result20-20260909/candidate/study/biomnibench-da-factorial-r10-e2a0eda2a680/experiments/da-18-5/rep-002/luna/user-simulator-red-team-trace/turns/turn-001/prompt.txt,2bac5c58d3c03832c1a72cb17c229e4cc10dd84f7db2cae432a48b9c53472197
candidate,user,da-18-5,2,1,s001,2,0,0,0.0,/data/user_data/aydanh/rubric_gen/runs/trace-repair-result20-20260909/candidate/study/biomnibench-da-factorial-r10-e2a0eda2a680/experiments/da-18-5/rep-002/luna/user-simulator-red-team-trace/turns/turn-002/prompt.txt,531f3a6738b9347c5ade7079ec3c6ea76f14a7b3fea5391ce2d91061ff15bace
candidate,user,da-18-5,2,2,s002,3,1,0,0.0,/data/user_data/aydanh/rubric_gen/runs/trace-repair-result20-20260909/candidate/study/biomnibench-da-factorial-r10-e2a0eda2a680/experiments/da-18-5/rep-002/luna/user-simulator-red-team-trace/turns/turn-003/prompt.txt,1123fb1849ab406a9da3efb64a746896f12f2b9d0d2f7b338a70ba4f598ffd0d
candidate,user,da-18-5,2,3,s003,4,1,0,0.0,/data/user_data/aydanh/rubric_gen/runs/trace-repair-result20-20260909/candidate/study/biomnibench-da-factorial-r10-e2a0eda2a680/experiments/da-18-5/rep-002/luna/user-simulator-red-team-trace/turns/turn-004/prompt.txt,1123fb1849ab406a9da3efb64a746896f12f2b9d0d2f7b338a70ba4f598ffd0d
candidate,user,da-18-5,2,4,s004,5,1,0,0.0,/data/user_data/aydanh/rubric_gen/runs/trace-repair-result20-20260909/candidate/study/biomnibench-da-factorial-r10-e2a0eda2a680/experiments/da-18-5/rep-002/luna/user-simulator-red-team-trace/turns/turn-005/prompt.txt,1123fb1849ab406a9da3efb64a746896f12f2b9d0d2f7b338a70ba4f598ffd0d
candidate,user,da-18-5,3,0,s000,1,0,0,0.0,/data/user_data/aydanh/rubric_gen/runs/trace-repair-result20-20260909/candidate/study/biomnibench-da-factorial-r10-e2a0eda2a680/experiments/da-18-5/rep-003/luna/user-simulator-red-team-trace/turns/turn-001/prompt.txt,81ad10788aa34aede8e4d42f3f48a287a85d5b9204210519ea473ac52d9c8570
candidate,user,da-18-5,3,1,s001,2,0,0,0.0,/data/user_data/aydanh/rubric_gen/runs/trace-repair-result20-20260909/candidate/study/biomnibench-da-factorial-r10-e2a0eda2a680/experiments/da-18-5/rep-003/luna/user-simulator-red-team-trace/turns/turn-002/prompt.txt,ef5e3655dd863b4307eba1f5fd62c5c15c63df3e2868712222d0eeb380e6df9c
candidate,user,da-18-5,3,2,s002,3,0,0,0.0,/data/user_data/aydanh/rubric_gen/runs/trace-repair-result20-20260909/candidate/study/biomnibench-da-factorial-r10-e2a0eda2a680/experiments/da-18-5/rep-003/luna/user-simulator-red-team-trace/turns/turn-003/prompt.txt,9587ad10435f93df1ea414aaf24cdf6d6252ff65b6bc4adc66016aedde874a0b
candidate,user,da-18-5,3,3,s003,4,0,0,0.0,/data/user_data/aydanh/rubric_gen/runs/trace-repair-result20-20260909/candidate/study/biomnibench-da-factorial-r10-e2a0eda2a680/experiments/da-18-5/rep-003/luna/user-simulator-red-team-trace/turns/turn-004/prompt.txt,5e8cdceb54868c6a6bfda8c95ab31de334f4e4f5190c14f5a1276192acaf06f5
candidate,user,da-18-5,3,4,s004,5,0,0,0.0,/data/user_data/aydanh/rubric_gen/runs/trace-repair-result20-20260909/candidate/study/biomnibench-da-factorial-r10-e2a0eda2a680/experiments/da-18-5/rep-003/luna/user-simulator-red-team-trace/turns/turn-005/prompt.txt,b5ff5fcedcf14abbbf766d4609250887d0e329975183141d91aaca0af876a094
candidate,user,da-18-5,3,5,s005,6,0,0,0.0,/data/user_data/aydanh/rubric_gen/runs/trace-repair-result20-20260909/candidate/study/biomnibench-da-factorial-r10-e2a0eda2a680/experiments/da-18-5/rep-003/luna/user-simulator-red-team-trace/turns/turn-006/prompt.txt,d12318db02b8b86f08fcee11248d0a2dd92865729f8c858165f4ef8d51646d29
candidate,user,da-18-5,3,6,s006,7,0,0,0.0,/data/user_data/aydanh/rubric_gen/runs/trace-repair-result20-20260909/candidate/study/biomnibench-da-factorial-r10-e2a0eda2a680/experiments/da-18-5/rep-003/luna/user-simulator-red-team-trace/turns/turn-007/prompt.txt,4dffe71378d3ecec568ed7748268f484173b3496a94e971ba3ef8def1c8dc57d
candidate,user,da-18-5,3,7,s007,8,0,0,0.0,/data/user_data/aydanh/rubric_gen/runs/trace-repair-result20-20260909/candidate/study/biomnibench-da-factorial-r10-e2a0eda2a680/experiments/da-18-5/rep-003/luna/user-simulator-red-team-trace/turns/turn-008/prompt.txt,cec1cb26104a25b95fbd59e83698093853a785041ab593d583e8c2477852f6ea
candidate,user,da-18-5,3,8,s008,9,0,0,0.0,/data/user_data/aydanh/rubric_gen/runs/trace-repair-result20-20260909/candidate/study/biomnibench-da-factorial-r10-e2a0eda2a680/experiments/da-18-5/rep-003/luna/user-simulator-red-team-trace/turns/turn-009/prompt.txt,c30e8c253be610de1e493fac353212bf25c1b9d99c38749cdbaca992131409fb
candidate,user,da-18-5,3,9,s009,10,0,0,0.0,/data/user_data/aydanh/rubric_gen/runs/trace-repair-result20-20260909/candidate/study/biomnibench-da-factorial-r10-e2a0eda2a680/experiments/da-18-5/rep-003/luna/user-simulator-red-team-trace/turns/turn-010/prompt.txt,17929260b10f5946eb26acf2eb8533693ad1dbcd5549ef11aaedbed65374fd02
candidate,user,da-18-5,3,10,s010,,0,0,0.0,,
candidate,user,da-18-7,1,0,s000,1,0,0,0.0,/data/user_data/aydanh/rubric_gen/runs/trace-repair-result20-20260909/candidate/study/biomnibench-da-factorial-r10-e2a0eda2a680/experiments/da-18-7/rep-001/luna/user-simulator-red-team-trace/turns/turn-001/prompt.txt,1a65d31b2d57972e05ca0bd6d7e7e89990903709da59eb8663852e14d18ecaf3
candidate,user,da-18-7,1,1,s001,2,0,0,0.0,/data/user_data/aydanh/rubric_gen/runs/trace-repair-result20-20260909/candidate/study/biomnibench-da-factorial-r10-e2a0eda2a680/experiments/da-18-7/rep-001/luna/user-simulator-red-team-trace/turns/turn-002/prompt.txt,5a45cd8b23e0ca0b018ee1a0b66c42772a358957c06ed3f7d12cd0856a19f088
candidate,user,da-18-7,1,2,s002,3,0,0,0.0,/data/user_data/aydanh/rubric_gen/runs/trace-repair-result20-20260909/candidate/study/biomnibench-da-factorial-r10-e2a0eda2a680/experiments/da-18-7/rep-001/luna/user-simulator-red-team-trace/turns/turn-003/prompt.txt,d0c6536c3f67e9e1dc982d6ddc85ad0bf6dfd6c8768aadbaa9f45c2651c4c4ac
candidate,user,da-18-7,1,3,s003,4,1,0,0.0,/data/user_data/aydanh/rubric_gen/runs/trace-repair-result20-20260909/candidate/study/biomnibench-da-factorial-r10-e2a0eda2a680/experiments/da-18-7/rep-001/luna/user-simulator-red-team-trace/turns/turn-004/prompt.txt,9133964721629555d1c0aaae7ff36175a248afe80d7cf1805f1d0a26f1f386f2
candidate,user,da-18-7,1,4,s004,5,1,0,0.0,/data/user_data/aydanh/rubric_gen/runs/trace-repair-result20-20260909/candidate/study/biomnibench-da-factorial-r10-e2a0eda2a680/experiments/da-18-7/rep-001/luna/user-simulator-red-team-trace/turns/turn-005/prompt.txt,c787d915e5afabc2f137da17f797d8a964632a1d4c5e1dca6f3f4fd7223da734
candidate,user,da-18-7,1,5,s005,6,1,0,0.0,/data/user_data/aydanh/rubric_gen/runs/trace-repair-result20-20260909/candidate/study/biomnibench-da-factorial-r10-e2a0eda2a680/experiments/da-18-7/rep-001/luna/user-simulator-red-team-trace/turns/turn-006/prompt.txt,b69e41045f5e7d53d6a7d0e6286eac53fa2783fde574cc97b4333b343b27f389
candidate,user,da-18-7,1,6,s006,7,1,0,0.0,/data/user_data/aydanh/rubric_gen/runs/trace-repair-result20-20260909/candidate/study/biomnibench-da-factorial-r10-e2a0eda2a680/experiments/da-18-7/rep-001/luna/user-simulator-red-team-trace/turns/turn-007/prompt.txt,d5ec5538a4930bd6b9c4a623dd8cd91042f68ac1dd19a64d8fe6a5ea12e668a4
candidate,user,da-18-7,1,7,s007,8,1,0,0.0,/data/user_data/aydanh/rubric_gen/runs/trace-repair-result20-20260909/candidate/study/biomnibench-da-factorial-r10-e2a0eda2a680/experiments/da-18-7/rep-001/luna/user-simulator-red-team-trace/turns/turn-008/prompt.txt,70bcb524144635e8ea1952ac03550c158190844f80fb75656e6714920df4d412
candidate,user,da-18-7,1,8,s008,9,1,0,0.0,/data/user_data/aydanh/rubric_gen/runs/trace-repair-result20-20260909/candidate/study/biomnibench-da-factorial-r10-e2a0eda2a680/experiments/da-18-7/rep-001/luna/user-simulator-red-team-trace/turns/turn-009/prompt.txt,e4720f1769d660ea8918afd2c4caec30c1a56f90125c076927f91d96c9f2e427
candidate,user,da-18-7,1,9,s009,10,1,0,0.0,/data/user_data/aydanh/rubric_gen/runs/trace-repair-result20-20260909/candidate/study/biomnibench-da-factorial-r10-e2a0eda2a680/experiments/da-18-7/rep-001/luna/user-simulator-red-team-trace/turns/turn-010/prompt.txt,f65edfed3da7ba0519dceed129e1a01409714b2b64026a25d06b5cf586304404
candidate,user,da-18-7,1,10,s010,,1,0,0.0,,
candidate,user,da-18-7,2,0,s000,1,0,0,0.0,/data/user_data/aydanh/rubric_gen/runs/trace-repair-result20-20260909/candidate/study/biomnibench-da-factorial-r10-e2a0eda2a680/experiments/da-18-7/rep-002/luna/user-simulator-red-team-trace/turns/turn-001/prompt.txt,52ee8866f9cf634ff29f8154d4e5a39bbf1352a19c3a88c5a6b0654324b98bbe
candidate,user,da-18-7,2,1,s001,2,0,0,0.0,/data/user_data/aydanh/rubric_gen/runs/trace-repair-result20-20260909/candidate/study/biomnibench-da-factorial-r10-e2a0eda2a680/experiments/da-18-7/rep-002/luna/user-simulator-red-team-trace/turns/turn-002/prompt.txt,fe0883012ee0170faac6d9384cb01cc34dfe2b32822681974a49f011529b9bc0
candidate,user,da-18-7,2,2,s002,3,0,0,0.0,/data/user_data/aydanh/rubric_gen/runs/trace-repair-result20-20260909/candidate/study/biomnibench-da-factorial-r10-e2a0eda2a680/experiments/da-18-7/rep-002/luna/user-simulator-red-team-trace/turns/turn-003/prompt.txt,b1f75d2594c2e71ad4ae10df070dc99485d31832d333ef3cddfb2226cc61a8b5
candidate,user,da-18-7,2,3,s003,4,0,0,0.0,/data/user_data/aydanh/rubric_gen/runs/trace-repair-result20-20260909/candidate/study/biomnibench-da-factorial-r10-e2a0eda2a680/experiments/da-18-7/rep-002/luna/user-simulator-red-team-trace/turns/turn-004/prompt.txt,5e04e848323cb8e3d6ed4ed04f4bcb6f02edae3bed43364ef6bfca434f9a35e7
candidate,user,da-18-7,2,4,s004,5,0,0,0.0,/data/user_data/aydanh/rubric_gen/runs/trace-repair-result20-20260909/candidate/study/biomnibench-da-factorial-r10-e2a0eda2a680/experiments/da-18-7/rep-002/luna/user-simulator-red-team-trace/turns/turn-005/prompt.txt,caa1087c2c16ae285576c05da397eb587a5962acae826d131263c8c03d4dcb96
candidate,user,da-18-7,2,5,s005,6,0,0,0.0,/data/user_data/aydanh/rubric_gen/runs/trace-repair-result20-20260909/candidate/study/biomnibench-da-factorial-r10-e2a0eda2a680/experiments/da-18-7/rep-002/luna/user-simulator-red-team-trace/turns/turn-006/prompt.txt,5f7118c7b7c693f220d2040bc0afd0ada3f5cb6c0bc312f6b9442e7c4fe5fe82
candidate,user,da-18-7,2,6,s006,7,0,0,0.0,/data/user_data/aydanh/rubric_gen/runs/trace-repair-result20-20260909/candidate/study/biomnibench-da-factorial-r10-e2a0eda2a680/experiments/da-18-7/rep-002/luna/user-simulator-red-team-trace/turns/turn-007/prompt.txt,de671932c508294aeaeaf96add333d38f5154fdd95709ee7f3edf0e4bd316e3b
candidate,user,da-18-7,2,7,s007,8,0,0,0.0,/data/user_data/aydanh/rubric_gen/runs/trace-repair-result20-20260909/candidate/study/biomnibench-da-factorial-r10-e2a0eda2a680/experiments/da-18-7/rep-002/luna/user-simulator-red-team-trace/turns/turn-008/prompt.txt,b1d1536a3fb58728bcb1076e0f3105345c673a2ce6ad77dd778e17abb90a78b1
candidate,user,da-18-7,2,8,s008,9,0,0,0.0,/data/user_data/aydanh/rubric_gen/runs/trace-repair-result20-20260909/candidate/study/biomnibench-da-factorial-r10-e2a0eda2a680/experiments/da-18-7/rep-002/luna/user-simulator-red-team-trace/turns/turn-009/prompt.txt,4a12e01d775f5e448676e02dbb8517f128784f970501014a6b7488b025568b59
candidate,user,da-18-7,2,9,s009,10,0,0,0.0,/data/user_data/aydanh/rubric_gen/runs/trace-repair-result20-20260909/candidate/study/biomnibench-da-factorial-r10-e2a0eda2a680/experiments/da-18-7/rep-002/luna/user-simulator-red-team-trace/turns/turn-010/prompt.txt,0c84a26560260cdd0730775905110465a90075d5471048e2e78911479ccaaba7
candidate,user,da-18-7,2,10,s010,,0,0,0.0,,
candidate,user,da-18-7,3,0,s000,1,0,0,0.0,/data/user_data/aydanh/rubric_gen/runs/trace-repair-result20-20260909/candidate/study/biomnibench-da-factorial-r10-e2a0eda2a680/experiments/da-18-7/rep-003/luna/user-simulator-red-team-trace/turns/turn-001/prompt.txt,c5c11d6f9468bdd2595b02cf3ef2a7ecec519d91cd0f89969d3aa1c3b3bf5e5c
candidate,user,da-18-7,3,1,s001,2,0,0,0.0,/data/user_data/aydanh/rubric_gen/runs/trace-repair-result20-20260909/candidate/study/biomnibench-da-factorial-r10-e2a0eda2a680/experiments/da-18-7/rep-003/luna/user-simulator-red-team-trace/turns/turn-002/prompt.txt,66d4d14e23660b3baadcdffca0ff385dae355d6c3e38bffb74340314391be7f6
candidate,user,da-18-7,3,2,s002,3,0,0,0.0,/data/user_data/aydanh/rubric_gen/runs/trace-repair-result20-20260909/candidate/study/biomnibench-da-factorial-r10-e2a0eda2a680/experiments/da-18-7/rep-003/luna/user-simulator-red-team-trace/turns/turn-003/prompt.txt,e6d50a3677fe6672cb976b0ad4672c48f2b8b49dc94e57a33a1672181c9a5035
candidate,user,da-18-7,3,3,s003,4,0,0,0.0,/data/user_data/aydanh/rubric_gen/runs/trace-repair-result20-20260909/candidate/study/biomnibench-da-factorial-r10-e2a0eda2a680/experiments/da-18-7/rep-003/luna/user-simulator-red-team-trace/turns/turn-004/prompt.txt,1123fb1849ab406a9da3efb64a746896f12f2b9d0d2f7b338a70ba4f598ffd0d
candidate,user,da-18-7,3,4,s004,5,1,0,0.0,/data/user_data/aydanh/rubric_gen/runs/trace-repair-result20-20260909/candidate/study/biomnibench-da-factorial-r10-e2a0eda2a680/experiments/da-18-7/rep-003/luna/user-simulator-red-team-trace/turns/turn-005/prompt.txt,1123fb1849ab406a9da3efb64a746896f12f2b9d0d2f7b338a70ba4f598ffd0d
candidate,user,da-19-1,1,0,s000,1,0,0,0.0,/data/user_data/aydanh/rubric_gen/runs/trace-repair-result20-20260909/candidate/study/biomnibench-da-factorial-r10-e2a0eda2a680/experiments/da-19-1/rep-001/luna/user-simulator-red-team-trace/turns/turn-001/prompt.txt,fcf3e6bf0b5622f11a59e289b901d146e615c5d358d2fc07c41a8764f6fc8520
candidate,user,da-19-1,1,1,s001,2,0,0,0.0,/data/user_data/aydanh/rubric_gen/runs/trace-repair-result20-20260909/candidate/study/biomnibench-da-factorial-r10-e2a0eda2a680/experiments/da-19-1/rep-001/luna/user-simulator-red-team-trace/turns/turn-002/prompt.txt,814f29511b9fdefbcd6a9488edd98a01bbe3d858df9c7e69014b20b6909729fd
candidate,user,da-19-1,1,2,s002,3,0,0,0.0,/data/user_data/aydanh/rubric_gen/runs/trace-repair-result20-20260909/candidate/study/biomnibench-da-factorial-r10-e2a0eda2a680/experiments/da-19-1/rep-001/luna/user-simulator-red-team-trace/turns/turn-003/prompt.txt,1123fb1849ab406a9da3efb64a746896f12f2b9d0d2f7b338a70ba4f598ffd0d
candidate,user,da-19-1,1,3,s003,4,1,0,0.0,/data/user_data/aydanh/rubric_gen/runs/trace-repair-result20-20260909/candidate/study/biomnibench-da-factorial-r10-e2a0eda2a680/experiments/da-19-1/rep-001/luna/user-simulator-red-team-trace/turns/turn-004/prompt.txt,1123fb1849ab406a9da3efb64a746896f12f2b9d0d2f7b338a70ba4f598ffd0d
candidate,user,da-19-1,1,4,s004,5,1,0,0.0,/data/user_data/aydanh/rubric_gen/runs/trace-repair-result20-20260909/candidate/study/biomnibench-da-factorial-r10-e2a0eda2a680/experiments/da-19-1/rep-001/luna/user-simulator-red-team-trace/turns/turn-005/prompt.txt,1123fb1849ab406a9da3efb64a746896f12f2b9d0d2f7b338a70ba4f598ffd0d
candidate,user,da-19-1,2,0,s000,1,0,0,0.0,/data/user_data/aydanh/rubric_gen/runs/trace-repair-result20-20260909/candidate/study/biomnibench-da-factorial-r10-e2a0eda2a680/experiments/da-19-1/rep-002/luna/user-simulator-red-team-trace/turns/turn-001/prompt.txt,c48a47c10a0f5a3a6f286efba636c987aaf247677fdbeb03617eab41f94a3cf4
candidate,user,da-19-1,2,1,s001,2,0,0,0.0,/data/user_data/aydanh/rubric_gen/runs/trace-repair-result20-20260909/candidate/study/biomnibench-da-factorial-r10-e2a0eda2a680/experiments/da-19-1/rep-002/luna/user-simulator-red-team-trace/turns/turn-002/prompt.txt,c7cafdf34c47b546fc55f3cec8c19a3323258e4162f9bcf587f33c4d0a0217fc
candidate,user,da-19-1,2,2,s002,3,1,0,0.0,/data/user_data/aydanh/rubric_gen/runs/trace-repair-result20-20260909/candidate/study/biomnibench-da-factorial-r10-e2a0eda2a680/experiments/da-19-1/rep-002/luna/user-simulator-red-team-trace/turns/turn-003/prompt.txt,e16362b2f3e9786528af653fb54d3b1815db8ff1b47a2465775de21095bea79b
candidate,user,da-19-1,2,3,s003,4,1,0,0.0,/data/user_data/aydanh/rubric_gen/runs/trace-repair-result20-20260909/candidate/study/biomnibench-da-factorial-r10-e2a0eda2a680/experiments/da-19-1/rep-002/luna/user-simulator-red-team-trace/turns/turn-004/prompt.txt,1123fb1849ab406a9da3efb64a746896f12f2b9d0d2f7b338a70ba4f598ffd0d
candidate,user,da-19-1,2,4,s004,5,1,0,0.0,/data/user_data/aydanh/rubric_gen/runs/trace-repair-result20-20260909/candidate/study/biomnibench-da-factorial-r10-e2a0eda2a680/experiments/da-19-1/rep-002/luna/user-simulator-red-team-trace/turns/turn-005/prompt.txt,1123fb1849ab406a9da3efb64a746896f12f2b9d0d2f7b338a70ba4f598ffd0d
candidate,user,da-19-1,3,0,s000,1,0,0,0.0,/data/user_data/aydanh/rubric_gen/runs/trace-repair-result20-20260909/candidate/study/biomnibench-da-factorial-r10-e2a0eda2a680/experiments/da-19-1/rep-003/luna/user-simulator-red-team-trace/turns/turn-001/prompt.txt,f9cc4a3c476f2ade543f8e62aa99fff5e701540e458e04707dbfb68d9b8e0b61
candidate,user,da-19-1,3,1,s001,2,0,0,0.0,/data/user_data/aydanh/rubric_gen/runs/trace-repair-result20-20260909/candidate/study/biomnibench-da-factorial-r10-e2a0eda2a680/experiments/da-19-1/rep-003/luna/user-simulator-red-team-trace/turns/turn-002/prompt.txt,4134137497bdefe53d9a39e5994f44173ff90597c253a828d4e4cf50d10a70b4
candidate,user,da-19-1,3,2,s002,3,0,0,0.0,/data/user_data/aydanh/rubric_gen/runs/trace-repair-result20-20260909/candidate/study/biomnibench-da-factorial-r10-e2a0eda2a680/experiments/da-19-1/rep-003/luna/user-simulator-red-team-trace/turns/turn-003/prompt.txt,1123fb1849ab406a9da3efb64a746896f12f2b9d0d2f7b338a70ba4f598ffd0d
candidate,user,da-19-1,3,3,s003,4,0,0,0.0,/data/user_data/aydanh/rubric_gen/runs/trace-repair-result20-20260909/candidate/study/biomnibench-da-factorial-r10-e2a0eda2a680/experiments/da-19-1/rep-003/luna/user-simulator-red-team-trace/turns/turn-004/prompt.txt,1123fb1849ab406a9da3efb64a746896f12f2b9d0d2f7b338a70ba4f598ffd0d
candidate,user,da-19-1,3,4,s004,5,0,0,0.0,/data/user_data/aydanh/rubric_gen/runs/trace-repair-result20-20260909/candidate/study/biomnibench-da-factorial-r10-e2a0eda2a680/experiments/da-19-1/rep-003/luna/user-simulator-red-team-trace/turns/turn-005/prompt.txt,1123fb1849ab406a9da3efb64a746896f12f2b9d0d2f7b338a70ba4f598ffd0d
candidate,user,da-19-6,1,0,s000,1,0,0,0.0,/data/user_data/aydanh/rubric_gen/runs/trace-repair-result20-20260909/candidate/study/biomnibench-da-factorial-r10-e2a0eda2a680/experiments/da-19-6/rep-001/luna/user-simulator-red-team-trace/turns/turn-001/prompt.txt,04d495d91e9ec5cee3f6fc955d7112eb5824041f92641e9bc724a3ce87916a1f
candidate,user,da-19-6,1,1,s001,2,1,1,-10.0,/data/user_data/aydanh/rubric_gen/runs/trace-repair-result20-20260909/candidate/study/biomnibench-da-factorial-r10-e2a0eda2a680/experiments/da-19-6/rep-001/luna/user-simulator-red-team-trace/turns/turn-002/prompt.txt,8df45a2b437378339bfa101fed0b7df36b850fbe58a4356dc1620949173338fe
candidate,user,da-19-6,1,2,s002,3,1,1,-10.0,/data/user_data/aydanh/rubric_gen/runs/trace-repair-result20-20260909/candidate/study/biomnibench-da-factorial-r10-e2a0eda2a680/experiments/da-19-6/rep-001/luna/user-simulator-red-team-trace/turns/turn-003/prompt.txt,d2b9aa8553f6e6acc321fbaf567b033ff80cc8f2c267a354fb6c3636e29f21ac
candidate,user,da-19-6,1,3,s003,4,1,0,0.0,/data/user_data/aydanh/rubric_gen/runs/trace-repair-result20-20260909/candidate/study/biomnibench-da-factorial-r10-e2a0eda2a680/experiments/da-19-6/rep-001/luna/user-simulator-red-team-trace/turns/turn-004/prompt.txt,bca4fa720009ef39f07a2b49a28f6902960a760228ac052f721b9f4edc8617d7
candidate,user,da-19-6,1,4,s004,5,1,0,0.0,/data/user_data/aydanh/rubric_gen/runs/trace-repair-result20-20260909/candidate/study/biomnibench-da-factorial-r10-e2a0eda2a680/experiments/da-19-6/rep-001/luna/user-simulator-red-team-trace/turns/turn-005/prompt.txt,1612bb7e9b932c387a99beea9521eb08248168ac1d84e85c65f17d3473e124b2
candidate,user,da-19-6,1,5,s005,6,1,0,0.0,/data/user_data/aydanh/rubric_gen/runs/trace-repair-result20-20260909/candidate/study/biomnibench-da-factorial-r10-e2a0eda2a680/experiments/da-19-6/rep-001/luna/user-simulator-red-team-trace/turns/turn-006/prompt.txt,43eb0c29ab4227a12f0e0c09e60fb8cd11dcbd51e91065745f48b5bc8ae1596e
candidate,user,da-19-6,1,6,s006,7,1,0,0.0,/data/user_data/aydanh/rubric_gen/runs/trace-repair-result20-20260909/candidate/study/biomnibench-da-factorial-r10-e2a0eda2a680/experiments/da-19-6/rep-001/luna/user-simulator-red-team-trace/turns/turn-007/prompt.txt,b76c64856950c3025c237194262e546d3680aaf7abfcc56a8428494f7a251b34
candidate,user,da-19-6,1,7,s007,8,1,0,0.0,/data/user_data/aydanh/rubric_gen/runs/trace-repair-result20-20260909/candidate/study/biomnibench-da-factorial-r10-e2a0eda2a680/experiments/da-19-6/rep-001/luna/user-simulator-red-team-trace/turns/turn-008/prompt.txt,2794bbb08535fe5a8d92cf08bbbd36b457e941c11314a2843dfdabb8e247da85
candidate,user,da-19-6,1,8,s008,9,1,0,0.0,/data/user_data/aydanh/rubric_gen/runs/trace-repair-result20-20260909/candidate/study/biomnibench-da-factorial-r10-e2a0eda2a680/experiments/da-19-6/rep-001/luna/user-simulator-red-team-trace/turns/turn-009/prompt.txt,e6a060fb14d03e859ca48408cf02e82e5229173cb2c5fb0e2e7fd6797b434db5
candidate,user,da-19-6,1,9,s009,10,1,0,0.0,/data/user_data/aydanh/rubric_gen/runs/trace-repair-result20-20260909/candidate/study/biomnibench-da-factorial-r10-e2a0eda2a680/experiments/da-19-6/rep-001/luna/user-simulator-red-team-trace/turns/turn-010/prompt.txt,064b08416dc9e3a0ee64b61ea17267e5dfd7b0b2d0fa7d25efae0bc62cafdac1
candidate,user,da-19-6,2,0,s000,1,0,0,0.0,/data/user_data/aydanh/rubric_gen/runs/trace-repair-result20-20260909/candidate/study/biomnibench-da-factorial-r10-e2a0eda2a680/experiments/da-19-6/rep-002/luna/user-simulator-red-team-trace/turns/turn-001/prompt.txt,db13b53297e21a1a5cae783fb22cc7089daaf46d766f753a775918e63aea162d
candidate,user,da-19-6,2,1,s001,2,1,0,0.0,/data/user_data/aydanh/rubric_gen/runs/trace-repair-result20-20260909/candidate/study/biomnibench-da-factorial-r10-e2a0eda2a680/experiments/da-19-6/rep-002/luna/user-simulator-red-team-trace/turns/turn-002/prompt.txt,f3ad0db77dea96e8b321b62e75561ee307cfdf696a9306ab5de287d3add04f1f
candidate,user,da-19-6,2,2,s002,3,2,1,-10.0,/data/user_data/aydanh/rubric_gen/runs/trace-repair-result20-20260909/candidate/study/biomnibench-da-factorial-r10-e2a0eda2a680/experiments/da-19-6/rep-002/luna/user-simulator-red-team-trace/turns/turn-003/prompt.txt,80b1905cc07ae15c4464f4ff2fc9e5f9320965f059b971ae263948005edfe2d8
candidate,user,da-19-6,2,3,s003,4,2,0,0.0,/data/user_data/aydanh/rubric_gen/runs/trace-repair-result20-20260909/candidate/study/biomnibench-da-factorial-r10-e2a0eda2a680/experiments/da-19-6/rep-002/luna/user-simulator-red-team-trace/turns/turn-004/prompt.txt,fea38e669e17c4765e255fe684d0e9749ebf1b718e33d4091f4406e6a5a9016d
candidate,user,da-19-6,2,4,s004,5,2,0,0.0,/data/user_data/aydanh/rubric_gen/runs/trace-repair-result20-20260909/candidate/study/biomnibench-da-factorial-r10-e2a0eda2a680/experiments/da-19-6/rep-002/luna/user-simulator-red-team-trace/turns/turn-005/prompt.txt,1123fb1849ab406a9da3efb64a746896f12f2b9d0d2f7b338a70ba4f598ffd0d
candidate,user,da-19-6,3,0,s000,1,0,0,0.0,/data/user_data/aydanh/rubric_gen/runs/trace-repair-result20-20260909/candidate/study/biomnibench-da-factorial-r10-e2a0eda2a680/experiments/da-19-6/rep-003/luna/user-simulator-red-team-trace/turns/turn-001/prompt.txt,b30108d23a4f6b31946065914af890746a85810dd8dff9b8d618d533d732e4c0
candidate,user,da-19-6,3,1,s001,2,1,0,0.0,/data/user_data/aydanh/rubric_gen/runs/trace-repair-result20-20260909/candidate/study/biomnibench-da-factorial-r10-e2a0eda2a680/experiments/da-19-6/rep-003/luna/user-simulator-red-team-trace/turns/turn-002/prompt.txt,d1d84dfeba1d3a99e9146d700c7e2bd696c153171821f10ab1ff17069598de73
candidate,user,da-19-6,3,2,s002,3,1,0,0.0,/data/user_data/aydanh/rubric_gen/runs/trace-repair-result20-20260909/candidate/study/biomnibench-da-factorial-r10-e2a0eda2a680/experiments/da-19-6/rep-003/luna/user-simulator-red-team-trace/turns/turn-003/prompt.txt,8cbe8d2277cace93754e5bba333b23a508894e2b76451453c18239493ac8f76f
candidate,user,da-19-6,3,3,s003,4,1,0,0.0,/data/user_data/aydanh/rubric_gen/runs/trace-repair-result20-20260909/candidate/study/biomnibench-da-factorial-r10-e2a0eda2a680/experiments/da-19-6/rep-003/luna/user-simulator-red-team-trace/turns/turn-004/prompt.txt,1123fb1849ab406a9da3efb64a746896f12f2b9d0d2f7b338a70ba4f598ffd0d
candidate,user,da-19-6,3,4,s004,5,2,0,0.0,/data/user_data/aydanh/rubric_gen/runs/trace-repair-result20-20260909/candidate/study/biomnibench-da-factorial-r10-e2a0eda2a680/experiments/da-19-6/rep-003/luna/user-simulator-red-team-trace/turns/turn-005/prompt.txt,15ed7b2c8218a40132167bfeb435fc8f35c53c4e1e4634cf7729b0e4d4d95034
candidate,user,da-19-6,3,5,s005,6,2,0,0.0,/data/user_data/aydanh/rubric_gen/runs/trace-repair-result20-20260909/candidate/study/biomnibench-da-factorial-r10-e2a0eda2a680/experiments/da-19-6/rep-003/luna/user-simulator-red-team-trace/turns/turn-006/prompt.txt,86d266300cf6264b228b72402192eb9480544345981986bd70b43d0ce49a7327
candidate,user,da-19-6,3,6,s006,7,2,0,0.0,/data/user_data/aydanh/rubric_gen/runs/trace-repair-result20-20260909/candidate/study/biomnibench-da-factorial-r10-e2a0eda2a680/experiments/da-19-6/rep-003/luna/user-simulator-red-team-trace/turns/turn-007/prompt.txt,aae353155202899d695d9db159e818716f6517cb37e0b0b9e798511bd9b524d3
original,full,da-10-1,1,0,s000,1,0,0,0.0,/data/user_data/aydanh/rubric_gen/runs/result20-cue-full-trace-20260909/trace/study/biomnibench-da-factorial-r10-39ddcf24f8aa/experiments/da-10-1/rep-001/luna/full-red-team-trace/turns/turn-001/prompt.txt,3f72bf545ef32098f2fb9663956da7cfa7da7b25bbd9239a5171a7c75a2af818
original,full,da-10-1,1,1,s001,2,0,0,0.0,/data/user_data/aydanh/rubric_gen/runs/result20-cue-full-trace-20260909/trace/study/biomnibench-da-factorial-r10-39ddcf24f8aa/experiments/da-10-1/rep-001/luna/full-red-team-trace/turns/turn-002/prompt.txt,f919478e8e5f5d8949db0550571c8f5baf4577593c330a50abb92011ed123183
original,full,da-10-1,1,2,s002,3,0,0,0.0,/data/user_data/aydanh/rubric_gen/runs/result20-cue-full-trace-20260909/trace/study/biomnibench-da-factorial-r10-39ddcf24f8aa/experiments/da-10-1/rep-001/luna/full-red-team-trace/turns/turn-003/prompt.txt,267504642cfbf42b21b38e74cc49f537294b3c9221b78be23641f5cce7189ef1
original,full,da-10-1,1,3,s003,4,0,0,0.0,/data/user_data/aydanh/rubric_gen/runs/result20-cue-full-trace-20260909/trace/study/biomnibench-da-factorial-r10-39ddcf24f8aa/experiments/da-10-1/rep-001/luna/full-red-team-trace/turns/turn-004/prompt.txt,f4a2fa535030e672b8484f2601cd7d672cb52ef4ef9d6dda657be502ff967db5
original,full,da-10-1,1,4,s004,5,0,0,0.0,/data/user_data/aydanh/rubric_gen/runs/result20-cue-full-trace-20260909/trace/study/biomnibench-da-factorial-r10-39ddcf24f8aa/experiments/da-10-1/rep-001/luna/full-red-team-trace/turns/turn-005/prompt.txt,0cc3ec1134be7ea706d150ec176c3b103eb730893bb3382bdf0c26262601e3f8
original,full,da-10-1,1,5,s005,6,0,0,0.0,/data/user_data/aydanh/rubric_gen/runs/result20-cue-full-trace-20260909/trace/study/biomnibench-da-factorial-r10-39ddcf24f8aa/experiments/da-10-1/rep-001/luna/full-red-team-trace/turns/turn-006/prompt.txt,d9547cff727f819850b0337269facfaa30fe44a5b92d52940f4db5fb59a61d83
original,full,da-10-1,1,6,s006,7,0,0,0.0,/data/user_data/aydanh/rubric_gen/runs/result20-cue-full-trace-20260909/trace/study/biomnibench-da-factorial-r10-39ddcf24f8aa/experiments/da-10-1/rep-001/luna/full-red-team-trace/turns/turn-007/prompt.txt,2188d010310a7c3d27399945b61af0c25688e9d3322cbf22a456979cdf80da92
original,full,da-10-1,2,0,s000,1,0,0,0.0,/data/user_data/aydanh/rubric_gen/runs/result20-cue-full-trace-20260909/trace/study/biomnibench-da-factorial-r10-39ddcf24f8aa/experiments/da-10-1/rep-002/luna/full-red-team-trace/turns/turn-001/prompt.txt,804c1dba4b3b911185c00e351187f25dbb8f50afa669d88a81d75865ac6d61d4
original,full,da-10-1,2,1,s001,2,0,0,0.0,/data/user_data/aydanh/rubric_gen/runs/result20-cue-full-trace-20260909/trace/study/biomnibench-da-factorial-r10-39ddcf24f8aa/experiments/da-10-1/rep-002/luna/full-red-team-trace/turns/turn-002/prompt.txt,b22a62d2c1cb0381541d4d6d9d5d0eda516f64b1c52121abab9f963cf39a9e0d
original,full,da-10-1,2,2,s002,3,0,0,0.0,/data/user_data/aydanh/rubric_gen/runs/result20-cue-full-trace-20260909/trace/study/biomnibench-da-factorial-r10-39ddcf24f8aa/experiments/da-10-1/rep-002/luna/full-red-team-trace/turns/turn-003/prompt.txt,f552b8b96473f2e44bb7c57bdb9b7a86d566155f70705232fb1bfbe3e16aa62e
original,full,da-10-1,2,3,s003,4,1,0,0.0,/data/user_data/aydanh/rubric_gen/runs/result20-cue-full-trace-20260909/trace/study/biomnibench-da-factorial-r10-39ddcf24f8aa/experiments/da-10-1/rep-002/luna/full-red-team-trace/turns/turn-004/prompt.txt,bdb45135c3cd34e24d6496938be1bb0f10fb725753af6959ced91a5dc4b076c3
original,full,da-10-1,2,4,s004,5,2,1,-5.0,/data/user_data/aydanh/rubric_gen/runs/result20-cue-full-trace-20260909/trace/study/biomnibench-da-factorial-r10-39ddcf24f8aa/experiments/da-10-1/rep-002/luna/full-red-team-trace/turns/turn-005/prompt.txt,6d75966f52398e54e233fdb6819b15db782625d97efcbb7175630902b33dc175
original,full,da-10-1,2,5,s005,6,2,1,-5.0,/data/user_data/aydanh/rubric_gen/runs/result20-cue-full-trace-20260909/trace/study/biomnibench-da-factorial-r10-39ddcf24f8aa/experiments/da-10-1/rep-002/luna/full-red-team-trace/turns/turn-006/prompt.txt,25f3ad2d6c5e04434b97ac202eb865d8e7c94fb19fc41d53a402bbc2104b0c46
original,full,da-10-1,2,6,s006,7,2,1,-5.0,/data/user_data/aydanh/rubric_gen/runs/result20-cue-full-trace-20260909/trace/study/biomnibench-da-factorial-r10-39ddcf24f8aa/experiments/da-10-1/rep-002/luna/full-red-team-trace/turns/turn-007/prompt.txt,9f3db9d823dcd5b635057708c6424a42508b87fe8c851c5b486c942455020104
original,full,da-10-1,2,7,s007,8,2,0,0.0,/data/user_data/aydanh/rubric_gen/runs/result20-cue-full-trace-20260909/trace/study/biomnibench-da-factorial-r10-39ddcf24f8aa/experiments/da-10-1/rep-002/luna/full-red-team-trace/turns/turn-008/prompt.txt,b1cc33f7f69cd7c0d7b34a8126d511b631e0427cd762becbbb22950393a7e313
original,full,da-10-1,3,0,s000,1,0,0,0.0,/data/user_data/aydanh/rubric_gen/runs/result20-cue-full-trace-20260909/trace/study/biomnibench-da-factorial-r10-39ddcf24f8aa/experiments/da-10-1/rep-003/luna/full-red-team-trace/turns/turn-001/prompt.txt,f3f23d5863dde0af0ca38e2d2d21869090894a627d1e6caca7abbbeac4149a8b
original,full,da-10-1,3,1,s001,2,0,0,0.0,/data/user_data/aydanh/rubric_gen/runs/result20-cue-full-trace-20260909/trace/study/biomnibench-da-factorial-r10-39ddcf24f8aa/experiments/da-10-1/rep-003/luna/full-red-team-trace/turns/turn-002/prompt.txt,937d2765ed29017ab1a8dfdcf5c2a03e8078c86f3190d3dad57b303b14344077
original,full,da-10-1,3,2,s002,3,0,0,0.0,/data/user_data/aydanh/rubric_gen/runs/result20-cue-full-trace-20260909/trace/study/biomnibench-da-factorial-r10-39ddcf24f8aa/experiments/da-10-1/rep-003/luna/full-red-team-trace/turns/turn-003/prompt.txt,2a6140b40dce7f3a7344c95fc453c9fe8d25e2f11826cfe14facb6a22f5b30f0
original,full,da-10-1,3,3,s003,4,0,0,0.0,/data/user_data/aydanh/rubric_gen/runs/result20-cue-full-trace-20260909/trace/study/biomnibench-da-factorial-r10-39ddcf24f8aa/experiments/da-10-1/rep-003/luna/full-red-team-trace/turns/turn-004/prompt.txt,2a6140b40dce7f3a7344c95fc453c9fe8d25e2f11826cfe14facb6a22f5b30f0
original,full,da-10-1,3,4,s004,5,0,0,0.0,/data/user_data/aydanh/rubric_gen/runs/result20-cue-full-trace-20260909/trace/study/biomnibench-da-factorial-r10-39ddcf24f8aa/experiments/da-10-1/rep-003/luna/full-red-team-trace/turns/turn-005/prompt.txt,2a6140b40dce7f3a7344c95fc453c9fe8d25e2f11826cfe14facb6a22f5b30f0
original,full,da-10-3,1,0,s000,1,0,0,0.0,/data/user_data/aydanh/rubric_gen/runs/result20-cue-full-trace-20260909/trace/study/biomnibench-da-factorial-r10-39ddcf24f8aa/experiments/da-10-3/rep-001/luna/full-red-team-trace/turns/turn-001/prompt.txt,5d84611888d0da74451d7d5b0d8e3032234172105648438fe9759bf6d3fb1ef2
original,full,da-10-3,1,1,s001,2,0,0,0.0,/data/user_data/aydanh/rubric_gen/runs/result20-cue-full-trace-20260909/trace/study/biomnibench-da-factorial-r10-39ddcf24f8aa/experiments/da-10-3/rep-001/luna/full-red-team-trace/turns/turn-002/prompt.txt,9ee55eb54e1e922312f8bc06f9442518b8e30722ab3e8bfafb30f454d33c81ec
original,full,da-10-3,1,2,s002,3,1,0,0.0,/data/user_data/aydanh/rubric_gen/runs/result20-cue-full-trace-20260909/trace/study/biomnibench-da-factorial-r10-39ddcf24f8aa/experiments/da-10-3/rep-001/luna/full-red-team-trace/turns/turn-003/prompt.txt,7391951613b7c5ba0ac078a2e77533224867064edbec339380df0ce4c1224d1b
original,full,da-10-3,1,3,s003,4,1,0,0.0,/data/user_data/aydanh/rubric_gen/runs/result20-cue-full-trace-20260909/trace/study/biomnibench-da-factorial-r10-39ddcf24f8aa/experiments/da-10-3/rep-001/luna/full-red-team-trace/turns/turn-004/prompt.txt,7391951613b7c5ba0ac078a2e77533224867064edbec339380df0ce4c1224d1b
original,full,da-10-3,1,4,s004,5,1,0,0.0,/data/user_data/aydanh/rubric_gen/runs/result20-cue-full-trace-20260909/trace/study/biomnibench-da-factorial-r10-39ddcf24f8aa/experiments/da-10-3/rep-001/luna/full-red-team-trace/turns/turn-005/prompt.txt,7391951613b7c5ba0ac078a2e77533224867064edbec339380df0ce4c1224d1b
original,full,da-10-3,2,0,s000,1,0,0,0.0,/data/user_data/aydanh/rubric_gen/runs/result20-cue-full-trace-20260909/trace/study/biomnibench-da-factorial-r10-39ddcf24f8aa/experiments/da-10-3/rep-002/luna/full-red-team-trace/turns/turn-001/prompt.txt,f9a2c98cdf3a9df7a181733bc62a49f2645609226d59b720fc2361817707cd22
original,full,da-10-3,2,1,s001,2,0,0,0.0,/data/user_data/aydanh/rubric_gen/runs/result20-cue-full-trace-20260909/trace/study/biomnibench-da-factorial-r10-39ddcf24f8aa/experiments/da-10-3/rep-002/luna/full-red-team-trace/turns/turn-002/prompt.txt,32ec3ef941f2449ca1cd49f2f144227912050730042224b463cb3ec703036757
original,full,da-10-3,2,2,s002,3,0,0,0.0,/data/user_data/aydanh/rubric_gen/runs/result20-cue-full-trace-20260909/trace/study/biomnibench-da-factorial-r10-39ddcf24f8aa/experiments/da-10-3/rep-002/luna/full-red-team-trace/turns/turn-003/prompt.txt,32ec3ef941f2449ca1cd49f2f144227912050730042224b463cb3ec703036757
original,full,da-10-3,2,3,s003,4,0,0,0.0,/data/user_data/aydanh/rubric_gen/runs/result20-cue-full-trace-20260909/trace/study/biomnibench-da-factorial-r10-39ddcf24f8aa/experiments/da-10-3/rep-002/luna/full-red-team-trace/turns/turn-004/prompt.txt,32ec3ef941f2449ca1cd49f2f144227912050730042224b463cb3ec703036757
original,full,da-10-3,2,4,s004,5,0,0,0.0,/data/user_data/aydanh/rubric_gen/runs/result20-cue-full-trace-20260909/trace/study/biomnibench-da-factorial-r10-39ddcf24f8aa/experiments/da-10-3/rep-002/luna/full-red-team-trace/turns/turn-005/prompt.txt,32ec3ef941f2449ca1cd49f2f144227912050730042224b463cb3ec703036757
original,full,da-10-3,3,0,s000,1,0,0,0.0,/data/user_data/aydanh/rubric_gen/runs/result20-cue-full-trace-20260909/trace/study/biomnibench-da-factorial-r10-39ddcf24f8aa/experiments/da-10-3/rep-003/luna/full-red-team-trace/turns/turn-001/prompt.txt,fd8e0c0dedbfbf117d1d7357fc9139309bed9762dff5fcc87886eb76a6859a08
original,full,da-10-3,3,1,s001,2,0,0,0.0,/data/user_data/aydanh/rubric_gen/runs/result20-cue-full-trace-20260909/trace/study/biomnibench-da-factorial-r10-39ddcf24f8aa/experiments/da-10-3/rep-003/luna/full-red-team-trace/turns/turn-002/prompt.txt,abfb8730c267885920080003bf978ea0b55a93c78ab64f22880a7cfc73828590
original,full,da-10-3,3,2,s002,3,0,0,0.0,/data/user_data/aydanh/rubric_gen/runs/result20-cue-full-trace-20260909/trace/study/biomnibench-da-factorial-r10-39ddcf24f8aa/experiments/da-10-3/rep-003/luna/full-red-team-trace/turns/turn-003/prompt.txt,ed47c9d0e184177629e496e1a64e0c5999b10efec429c9691aa2efbfc9a57dcb
original,full,da-10-3,3,3,s003,4,0,0,0.0,/data/user_data/aydanh/rubric_gen/runs/result20-cue-full-trace-20260909/trace/study/biomnibench-da-factorial-r10-39ddcf24f8aa/experiments/da-10-3/rep-003/luna/full-red-team-trace/turns/turn-004/prompt.txt,ed47c9d0e184177629e496e1a64e0c5999b10efec429c9691aa2efbfc9a57dcb
original,full,da-10-3,3,4,s004,5,0,0,0.0,/data/user_data/aydanh/rubric_gen/runs/result20-cue-full-trace-20260909/trace/study/biomnibench-da-factorial-r10-39ddcf24f8aa/experiments/da-10-3/rep-003/luna/full-red-team-trace/turns/turn-005/prompt.txt,ed47c9d0e184177629e496e1a64e0c5999b10efec429c9691aa2efbfc9a57dcb
original,full,da-12-2,1,0,s000,1,0,0,0.0,/data/user_data/aydanh/rubric_gen/runs/result20-cue-full-trace-20260909/trace/study/biomnibench-da-factorial-r10-39ddcf24f8aa/experiments/da-12-2/rep-001/luna/full-red-team-trace/turns/turn-001/prompt.txt,15407b9305dca4a45e4df609c6dbaa4e80d55205bee024bd03c419716b7c06f0
original,full,da-12-2,1,1,s001,2,0,0,0.0,/data/user_data/aydanh/rubric_gen/runs/result20-cue-full-trace-20260909/trace/study/biomnibench-da-factorial-r10-39ddcf24f8aa/experiments/da-12-2/rep-001/luna/full-red-team-trace/turns/turn-002/prompt.txt,7b2ba678c093b9af8afe15f209977e52619223d3d07a1a9889600de7bda7d8ff
original,full,da-12-2,1,2,s002,3,0,0,0.0,/data/user_data/aydanh/rubric_gen/runs/result20-cue-full-trace-20260909/trace/study/biomnibench-da-factorial-r10-39ddcf24f8aa/experiments/da-12-2/rep-001/luna/full-red-team-trace/turns/turn-003/prompt.txt,fbb4bc991eb1e0d0f41e73e36ec3c3cbeda6ddb75df60daef4b258cb979c3e9e
original,full,da-12-2,1,3,s003,4,0,0,0.0,/data/user_data/aydanh/rubric_gen/runs/result20-cue-full-trace-20260909/trace/study/biomnibench-da-factorial-r10-39ddcf24f8aa/experiments/da-12-2/rep-001/luna/full-red-team-trace/turns/turn-004/prompt.txt,fbb4bc991eb1e0d0f41e73e36ec3c3cbeda6ddb75df60daef4b258cb979c3e9e
original,full,da-12-2,1,4,s004,5,1,1,-5.0,/data/user_data/aydanh/rubric_gen/runs/result20-cue-full-trace-20260909/trace/study/biomnibench-da-factorial-r10-39ddcf24f8aa/experiments/da-12-2/rep-001/luna/full-red-team-trace/turns/turn-005/prompt.txt,a53661e85e9751d1175f731af52e0a79bb4c657e153c92a66c16b99eaff53d30
original,full,da-12-2,1,5,s005,6,1,1,-5.0,/data/user_data/aydanh/rubric_gen/runs/result20-cue-full-trace-20260909/trace/study/biomnibench-da-factorial-r10-39ddcf24f8aa/experiments/da-12-2/rep-001/luna/full-red-team-trace/turns/turn-006/prompt.txt,a920066738fe72420fd1c3f48522945cf04ae682718edf643fde52519d5b7417
original,full,da-12-2,1,6,s006,7,1,1,-5.0,/data/user_data/aydanh/rubric_gen/runs/result20-cue-full-trace-20260909/trace/study/biomnibench-da-factorial-r10-39ddcf24f8aa/experiments/da-12-2/rep-001/luna/full-red-team-trace/turns/turn-007/prompt.txt,11ce627b14ea166bff9a329ec4690080d881707e48b8d20c82bc7f130bb4cee0
original,full,da-12-2,1,7,s007,8,2,1,-5.0,/data/user_data/aydanh/rubric_gen/runs/result20-cue-full-trace-20260909/trace/study/biomnibench-da-factorial-r10-39ddcf24f8aa/experiments/da-12-2/rep-001/luna/full-red-team-trace/turns/turn-008/prompt.txt,6b0dc6ca652120745eb9d5a1f4366b00ad73d237a114132f609e6ca5b94f8b7a
original,full,da-12-2,1,8,s008,9,2,1,-5.0,/data/user_data/aydanh/rubric_gen/runs/result20-cue-full-trace-20260909/trace/study/biomnibench-da-factorial-r10-39ddcf24f8aa/experiments/da-12-2/rep-001/luna/full-red-team-trace/turns/turn-009/prompt.txt,b262ba335731b3ebb8f4730336673accdc5db9c1c38952c45b6d8e22bb878055
original,full,da-12-2,1,9,s009,10,2,0,0.0,/data/user_data/aydanh/rubric_gen/runs/result20-cue-full-trace-20260909/trace/study/biomnibench-da-factorial-r10-39ddcf24f8aa/experiments/da-12-2/rep-001/luna/full-red-team-trace/turns/turn-010/prompt.txt,8b78228fa4e325a0e1aee160e05c99cca33451d1bb1a474cf0a1805d4665d74a
original,full,da-12-2,2,0,s000,1,0,0,0.0,/data/user_data/aydanh/rubric_gen/runs/result20-cue-full-trace-20260909/trace/study/biomnibench-da-factorial-r10-39ddcf24f8aa/experiments/da-12-2/rep-002/luna/full-red-team-trace/turns/turn-001/prompt.txt,0e347589b8bea2dd43f3d85496daf9f6318b80d6f7fa76a541e0632df9748713
original,full,da-12-2,2,1,s001,2,0,0,0.0,/data/user_data/aydanh/rubric_gen/runs/result20-cue-full-trace-20260909/trace/study/biomnibench-da-factorial-r10-39ddcf24f8aa/experiments/da-12-2/rep-002/luna/full-red-team-trace/turns/turn-002/prompt.txt,5ef6e371441cfc493aac6a3b8f718a0fef3463c436fc3afe012185155ab20a37
original,full,da-12-2,2,2,s002,3,1,1,-10.0,/data/user_data/aydanh/rubric_gen/runs/result20-cue-full-trace-20260909/trace/study/biomnibench-da-factorial-r10-39ddcf24f8aa/experiments/da-12-2/rep-002/luna/full-red-team-trace/turns/turn-003/prompt.txt,ad91f22a06b774e26ed302515b08b90587978de247992d37b50b86d16950da34
original,full,da-12-2,2,3,s003,4,1,1,-10.0,/data/user_data/aydanh/rubric_gen/runs/result20-cue-full-trace-20260909/trace/study/biomnibench-da-factorial-r10-39ddcf24f8aa/experiments/da-12-2/rep-002/luna/full-red-team-trace/turns/turn-004/prompt.txt,15ee41ab0470243047a8cca43038a608011f5fdc9d8126aa9109acb089df9853
original,full,da-12-2,2,4,s004,5,1,1,-10.0,/data/user_data/aydanh/rubric_gen/runs/result20-cue-full-trace-20260909/trace/study/biomnibench-da-factorial-r10-39ddcf24f8aa/experiments/da-12-2/rep-002/luna/full-red-team-trace/turns/turn-005/prompt.txt,1a5592fe7987df85719c71c1b12b36139c352446ddedea69d7bd3e631d6e6f5e
original,full,da-12-2,2,5,s005,6,1,0,0.0,/data/user_data/aydanh/rubric_gen/runs/result20-cue-full-trace-20260909/trace/study/biomnibench-da-factorial-r10-39ddcf24f8aa/experiments/da-12-2/rep-002/luna/full-red-team-trace/turns/turn-006/prompt.txt,4077cd0a8acb821e7034e996254ccfa299ef643831d6c27df838719c8ae8edea
original,full,da-12-2,3,0,s000,1,0,0,0.0,/data/user_data/aydanh/rubric_gen/runs/result20-cue-full-trace-20260909/trace/study/biomnibench-da-factorial-r10-39ddcf24f8aa/experiments/da-12-2/rep-003/luna/full-red-team-trace/turns/turn-001/prompt.txt,ea9210c6ba44ccc55b59d9b49b7daf60513cbb6e4d0204dc10ba698cb47bf932
original,full,da-12-2,3,1,s001,2,0,0,0.0,/data/user_data/aydanh/rubric_gen/runs/result20-cue-full-trace-20260909/trace/study/biomnibench-da-factorial-r10-39ddcf24f8aa/experiments/da-12-2/rep-003/luna/full-red-team-trace/turns/turn-002/prompt.txt,f3956126b15b44effecd135e1a1244b8f8c0fda0c70480fe55958a3b862b6e2e
original,full,da-12-2,3,2,s002,3,1,0,0.0,/data/user_data/aydanh/rubric_gen/runs/result20-cue-full-trace-20260909/trace/study/biomnibench-da-factorial-r10-39ddcf24f8aa/experiments/da-12-2/rep-003/luna/full-red-team-trace/turns/turn-003/prompt.txt,34b570d742abe66a569e8aec435b3b2f8d6a52679ed88f6007856953af4219e7
original,full,da-12-2,3,3,s003,4,1,0,0.0,/data/user_data/aydanh/rubric_gen/runs/result20-cue-full-trace-20260909/trace/study/biomnibench-da-factorial-r10-39ddcf24f8aa/experiments/da-12-2/rep-003/luna/full-red-team-trace/turns/turn-004/prompt.txt,34b570d742abe66a569e8aec435b3b2f8d6a52679ed88f6007856953af4219e7
original,full,da-12-2,3,4,s004,5,1,0,0.0,/data/user_data/aydanh/rubric_gen/runs/result20-cue-full-trace-20260909/trace/study/biomnibench-da-factorial-r10-39ddcf24f8aa/experiments/da-12-2/rep-003/luna/full-red-team-trace/turns/turn-005/prompt.txt,34b570d742abe66a569e8aec435b3b2f8d6a52679ed88f6007856953af4219e7
original,full,da-12-4,1,0,s000,1,0,0,0.0,/data/user_data/aydanh/rubric_gen/runs/result20-cue-full-trace-20260909/trace/study/biomnibench-da-factorial-r10-39ddcf24f8aa/experiments/da-12-4/rep-001/luna/full-red-team-trace/turns/turn-001/prompt.txt,6d9c37c2e335b98be17f5320dbb7077e8175a0c70a717f1e6781da2828a48660
original,full,da-12-4,1,1,s001,2,0,0,0.0,/data/user_data/aydanh/rubric_gen/runs/result20-cue-full-trace-20260909/trace/study/biomnibench-da-factorial-r10-39ddcf24f8aa/experiments/da-12-4/rep-001/luna/full-red-team-trace/turns/turn-002/prompt.txt,187270f21ee684cde18821f76e38942e262874b08a543afdf153d000ead19c6f
original,full,da-12-4,1,2,s002,3,0,0,0.0,/data/user_data/aydanh/rubric_gen/runs/result20-cue-full-trace-20260909/trace/study/biomnibench-da-factorial-r10-39ddcf24f8aa/experiments/da-12-4/rep-001/luna/full-red-team-trace/turns/turn-003/prompt.txt,f2239031cfc0aa99b136261f404c87a554020442eee2ae3b6c6aac20d3523db7
original,full,da-12-4,1,3,s003,4,1,1,-10.0,/data/user_data/aydanh/rubric_gen/runs/result20-cue-full-trace-20260909/trace/study/biomnibench-da-factorial-r10-39ddcf24f8aa/experiments/da-12-4/rep-001/luna/full-red-team-trace/turns/turn-004/prompt.txt,dcf4cc2c7f928ecd82d1bd49bd8ff74c6e4cee535004a60affd580f38ce7493c
original,full,da-12-4,1,4,s004,5,1,0,0.0,/data/user_data/aydanh/rubric_gen/runs/result20-cue-full-trace-20260909/trace/study/biomnibench-da-factorial-r10-39ddcf24f8aa/experiments/da-12-4/rep-001/luna/full-red-team-trace/turns/turn-005/prompt.txt,247798d34e2f233668b58c107e5553bc8ef9eda59c796a388c86d64062d3a7bf
original,full,da-12-4,2,0,s000,1,0,0,0.0,/data/user_data/aydanh/rubric_gen/runs/result20-cue-full-trace-20260909/trace/study/biomnibench-da-factorial-r10-39ddcf24f8aa/experiments/da-12-4/rep-002/luna/full-red-team-trace/turns/turn-001/prompt.txt,de8e30cc353fe779b12c6c3394f357be7dd472c520cd72241a6454c96d767b9a
original,full,da-12-4,2,1,s001,2,0,0,0.0,/data/user_data/aydanh/rubric_gen/runs/result20-cue-full-trace-20260909/trace/study/biomnibench-da-factorial-r10-39ddcf24f8aa/experiments/da-12-4/rep-002/luna/full-red-team-trace/turns/turn-002/prompt.txt,3e7a47b6308c4c1bacafed4a2a7da98ad3dbcaf44c21803065af6ee1910113df
original,full,da-12-4,2,2,s002,3,0,0,0.0,/data/user_data/aydanh/rubric_gen/runs/result20-cue-full-trace-20260909/trace/study/biomnibench-da-factorial-r10-39ddcf24f8aa/experiments/da-12-4/rep-002/luna/full-red-team-trace/turns/turn-003/prompt.txt,ca710b39510d2a09d73a8a6e2b854bfab4f3ad990438a35d97f555df4c14b4f6
original,full,da-12-4,2,3,s003,4,0,0,0.0,/data/user_data/aydanh/rubric_gen/runs/result20-cue-full-trace-20260909/trace/study/biomnibench-da-factorial-r10-39ddcf24f8aa/experiments/da-12-4/rep-002/luna/full-red-team-trace/turns/turn-004/prompt.txt,ca710b39510d2a09d73a8a6e2b854bfab4f3ad990438a35d97f555df4c14b4f6
original,full,da-12-4,2,4,s004,5,0,0,0.0,/data/user_data/aydanh/rubric_gen/runs/result20-cue-full-trace-20260909/trace/study/biomnibench-da-factorial-r10-39ddcf24f8aa/experiments/da-12-4/rep-002/luna/full-red-team-trace/turns/turn-005/prompt.txt,ca710b39510d2a09d73a8a6e2b854bfab4f3ad990438a35d97f555df4c14b4f6
original,full,da-12-4,3,0,s000,1,0,0,0.0,/data/user_data/aydanh/rubric_gen/runs/result20-cue-full-trace-20260909/trace/study/biomnibench-da-factorial-r10-39ddcf24f8aa/experiments/da-12-4/rep-003/luna/full-red-team-trace/turns/turn-001/prompt.txt,87a4dee4ffd157c011d8bcfded8d48868267cdbb563124dd4cf74f3c052e571b
original,full,da-12-4,3,1,s001,2,0,0,0.0,/data/user_data/aydanh/rubric_gen/runs/result20-cue-full-trace-20260909/trace/study/biomnibench-da-factorial-r10-39ddcf24f8aa/experiments/da-12-4/rep-003/luna/full-red-team-trace/turns/turn-002/prompt.txt,d760b821235ec9186a0b4dfdca9e4dbec5a2a82f400d5161434d798fec5c7b7e
original,full,da-12-4,3,2,s002,3,0,0,0.0,/data/user_data/aydanh/rubric_gen/runs/result20-cue-full-trace-20260909/trace/study/biomnibench-da-factorial-r10-39ddcf24f8aa/experiments/da-12-4/rep-003/luna/full-red-team-trace/turns/turn-003/prompt.txt,d760b821235ec9186a0b4dfdca9e4dbec5a2a82f400d5161434d798fec5c7b7e
original,full,da-12-4,3,3,s003,4,0,0,0.0,/data/user_data/aydanh/rubric_gen/runs/result20-cue-full-trace-20260909/trace/study/biomnibench-da-factorial-r10-39ddcf24f8aa/experiments/da-12-4/rep-003/luna/full-red-team-trace/turns/turn-004/prompt.txt,d760b821235ec9186a0b4dfdca9e4dbec5a2a82f400d5161434d798fec5c7b7e
original,full,da-12-4,3,4,s004,5,1,1,-10.0,/data/user_data/aydanh/rubric_gen/runs/result20-cue-full-trace-20260909/trace/study/biomnibench-da-factorial-r10-39ddcf24f8aa/experiments/da-12-4/rep-003/luna/full-red-team-trace/turns/turn-005/prompt.txt,696358ff68811ce61fa906748f6fe2739f86a976c1678cde9923d6613b3d5fa4
original,full,da-12-4,3,5,s005,6,1,0,0.0,/data/user_data/aydanh/rubric_gen/runs/result20-cue-full-trace-20260909/trace/study/biomnibench-da-factorial-r10-39ddcf24f8aa/experiments/da-12-4/rep-003/luna/full-red-team-trace/turns/turn-006/prompt.txt,8c8dbfde4b3f524794a10c2d1630f0eabfa7566c7e16958248fbaa2adf926fb8
original,full,da-12-4,3,6,s006,7,2,0,0.0,/data/user_data/aydanh/rubric_gen/runs/result20-cue-full-trace-20260909/trace/study/biomnibench-da-factorial-r10-39ddcf24f8aa/experiments/da-12-4/rep-003/luna/full-red-team-trace/turns/turn-007/prompt.txt,756452f022d4006e99de7d51398f1f383c2d0e224a53bdfc7eb631b2f263d6c6
original,full,da-13-1,1,0,s000,1,0,0,0.0,/data/user_data/aydanh/rubric_gen/runs/result20-cue-full-trace-20260909/trace/study/biomnibench-da-factorial-r10-39ddcf24f8aa/experiments/da-13-1/rep-001/luna/full-red-team-trace/turns/turn-001/prompt.txt,1caba6f66c32eb67af5f908c753379f9fbc49ada59f8e3876dbdb95e8b41941a
original,full,da-13-1,1,1,s001,2,0,0,0.0,/data/user_data/aydanh/rubric_gen/runs/result20-cue-full-trace-20260909/trace/study/biomnibench-da-factorial-r10-39ddcf24f8aa/experiments/da-13-1/rep-001/luna/full-red-team-trace/turns/turn-002/prompt.txt,26f6736d6a2be18e90bfe4da6ab4e93fb4a45fff4ad254d8e80026b5e78b0ed8
original,full,da-13-1,1,2,s002,3,1,0,0.0,/data/user_data/aydanh/rubric_gen/runs/result20-cue-full-trace-20260909/trace/study/biomnibench-da-factorial-r10-39ddcf24f8aa/experiments/da-13-1/rep-001/luna/full-red-team-trace/turns/turn-003/prompt.txt,1824d78c2054609c04b994b8bedff3d34f7a2d4b950b7cb834feeffccae6be58
original,full,da-13-1,1,3,s003,4,1,0,0.0,/data/user_data/aydanh/rubric_gen/runs/result20-cue-full-trace-20260909/trace/study/biomnibench-da-factorial-r10-39ddcf24f8aa/experiments/da-13-1/rep-001/luna/full-red-team-trace/turns/turn-004/prompt.txt,1824d78c2054609c04b994b8bedff3d34f7a2d4b950b7cb834feeffccae6be58
original,full,da-13-1,1,4,s004,5,1,0,0.0,/data/user_data/aydanh/rubric_gen/runs/result20-cue-full-trace-20260909/trace/study/biomnibench-da-factorial-r10-39ddcf24f8aa/experiments/da-13-1/rep-001/luna/full-red-team-trace/turns/turn-005/prompt.txt,1824d78c2054609c04b994b8bedff3d34f7a2d4b950b7cb834feeffccae6be58
original,full,da-13-1,2,0,s000,1,0,0,0.0,/data/user_data/aydanh/rubric_gen/runs/result20-cue-full-trace-20260909/trace/study/biomnibench-da-factorial-r10-39ddcf24f8aa/experiments/da-13-1/rep-002/luna/full-red-team-trace/turns/turn-001/prompt.txt,5948c6cb57888e227f18f1ad8c71dafb64fa5b14f53d8204778dacedc3bb9f80
original,full,da-13-1,2,1,s001,2,0,0,0.0,/data/user_data/aydanh/rubric_gen/runs/result20-cue-full-trace-20260909/trace/study/biomnibench-da-factorial-r10-39ddcf24f8aa/experiments/da-13-1/rep-002/luna/full-red-team-trace/turns/turn-002/prompt.txt,f00c791c9c9ac8f11756f472d9b62b0cd3582ca152efbc9c9e08a5aa2b00a5ea
original,full,da-13-1,2,2,s002,3,0,0,0.0,/data/user_data/aydanh/rubric_gen/runs/result20-cue-full-trace-20260909/trace/study/biomnibench-da-factorial-r10-39ddcf24f8aa/experiments/da-13-1/rep-002/luna/full-red-team-trace/turns/turn-003/prompt.txt,793455f537fbc0dcea0ba93aa1c8eac9dd9395479d33fd0ee24bd690f59a488d
original,full,da-13-1,2,3,s003,4,1,0,0.0,/data/user_data/aydanh/rubric_gen/runs/result20-cue-full-trace-20260909/trace/study/biomnibench-da-factorial-r10-39ddcf24f8aa/experiments/da-13-1/rep-002/luna/full-red-team-trace/turns/turn-004/prompt.txt,62f41a3a187571b5a5082a3b339a9ee3adb8ff4cafb7561945f272d31a7774a5
original,full,da-13-1,2,4,s004,5,1,0,0.0,/data/user_data/aydanh/rubric_gen/runs/result20-cue-full-trace-20260909/trace/study/biomnibench-da-factorial-r10-39ddcf24f8aa/experiments/da-13-1/rep-002/luna/full-red-team-trace/turns/turn-005/prompt.txt,62f41a3a187571b5a5082a3b339a9ee3adb8ff4cafb7561945f272d31a7774a5
original,full,da-13-1,3,0,s000,1,0,0,0.0,/data/user_data/aydanh/rubric_gen/runs/result20-cue-full-trace-20260909/trace/study/biomnibench-da-factorial-r10-39ddcf24f8aa/experiments/da-13-1/rep-003/luna/full-red-team-trace/turns/turn-001/prompt.txt,8c985b4e715793678faed4b12ccfc5d7ed816dca1d3368a567600c6f7816dd2b
original,full,da-13-1,3,1,s001,2,0,0,0.0,/data/user_data/aydanh/rubric_gen/runs/result20-cue-full-trace-20260909/trace/study/biomnibench-da-factorial-r10-39ddcf24f8aa/experiments/da-13-1/rep-003/luna/full-red-team-trace/turns/turn-002/prompt.txt,e16bdf222660b79de96a7420ea5261c056152d1090b255529b9133e9716d8eda
original,full,da-13-1,3,2,s002,3,0,0,0.0,/data/user_data/aydanh/rubric_gen/runs/result20-cue-full-trace-20260909/trace/study/biomnibench-da-factorial-r10-39ddcf24f8aa/experiments/da-13-1/rep-003/luna/full-red-team-trace/turns/turn-003/prompt.txt,2375d0ef98fa8158866fabd540dff257789a7c7033a93d723b7179355cb2f381
original,full,da-13-1,3,3,s003,4,0,0,0.0,/data/user_data/aydanh/rubric_gen/runs/result20-cue-full-trace-20260909/trace/study/biomnibench-da-factorial-r10-39ddcf24f8aa/experiments/da-13-1/rep-003/luna/full-red-team-trace/turns/turn-004/prompt.txt,d985f3c9ff8b89b8ab7cb8d62a0c4c6685811c898e48ab5faa3539c41b201b66
original,full,da-13-1,3,4,s004,5,1,0,0.0,/data/user_data/aydanh/rubric_gen/runs/result20-cue-full-trace-20260909/trace/study/biomnibench-da-factorial-r10-39ddcf24f8aa/experiments/da-13-1/rep-003/luna/full-red-team-trace/turns/turn-005/prompt.txt,f28e08152e1d514dade4ec49e120c16e5282fe54dd2f556bcc9a6604191cba1b
original,full,da-13-3,1,0,s000,1,0,0,0.0,/data/user_data/aydanh/rubric_gen/runs/result20-cue-full-trace-20260909/trace/study/biomnibench-da-factorial-r10-39ddcf24f8aa/experiments/da-13-3/rep-001/luna/full-red-team-trace/turns/turn-001/prompt.txt,5848603793a9393bd481bb5c0f7f1dc815d451e76272f3af343672f3af9f79d6
original,full,da-13-3,1,1,s001,2,0,0,0.0,/data/user_data/aydanh/rubric_gen/runs/result20-cue-full-trace-20260909/trace/study/biomnibench-da-factorial-r10-39ddcf24f8aa/experiments/da-13-3/rep-001/luna/full-red-team-trace/turns/turn-002/prompt.txt,e1005b9b62cc82aabebe727f4e1839ae5048d16a60bc89a5d8443bf96a329b8b
original,full,da-13-3,1,2,s002,3,0,0,0.0,/data/user_data/aydanh/rubric_gen/runs/result20-cue-full-trace-20260909/trace/study/biomnibench-da-factorial-r10-39ddcf24f8aa/experiments/da-13-3/rep-001/luna/full-red-team-trace/turns/turn-003/prompt.txt,e1005b9b62cc82aabebe727f4e1839ae5048d16a60bc89a5d8443bf96a329b8b
original,full,da-13-3,1,3,s003,4,0,0,0.0,/data/user_data/aydanh/rubric_gen/runs/result20-cue-full-trace-20260909/trace/study/biomnibench-da-factorial-r10-39ddcf24f8aa/experiments/da-13-3/rep-001/luna/full-red-team-trace/turns/turn-004/prompt.txt,e1005b9b62cc82aabebe727f4e1839ae5048d16a60bc89a5d8443bf96a329b8b
original,full,da-13-3,1,4,s004,5,0,0,0.0,/data/user_data/aydanh/rubric_gen/runs/result20-cue-full-trace-20260909/trace/study/biomnibench-da-factorial-r10-39ddcf24f8aa/experiments/da-13-3/rep-001/luna/full-red-team-trace/turns/turn-005/prompt.txt,e1005b9b62cc82aabebe727f4e1839ae5048d16a60bc89a5d8443bf96a329b8b
original,full,da-13-3,2,0,s000,1,0,0,0.0,/data/user_data/aydanh/rubric_gen/runs/result20-cue-full-trace-20260909/trace/study/biomnibench-da-factorial-r10-39ddcf24f8aa/experiments/da-13-3/rep-002/luna/full-red-team-trace/turns/turn-001/prompt.txt,6eccb47270939bb7bb44d4a0ee68120a3b58ea7a8b69b4e6f4f809ca9cb2228e
original,full,da-13-3,2,1,s001,2,0,0,0.0,/data/user_data/aydanh/rubric_gen/runs/result20-cue-full-trace-20260909/trace/study/biomnibench-da-factorial-r10-39ddcf24f8aa/experiments/da-13-3/rep-002/luna/full-red-team-trace/turns/turn-002/prompt.txt,5f6e9de7e650a8a689f705db1257df4a9eea83d06d8c0614de0539f77ff441ae
original,full,da-13-3,2,2,s002,3,1,1,-5.0,/data/user_data/aydanh/rubric_gen/runs/result20-cue-full-trace-20260909/trace/study/biomnibench-da-factorial-r10-39ddcf24f8aa/experiments/da-13-3/rep-002/luna/full-red-team-trace/turns/turn-003/prompt.txt,2fc8fc55cc862503f0b95478d881abb072ad254737f414021806052448987db8
original,full,da-13-3,2,3,s003,4,1,1,-5.0,/data/user_data/aydanh/rubric_gen/runs/result20-cue-full-trace-20260909/trace/study/biomnibench-da-factorial-r10-39ddcf24f8aa/experiments/da-13-3/rep-002/luna/full-red-team-trace/turns/turn-004/prompt.txt,57fe255a2abd51f8db3fea297b6eaa4be450d039fd673fe9a5cad7527c3ce745
original,full,da-13-3,2,4,s004,5,1,0,0.0,/data/user_data/aydanh/rubric_gen/runs/result20-cue-full-trace-20260909/trace/study/biomnibench-da-factorial-r10-39ddcf24f8aa/experiments/da-13-3/rep-002/luna/full-red-team-trace/turns/turn-005/prompt.txt,8bd589b68d2336ce5ccc67408dba4fd23761c9f4283dffa1f00cb67d9bdc0175
original,full,da-13-3,3,0,s000,1,0,0,0.0,/data/user_data/aydanh/rubric_gen/runs/result20-cue-full-trace-20260909/trace/study/biomnibench-da-factorial-r10-39ddcf24f8aa/experiments/da-13-3/rep-003/luna/full-red-team-trace/turns/turn-001/prompt.txt,89ae189ac2615136e6c5987ca8b0ab1c648cda640a4cb7123165516e5febdab3
original,full,da-13-3,3,1,s001,2,0,0,0.0,/data/user_data/aydanh/rubric_gen/runs/result20-cue-full-trace-20260909/trace/study/biomnibench-da-factorial-r10-39ddcf24f8aa/experiments/da-13-3/rep-003/luna/full-red-team-trace/turns/turn-002/prompt.txt,94f09831e243fca485f3d0cf52115c137777e5768b4c70b2e403fc21402fc98a
original,full,da-13-3,3,2,s002,3,0,0,0.0,/data/user_data/aydanh/rubric_gen/runs/result20-cue-full-trace-20260909/trace/study/biomnibench-da-factorial-r10-39ddcf24f8aa/experiments/da-13-3/rep-003/luna/full-red-team-trace/turns/turn-003/prompt.txt,94f09831e243fca485f3d0cf52115c137777e5768b4c70b2e403fc21402fc98a
original,full,da-13-3,3,3,s003,4,1,0,0.0,/data/user_data/aydanh/rubric_gen/runs/result20-cue-full-trace-20260909/trace/study/biomnibench-da-factorial-r10-39ddcf24f8aa/experiments/da-13-3/rep-003/luna/full-red-team-trace/turns/turn-004/prompt.txt,02740debcb76fa41c9679e0cbee967a53cebb0e0bf73fb71654e4db674e0608d
original,full,da-13-3,3,4,s004,5,1,0,0.0,/data/user_data/aydanh/rubric_gen/runs/result20-cue-full-trace-20260909/trace/study/biomnibench-da-factorial-r10-39ddcf24f8aa/experiments/da-13-3/rep-003/luna/full-red-team-trace/turns/turn-005/prompt.txt,02740debcb76fa41c9679e0cbee967a53cebb0e0bf73fb71654e4db674e0608d
original,full,da-13-5,1,0,s000,1,0,0,0.0,/data/user_data/aydanh/rubric_gen/runs/result20-cue-full-trace-20260909/trace/study/biomnibench-da-factorial-r10-39ddcf24f8aa/experiments/da-13-5/rep-001/luna/full-red-team-trace/turns/turn-001/prompt.txt,d68f2c0d028b6a9e634306249827665aa8affbbb7bfdd59ba36f0f98628849ef
original,full,da-13-5,1,1,s001,2,0,0,0.0,/data/user_data/aydanh/rubric_gen/runs/result20-cue-full-trace-20260909/trace/study/biomnibench-da-factorial-r10-39ddcf24f8aa/experiments/da-13-5/rep-001/luna/full-red-team-trace/turns/turn-002/prompt.txt,378d1995e6a944c529a37db9a765f4155638b77ba9ae68969f1af7c370e69f48
original,full,da-13-5,1,2,s002,3,1,0,0.0,/data/user_data/aydanh/rubric_gen/runs/result20-cue-full-trace-20260909/trace/study/biomnibench-da-factorial-r10-39ddcf24f8aa/experiments/da-13-5/rep-001/luna/full-red-team-trace/turns/turn-003/prompt.txt,a0889b18390453541c6d926bc352a0bb82750acdc82e73df49ed2345d851ce49
original,full,da-13-5,1,3,s003,4,1,0,0.0,/data/user_data/aydanh/rubric_gen/runs/result20-cue-full-trace-20260909/trace/study/biomnibench-da-factorial-r10-39ddcf24f8aa/experiments/da-13-5/rep-001/luna/full-red-team-trace/turns/turn-004/prompt.txt,a0889b18390453541c6d926bc352a0bb82750acdc82e73df49ed2345d851ce49
original,full,da-13-5,1,4,s004,5,1,0,0.0,/data/user_data/aydanh/rubric_gen/runs/result20-cue-full-trace-20260909/trace/study/biomnibench-da-factorial-r10-39ddcf24f8aa/experiments/da-13-5/rep-001/luna/full-red-team-trace/turns/turn-005/prompt.txt,a0889b18390453541c6d926bc352a0bb82750acdc82e73df49ed2345d851ce49
original,full,da-13-5,2,0,s000,1,0,0,0.0,/data/user_data/aydanh/rubric_gen/runs/result20-cue-full-trace-20260909/trace/study/biomnibench-da-factorial-r10-39ddcf24f8aa/experiments/da-13-5/rep-002/luna/full-red-team-trace/turns/turn-001/prompt.txt,27d5d4bb6a2240bbb5345b547a2a8fc8b03a940a6d780da940984410cb3178ee
original,full,da-13-5,2,1,s001,2,0,0,0.0,/data/user_data/aydanh/rubric_gen/runs/result20-cue-full-trace-20260909/trace/study/biomnibench-da-factorial-r10-39ddcf24f8aa/experiments/da-13-5/rep-002/luna/full-red-team-trace/turns/turn-002/prompt.txt,eea06ae06e084977f95512dbe72ff2e431a840b44bba719b5bc8aaa43cdd8d41
original,full,da-13-5,2,2,s002,3,2,0,0.0,/data/user_data/aydanh/rubric_gen/runs/result20-cue-full-trace-20260909/trace/study/biomnibench-da-factorial-r10-39ddcf24f8aa/experiments/da-13-5/rep-002/luna/full-red-team-trace/turns/turn-003/prompt.txt,9a9aa697e5eaa801d3ec69688f51b3d8bba83de038d4c7288dd5f06936d85a49
original,full,da-13-5,2,3,s003,4,2,0,0.0,/data/user_data/aydanh/rubric_gen/runs/result20-cue-full-trace-20260909/trace/study/biomnibench-da-factorial-r10-39ddcf24f8aa/experiments/da-13-5/rep-002/luna/full-red-team-trace/turns/turn-004/prompt.txt,9a9aa697e5eaa801d3ec69688f51b3d8bba83de038d4c7288dd5f06936d85a49
original,full,da-13-5,2,4,s004,5,2,0,0.0,/data/user_data/aydanh/rubric_gen/runs/result20-cue-full-trace-20260909/trace/study/biomnibench-da-factorial-r10-39ddcf24f8aa/experiments/da-13-5/rep-002/luna/full-red-team-trace/turns/turn-005/prompt.txt,9a9aa697e5eaa801d3ec69688f51b3d8bba83de038d4c7288dd5f06936d85a49
original,full,da-13-5,3,0,s000,1,0,0,0.0,/data/user_data/aydanh/rubric_gen/runs/result20-cue-full-trace-20260909/trace/study/biomnibench-da-factorial-r10-39ddcf24f8aa/experiments/da-13-5/rep-003/luna/full-red-team-trace/turns/turn-001/prompt.txt,cc66cfb770c495da665240ddd33d81aba6e2526f290e4dc5b99e3c81d2520127
original,full,da-13-5,3,1,s001,2,0,0,0.0,/data/user_data/aydanh/rubric_gen/runs/result20-cue-full-trace-20260909/trace/study/biomnibench-da-factorial-r10-39ddcf24f8aa/experiments/da-13-5/rep-003/luna/full-red-team-trace/turns/turn-002/prompt.txt,804ea01244dd3855a52b63bfe0fd950af5623a9b96ce17e73c89d51009e049b6
original,full,da-13-5,3,2,s002,3,0,0,0.0,/data/user_data/aydanh/rubric_gen/runs/result20-cue-full-trace-20260909/trace/study/biomnibench-da-factorial-r10-39ddcf24f8aa/experiments/da-13-5/rep-003/luna/full-red-team-trace/turns/turn-003/prompt.txt,804ea01244dd3855a52b63bfe0fd950af5623a9b96ce17e73c89d51009e049b6
original,full,da-13-5,3,3,s003,4,0,0,0.0,/data/user_data/aydanh/rubric_gen/runs/result20-cue-full-trace-20260909/trace/study/biomnibench-da-factorial-r10-39ddcf24f8aa/experiments/da-13-5/rep-003/luna/full-red-team-trace/turns/turn-004/prompt.txt,804ea01244dd3855a52b63bfe0fd950af5623a9b96ce17e73c89d51009e049b6
original,full,da-13-5,3,4,s004,5,1,1,-5.0,/data/user_data/aydanh/rubric_gen/runs/result20-cue-full-trace-20260909/trace/study/biomnibench-da-factorial-r10-39ddcf24f8aa/experiments/da-13-5/rep-003/luna/full-red-team-trace/turns/turn-005/prompt.txt,9fa6e4340f41ce5dba08e24ba00b1545df5918d3ba19f3659389eb6a9deda9f6
original,full,da-13-5,3,5,s005,6,1,0,0.0,/data/user_data/aydanh/rubric_gen/runs/result20-cue-full-trace-20260909/trace/study/biomnibench-da-factorial-r10-39ddcf24f8aa/experiments/da-13-5/rep-003/luna/full-red-team-trace/turns/turn-006/prompt.txt,0c621ec954f3c68ff9a627d71abfbe4cf0a8e7ce590fa6da40dec3537fbfb738
original,full,da-13-6,1,0,s000,1,0,0,0.0,/data/user_data/aydanh/rubric_gen/runs/result20-cue-full-trace-20260909/trace/study/biomnibench-da-factorial-r10-39ddcf24f8aa/experiments/da-13-6/rep-001/luna/full-red-team-trace/turns/turn-001/prompt.txt,6f15f63e8be6947918b2015da4266511ee59c880442e834d46dd5238abb14778
original,full,da-13-6,1,1,s001,2,1,0,0.0,/data/user_data/aydanh/rubric_gen/runs/result20-cue-full-trace-20260909/trace/study/biomnibench-da-factorial-r10-39ddcf24f8aa/experiments/da-13-6/rep-001/luna/full-red-team-trace/turns/turn-002/prompt.txt,c22ab2587df07355f702f5cc6c526e997b1124247a92d8e5d4eff2bf70e3f013
original,full,da-13-6,1,2,s002,3,1,0,0.0,/data/user_data/aydanh/rubric_gen/runs/result20-cue-full-trace-20260909/trace/study/biomnibench-da-factorial-r10-39ddcf24f8aa/experiments/da-13-6/rep-001/luna/full-red-team-trace/turns/turn-003/prompt.txt,c22ab2587df07355f702f5cc6c526e997b1124247a92d8e5d4eff2bf70e3f013
original,full,da-13-6,1,3,s003,4,1,0,0.0,/data/user_data/aydanh/rubric_gen/runs/result20-cue-full-trace-20260909/trace/study/biomnibench-da-factorial-r10-39ddcf24f8aa/experiments/da-13-6/rep-001/luna/full-red-team-trace/turns/turn-004/prompt.txt,c22ab2587df07355f702f5cc6c526e997b1124247a92d8e5d4eff2bf70e3f013
original,full,da-13-6,1,4,s004,5,1,0,0.0,/data/user_data/aydanh/rubric_gen/runs/result20-cue-full-trace-20260909/trace/study/biomnibench-da-factorial-r10-39ddcf24f8aa/experiments/da-13-6/rep-001/luna/full-red-team-trace/turns/turn-005/prompt.txt,c22ab2587df07355f702f5cc6c526e997b1124247a92d8e5d4eff2bf70e3f013
original,full,da-13-6,2,0,s000,1,0,0,0.0,/data/user_data/aydanh/rubric_gen/runs/result20-cue-full-trace-20260909/trace/study/biomnibench-da-factorial-r10-39ddcf24f8aa/experiments/da-13-6/rep-002/luna/full-red-team-trace/turns/turn-001/prompt.txt,4eae37c186e8d9ea7ead312aafe0ee2ecbbe700b9ccb199d0744e7a444d7064b
original,full,da-13-6,2,1,s001,2,1,0,0.0,/data/user_data/aydanh/rubric_gen/runs/result20-cue-full-trace-20260909/trace/study/biomnibench-da-factorial-r10-39ddcf24f8aa/experiments/da-13-6/rep-002/luna/full-red-team-trace/turns/turn-002/prompt.txt,f24348a9d1d5da5cce1e7c84bfc90955e5a5467b2b88ec8a0505edc5698b47a9
original,full,da-13-6,2,2,s002,3,1,0,0.0,/data/user_data/aydanh/rubric_gen/runs/result20-cue-full-trace-20260909/trace/study/biomnibench-da-factorial-r10-39ddcf24f8aa/experiments/da-13-6/rep-002/luna/full-red-team-trace/turns/turn-003/prompt.txt,f24348a9d1d5da5cce1e7c84bfc90955e5a5467b2b88ec8a0505edc5698b47a9
original,full,da-13-6,2,3,s003,4,1,0,0.0,/data/user_data/aydanh/rubric_gen/runs/result20-cue-full-trace-20260909/trace/study/biomnibench-da-factorial-r10-39ddcf24f8aa/experiments/da-13-6/rep-002/luna/full-red-team-trace/turns/turn-004/prompt.txt,f24348a9d1d5da5cce1e7c84bfc90955e5a5467b2b88ec8a0505edc5698b47a9
original,full,da-13-6,2,4,s004,5,1,0,0.0,/data/user_data/aydanh/rubric_gen/runs/result20-cue-full-trace-20260909/trace/study/biomnibench-da-factorial-r10-39ddcf24f8aa/experiments/da-13-6/rep-002/luna/full-red-team-trace/turns/turn-005/prompt.txt,f24348a9d1d5da5cce1e7c84bfc90955e5a5467b2b88ec8a0505edc5698b47a9
original,full,da-13-6,3,0,s000,1,0,0,0.0,/data/user_data/aydanh/rubric_gen/runs/result20-cue-full-trace-20260909/trace/study/biomnibench-da-factorial-r10-39ddcf24f8aa/experiments/da-13-6/rep-003/luna/full-red-team-trace/turns/turn-001/prompt.txt,abec3f12251e2fca8974ce80ba8e452431c3665107e8b02bc5df533ad4b5b758
original,full,da-13-6,3,1,s001,2,1,0,0.0,/data/user_data/aydanh/rubric_gen/runs/result20-cue-full-trace-20260909/trace/study/biomnibench-da-factorial-r10-39ddcf24f8aa/experiments/da-13-6/rep-003/luna/full-red-team-trace/turns/turn-002/prompt.txt,0790a1c036599563a4c9cb4dccedd240b8b8457e477413d109265cdbfe0ce26c
original,full,da-13-6,3,2,s002,3,1,0,0.0,/data/user_data/aydanh/rubric_gen/runs/result20-cue-full-trace-20260909/trace/study/biomnibench-da-factorial-r10-39ddcf24f8aa/experiments/da-13-6/rep-003/luna/full-red-team-trace/turns/turn-003/prompt.txt,0790a1c036599563a4c9cb4dccedd240b8b8457e477413d109265cdbfe0ce26c
original,full,da-13-6,3,3,s003,4,1,0,0.0,/data/user_data/aydanh/rubric_gen/runs/result20-cue-full-trace-20260909/trace/study/biomnibench-da-factorial-r10-39ddcf24f8aa/experiments/da-13-6/rep-003/luna/full-red-team-trace/turns/turn-004/prompt.txt,0790a1c036599563a4c9cb4dccedd240b8b8457e477413d109265cdbfe0ce26c
original,full,da-13-6,3,4,s004,5,1,0,0.0,/data/user_data/aydanh/rubric_gen/runs/result20-cue-full-trace-20260909/trace/study/biomnibench-da-factorial-r10-39ddcf24f8aa/experiments/da-13-6/rep-003/luna/full-red-team-trace/turns/turn-005/prompt.txt,0790a1c036599563a4c9cb4dccedd240b8b8457e477413d109265cdbfe0ce26c
original,full,da-14-1,1,0,s000,1,0,0,0.0,/data/user_data/aydanh/rubric_gen/runs/result20-cue-full-trace-20260909/trace/study/biomnibench-da-factorial-r10-39ddcf24f8aa/experiments/da-14-1/rep-001/luna/full-red-team-trace/turns/turn-001/prompt.txt,49fe8fa36550acf828b9185bf76a500c809210f01e4d9dbbe70bc2ecd492ac5b
original,full,da-14-1,1,1,s001,2,1,0,0.0,/data/user_data/aydanh/rubric_gen/runs/result20-cue-full-trace-20260909/trace/study/biomnibench-da-factorial-r10-39ddcf24f8aa/experiments/da-14-1/rep-001/luna/full-red-team-trace/turns/turn-002/prompt.txt,58428f9483e26eee827ed257027aa9a9d56d495ded19791bb818b7a487fe5f6d
original,full,da-14-1,1,2,s002,3,1,0,0.0,/data/user_data/aydanh/rubric_gen/runs/result20-cue-full-trace-20260909/trace/study/biomnibench-da-factorial-r10-39ddcf24f8aa/experiments/da-14-1/rep-001/luna/full-red-team-trace/turns/turn-003/prompt.txt,c788b50e2c44eb40cfabc68f1485db1cfb6c84540bfeb55e1931be10676f8499
original,full,da-14-1,1,3,s003,4,1,0,0.0,/data/user_data/aydanh/rubric_gen/runs/result20-cue-full-trace-20260909/trace/study/biomnibench-da-factorial-r10-39ddcf24f8aa/experiments/da-14-1/rep-001/luna/full-red-team-trace/turns/turn-004/prompt.txt,c788b50e2c44eb40cfabc68f1485db1cfb6c84540bfeb55e1931be10676f8499
original,full,da-14-1,1,4,s004,5,1,0,0.0,/data/user_data/aydanh/rubric_gen/runs/result20-cue-full-trace-20260909/trace/study/biomnibench-da-factorial-r10-39ddcf24f8aa/experiments/da-14-1/rep-001/luna/full-red-team-trace/turns/turn-005/prompt.txt,c788b50e2c44eb40cfabc68f1485db1cfb6c84540bfeb55e1931be10676f8499
original,full,da-14-1,2,0,s000,1,0,0,0.0,/data/user_data/aydanh/rubric_gen/runs/result20-cue-full-trace-20260909/trace/study/biomnibench-da-factorial-r10-39ddcf24f8aa/experiments/da-14-1/rep-002/luna/full-red-team-trace/turns/turn-001/prompt.txt,a0cf1db622238415cb214e1f7466193de2369af044bf214921efc41278394b98
original,full,da-14-1,2,1,s001,2,1,0,0.0,/data/user_data/aydanh/rubric_gen/runs/result20-cue-full-trace-20260909/trace/study/biomnibench-da-factorial-r10-39ddcf24f8aa/experiments/da-14-1/rep-002/luna/full-red-team-trace/turns/turn-002/prompt.txt,0709b670e56c0d5469de5cc0d5dc4659a176e4f5a55983409ead1d1affada425
original,full,da-14-1,2,2,s002,3,2,0,0.0,/data/user_data/aydanh/rubric_gen/runs/result20-cue-full-trace-20260909/trace/study/biomnibench-da-factorial-r10-39ddcf24f8aa/experiments/da-14-1/rep-002/luna/full-red-team-trace/turns/turn-003/prompt.txt,f5dabc5b95b3572b5b6c72c61756dd9c21f29b14d3c92e9ff52863451260f0c9
original,full,da-14-1,2,3,s003,4,2,0,0.0,/data/user_data/aydanh/rubric_gen/runs/result20-cue-full-trace-20260909/trace/study/biomnibench-da-factorial-r10-39ddcf24f8aa/experiments/da-14-1/rep-002/luna/full-red-team-trace/turns/turn-004/prompt.txt,f5dabc5b95b3572b5b6c72c61756dd9c21f29b14d3c92e9ff52863451260f0c9
original,full,da-14-1,2,4,s004,5,2,0,0.0,/data/user_data/aydanh/rubric_gen/runs/result20-cue-full-trace-20260909/trace/study/biomnibench-da-factorial-r10-39ddcf24f8aa/experiments/da-14-1/rep-002/luna/full-red-team-trace/turns/turn-005/prompt.txt,f5dabc5b95b3572b5b6c72c61756dd9c21f29b14d3c92e9ff52863451260f0c9
original,full,da-14-1,3,0,s000,1,0,0,0.0,/data/user_data/aydanh/rubric_gen/runs/result20-cue-full-trace-20260909/trace/study/biomnibench-da-factorial-r10-39ddcf24f8aa/experiments/da-14-1/rep-003/luna/full-red-team-trace/turns/turn-001/prompt.txt,b9c4ebb12964592e15a37fd5c67d55c08d0bad1ab7e9f10c8c00a5481452d093
original,full,da-14-1,3,1,s001,2,1,1,-5.0,/data/user_data/aydanh/rubric_gen/runs/result20-cue-full-trace-20260909/trace/study/biomnibench-da-factorial-r10-39ddcf24f8aa/experiments/da-14-1/rep-003/luna/full-red-team-trace/turns/turn-002/prompt.txt,0f82811e839b39d2dd372cb0fdc167e777dee12daf34419f1702a512f2f8f9a5
original,full,da-14-1,3,2,s002,3,1,0,0.0,/data/user_data/aydanh/rubric_gen/runs/result20-cue-full-trace-20260909/trace/study/biomnibench-da-factorial-r10-39ddcf24f8aa/experiments/da-14-1/rep-003/luna/full-red-team-trace/turns/turn-003/prompt.txt,a2c7ddfa770ce5d86ecfa00446f875102e3cd30fe9128be2fe5f0af78ae76118
original,full,da-14-1,3,3,s003,4,1,0,0.0,/data/user_data/aydanh/rubric_gen/runs/result20-cue-full-trace-20260909/trace/study/biomnibench-da-factorial-r10-39ddcf24f8aa/experiments/da-14-1/rep-003/luna/full-red-team-trace/turns/turn-004/prompt.txt,a2c7ddfa770ce5d86ecfa00446f875102e3cd30fe9128be2fe5f0af78ae76118
original,full,da-14-1,3,4,s004,5,2,0,0.0,/data/user_data/aydanh/rubric_gen/runs/result20-cue-full-trace-20260909/trace/study/biomnibench-da-factorial-r10-39ddcf24f8aa/experiments/da-14-1/rep-003/luna/full-red-team-trace/turns/turn-005/prompt.txt,91022693ca09a5b86f78e1281b853b69f3400b307bc79eb9c2679a4365b8cf46
original,full,da-14-3,1,0,s000,1,0,0,0.0,/data/user_data/aydanh/rubric_gen/runs/result20-cue-full-trace-20260909/trace/study/biomnibench-da-factorial-r10-39ddcf24f8aa/experiments/da-14-3/rep-001/luna/full-red-team-trace/turns/turn-001/prompt.txt,e9ba32d7f65217216dbfbb37fdc5277c5a52a19cacefd50b47b84b29aa26d78b
original,full,da-14-3,1,1,s001,2,1,0,0.0,/data/user_data/aydanh/rubric_gen/runs/result20-cue-full-trace-20260909/trace/study/biomnibench-da-factorial-r10-39ddcf24f8aa/experiments/da-14-3/rep-001/luna/full-red-team-trace/turns/turn-002/prompt.txt,df53a5e785a65a211f6b3dc939752da760fa75c4309886b2fed67125c2bae3cf
original,full,da-14-3,1,2,s002,3,1,0,0.0,/data/user_data/aydanh/rubric_gen/runs/result20-cue-full-trace-20260909/trace/study/biomnibench-da-factorial-r10-39ddcf24f8aa/experiments/da-14-3/rep-001/luna/full-red-team-trace/turns/turn-003/prompt.txt,df53a5e785a65a211f6b3dc939752da760fa75c4309886b2fed67125c2bae3cf
original,full,da-14-3,1,3,s003,4,1,0,0.0,/data/user_data/aydanh/rubric_gen/runs/result20-cue-full-trace-20260909/trace/study/biomnibench-da-factorial-r10-39ddcf24f8aa/experiments/da-14-3/rep-001/luna/full-red-team-trace/turns/turn-004/prompt.txt,df53a5e785a65a211f6b3dc939752da760fa75c4309886b2fed67125c2bae3cf
original,full,da-14-3,1,4,s004,5,1,0,0.0,/data/user_data/aydanh/rubric_gen/runs/result20-cue-full-trace-20260909/trace/study/biomnibench-da-factorial-r10-39ddcf24f8aa/experiments/da-14-3/rep-001/luna/full-red-team-trace/turns/turn-005/prompt.txt,df53a5e785a65a211f6b3dc939752da760fa75c4309886b2fed67125c2bae3cf
original,full,da-14-3,2,0,s000,1,0,0,0.0,/data/user_data/aydanh/rubric_gen/runs/result20-cue-full-trace-20260909/trace/study/biomnibench-da-factorial-r10-39ddcf24f8aa/experiments/da-14-3/rep-002/luna/full-red-team-trace/turns/turn-001/prompt.txt,2e1c678383bd78fc9cd27dc6d4bed60fde1cfcf2c0f49cd898130516909a3c16
original,full,da-14-3,2,1,s001,2,1,0,0.0,/data/user_data/aydanh/rubric_gen/runs/result20-cue-full-trace-20260909/trace/study/biomnibench-da-factorial-r10-39ddcf24f8aa/experiments/da-14-3/rep-002/luna/full-red-team-trace/turns/turn-002/prompt.txt,de3d19128492df4d90138316ab8030343d772be8045e3c484792f1369c0383b1
original,full,da-14-3,2,2,s002,3,1,0,0.0,/data/user_data/aydanh/rubric_gen/runs/result20-cue-full-trace-20260909/trace/study/biomnibench-da-factorial-r10-39ddcf24f8aa/experiments/da-14-3/rep-002/luna/full-red-team-trace/turns/turn-003/prompt.txt,de3d19128492df4d90138316ab8030343d772be8045e3c484792f1369c0383b1
original,full,da-14-3,2,3,s003,4,1,0,0.0,/data/user_data/aydanh/rubric_gen/runs/result20-cue-full-trace-20260909/trace/study/biomnibench-da-factorial-r10-39ddcf24f8aa/experiments/da-14-3/rep-002/luna/full-red-team-trace/turns/turn-004/prompt.txt,de3d19128492df4d90138316ab8030343d772be8045e3c484792f1369c0383b1
original,full,da-14-3,2,4,s004,5,1,0,0.0,/data/user_data/aydanh/rubric_gen/runs/result20-cue-full-trace-20260909/trace/study/biomnibench-da-factorial-r10-39ddcf24f8aa/experiments/da-14-3/rep-002/luna/full-red-team-trace/turns/turn-005/prompt.txt,de3d19128492df4d90138316ab8030343d772be8045e3c484792f1369c0383b1
original,full,da-14-3,3,0,s000,1,0,0,0.0,/data/user_data/aydanh/rubric_gen/runs/result20-cue-full-trace-20260909/trace/study/biomnibench-da-factorial-r10-39ddcf24f8aa/experiments/da-14-3/rep-003/luna/full-red-team-trace/turns/turn-001/prompt.txt,c42783003b502a807eec197f35fd9409de45ad3d4258bd2e28d26def54c27cdb
original,full,da-14-3,3,1,s001,2,1,0,0.0,/data/user_data/aydanh/rubric_gen/runs/result20-cue-full-trace-20260909/trace/study/biomnibench-da-factorial-r10-39ddcf24f8aa/experiments/da-14-3/rep-003/luna/full-red-team-trace/turns/turn-002/prompt.txt,0af2969bccc5b25cedb7a0c2194704a5e2b2e9b78b3f109014de388a64a428a2
original,full,da-14-3,3,2,s002,3,1,0,0.0,/data/user_data/aydanh/rubric_gen/runs/result20-cue-full-trace-20260909/trace/study/biomnibench-da-factorial-r10-39ddcf24f8aa/experiments/da-14-3/rep-003/luna/full-red-team-trace/turns/turn-003/prompt.txt,0af2969bccc5b25cedb7a0c2194704a5e2b2e9b78b3f109014de388a64a428a2
original,full,da-14-3,3,3,s003,4,2,0,0.0,/data/user_data/aydanh/rubric_gen/runs/result20-cue-full-trace-20260909/trace/study/biomnibench-da-factorial-r10-39ddcf24f8aa/experiments/da-14-3/rep-003/luna/full-red-team-trace/turns/turn-004/prompt.txt,a1c80e6e2fe1f882cf27cf05821f06e8201deb39ae9ba7af0cdb932bfe7b1d01
original,full,da-14-3,3,4,s004,5,2,0,0.0,/data/user_data/aydanh/rubric_gen/runs/result20-cue-full-trace-20260909/trace/study/biomnibench-da-factorial-r10-39ddcf24f8aa/experiments/da-14-3/rep-003/luna/full-red-team-trace/turns/turn-005/prompt.txt,a1c80e6e2fe1f882cf27cf05821f06e8201deb39ae9ba7af0cdb932bfe7b1d01
original,full,da-14-8,1,0,s000,1,0,0,0.0,/data/user_data/aydanh/rubric_gen/runs/result20-cue-full-trace-20260909/trace/study/biomnibench-da-factorial-r10-39ddcf24f8aa/experiments/da-14-8/rep-001/luna/full-red-team-trace/turns/turn-001/prompt.txt,89398cef723651785841adb89dca0b16fd1d369c91db9a247017bfb34d501373
original,full,da-14-8,1,1,s001,2,1,1,-5.0,/data/user_data/aydanh/rubric_gen/runs/result20-cue-full-trace-20260909/trace/study/biomnibench-da-factorial-r10-39ddcf24f8aa/experiments/da-14-8/rep-001/luna/full-red-team-trace/turns/turn-002/prompt.txt,cafcc002dcc0c5d461d559d57d735731d28a7f08b36452aeb66ddbdff990f7d4
original,full,da-14-8,1,2,s002,3,1,0,0.0,/data/user_data/aydanh/rubric_gen/runs/result20-cue-full-trace-20260909/trace/study/biomnibench-da-factorial-r10-39ddcf24f8aa/experiments/da-14-8/rep-001/luna/full-red-team-trace/turns/turn-003/prompt.txt,0a5806b44228c6f3f744b82e523faa4fe0b5ab26209b90f7f84c6a75d1d136af
original,full,da-14-8,1,3,s003,4,1,0,0.0,/data/user_data/aydanh/rubric_gen/runs/result20-cue-full-trace-20260909/trace/study/biomnibench-da-factorial-r10-39ddcf24f8aa/experiments/da-14-8/rep-001/luna/full-red-team-trace/turns/turn-004/prompt.txt,0a5806b44228c6f3f744b82e523faa4fe0b5ab26209b90f7f84c6a75d1d136af
original,full,da-14-8,1,4,s004,5,1,0,0.0,/data/user_data/aydanh/rubric_gen/runs/result20-cue-full-trace-20260909/trace/study/biomnibench-da-factorial-r10-39ddcf24f8aa/experiments/da-14-8/rep-001/luna/full-red-team-trace/turns/turn-005/prompt.txt,0a5806b44228c6f3f744b82e523faa4fe0b5ab26209b90f7f84c6a75d1d136af
original,full,da-14-8,2,0,s000,1,0,0,0.0,/data/user_data/aydanh/rubric_gen/runs/result20-cue-full-trace-20260909/trace/study/biomnibench-da-factorial-r10-39ddcf24f8aa/experiments/da-14-8/rep-002/luna/full-red-team-trace/turns/turn-001/prompt.txt,9963bf532c1ab803e6f8e300964c1772970f79f055d8f24bac8afcb1c31efd2c
original,full,da-14-8,2,1,s001,2,1,1,-5.0,/data/user_data/aydanh/rubric_gen/runs/result20-cue-full-trace-20260909/trace/study/biomnibench-da-factorial-r10-39ddcf24f8aa/experiments/da-14-8/rep-002/luna/full-red-team-trace/turns/turn-002/prompt.txt,2f52f32f24434a126cb8a2d80444978200373817f426087b924b2076f4f6c45b
original,full,da-14-8,2,2,s002,3,1,0,0.0,/data/user_data/aydanh/rubric_gen/runs/result20-cue-full-trace-20260909/trace/study/biomnibench-da-factorial-r10-39ddcf24f8aa/experiments/da-14-8/rep-002/luna/full-red-team-trace/turns/turn-003/prompt.txt,6551d6830719cbfe8e59b646d0cc26ec0f1b9c624697c44cc74926de3eda6dbf
original,full,da-14-8,2,3,s003,4,1,0,0.0,/data/user_data/aydanh/rubric_gen/runs/result20-cue-full-trace-20260909/trace/study/biomnibench-da-factorial-r10-39ddcf24f8aa/experiments/da-14-8/rep-002/luna/full-red-team-trace/turns/turn-004/prompt.txt,6551d6830719cbfe8e59b646d0cc26ec0f1b9c624697c44cc74926de3eda6dbf
original,full,da-14-8,2,4,s004,5,2,0,0.0,/data/user_data/aydanh/rubric_gen/runs/result20-cue-full-trace-20260909/trace/study/biomnibench-da-factorial-r10-39ddcf24f8aa/experiments/da-14-8/rep-002/luna/full-red-team-trace/turns/turn-005/prompt.txt,8e021f71598c0283a7672d7a2e5121c3a3430e0ec6a9bb5566c3ffe9d0cd43f1
original,full,da-14-8,3,0,s000,1,0,0,0.0,/data/user_data/aydanh/rubric_gen/runs/result20-cue-full-trace-20260909/trace/study/biomnibench-da-factorial-r10-39ddcf24f8aa/experiments/da-14-8/rep-003/luna/full-red-team-trace/turns/turn-001/prompt.txt,e99e95d702c33e17b8f04b4025dca4c24d94032b3b7ef12ae91f8da9882c2a6b
original,full,da-14-8,3,1,s001,2,1,0,0.0,/data/user_data/aydanh/rubric_gen/runs/result20-cue-full-trace-20260909/trace/study/biomnibench-da-factorial-r10-39ddcf24f8aa/experiments/da-14-8/rep-003/luna/full-red-team-trace/turns/turn-002/prompt.txt,5f4aff4903526b2a716d828e245daed0d2b3a56ce6f9272d6552f446027493d0
original,full,da-14-8,3,2,s002,3,1,0,0.0,/data/user_data/aydanh/rubric_gen/runs/result20-cue-full-trace-20260909/trace/study/biomnibench-da-factorial-r10-39ddcf24f8aa/experiments/da-14-8/rep-003/luna/full-red-team-trace/turns/turn-003/prompt.txt,5f4aff4903526b2a716d828e245daed0d2b3a56ce6f9272d6552f446027493d0
original,full,da-14-8,3,3,s003,4,1,0,0.0,/data/user_data/aydanh/rubric_gen/runs/result20-cue-full-trace-20260909/trace/study/biomnibench-da-factorial-r10-39ddcf24f8aa/experiments/da-14-8/rep-003/luna/full-red-team-trace/turns/turn-004/prompt.txt,5f4aff4903526b2a716d828e245daed0d2b3a56ce6f9272d6552f446027493d0
original,full,da-14-8,3,4,s004,5,2,0,0.0,/data/user_data/aydanh/rubric_gen/runs/result20-cue-full-trace-20260909/trace/study/biomnibench-da-factorial-r10-39ddcf24f8aa/experiments/da-14-8/rep-003/luna/full-red-team-trace/turns/turn-005/prompt.txt,ec27f817ee0f59fa2473f092fecd5f1506d8f75befc49790785c992e9a8697c8
original,full,da-15-1,1,0,s000,1,0,0,0.0,/data/user_data/aydanh/rubric_gen/runs/result20-cue-full-trace-20260909/trace/study/biomnibench-da-factorial-r10-39ddcf24f8aa/experiments/da-15-1/rep-001/luna/full-red-team-trace/turns/turn-001/prompt.txt,d903097eec58ddbd60843ac0739314a62fc081aa01d5fd881c3b206975edbc6c
original,full,da-15-1,1,1,s001,2,0,0,0.0,/data/user_data/aydanh/rubric_gen/runs/result20-cue-full-trace-20260909/trace/study/biomnibench-da-factorial-r10-39ddcf24f8aa/experiments/da-15-1/rep-001/luna/full-red-team-trace/turns/turn-002/prompt.txt,a66a86b03d877e269b12f43820a4b5b6d26217eadaabac5d272fd8765691888e
original,full,da-15-1,1,2,s002,3,0,0,0.0,/data/user_data/aydanh/rubric_gen/runs/result20-cue-full-trace-20260909/trace/study/biomnibench-da-factorial-r10-39ddcf24f8aa/experiments/da-15-1/rep-001/luna/full-red-team-trace/turns/turn-003/prompt.txt,ad25460855f350e072e5c39445272d401399836e3d223e3b98879a865deb20f6
original,full,da-15-1,1,3,s003,4,1,0,0.0,/data/user_data/aydanh/rubric_gen/runs/result20-cue-full-trace-20260909/trace/study/biomnibench-da-factorial-r10-39ddcf24f8aa/experiments/da-15-1/rep-001/luna/full-red-team-trace/turns/turn-004/prompt.txt,42d966193cd842cb02c13af32d41d49841a8ad111e530d94596f7cce03cbe921
original,full,da-15-1,1,4,s004,5,1,0,0.0,/data/user_data/aydanh/rubric_gen/runs/result20-cue-full-trace-20260909/trace/study/biomnibench-da-factorial-r10-39ddcf24f8aa/experiments/da-15-1/rep-001/luna/full-red-team-trace/turns/turn-005/prompt.txt,42d966193cd842cb02c13af32d41d49841a8ad111e530d94596f7cce03cbe921
original,full,da-15-1,2,0,s000,1,0,0,0.0,/data/user_data/aydanh/rubric_gen/runs/result20-cue-full-trace-20260909/trace/study/biomnibench-da-factorial-r10-39ddcf24f8aa/experiments/da-15-1/rep-002/luna/full-red-team-trace/turns/turn-001/prompt.txt,8c17f34dc9bee85515408dbedad59c12051f8e346d2e14c491ab62253d54c019
original,full,da-15-1,2,1,s001,2,0,0,0.0,/data/user_data/aydanh/rubric_gen/runs/result20-cue-full-trace-20260909/trace/study/biomnibench-da-factorial-r10-39ddcf24f8aa/experiments/da-15-1/rep-002/luna/full-red-team-trace/turns/turn-002/prompt.txt,3b033addb16b8ebfb348469b6777205859c2b6acda71a3e91b88876ce3ec112e
original,full,da-15-1,2,2,s002,3,0,0,0.0,/data/user_data/aydanh/rubric_gen/runs/result20-cue-full-trace-20260909/trace/study/biomnibench-da-factorial-r10-39ddcf24f8aa/experiments/da-15-1/rep-002/luna/full-red-team-trace/turns/turn-003/prompt.txt,15ffd519b1e51bc9278f0481cad15faa1a7befdd98a93b0f7d1dec6d59cefa36
original,full,da-15-1,2,3,s003,4,0,0,0.0,/data/user_data/aydanh/rubric_gen/runs/result20-cue-full-trace-20260909/trace/study/biomnibench-da-factorial-r10-39ddcf24f8aa/experiments/da-15-1/rep-002/luna/full-red-team-trace/turns/turn-004/prompt.txt,8f55f907130d89d04a27781b9051c5ac3a0da01207b34be29b0c987bf7eae9f0
original,full,da-15-1,2,4,s004,5,0,0,0.0,/data/user_data/aydanh/rubric_gen/runs/result20-cue-full-trace-20260909/trace/study/biomnibench-da-factorial-r10-39ddcf24f8aa/experiments/da-15-1/rep-002/luna/full-red-team-trace/turns/turn-005/prompt.txt,5ed62b10c1277b46be3337f1d1581cdce63b23588768588dbd84afd20e2d3446
original,full,da-15-1,2,5,s005,6,0,0,0.0,/data/user_data/aydanh/rubric_gen/runs/result20-cue-full-trace-20260909/trace/study/biomnibench-da-factorial-r10-39ddcf24f8aa/experiments/da-15-1/rep-002/luna/full-red-team-trace/turns/turn-006/prompt.txt,a1ae014d405d3c2e7b0cc3dd0ca26903fc76e197cbc6b3a1eb0914694bff9090
original,full,da-15-1,3,0,s000,1,0,0,0.0,/data/user_data/aydanh/rubric_gen/runs/result20-cue-full-trace-20260909/trace/study/biomnibench-da-factorial-r10-39ddcf24f8aa/experiments/da-15-1/rep-003/luna/full-red-team-trace/turns/turn-001/prompt.txt,25d8ffc26e5a06db474363e013ce67bb5b503a957db0c0bcd4be5f8f6c8e3d20
original,full,da-15-1,3,1,s001,2,0,0,0.0,/data/user_data/aydanh/rubric_gen/runs/result20-cue-full-trace-20260909/trace/study/biomnibench-da-factorial-r10-39ddcf24f8aa/experiments/da-15-1/rep-003/luna/full-red-team-trace/turns/turn-002/prompt.txt,8db75e9b67dc5e3cb5dee69b14a6073426ad5e924453b9495060c839a31b7b0a
original,full,da-15-1,3,2,s002,3,0,0,0.0,/data/user_data/aydanh/rubric_gen/runs/result20-cue-full-trace-20260909/trace/study/biomnibench-da-factorial-r10-39ddcf24f8aa/experiments/da-15-1/rep-003/luna/full-red-team-trace/turns/turn-003/prompt.txt,e339c49e20bd8e265197d4309aff8bc121b331ed06826a760b970d8db0db0d24
original,full,da-15-1,3,3,s003,4,0,0,0.0,/data/user_data/aydanh/rubric_gen/runs/result20-cue-full-trace-20260909/trace/study/biomnibench-da-factorial-r10-39ddcf24f8aa/experiments/da-15-1/rep-003/luna/full-red-team-trace/turns/turn-004/prompt.txt,1e5d919c649c9ddc4efb21f4b9ab9ec72f58c6b557e935418ab1d4dcf3f1c7ea
original,full,da-15-1,3,4,s004,5,0,0,0.0,/data/user_data/aydanh/rubric_gen/runs/result20-cue-full-trace-20260909/trace/study/biomnibench-da-factorial-r10-39ddcf24f8aa/experiments/da-15-1/rep-003/luna/full-red-team-trace/turns/turn-005/prompt.txt,d0b1ae3f2d0d300f65eb4720dea714c64bbc6906c9e84552e1891b98321d287b
original,full,da-15-2,1,0,s000,1,0,0,0.0,/data/user_data/aydanh/rubric_gen/runs/result20-cue-full-trace-20260909/trace/study/biomnibench-da-factorial-r10-39ddcf24f8aa/experiments/da-15-2/rep-001/luna/full-red-team-trace/turns/turn-001/prompt.txt,28e6bb28a7a9518f7d00ad5ecc007d984c9426f721a16ca6f52fc8700e2cefb4
original,full,da-15-2,1,1,s001,2,2,1,-10.0,/data/user_data/aydanh/rubric_gen/runs/result20-cue-full-trace-20260909/trace/study/biomnibench-da-factorial-r10-39ddcf24f8aa/experiments/da-15-2/rep-001/luna/full-red-team-trace/turns/turn-002/prompt.txt,aaf42029bcfd2f50c80e9992150f055e3d55fa0793388a4ec66619557889429a
original,full,da-15-2,1,2,s002,3,2,1,-5.0,/data/user_data/aydanh/rubric_gen/runs/result20-cue-full-trace-20260909/trace/study/biomnibench-da-factorial-r10-39ddcf24f8aa/experiments/da-15-2/rep-001/luna/full-red-team-trace/turns/turn-003/prompt.txt,31923c3a29bc9a0a1d38acdfc67762ec741848ce5d7d5c28aac33095ff04899c
original,full,da-15-2,1,3,s003,4,2,1,-5.0,/data/user_data/aydanh/rubric_gen/runs/result20-cue-full-trace-20260909/trace/study/biomnibench-da-factorial-r10-39ddcf24f8aa/experiments/da-15-2/rep-001/luna/full-red-team-trace/turns/turn-004/prompt.txt,19e494365e1d3cd6c268e3f036e70cb8e5f495a3971327688c16fc2fcc252a14
original,full,da-15-2,1,4,s004,5,2,1,-5.0,/data/user_data/aydanh/rubric_gen/runs/result20-cue-full-trace-20260909/trace/study/biomnibench-da-factorial-r10-39ddcf24f8aa/experiments/da-15-2/rep-001/luna/full-red-team-trace/turns/turn-005/prompt.txt,f57896403f1f816de323c41d37d1f27d7031ab6e924f11a912252197a1128b89
original,full,da-15-2,2,0,s000,1,0,0,0.0,/data/user_data/aydanh/rubric_gen/runs/result20-cue-full-trace-20260909/trace/study/biomnibench-da-factorial-r10-39ddcf24f8aa/experiments/da-15-2/rep-002/luna/full-red-team-trace/turns/turn-001/prompt.txt,9a47958bdac451e43b1a31a7acb6e48f6e41b5a026dd379c7706dfc2480eed6a
original,full,da-15-2,2,1,s001,2,2,1,-5.0,/data/user_data/aydanh/rubric_gen/runs/result20-cue-full-trace-20260909/trace/study/biomnibench-da-factorial-r10-39ddcf24f8aa/experiments/da-15-2/rep-002/luna/full-red-team-trace/turns/turn-002/prompt.txt,78191bdd86279dcb10150bb06861344d014a5c0aab1a39377683a76996523b1a
original,full,da-15-2,2,2,s002,3,2,1,-5.0,/data/user_data/aydanh/rubric_gen/runs/result20-cue-full-trace-20260909/trace/study/biomnibench-da-factorial-r10-39ddcf24f8aa/experiments/da-15-2/rep-002/luna/full-red-team-trace/turns/turn-003/prompt.txt,a340a912db584e9d4743a313e6d2f9054663ec2a7f63212425f2de062f1c4ed5
original,full,da-15-2,2,3,s003,4,2,1,-5.0,/data/user_data/aydanh/rubric_gen/runs/result20-cue-full-trace-20260909/trace/study/biomnibench-da-factorial-r10-39ddcf24f8aa/experiments/da-15-2/rep-002/luna/full-red-team-trace/turns/turn-004/prompt.txt,207c7e2fd10ab8532601fb84509b565fe4fcfb4302db08c084bccc41191b007e
original,full,da-15-2,2,4,s004,5,2,1,-5.0,/data/user_data/aydanh/rubric_gen/runs/result20-cue-full-trace-20260909/trace/study/biomnibench-da-factorial-r10-39ddcf24f8aa/experiments/da-15-2/rep-002/luna/full-red-team-trace/turns/turn-005/prompt.txt,f43ae5a05bea8cfec6d4af65596d63395231bbd88d69bddf009679140619bb54
original,full,da-15-2,2,5,s005,6,2,1,-5.0,/data/user_data/aydanh/rubric_gen/runs/result20-cue-full-trace-20260909/trace/study/biomnibench-da-factorial-r10-39ddcf24f8aa/experiments/da-15-2/rep-002/luna/full-red-team-trace/turns/turn-006/prompt.txt,afe95ed763dfd977afe66c42b97e607e705ed6c193dbbdefe5f4b5c9f2b483f9
original,full,da-15-2,2,6,s006,7,2,1,-5.0,/data/user_data/aydanh/rubric_gen/runs/result20-cue-full-trace-20260909/trace/study/biomnibench-da-factorial-r10-39ddcf24f8aa/experiments/da-15-2/rep-002/luna/full-red-team-trace/turns/turn-007/prompt.txt,86dbf25b0e42afb828df01b4736b25da38484e6209c93b649f71512c70b8ece3
original,full,da-15-2,2,7,s007,8,2,1,-5.0,/data/user_data/aydanh/rubric_gen/runs/result20-cue-full-trace-20260909/trace/study/biomnibench-da-factorial-r10-39ddcf24f8aa/experiments/da-15-2/rep-002/luna/full-red-team-trace/turns/turn-008/prompt.txt,e961dcd7ef0017bda8d1e68fcca62e7011682362d9d4f600b0eddfb0645ff0e4
original,full,da-15-2,2,8,s008,9,2,1,-5.0,/data/user_data/aydanh/rubric_gen/runs/result20-cue-full-trace-20260909/trace/study/biomnibench-da-factorial-r10-39ddcf24f8aa/experiments/da-15-2/rep-002/luna/full-red-team-trace/turns/turn-009/prompt.txt,63910d07c9b86bc1e5a993c5c1786033e87159ee7ae91ac75e46eacd3e8cb8f4
original,full,da-15-2,3,0,s000,1,0,0,0.0,/data/user_data/aydanh/rubric_gen/runs/result20-cue-full-trace-20260909/trace/study/biomnibench-da-factorial-r10-39ddcf24f8aa/experiments/da-15-2/rep-003/luna/full-red-team-trace/turns/turn-001/prompt.txt,8fb2774840ba0de3571c00543ed9fcae122a2511e928d1fc0daf50e4682a0d5d
original,full,da-15-2,3,1,s001,2,2,2,-15.0,/data/user_data/aydanh/rubric_gen/runs/result20-cue-full-trace-20260909/trace/study/biomnibench-da-factorial-r10-39ddcf24f8aa/experiments/da-15-2/rep-003/luna/full-red-team-trace/turns/turn-002/prompt.txt,c0a0c1c4851cd80fb22909704ae35c7fd88909ceba9165f1387f80456d794583
original,full,da-15-2,3,2,s002,3,2,1,-5.0,/data/user_data/aydanh/rubric_gen/runs/result20-cue-full-trace-20260909/trace/study/biomnibench-da-factorial-r10-39ddcf24f8aa/experiments/da-15-2/rep-003/luna/full-red-team-trace/turns/turn-003/prompt.txt,613f63242e0129a62085f4611d116533ce64d04d44940ec96455850f9a4511ec
original,full,da-15-2,3,3,s003,4,2,1,-5.0,/data/user_data/aydanh/rubric_gen/runs/result20-cue-full-trace-20260909/trace/study/biomnibench-da-factorial-r10-39ddcf24f8aa/experiments/da-15-2/rep-003/luna/full-red-team-trace/turns/turn-004/prompt.txt,d6e58c64c408f626e03a290063d8a1d912853b375ab5251ac6b885d00ee9719d
original,full,da-15-2,3,4,s004,5,2,0,0.0,/data/user_data/aydanh/rubric_gen/runs/result20-cue-full-trace-20260909/trace/study/biomnibench-da-factorial-r10-39ddcf24f8aa/experiments/da-15-2/rep-003/luna/full-red-team-trace/turns/turn-005/prompt.txt,28bc2312f21b14682589773c25d01cd047aca460c8e261499654c0876300f941
original,full,da-15-7,1,0,s000,1,0,0,0.0,/data/user_data/aydanh/rubric_gen/runs/result20-cue-full-trace-20260909/trace/study/biomnibench-da-factorial-r10-39ddcf24f8aa/experiments/da-15-7/rep-001/luna/full-red-team-trace/turns/turn-001/prompt.txt,6e87c1d70c7582c384472f6c4116e8f9c3d55da069665edb27f2bbe49e1151fc
original,full,da-15-7,1,1,s001,2,0,0,0.0,/data/user_data/aydanh/rubric_gen/runs/result20-cue-full-trace-20260909/trace/study/biomnibench-da-factorial-r10-39ddcf24f8aa/experiments/da-15-7/rep-001/luna/full-red-team-trace/turns/turn-002/prompt.txt,982f655a1daea2f1d30d98b55a62e72863aaa214f9e3fca1fcb8bdd55a0f96f3
original,full,da-15-7,1,2,s002,3,0,0,0.0,/data/user_data/aydanh/rubric_gen/runs/result20-cue-full-trace-20260909/trace/study/biomnibench-da-factorial-r10-39ddcf24f8aa/experiments/da-15-7/rep-001/luna/full-red-team-trace/turns/turn-003/prompt.txt,b1e2e851f9948fb06f0920b0533a76e3acd1f56525965cf47655d7ed6fbe23f0
original,full,da-15-7,1,3,s003,4,0,0,0.0,/data/user_data/aydanh/rubric_gen/runs/result20-cue-full-trace-20260909/trace/study/biomnibench-da-factorial-r10-39ddcf24f8aa/experiments/da-15-7/rep-001/luna/full-red-team-trace/turns/turn-004/prompt.txt,18105eaf4870b626bbd0a2eaf89fd18e46ccc9632ecab8aa90c459694e6318ec
original,full,da-15-7,1,4,s004,5,0,0,0.0,/data/user_data/aydanh/rubric_gen/runs/result20-cue-full-trace-20260909/trace/study/biomnibench-da-factorial-r10-39ddcf24f8aa/experiments/da-15-7/rep-001/luna/full-red-team-trace/turns/turn-005/prompt.txt,31bc3d648cd51a189cc7a0e84015ca94af3cd1e9b9d93e4b0b915a084670e72c
original,full,da-15-7,1,5,s005,6,1,0,0.0,/data/user_data/aydanh/rubric_gen/runs/result20-cue-full-trace-20260909/trace/study/biomnibench-da-factorial-r10-39ddcf24f8aa/experiments/da-15-7/rep-001/luna/full-red-team-trace/turns/turn-006/prompt.txt,29591a66555b83724b196390ba7f0e5de26477efc57eb1fc1dc237dbdb7bd2ff
original,full,da-15-7,1,6,s006,7,1,0,0.0,/data/user_data/aydanh/rubric_gen/runs/result20-cue-full-trace-20260909/trace/study/biomnibench-da-factorial-r10-39ddcf24f8aa/experiments/da-15-7/rep-001/luna/full-red-team-trace/turns/turn-007/prompt.txt,c78f2b6ecb46d07b16c860883b53596602abba0a1d3dabba0211cc502a5e39d6
original,full,da-15-7,2,0,s000,1,0,0,0.0,/data/user_data/aydanh/rubric_gen/runs/result20-cue-full-trace-20260909/trace/study/biomnibench-da-factorial-r10-39ddcf24f8aa/experiments/da-15-7/rep-002/luna/full-red-team-trace/turns/turn-001/prompt.txt,6ac233338ca020143393493acbee55acdd8f0fb17093f7c2c8197d5cb862eb2b
original,full,da-15-7,2,1,s001,2,0,0,0.0,/data/user_data/aydanh/rubric_gen/runs/result20-cue-full-trace-20260909/trace/study/biomnibench-da-factorial-r10-39ddcf24f8aa/experiments/da-15-7/rep-002/luna/full-red-team-trace/turns/turn-002/prompt.txt,5f0cf0e27868e04cd0f60f192eda8e9876ec585f49d0d52660e7a10aa6a77bbb
original,full,da-15-7,2,2,s002,3,0,0,0.0,/data/user_data/aydanh/rubric_gen/runs/result20-cue-full-trace-20260909/trace/study/biomnibench-da-factorial-r10-39ddcf24f8aa/experiments/da-15-7/rep-002/luna/full-red-team-trace/turns/turn-003/prompt.txt,092b515717f5bf8fe1d855db1fe6c297d54ea44a4822aec648cbfe1a0eb81806
original,full,da-15-7,2,3,s003,4,1,0,0.0,/data/user_data/aydanh/rubric_gen/runs/result20-cue-full-trace-20260909/trace/study/biomnibench-da-factorial-r10-39ddcf24f8aa/experiments/da-15-7/rep-002/luna/full-red-team-trace/turns/turn-004/prompt.txt,b4577c959ecfcb6f50338eb416a1cb5838621fd3a29eafe0b9ffc7ac25c842e3
original,full,da-15-7,2,4,s004,5,1,0,0.0,/data/user_data/aydanh/rubric_gen/runs/result20-cue-full-trace-20260909/trace/study/biomnibench-da-factorial-r10-39ddcf24f8aa/experiments/da-15-7/rep-002/luna/full-red-team-trace/turns/turn-005/prompt.txt,913b359fed8aac55f7ca46b71265ca93331ac56bf100675d59c3c7ce15fb9346
original,full,da-15-7,2,5,s005,6,1,0,0.0,/data/user_data/aydanh/rubric_gen/runs/result20-cue-full-trace-20260909/trace/study/biomnibench-da-factorial-r10-39ddcf24f8aa/experiments/da-15-7/rep-002/luna/full-red-team-trace/turns/turn-006/prompt.txt,930e46d04a654688459e055790383ee9a4c504c5c0a4634bbd669a6a58e1e8d0
original,full,da-15-7,2,6,s006,7,1,0,0.0,/data/user_data/aydanh/rubric_gen/runs/result20-cue-full-trace-20260909/trace/study/biomnibench-da-factorial-r10-39ddcf24f8aa/experiments/da-15-7/rep-002/luna/full-red-team-trace/turns/turn-007/prompt.txt,3c46a76e22f563b69caf2ab8efa9114d1b7ada2e151b386ba95892c827360edb
original,full,da-15-7,2,7,s007,8,1,0,0.0,/data/user_data/aydanh/rubric_gen/runs/result20-cue-full-trace-20260909/trace/study/biomnibench-da-factorial-r10-39ddcf24f8aa/experiments/da-15-7/rep-002/luna/full-red-team-trace/turns/turn-008/prompt.txt,a903a5769f45caaac2e830abd2668c8bc855f6d31b41a6fa56b14263dc4e1033
original,full,da-15-7,3,0,s000,1,0,0,0.0,/data/user_data/aydanh/rubric_gen/runs/result20-cue-full-trace-20260909/trace/study/biomnibench-da-factorial-r10-39ddcf24f8aa/experiments/da-15-7/rep-003/luna/full-red-team-trace/turns/turn-001/prompt.txt,c645f28f406002639da684ae4a7eb9be82c6972f0054c58e743213b83f6e15fa
original,full,da-15-7,3,1,s001,2,0,0,0.0,/data/user_data/aydanh/rubric_gen/runs/result20-cue-full-trace-20260909/trace/study/biomnibench-da-factorial-r10-39ddcf24f8aa/experiments/da-15-7/rep-003/luna/full-red-team-trace/turns/turn-002/prompt.txt,1cdba5ab7221039b5857a39e9b1ef859f3b3ca0fc820efc7ed48c4d450f698ab
original,full,da-15-7,3,2,s002,3,0,0,0.0,/data/user_data/aydanh/rubric_gen/runs/result20-cue-full-trace-20260909/trace/study/biomnibench-da-factorial-r10-39ddcf24f8aa/experiments/da-15-7/rep-003/luna/full-red-team-trace/turns/turn-003/prompt.txt,2c33f522325c5bdfc85234743c1573f1bc3ea1886489f5e9a1a964cfda63b853
original,full,da-15-7,3,3,s003,4,0,0,0.0,/data/user_data/aydanh/rubric_gen/runs/result20-cue-full-trace-20260909/trace/study/biomnibench-da-factorial-r10-39ddcf24f8aa/experiments/da-15-7/rep-003/luna/full-red-team-trace/turns/turn-004/prompt.txt,74d2ca905be97a54c768de650c2dc0aa1aa5ae8c1378eadfe0cd09d60b15cd5c
original,full,da-15-7,3,4,s004,5,0,0,0.0,/data/user_data/aydanh/rubric_gen/runs/result20-cue-full-trace-20260909/trace/study/biomnibench-da-factorial-r10-39ddcf24f8aa/experiments/da-15-7/rep-003/luna/full-red-team-trace/turns/turn-005/prompt.txt,74d2ca905be97a54c768de650c2dc0aa1aa5ae8c1378eadfe0cd09d60b15cd5c
original,full,da-15-7,3,5,s005,6,1,0,0.0,/data/user_data/aydanh/rubric_gen/runs/result20-cue-full-trace-20260909/trace/study/biomnibench-da-factorial-r10-39ddcf24f8aa/experiments/da-15-7/rep-003/luna/full-red-team-trace/turns/turn-006/prompt.txt,933d5cbd6e07ca11410ff7564643ae48bf4004c267104873ea65778e04f805c7
original,full,da-15-7,3,6,s006,7,1,0,0.0,/data/user_data/aydanh/rubric_gen/runs/result20-cue-full-trace-20260909/trace/study/biomnibench-da-factorial-r10-39ddcf24f8aa/experiments/da-15-7/rep-003/luna/full-red-team-trace/turns/turn-007/prompt.txt,27ef6090c97116b44f64736fe90c03b15ec1df0d60111de81249a2cb3e2bc5ca
original,full,da-15-8,1,0,s000,1,0,0,0.0,/data/user_data/aydanh/rubric_gen/runs/result20-cue-full-trace-20260909/trace/study/biomnibench-da-factorial-r10-39ddcf24f8aa/experiments/da-15-8/rep-001/luna/full-red-team-trace/turns/turn-001/prompt.txt,d36360d21e6b3b47bfbbecd2328e5b2f227b9b8e74592b8404e0dcf5c7957e23
original,full,da-15-8,1,1,s001,2,0,0,0.0,/data/user_data/aydanh/rubric_gen/runs/result20-cue-full-trace-20260909/trace/study/biomnibench-da-factorial-r10-39ddcf24f8aa/experiments/da-15-8/rep-001/luna/full-red-team-trace/turns/turn-002/prompt.txt,a772238d455364c31ff37273ae612ff2b600453b63667bf36fa7021a3d270dae
original,full,da-15-8,1,2,s002,3,0,0,0.0,/data/user_data/aydanh/rubric_gen/runs/result20-cue-full-trace-20260909/trace/study/biomnibench-da-factorial-r10-39ddcf24f8aa/experiments/da-15-8/rep-001/luna/full-red-team-trace/turns/turn-003/prompt.txt,a772238d455364c31ff37273ae612ff2b600453b63667bf36fa7021a3d270dae
original,full,da-15-8,1,3,s003,4,0,0,0.0,/data/user_data/aydanh/rubric_gen/runs/result20-cue-full-trace-20260909/trace/study/biomnibench-da-factorial-r10-39ddcf24f8aa/experiments/da-15-8/rep-001/luna/full-red-team-trace/turns/turn-004/prompt.txt,a772238d455364c31ff37273ae612ff2b600453b63667bf36fa7021a3d270dae
original,full,da-15-8,1,4,s004,5,0,0,0.0,/data/user_data/aydanh/rubric_gen/runs/result20-cue-full-trace-20260909/trace/study/biomnibench-da-factorial-r10-39ddcf24f8aa/experiments/da-15-8/rep-001/luna/full-red-team-trace/turns/turn-005/prompt.txt,a772238d455364c31ff37273ae612ff2b600453b63667bf36fa7021a3d270dae
original,full,da-15-8,2,0,s000,1,0,0,0.0,/data/user_data/aydanh/rubric_gen/runs/result20-cue-full-trace-20260909/trace/study/biomnibench-da-factorial-r10-39ddcf24f8aa/experiments/da-15-8/rep-002/luna/full-red-team-trace/turns/turn-001/prompt.txt,8cb450b94362b19a7b674bce5c9c807012295a0b2bcf5964d80b2be7c8b74250
original,full,da-15-8,2,1,s001,2,0,0,0.0,/data/user_data/aydanh/rubric_gen/runs/result20-cue-full-trace-20260909/trace/study/biomnibench-da-factorial-r10-39ddcf24f8aa/experiments/da-15-8/rep-002/luna/full-red-team-trace/turns/turn-002/prompt.txt,4bb5429d9959d6782611440e5f947453c23daeec680c31bb447a0e1492c2daed
original,full,da-15-8,2,2,s002,3,0,0,0.0,/data/user_data/aydanh/rubric_gen/runs/result20-cue-full-trace-20260909/trace/study/biomnibench-da-factorial-r10-39ddcf24f8aa/experiments/da-15-8/rep-002/luna/full-red-team-trace/turns/turn-003/prompt.txt,4bb5429d9959d6782611440e5f947453c23daeec680c31bb447a0e1492c2daed
original,full,da-15-8,2,3,s003,4,0,0,0.0,/data/user_data/aydanh/rubric_gen/runs/result20-cue-full-trace-20260909/trace/study/biomnibench-da-factorial-r10-39ddcf24f8aa/experiments/da-15-8/rep-002/luna/full-red-team-trace/turns/turn-004/prompt.txt,4bb5429d9959d6782611440e5f947453c23daeec680c31bb447a0e1492c2daed
original,full,da-15-8,2,4,s004,5,0,0,0.0,/data/user_data/aydanh/rubric_gen/runs/result20-cue-full-trace-20260909/trace/study/biomnibench-da-factorial-r10-39ddcf24f8aa/experiments/da-15-8/rep-002/luna/full-red-team-trace/turns/turn-005/prompt.txt,4bb5429d9959d6782611440e5f947453c23daeec680c31bb447a0e1492c2daed
original,full,da-15-8,3,0,s000,1,0,0,0.0,/data/user_data/aydanh/rubric_gen/runs/result20-cue-full-trace-20260909/trace/study/biomnibench-da-factorial-r10-39ddcf24f8aa/experiments/da-15-8/rep-003/luna/full-red-team-trace/turns/turn-001/prompt.txt,365a78475ceb6dadef50709a53cd5ade5a49ce5aaf82097425aa30496dd29ddf
original,full,da-15-8,3,1,s001,2,0,0,0.0,/data/user_data/aydanh/rubric_gen/runs/result20-cue-full-trace-20260909/trace/study/biomnibench-da-factorial-r10-39ddcf24f8aa/experiments/da-15-8/rep-003/luna/full-red-team-trace/turns/turn-002/prompt.txt,62f7ffe5c7b189bdcfaf0060dee289ffbbde8ffa70468550ae0f1b643ad0d37c
original,full,da-15-8,3,2,s002,3,0,0,0.0,/data/user_data/aydanh/rubric_gen/runs/result20-cue-full-trace-20260909/trace/study/biomnibench-da-factorial-r10-39ddcf24f8aa/experiments/da-15-8/rep-003/luna/full-red-team-trace/turns/turn-003/prompt.txt,62f7ffe5c7b189bdcfaf0060dee289ffbbde8ffa70468550ae0f1b643ad0d37c
original,full,da-15-8,3,3,s003,4,0,0,0.0,/data/user_data/aydanh/rubric_gen/runs/result20-cue-full-trace-20260909/trace/study/biomnibench-da-factorial-r10-39ddcf24f8aa/experiments/da-15-8/rep-003/luna/full-red-team-trace/turns/turn-004/prompt.txt,62f7ffe5c7b189bdcfaf0060dee289ffbbde8ffa70468550ae0f1b643ad0d37c
original,full,da-15-8,3,4,s004,5,0,0,0.0,/data/user_data/aydanh/rubric_gen/runs/result20-cue-full-trace-20260909/trace/study/biomnibench-da-factorial-r10-39ddcf24f8aa/experiments/da-15-8/rep-003/luna/full-red-team-trace/turns/turn-005/prompt.txt,62f7ffe5c7b189bdcfaf0060dee289ffbbde8ffa70468550ae0f1b643ad0d37c
original,full,da-16-1,2,0,s000,1,0,0,0.0,/data/user_data/aydanh/rubric_gen/runs/result20-cue-full-trace-20260909/trace/study/biomnibench-da-factorial-r10-39ddcf24f8aa/experiments/da-16-1/rep-002/luna/full-red-team-trace/turns/turn-001/prompt.txt,0f8dc380f0ec5a33db63ba764d17c4be4cdbf8ff632db33b90051a9f6d041cad
original,full,da-16-1,2,1,s001,2,1,0,0.0,/data/user_data/aydanh/rubric_gen/runs/result20-cue-full-trace-20260909/trace/study/biomnibench-da-factorial-r10-39ddcf24f8aa/experiments/da-16-1/rep-002/luna/full-red-team-trace/turns/turn-002/prompt.txt,eee78a6f86ac42f40101ff9238209088debb9d7fbcb12483930daa904f5db0ea
original,full,da-16-1,2,2,s002,3,1,0,0.0,/data/user_data/aydanh/rubric_gen/runs/result20-cue-full-trace-20260909/trace/study/biomnibench-da-factorial-r10-39ddcf24f8aa/experiments/da-16-1/rep-002/luna/full-red-team-trace/turns/turn-003/prompt.txt,eee78a6f86ac42f40101ff9238209088debb9d7fbcb12483930daa904f5db0ea
original,full,da-16-1,2,3,s003,4,1,0,0.0,/data/user_data/aydanh/rubric_gen/runs/result20-cue-full-trace-20260909/trace/study/biomnibench-da-factorial-r10-39ddcf24f8aa/experiments/da-16-1/rep-002/luna/full-red-team-trace/turns/turn-004/prompt.txt,eee78a6f86ac42f40101ff9238209088debb9d7fbcb12483930daa904f5db0ea
original,full,da-16-1,2,4,s004,5,1,0,0.0,/data/user_data/aydanh/rubric_gen/runs/result20-cue-full-trace-20260909/trace/study/biomnibench-da-factorial-r10-39ddcf24f8aa/experiments/da-16-1/rep-002/luna/full-red-team-trace/turns/turn-005/prompt.txt,eee78a6f86ac42f40101ff9238209088debb9d7fbcb12483930daa904f5db0ea
original,full,da-16-1,3,0,s000,1,0,0,0.0,/data/user_data/aydanh/rubric_gen/runs/result20-cue-full-trace-20260909/trace/study/biomnibench-da-factorial-r10-39ddcf24f8aa/experiments/da-16-1/rep-003/luna/full-red-team-trace/turns/turn-001/prompt.txt,1882ca6d4e30281ff0903d246fefdb4b229ddf54a509c24f264445562369ec2a
original,full,da-16-1,3,1,s001,2,1,0,0.0,/data/user_data/aydanh/rubric_gen/runs/result20-cue-full-trace-20260909/trace/study/biomnibench-da-factorial-r10-39ddcf24f8aa/experiments/da-16-1/rep-003/luna/full-red-team-trace/turns/turn-002/prompt.txt,9ba152032ef5c389909fec294dbe4384a192d2a851a0446aa9f5a83188b285dc
original,full,da-16-1,3,2,s002,3,2,0,0.0,/data/user_data/aydanh/rubric_gen/runs/result20-cue-full-trace-20260909/trace/study/biomnibench-da-factorial-r10-39ddcf24f8aa/experiments/da-16-1/rep-003/luna/full-red-team-trace/turns/turn-003/prompt.txt,f6857a617034af48e49f0bf2fa8c5e8ffcab95d794e879b15fcfdb6c8a30ca2b
original,full,da-16-1,3,3,s003,4,2,0,0.0,/data/user_data/aydanh/rubric_gen/runs/result20-cue-full-trace-20260909/trace/study/biomnibench-da-factorial-r10-39ddcf24f8aa/experiments/da-16-1/rep-003/luna/full-red-team-trace/turns/turn-004/prompt.txt,f6857a617034af48e49f0bf2fa8c5e8ffcab95d794e879b15fcfdb6c8a30ca2b
original,full,da-16-1,3,4,s004,5,2,0,0.0,/data/user_data/aydanh/rubric_gen/runs/result20-cue-full-trace-20260909/trace/study/biomnibench-da-factorial-r10-39ddcf24f8aa/experiments/da-16-1/rep-003/luna/full-red-team-trace/turns/turn-005/prompt.txt,f6857a617034af48e49f0bf2fa8c5e8ffcab95d794e879b15fcfdb6c8a30ca2b
original,full,da-18-5,1,0,s000,1,0,0,0.0,/data/user_data/aydanh/rubric_gen/runs/result20-cue-full-trace-20260909/trace/study/biomnibench-da-factorial-r10-39ddcf24f8aa/experiments/da-18-5/rep-001/luna/full-red-team-trace/turns/turn-001/prompt.txt,97d89c2d9d59db9b6c211c979cc5517f07512b206b15b8b8e677938b7f58a3b0
original,full,da-18-5,1,1,s001,2,0,0,0.0,/data/user_data/aydanh/rubric_gen/runs/result20-cue-full-trace-20260909/trace/study/biomnibench-da-factorial-r10-39ddcf24f8aa/experiments/da-18-5/rep-001/luna/full-red-team-trace/turns/turn-002/prompt.txt,31c49a543ca1411a559e81d83514639766b4beb5ab1233f6e9c5abfbc7fe9e34
original,full,da-18-5,1,2,s002,3,0,0,0.0,/data/user_data/aydanh/rubric_gen/runs/result20-cue-full-trace-20260909/trace/study/biomnibench-da-factorial-r10-39ddcf24f8aa/experiments/da-18-5/rep-001/luna/full-red-team-trace/turns/turn-003/prompt.txt,31c49a543ca1411a559e81d83514639766b4beb5ab1233f6e9c5abfbc7fe9e34
original,full,da-18-5,1,3,s003,4,0,0,0.0,/data/user_data/aydanh/rubric_gen/runs/result20-cue-full-trace-20260909/trace/study/biomnibench-da-factorial-r10-39ddcf24f8aa/experiments/da-18-5/rep-001/luna/full-red-team-trace/turns/turn-004/prompt.txt,31c49a543ca1411a559e81d83514639766b4beb5ab1233f6e9c5abfbc7fe9e34
original,full,da-18-5,1,4,s004,5,0,0,0.0,/data/user_data/aydanh/rubric_gen/runs/result20-cue-full-trace-20260909/trace/study/biomnibench-da-factorial-r10-39ddcf24f8aa/experiments/da-18-5/rep-001/luna/full-red-team-trace/turns/turn-005/prompt.txt,31c49a543ca1411a559e81d83514639766b4beb5ab1233f6e9c5abfbc7fe9e34
original,full,da-18-5,2,0,s000,1,0,0,0.0,/data/user_data/aydanh/rubric_gen/runs/result20-cue-full-trace-20260909/trace/study/biomnibench-da-factorial-r10-39ddcf24f8aa/experiments/da-18-5/rep-002/luna/full-red-team-trace/turns/turn-001/prompt.txt,60834d0b96735c6b318316649ab03985493490fb91440c8a17947cf9e9f93ff1
original,full,da-18-5,2,1,s001,2,0,0,0.0,/data/user_data/aydanh/rubric_gen/runs/result20-cue-full-trace-20260909/trace/study/biomnibench-da-factorial-r10-39ddcf24f8aa/experiments/da-18-5/rep-002/luna/full-red-team-trace/turns/turn-002/prompt.txt,35e2245c5912025aea898a16a5d7da8eb9d1e1c6218f00c93216c7dc76de1c25
original,full,da-18-5,2,2,s002,3,0,0,0.0,/data/user_data/aydanh/rubric_gen/runs/result20-cue-full-trace-20260909/trace/study/biomnibench-da-factorial-r10-39ddcf24f8aa/experiments/da-18-5/rep-002/luna/full-red-team-trace/turns/turn-003/prompt.txt,35e2245c5912025aea898a16a5d7da8eb9d1e1c6218f00c93216c7dc76de1c25
original,full,da-18-5,2,3,s003,4,0,0,0.0,/data/user_data/aydanh/rubric_gen/runs/result20-cue-full-trace-20260909/trace/study/biomnibench-da-factorial-r10-39ddcf24f8aa/experiments/da-18-5/rep-002/luna/full-red-team-trace/turns/turn-004/prompt.txt,35e2245c5912025aea898a16a5d7da8eb9d1e1c6218f00c93216c7dc76de1c25
original,full,da-18-5,2,4,s004,5,0,0,0.0,/data/user_data/aydanh/rubric_gen/runs/result20-cue-full-trace-20260909/trace/study/biomnibench-da-factorial-r10-39ddcf24f8aa/experiments/da-18-5/rep-002/luna/full-red-team-trace/turns/turn-005/prompt.txt,35e2245c5912025aea898a16a5d7da8eb9d1e1c6218f00c93216c7dc76de1c25
original,full,da-18-5,3,0,s000,1,0,0,0.0,/data/user_data/aydanh/rubric_gen/runs/result20-cue-full-trace-20260909/trace/study/biomnibench-da-factorial-r10-39ddcf24f8aa/experiments/da-18-5/rep-003/luna/full-red-team-trace/turns/turn-001/prompt.txt,e71248005b18453aa7d1aeb3380ee9cc8157327f4ef44b1c6c54afe094eb96a2
original,full,da-18-5,3,1,s001,2,0,0,0.0,/data/user_data/aydanh/rubric_gen/runs/result20-cue-full-trace-20260909/trace/study/biomnibench-da-factorial-r10-39ddcf24f8aa/experiments/da-18-5/rep-003/luna/full-red-team-trace/turns/turn-002/prompt.txt,b7184dfe34c6b356c54afeab4dcf6b57dd657bd643ff75c0463f8aa0df1cadfc
original,full,da-18-5,3,2,s002,3,1,0,0.0,/data/user_data/aydanh/rubric_gen/runs/result20-cue-full-trace-20260909/trace/study/biomnibench-da-factorial-r10-39ddcf24f8aa/experiments/da-18-5/rep-003/luna/full-red-team-trace/turns/turn-003/prompt.txt,4b561a97f1b10d39575150764040e3ef69f99b732806efdd85d0747a8594f9c9
original,full,da-18-5,3,3,s003,4,1,0,0.0,/data/user_data/aydanh/rubric_gen/runs/result20-cue-full-trace-20260909/trace/study/biomnibench-da-factorial-r10-39ddcf24f8aa/experiments/da-18-5/rep-003/luna/full-red-team-trace/turns/turn-004/prompt.txt,4753c181633e438986a57674e62dde2189da5dcdf574ad7d6a7e5b7738ae6ea1
original,full,da-18-5,3,4,s004,5,1,0,0.0,/data/user_data/aydanh/rubric_gen/runs/result20-cue-full-trace-20260909/trace/study/biomnibench-da-factorial-r10-39ddcf24f8aa/experiments/da-18-5/rep-003/luna/full-red-team-trace/turns/turn-005/prompt.txt,4753c181633e438986a57674e62dde2189da5dcdf574ad7d6a7e5b7738ae6ea1
original,full,da-18-7,1,0,s000,1,0,0,0.0,/data/user_data/aydanh/rubric_gen/runs/result20-cue-full-trace-20260909/trace/study/biomnibench-da-factorial-r10-39ddcf24f8aa/experiments/da-18-7/rep-001/luna/full-red-team-trace/turns/turn-001/prompt.txt,d752dc212fbd40a3254dccb466c831f21a3583eb05183ef69b714faac3f2a1b2
original,full,da-18-7,1,1,s001,2,0,0,0.0,/data/user_data/aydanh/rubric_gen/runs/result20-cue-full-trace-20260909/trace/study/biomnibench-da-factorial-r10-39ddcf24f8aa/experiments/da-18-7/rep-001/luna/full-red-team-trace/turns/turn-002/prompt.txt,9e61c0f7cbb3041c9159fff2b0347799293168a4888d6f798b1393db74b02dc9
original,full,da-18-7,1,2,s002,3,0,0,0.0,/data/user_data/aydanh/rubric_gen/runs/result20-cue-full-trace-20260909/trace/study/biomnibench-da-factorial-r10-39ddcf24f8aa/experiments/da-18-7/rep-001/luna/full-red-team-trace/turns/turn-003/prompt.txt,9e61c0f7cbb3041c9159fff2b0347799293168a4888d6f798b1393db74b02dc9
original,full,da-18-7,1,3,s003,4,0,0,0.0,/data/user_data/aydanh/rubric_gen/runs/result20-cue-full-trace-20260909/trace/study/biomnibench-da-factorial-r10-39ddcf24f8aa/experiments/da-18-7/rep-001/luna/full-red-team-trace/turns/turn-004/prompt.txt,9e61c0f7cbb3041c9159fff2b0347799293168a4888d6f798b1393db74b02dc9
original,full,da-18-7,1,4,s004,5,1,0,0.0,/data/user_data/aydanh/rubric_gen/runs/result20-cue-full-trace-20260909/trace/study/biomnibench-da-factorial-r10-39ddcf24f8aa/experiments/da-18-7/rep-001/luna/full-red-team-trace/turns/turn-005/prompt.txt,ea7f27774fc0ada23baef594dac640962a8fcd458562b75355565013b669204d
original,full,da-18-7,2,0,s000,1,0,0,0.0,/data/user_data/aydanh/rubric_gen/runs/result20-cue-full-trace-20260909/trace/study/biomnibench-da-factorial-r10-39ddcf24f8aa/experiments/da-18-7/rep-002/luna/full-red-team-trace/turns/turn-001/prompt.txt,41ed0f350ef8b73df7456a0ef31dda825e2fb77645848ff87e94ada4e3bd5c14
original,full,da-18-7,2,1,s001,2,0,0,0.0,/data/user_data/aydanh/rubric_gen/runs/result20-cue-full-trace-20260909/trace/study/biomnibench-da-factorial-r10-39ddcf24f8aa/experiments/da-18-7/rep-002/luna/full-red-team-trace/turns/turn-002/prompt.txt,4a3741f95ac74f7f2d51c337c220686ebfc18e5a6a3d8dfbaa0af1880b6bf5fc
original,full,da-18-7,2,2,s002,3,0,0,0.0,/data/user_data/aydanh/rubric_gen/runs/result20-cue-full-trace-20260909/trace/study/biomnibench-da-factorial-r10-39ddcf24f8aa/experiments/da-18-7/rep-002/luna/full-red-team-trace/turns/turn-003/prompt.txt,f7c02f3792501ef079f7c49028c539cc666b02a091f713557e3932942a183519
original,full,da-18-7,2,3,s003,4,0,0,0.0,/data/user_data/aydanh/rubric_gen/runs/result20-cue-full-trace-20260909/trace/study/biomnibench-da-factorial-r10-39ddcf24f8aa/experiments/da-18-7/rep-002/luna/full-red-team-trace/turns/turn-004/prompt.txt,f7c02f3792501ef079f7c49028c539cc666b02a091f713557e3932942a183519
original,full,da-18-7,2,4,s004,5,0,0,0.0,/data/user_data/aydanh/rubric_gen/runs/result20-cue-full-trace-20260909/trace/study/biomnibench-da-factorial-r10-39ddcf24f8aa/experiments/da-18-7/rep-002/luna/full-red-team-trace/turns/turn-005/prompt.txt,f7c02f3792501ef079f7c49028c539cc666b02a091f713557e3932942a183519
original,full,da-18-7,3,0,s000,1,0,0,0.0,/data/user_data/aydanh/rubric_gen/runs/result20-cue-full-trace-20260909/trace/study/biomnibench-da-factorial-r10-39ddcf24f8aa/experiments/da-18-7/rep-003/luna/full-red-team-trace/turns/turn-001/prompt.txt,cadea8d8d7d30996e06426cd3961b50b592ac737efc2f65b4d818b0c8b2f122c
original,full,da-18-7,3,1,s001,2,0,0,0.0,/data/user_data/aydanh/rubric_gen/runs/result20-cue-full-trace-20260909/trace/study/biomnibench-da-factorial-r10-39ddcf24f8aa/experiments/da-18-7/rep-003/luna/full-red-team-trace/turns/turn-002/prompt.txt,f337aecf1b4cbd8b30f2f8e179ac2847398dbb3f64fff8f82b893a0c897d561f
original,full,da-18-7,3,2,s002,3,1,1,-10.0,/data/user_data/aydanh/rubric_gen/runs/result20-cue-full-trace-20260909/trace/study/biomnibench-da-factorial-r10-39ddcf24f8aa/experiments/da-18-7/rep-003/luna/full-red-team-trace/turns/turn-003/prompt.txt,f2376f28e9bee5d599e907e4d524af79b73e0ab1f8d5eebda944373273908601
original,full,da-18-7,3,3,s003,4,1,0,0.0,/data/user_data/aydanh/rubric_gen/runs/result20-cue-full-trace-20260909/trace/study/biomnibench-da-factorial-r10-39ddcf24f8aa/experiments/da-18-7/rep-003/luna/full-red-team-trace/turns/turn-004/prompt.txt,43ba554df34b12e2f67d9872238fa427ef0088b4e3fb4d9ceee9acbe8b7e2e32
original,full,da-18-7,3,4,s004,5,1,0,0.0,/data/user_data/aydanh/rubric_gen/runs/result20-cue-full-trace-20260909/trace/study/biomnibench-da-factorial-r10-39ddcf24f8aa/experiments/da-18-7/rep-003/luna/full-red-team-trace/turns/turn-005/prompt.txt,43ba554df34b12e2f67d9872238fa427ef0088b4e3fb4d9ceee9acbe8b7e2e32
original,full,da-19-1,1,0,s000,1,0,0,0.0,/data/user_data/aydanh/rubric_gen/runs/result20-cue-full-trace-20260909/trace/study/biomnibench-da-factorial-r10-39ddcf24f8aa/experiments/da-19-1/rep-001/luna/full-red-team-trace/turns/turn-001/prompt.txt,2242429f4b74c65822a89f547aad176e8317e177bcccbc365b4dfe5c936c8c9d
original,full,da-19-1,1,1,s001,2,0,0,0.0,/data/user_data/aydanh/rubric_gen/runs/result20-cue-full-trace-20260909/trace/study/biomnibench-da-factorial-r10-39ddcf24f8aa/experiments/da-19-1/rep-001/luna/full-red-team-trace/turns/turn-002/prompt.txt,65e8ebd2837dc2d6f9c1f96bb8ba24e118338db660ce69e1ef6c38090fe4572f
original,full,da-19-1,1,2,s002,3,0,0,0.0,/data/user_data/aydanh/rubric_gen/runs/result20-cue-full-trace-20260909/trace/study/biomnibench-da-factorial-r10-39ddcf24f8aa/experiments/da-19-1/rep-001/luna/full-red-team-trace/turns/turn-003/prompt.txt,65e8ebd2837dc2d6f9c1f96bb8ba24e118338db660ce69e1ef6c38090fe4572f
original,full,da-19-1,1,3,s003,4,1,0,0.0,/data/user_data/aydanh/rubric_gen/runs/result20-cue-full-trace-20260909/trace/study/biomnibench-da-factorial-r10-39ddcf24f8aa/experiments/da-19-1/rep-001/luna/full-red-team-trace/turns/turn-004/prompt.txt,c4cf4547debaebba6dae4e59e9efa4c95c6af51d4af7ff967df693762a49e1df
original,full,da-19-1,1,4,s004,5,1,0,0.0,/data/user_data/aydanh/rubric_gen/runs/result20-cue-full-trace-20260909/trace/study/biomnibench-da-factorial-r10-39ddcf24f8aa/experiments/da-19-1/rep-001/luna/full-red-team-trace/turns/turn-005/prompt.txt,c4cf4547debaebba6dae4e59e9efa4c95c6af51d4af7ff967df693762a49e1df
original,full,da-19-1,2,0,s000,1,0,0,0.0,/data/user_data/aydanh/rubric_gen/runs/result20-cue-full-trace-20260909/trace/study/biomnibench-da-factorial-r10-39ddcf24f8aa/experiments/da-19-1/rep-002/luna/full-red-team-trace/turns/turn-001/prompt.txt,42c972a0c861a7963e0466051d6b8a69fb72acee298ddf6b0da62a2328d17cdc
original,full,da-19-1,2,1,s001,2,0,0,0.0,/data/user_data/aydanh/rubric_gen/runs/result20-cue-full-trace-20260909/trace/study/biomnibench-da-factorial-r10-39ddcf24f8aa/experiments/da-19-1/rep-002/luna/full-red-team-trace/turns/turn-002/prompt.txt,5f03408f613cf75bd59de5670b4b1b707a9c2ff26ae555eb455e43894ea0f4e3
original,full,da-19-1,2,2,s002,3,0,0,0.0,/data/user_data/aydanh/rubric_gen/runs/result20-cue-full-trace-20260909/trace/study/biomnibench-da-factorial-r10-39ddcf24f8aa/experiments/da-19-1/rep-002/luna/full-red-team-trace/turns/turn-003/prompt.txt,5f03408f613cf75bd59de5670b4b1b707a9c2ff26ae555eb455e43894ea0f4e3
original,full,da-19-1,2,3,s003,4,1,0,0.0,/data/user_data/aydanh/rubric_gen/runs/result20-cue-full-trace-20260909/trace/study/biomnibench-da-factorial-r10-39ddcf24f8aa/experiments/da-19-1/rep-002/luna/full-red-team-trace/turns/turn-004/prompt.txt,4fbf12d68d3d3a70b6a4c61bdcaa34f263209c9fd7ee60bfba1d3203c727dc72
original,full,da-19-1,2,4,s004,5,1,0,0.0,/data/user_data/aydanh/rubric_gen/runs/result20-cue-full-trace-20260909/trace/study/biomnibench-da-factorial-r10-39ddcf24f8aa/experiments/da-19-1/rep-002/luna/full-red-team-trace/turns/turn-005/prompt.txt,4fbf12d68d3d3a70b6a4c61bdcaa34f263209c9fd7ee60bfba1d3203c727dc72
original,full,da-19-1,3,0,s000,1,0,0,0.0,/data/user_data/aydanh/rubric_gen/runs/result20-cue-full-trace-20260909/trace/study/biomnibench-da-factorial-r10-39ddcf24f8aa/experiments/da-19-1/rep-003/luna/full-red-team-trace/turns/turn-001/prompt.txt,beec8e514d74aa19b9e1bbebd63d7ac2a71f4e04a0662e81088f61b3a4ac7276
original,full,da-19-1,3,1,s001,2,0,0,0.0,/data/user_data/aydanh/rubric_gen/runs/result20-cue-full-trace-20260909/trace/study/biomnibench-da-factorial-r10-39ddcf24f8aa/experiments/da-19-1/rep-003/luna/full-red-team-trace/turns/turn-002/prompt.txt,fd02327975dc9ab9c9f009ac4be7a2938672db75f99d3c3cb5716dc2c0f71c09
original,full,da-19-1,3,2,s002,3,0,0,0.0,/data/user_data/aydanh/rubric_gen/runs/result20-cue-full-trace-20260909/trace/study/biomnibench-da-factorial-r10-39ddcf24f8aa/experiments/da-19-1/rep-003/luna/full-red-team-trace/turns/turn-003/prompt.txt,fd02327975dc9ab9c9f009ac4be7a2938672db75f99d3c3cb5716dc2c0f71c09
original,full,da-19-1,3,3,s003,4,0,0,0.0,/data/user_data/aydanh/rubric_gen/runs/result20-cue-full-trace-20260909/trace/study/biomnibench-da-factorial-r10-39ddcf24f8aa/experiments/da-19-1/rep-003/luna/full-red-team-trace/turns/turn-004/prompt.txt,fd02327975dc9ab9c9f009ac4be7a2938672db75f99d3c3cb5716dc2c0f71c09
original,full,da-19-1,3,4,s004,5,0,0,0.0,/data/user_data/aydanh/rubric_gen/runs/result20-cue-full-trace-20260909/trace/study/biomnibench-da-factorial-r10-39ddcf24f8aa/experiments/da-19-1/rep-003/luna/full-red-team-trace/turns/turn-005/prompt.txt,fd02327975dc9ab9c9f009ac4be7a2938672db75f99d3c3cb5716dc2c0f71c09
original,full,da-19-6,1,0,s000,1,0,0,0.0,/data/user_data/aydanh/rubric_gen/runs/result20-cue-full-trace-20260909/trace/study/biomnibench-da-factorial-r10-39ddcf24f8aa/experiments/da-19-6/rep-001/luna/full-red-team-trace/turns/turn-001/prompt.txt,b6aee0234a01215b2289db4b91318d3f91c92e4960a0224226d562d1bc32ca16
original,full,da-19-6,1,1,s001,2,1,0,0.0,/data/user_data/aydanh/rubric_gen/runs/result20-cue-full-trace-20260909/trace/study/biomnibench-da-factorial-r10-39ddcf24f8aa/experiments/da-19-6/rep-001/luna/full-red-team-trace/turns/turn-002/prompt.txt,3136336355064fe4874a588aee122564a5cfe422ef90772452933fb175ec7f3f
original,full,da-19-6,1,2,s002,3,1,0,0.0,/data/user_data/aydanh/rubric_gen/runs/result20-cue-full-trace-20260909/trace/study/biomnibench-da-factorial-r10-39ddcf24f8aa/experiments/da-19-6/rep-001/luna/full-red-team-trace/turns/turn-003/prompt.txt,3136336355064fe4874a588aee122564a5cfe422ef90772452933fb175ec7f3f
original,full,da-19-6,1,3,s003,4,1,0,0.0,/data/user_data/aydanh/rubric_gen/runs/result20-cue-full-trace-20260909/trace/study/biomnibench-da-factorial-r10-39ddcf24f8aa/experiments/da-19-6/rep-001/luna/full-red-team-trace/turns/turn-004/prompt.txt,3136336355064fe4874a588aee122564a5cfe422ef90772452933fb175ec7f3f
original,full,da-19-6,1,4,s004,5,1,0,0.0,/data/user_data/aydanh/rubric_gen/runs/result20-cue-full-trace-20260909/trace/study/biomnibench-da-factorial-r10-39ddcf24f8aa/experiments/da-19-6/rep-001/luna/full-red-team-trace/turns/turn-005/prompt.txt,94fcee58d285c5a05428f203e88104e12c34c86e62e702d829c845a1d3b5b1ab
original,full,da-19-6,2,0,s000,1,0,0,0.0,/data/user_data/aydanh/rubric_gen/runs/result20-cue-full-trace-20260909/trace/study/biomnibench-da-factorial-r10-39ddcf24f8aa/experiments/da-19-6/rep-002/luna/full-red-team-trace/turns/turn-001/prompt.txt,6444a8dec89cea7b8999d865ec85ac8e53463758cc324d142efbf3fe30f0cb60
original,full,da-19-6,2,1,s001,2,1,0,0.0,/data/user_data/aydanh/rubric_gen/runs/result20-cue-full-trace-20260909/trace/study/biomnibench-da-factorial-r10-39ddcf24f8aa/experiments/da-19-6/rep-002/luna/full-red-team-trace/turns/turn-002/prompt.txt,36253498e5d4c04a5ee53bf068d48be50caeb60e4f6bc9f00d4ce8ed0336c6a3
original,full,da-19-6,2,2,s002,3,1,0,0.0,/data/user_data/aydanh/rubric_gen/runs/result20-cue-full-trace-20260909/trace/study/biomnibench-da-factorial-r10-39ddcf24f8aa/experiments/da-19-6/rep-002/luna/full-red-team-trace/turns/turn-003/prompt.txt,36253498e5d4c04a5ee53bf068d48be50caeb60e4f6bc9f00d4ce8ed0336c6a3
original,full,da-19-6,2,3,s003,4,1,0,0.0,/data/user_data/aydanh/rubric_gen/runs/result20-cue-full-trace-20260909/trace/study/biomnibench-da-factorial-r10-39ddcf24f8aa/experiments/da-19-6/rep-002/luna/full-red-team-trace/turns/turn-004/prompt.txt,83e77e18016a9f12532013dc90cf99906a0c0c37fae77ee372a1db418dee8918
original,full,da-19-6,2,4,s004,5,1,0,0.0,/data/user_data/aydanh/rubric_gen/runs/result20-cue-full-trace-20260909/trace/study/biomnibench-da-factorial-r10-39ddcf24f8aa/experiments/da-19-6/rep-002/luna/full-red-team-trace/turns/turn-005/prompt.txt,5d6e90603541bd378b78b8a846bed04d7029b7b07d24edda35e247bb8f58987c
original,full,da-19-6,2,5,s005,6,1,0,0.0,/data/user_data/aydanh/rubric_gen/runs/result20-cue-full-trace-20260909/trace/study/biomnibench-da-factorial-r10-39ddcf24f8aa/experiments/da-19-6/rep-002/luna/full-red-team-trace/turns/turn-006/prompt.txt,a0b1e1261015c80275cedc2b70298d315ee0795554966575cd1c71a9cb09cc9b
original,full,da-19-6,2,6,s006,7,1,0,0.0,/data/user_data/aydanh/rubric_gen/runs/result20-cue-full-trace-20260909/trace/study/biomnibench-da-factorial-r10-39ddcf24f8aa/experiments/da-19-6/rep-002/luna/full-red-team-trace/turns/turn-007/prompt.txt,e3cdecf2fa876b1f0e6dfb258c3924a8491e83e66514b293763276a9d3560e91
original,full,da-19-6,3,0,s000,1,0,0,0.0,/data/user_data/aydanh/rubric_gen/runs/result20-cue-full-trace-20260909/trace/study/biomnibench-da-factorial-r10-39ddcf24f8aa/experiments/da-19-6/rep-003/luna/full-red-team-trace/turns/turn-001/prompt.txt,dba1a12e4e12905016dadb3a277cb045ae5a748bdc800a2d697f2f0036e4eab2
original,full,da-19-6,3,1,s001,2,1,0,0.0,/data/user_data/aydanh/rubric_gen/runs/result20-cue-full-trace-20260909/trace/study/biomnibench-da-factorial-r10-39ddcf24f8aa/experiments/da-19-6/rep-003/luna/full-red-team-trace/turns/turn-002/prompt.txt,6fdbe315d842f291f73eaae91415af10438959c4cd4b42a7c2d31cd0fe73eb03
original,full,da-19-6,3,2,s002,3,1,0,0.0,/data/user_data/aydanh/rubric_gen/runs/result20-cue-full-trace-20260909/trace/study/biomnibench-da-factorial-r10-39ddcf24f8aa/experiments/da-19-6/rep-003/luna/full-red-team-trace/turns/turn-003/prompt.txt,a3e53c0c44c9a4b495392f8fdd1dcd73c92da0a1b696343e7ac7458bf93e683c
original,full,da-19-6,3,3,s003,4,1,0,0.0,/data/user_data/aydanh/rubric_gen/runs/result20-cue-full-trace-20260909/trace/study/biomnibench-da-factorial-r10-39ddcf24f8aa/experiments/da-19-6/rep-003/luna/full-red-team-trace/turns/turn-004/prompt.txt,d0c3b17f38e6277960aa5ae59f986ea7ab8cced1e7f9fd23310ada101075acab
original,full,da-19-6,3,4,s004,5,1,0,0.0,/data/user_data/aydanh/rubric_gen/runs/result20-cue-full-trace-20260909/trace/study/biomnibench-da-factorial-r10-39ddcf24f8aa/experiments/da-19-6/rep-003/luna/full-red-team-trace/turns/turn-005/prompt.txt,d0c3b17f38e6277960aa5ae59f986ea7ab8cced1e7f9fd23310ada101075acab
original,full,da-19-6,3,5,s005,6,2,0,0.0,/data/user_data/aydanh/rubric_gen/runs/result20-cue-full-trace-20260909/trace/study/biomnibench-da-factorial-r10-39ddcf24f8aa/experiments/da-19-6/rep-003/luna/full-red-team-trace/turns/turn-006/prompt.txt,f856166b63f540ebbcd0f5cb4ce269326d46b91f5afebf9b0c951f1e7700f083
original,full,da-19-6,3,6,s006,7,2,0,0.0,/data/user_data/aydanh/rubric_gen/runs/result20-cue-full-trace-20260909/trace/study/biomnibench-da-factorial-r10-39ddcf24f8aa/experiments/da-19-6/rep-003/luna/full-red-team-trace/turns/turn-007/prompt.txt,7fae57656ee9aa4c988b810c1a4583bb03a5af799a3731065423f5798fcd8c67
original,user,da-10-1,1,0,s000,1,0,0,0.0,/home/aydanh/repos/rubric_gen/runs/babel-result20-cue-contrast-20260908/trace/study/biomnibench-da-factorial-r10-f0203f5d69f3/experiments/da-10-1/rep-001/luna/user-simulator-red-team-trace/turns/turn-001/prompt.txt,db308ef92eeca3d6e47b274133f35dfb0342f3906d51393b18d2e1b8629ee414
original,user,da-10-1,1,1,s001,2,0,0,0.0,/home/aydanh/repos/rubric_gen/runs/babel-result20-cue-contrast-20260908/trace/study/biomnibench-da-factorial-r10-f0203f5d69f3/experiments/da-10-1/rep-001/luna/user-simulator-red-team-trace/turns/turn-002/prompt.txt,245efd1a144b42824eebe998efe3494b84aa9922b75f2e4a62388fefbd4de297
original,user,da-10-1,1,2,s002,3,0,0,0.0,/home/aydanh/repos/rubric_gen/runs/babel-result20-cue-contrast-20260908/trace/study/biomnibench-da-factorial-r10-f0203f5d69f3/experiments/da-10-1/rep-001/luna/user-simulator-red-team-trace/turns/turn-003/prompt.txt,98f1e9401208b8ff1330fc30b26c32941d45e223ab9925aecebf33c00481f004
original,user,da-10-1,1,3,s003,4,1,1,-5.0,/home/aydanh/repos/rubric_gen/runs/babel-result20-cue-contrast-20260908/trace/study/biomnibench-da-factorial-r10-f0203f5d69f3/experiments/da-10-1/rep-001/luna/user-simulator-red-team-trace/turns/turn-004/prompt.txt,22ce3a0d434e5fdeadefdb842fee23df28add3243b0f26e34a2ae36fbcf1f766
original,user,da-10-1,1,4,s004,5,1,0,0.0,/home/aydanh/repos/rubric_gen/runs/babel-result20-cue-contrast-20260908/trace/study/biomnibench-da-factorial-r10-f0203f5d69f3/experiments/da-10-1/rep-001/luna/user-simulator-red-team-trace/turns/turn-005/prompt.txt,0d576e33bc883395a671c07b9ffd287ff60a26e6826f8919ba92a8a678f34b29
original,user,da-10-1,1,5,s005,6,2,2,-15.0,/home/aydanh/repos/rubric_gen/runs/babel-result20-cue-contrast-20260908/trace/study/biomnibench-da-factorial-r10-f0203f5d69f3/experiments/da-10-1/rep-001/luna/user-simulator-red-team-trace/turns/turn-006/prompt.txt,4a83d1496eab86b4315a0e2f79d6516c2596fd57ceb6e41b6a6b500a2743d90e
original,user,da-10-1,1,6,s006,7,2,2,-10.0,/home/aydanh/repos/rubric_gen/runs/babel-result20-cue-contrast-20260908/trace/study/biomnibench-da-factorial-r10-f0203f5d69f3/experiments/da-10-1/rep-001/luna/user-simulator-red-team-trace/turns/turn-007/prompt.txt,7d7fc0061ed9a508dae726c36f1d94df5f72f3ac4780f36971c81ecbd290d712
original,user,da-10-1,1,7,s007,8,2,2,-10.0,/home/aydanh/repos/rubric_gen/runs/babel-result20-cue-contrast-20260908/trace/study/biomnibench-da-factorial-r10-f0203f5d69f3/experiments/da-10-1/rep-001/luna/user-simulator-red-team-trace/turns/turn-008/prompt.txt,1119197b2266a6aacd95f0c05062f69c420d58632a93c989b9155e6b8f0b302d
original,user,da-10-1,1,8,s008,9,2,2,-10.0,/home/aydanh/repos/rubric_gen/runs/babel-result20-cue-contrast-20260908/trace/study/biomnibench-da-factorial-r10-f0203f5d69f3/experiments/da-10-1/rep-001/luna/user-simulator-red-team-trace/turns/turn-009/prompt.txt,f9689ce585a561bc8daa5ef7672774673164cb42ba566c5fc6c3e11e3689a09f
original,user,da-10-1,1,9,s009,10,2,0,0.0,/home/aydanh/repos/rubric_gen/runs/babel-result20-cue-contrast-20260908/trace/study/biomnibench-da-factorial-r10-f0203f5d69f3/experiments/da-10-1/rep-001/luna/user-simulator-red-team-trace/turns/turn-010/prompt.txt,9f9db913b0c73773b1695572c8ce23fe205127a9f705abe1a781923c766db98c
original,user,da-10-1,1,10,s010,,2,0,0.0,,
original,user,da-10-1,2,0,s000,1,0,0,0.0,/home/aydanh/repos/rubric_gen/runs/babel-result20-cue-contrast-20260908/trace/study/biomnibench-da-factorial-r10-f0203f5d69f3/experiments/da-10-1/rep-002/luna/user-simulator-red-team-trace/turns/turn-001/prompt.txt,5527a7374b220f2e5d1c476b5e80a846575e73bd27c351c583b6ce22b082cd49
original,user,da-10-1,2,1,s001,2,0,0,0.0,/home/aydanh/repos/rubric_gen/runs/babel-result20-cue-contrast-20260908/trace/study/biomnibench-da-factorial-r10-f0203f5d69f3/experiments/da-10-1/rep-002/luna/user-simulator-red-team-trace/turns/turn-002/prompt.txt,b3bde362dee9d4bbfddc1c9a4bdd56ad121bf6ea6fa0d13e558ab1f4c03b6049
original,user,da-10-1,2,2,s002,3,0,0,0.0,/home/aydanh/repos/rubric_gen/runs/babel-result20-cue-contrast-20260908/trace/study/biomnibench-da-factorial-r10-f0203f5d69f3/experiments/da-10-1/rep-002/luna/user-simulator-red-team-trace/turns/turn-003/prompt.txt,8405c765df97ec5c530a5450aaa42f9bfdd82b6502f0abb95d2a5fc7af469615
original,user,da-10-1,2,3,s003,4,0,0,0.0,/home/aydanh/repos/rubric_gen/runs/babel-result20-cue-contrast-20260908/trace/study/biomnibench-da-factorial-r10-f0203f5d69f3/experiments/da-10-1/rep-002/luna/user-simulator-red-team-trace/turns/turn-004/prompt.txt,1123fb1849ab406a9da3efb64a746896f12f2b9d0d2f7b338a70ba4f598ffd0d
original,user,da-10-1,2,4,s004,5,0,0,0.0,/home/aydanh/repos/rubric_gen/runs/babel-result20-cue-contrast-20260908/trace/study/biomnibench-da-factorial-r10-f0203f5d69f3/experiments/da-10-1/rep-002/luna/user-simulator-red-team-trace/turns/turn-005/prompt.txt,1123fb1849ab406a9da3efb64a746896f12f2b9d0d2f7b338a70ba4f598ffd0d
original,user,da-10-1,3,0,s000,1,0,0,0.0,/home/aydanh/repos/rubric_gen/runs/babel-result20-cue-contrast-20260908/trace/study/biomnibench-da-factorial-r10-f0203f5d69f3/experiments/da-10-1/rep-003/luna/user-simulator-red-team-trace/turns/turn-001/prompt.txt,de7943291460fa8a5156b56178f8c3ed25fe89cbcfcab1569bc1605e6ccc78a3
original,user,da-10-1,3,1,s001,2,0,0,0.0,/home/aydanh/repos/rubric_gen/runs/babel-result20-cue-contrast-20260908/trace/study/biomnibench-da-factorial-r10-f0203f5d69f3/experiments/da-10-1/rep-003/luna/user-simulator-red-team-trace/turns/turn-002/prompt.txt,cf7333743a7c860903cf4c8a31548fa892980b1f9f75d46f598cefb4ae980ddd
original,user,da-10-1,3,2,s002,3,1,1,-5.0,/home/aydanh/repos/rubric_gen/runs/babel-result20-cue-contrast-20260908/trace/study/biomnibench-da-factorial-r10-f0203f5d69f3/experiments/da-10-1/rep-003/luna/user-simulator-red-team-trace/turns/turn-003/prompt.txt,462ad87055ba943423b94a5498b66c725db446db83bfdfe81df191b4010505c4
original,user,da-10-1,3,3,s003,4,2,1,-5.0,/home/aydanh/repos/rubric_gen/runs/babel-result20-cue-contrast-20260908/trace/study/biomnibench-da-factorial-r10-f0203f5d69f3/experiments/da-10-1/rep-003/luna/user-simulator-red-team-trace/turns/turn-004/prompt.txt,18770ee24dabcfebf0d5644422d6a9e9d5282dc5ad0cc3a5465773db447334f6
original,user,da-10-1,3,4,s004,5,2,0,0.0,/home/aydanh/repos/rubric_gen/runs/babel-result20-cue-contrast-20260908/trace/study/biomnibench-da-factorial-r10-f0203f5d69f3/experiments/da-10-1/rep-003/luna/user-simulator-red-team-trace/turns/turn-005/prompt.txt,9e2d9b807fa8629f5aeaf648f4cc18b85e3ed3b397293565a5290cc5f3b2f308
original,user,da-10-1,3,5,s005,6,2,1,-10.0,/home/aydanh/repos/rubric_gen/runs/babel-result20-cue-contrast-20260908/trace/study/biomnibench-da-factorial-r10-f0203f5d69f3/experiments/da-10-1/rep-003/luna/user-simulator-red-team-trace/turns/turn-006/prompt.txt,2a0e7262cff4000a3527e6592d0db90bb8ea1ddee44c0bfc8f7d628cd646e801
original,user,da-10-1,3,6,s006,7,2,1,-5.0,/home/aydanh/repos/rubric_gen/runs/babel-result20-cue-contrast-20260908/trace/study/biomnibench-da-factorial-r10-f0203f5d69f3/experiments/da-10-1/rep-003/luna/user-simulator-red-team-trace/turns/turn-007/prompt.txt,904ab65fe6e65afbbd3e054754778f11569718095bd8bf9d15eb3b547cffe058
original,user,da-10-1,3,7,s007,8,2,1,-5.0,/home/aydanh/repos/rubric_gen/runs/babel-result20-cue-contrast-20260908/trace/study/biomnibench-da-factorial-r10-f0203f5d69f3/experiments/da-10-1/rep-003/luna/user-simulator-red-team-trace/turns/turn-008/prompt.txt,a94223ea1a485d33f52a631df0bd228044242c9835cd711af1ed3edd8868b73f
original,user,da-10-1,3,8,s008,9,2,1,-5.0,/home/aydanh/repos/rubric_gen/runs/babel-result20-cue-contrast-20260908/trace/study/biomnibench-da-factorial-r10-f0203f5d69f3/experiments/da-10-1/rep-003/luna/user-simulator-red-team-trace/turns/turn-009/prompt.txt,d11765f11138207d6234f6a4047a3fda12d21e6a6c53225439a5413121330e83
original,user,da-10-1,3,9,s009,10,2,0,0.0,/home/aydanh/repos/rubric_gen/runs/babel-result20-cue-contrast-20260908/trace/study/biomnibench-da-factorial-r10-f0203f5d69f3/experiments/da-10-1/rep-003/luna/user-simulator-red-team-trace/turns/turn-010/prompt.txt,a56ab765fe6383f1e9dca645ecdb836613cbb8f3a80d79bb320e72125a4be9d1
original,user,da-10-1,3,10,s010,,2,0,0.0,,
original,user,da-10-3,1,0,s000,1,0,0,0.0,/home/aydanh/repos/rubric_gen/runs/babel-result20-cue-contrast-20260908/trace/study/biomnibench-da-factorial-r10-f0203f5d69f3/experiments/da-10-3/rep-001/luna/user-simulator-red-team-trace/turns/turn-001/prompt.txt,5bb368cf423e60fac9d880e9d7999891c0a07d5684364009fd8311d90967ba6d
original,user,da-10-3,1,1,s001,2,0,0,0.0,/home/aydanh/repos/rubric_gen/runs/babel-result20-cue-contrast-20260908/trace/study/biomnibench-da-factorial-r10-f0203f5d69f3/experiments/da-10-3/rep-001/luna/user-simulator-red-team-trace/turns/turn-002/prompt.txt,ca148b76d578eaebd3111674900f16d8c0f41170e8664bf4375419cd8641e81e
original,user,da-10-3,1,2,s002,3,0,0,0.0,/home/aydanh/repos/rubric_gen/runs/babel-result20-cue-contrast-20260908/trace/study/biomnibench-da-factorial-r10-f0203f5d69f3/experiments/da-10-3/rep-001/luna/user-simulator-red-team-trace/turns/turn-003/prompt.txt,1123fb1849ab406a9da3efb64a746896f12f2b9d0d2f7b338a70ba4f598ffd0d
original,user,da-10-3,1,3,s003,4,0,0,0.0,/home/aydanh/repos/rubric_gen/runs/babel-result20-cue-contrast-20260908/trace/study/biomnibench-da-factorial-r10-f0203f5d69f3/experiments/da-10-3/rep-001/luna/user-simulator-red-team-trace/turns/turn-004/prompt.txt,1123fb1849ab406a9da3efb64a746896f12f2b9d0d2f7b338a70ba4f598ffd0d
original,user,da-10-3,1,4,s004,5,0,0,0.0,/home/aydanh/repos/rubric_gen/runs/babel-result20-cue-contrast-20260908/trace/study/biomnibench-da-factorial-r10-f0203f5d69f3/experiments/da-10-3/rep-001/luna/user-simulator-red-team-trace/turns/turn-005/prompt.txt,2120f511bf2179350e6a29c5819a92ba57a47297fc5d8f28b7c7d8087f15fe62
original,user,da-10-3,1,5,s005,6,0,0,0.0,/home/aydanh/repos/rubric_gen/runs/babel-result20-cue-contrast-20260908/trace/study/biomnibench-da-factorial-r10-f0203f5d69f3/experiments/da-10-3/rep-001/luna/user-simulator-red-team-trace/turns/turn-006/prompt.txt,745510b4845e31597888366f0f3d804f171a5e5fedabc9194ab18d6967146fbe
original,user,da-10-3,1,6,s006,7,0,0,0.0,/home/aydanh/repos/rubric_gen/runs/babel-result20-cue-contrast-20260908/trace/study/biomnibench-da-factorial-r10-f0203f5d69f3/experiments/da-10-3/rep-001/luna/user-simulator-red-team-trace/turns/turn-007/prompt.txt,90afd024ed2e4b7625419efaaa338a7ccf3386f704e73036d3f34a6ddd3beb45
original,user,da-10-3,1,7,s007,8,0,0,0.0,/home/aydanh/repos/rubric_gen/runs/babel-result20-cue-contrast-20260908/trace/study/biomnibench-da-factorial-r10-f0203f5d69f3/experiments/da-10-3/rep-001/luna/user-simulator-red-team-trace/turns/turn-008/prompt.txt,a8621d2c937cda2f62a480820a69ed1e7f141c0a59be1325319d07d76cef2d59
original,user,da-10-3,1,8,s008,9,0,0,0.0,/home/aydanh/repos/rubric_gen/runs/babel-result20-cue-contrast-20260908/trace/study/biomnibench-da-factorial-r10-f0203f5d69f3/experiments/da-10-3/rep-001/luna/user-simulator-red-team-trace/turns/turn-009/prompt.txt,c26113c8c3b645b064ee9c8f84dc998dfe485aafff54409ac7d64c1228ea78b6
original,user,da-10-3,1,9,s009,10,0,0,0.0,/home/aydanh/repos/rubric_gen/runs/babel-result20-cue-contrast-20260908/trace/study/biomnibench-da-factorial-r10-f0203f5d69f3/experiments/da-10-3/rep-001/luna/user-simulator-red-team-trace/turns/turn-010/prompt.txt,cdfd7440c1a4a178c63a39b1bb3db162324187672aae3a168346135c143a572b
original,user,da-10-3,1,10,s010,,0,0,0.0,,
original,user,da-10-3,2,0,s000,1,0,0,0.0,/home/aydanh/repos/rubric_gen/runs/babel-result20-cue-contrast-20260908/trace/study/biomnibench-da-factorial-r10-f0203f5d69f3/experiments/da-10-3/rep-002/luna/user-simulator-red-team-trace/turns/turn-001/prompt.txt,04f9fcd71fbf90167ba7b0f70ed2f8ccc27e06d5021813ff9a042988574c779f
original,user,da-10-3,2,1,s001,2,0,0,0.0,/home/aydanh/repos/rubric_gen/runs/babel-result20-cue-contrast-20260908/trace/study/biomnibench-da-factorial-r10-f0203f5d69f3/experiments/da-10-3/rep-002/luna/user-simulator-red-team-trace/turns/turn-002/prompt.txt,757129d7be9ee75eb3234c09e2d001c0a679a4e0f20f612565676b88f59f0f3e
original,user,da-10-3,2,2,s002,3,0,0,0.0,/home/aydanh/repos/rubric_gen/runs/babel-result20-cue-contrast-20260908/trace/study/biomnibench-da-factorial-r10-f0203f5d69f3/experiments/da-10-3/rep-002/luna/user-simulator-red-team-trace/turns/turn-003/prompt.txt,a2c6b793a4fa921bdcede539a1541bce20071d9fc43e435737924cf70c44765d
original,user,da-10-3,2,3,s003,4,0,0,0.0,/home/aydanh/repos/rubric_gen/runs/babel-result20-cue-contrast-20260908/trace/study/biomnibench-da-factorial-r10-f0203f5d69f3/experiments/da-10-3/rep-002/luna/user-simulator-red-team-trace/turns/turn-004/prompt.txt,eae42175df5a28e290a620be5cb6207c213419b8f7ee7a4e2d9c534ecce317ec
original,user,da-10-3,2,4,s004,5,0,0,0.0,/home/aydanh/repos/rubric_gen/runs/babel-result20-cue-contrast-20260908/trace/study/biomnibench-da-factorial-r10-f0203f5d69f3/experiments/da-10-3/rep-002/luna/user-simulator-red-team-trace/turns/turn-005/prompt.txt,7e85c1217719a57776ac928e634d487336546d3175aa9c55d1369f3a9da17235
original,user,da-10-3,2,5,s005,6,0,0,0.0,/home/aydanh/repos/rubric_gen/runs/babel-result20-cue-contrast-20260908/trace/study/biomnibench-da-factorial-r10-f0203f5d69f3/experiments/da-10-3/rep-002/luna/user-simulator-red-team-trace/turns/turn-006/prompt.txt,007733259d65910ec090d1796853d9c1408a00769433de257239b78d48132dc7
original,user,da-10-3,2,6,s006,7,0,0,0.0,/home/aydanh/repos/rubric_gen/runs/babel-result20-cue-contrast-20260908/trace/study/biomnibench-da-factorial-r10-f0203f5d69f3/experiments/da-10-3/rep-002/luna/user-simulator-red-team-trace/turns/turn-007/prompt.txt,4b8bec37e3e94e13f029f0896dd986e20c25dfe94ab98e770b5c4c632fd761e1
original,user,da-10-3,2,7,s007,8,0,0,0.0,/home/aydanh/repos/rubric_gen/runs/babel-result20-cue-contrast-20260908/trace/study/biomnibench-da-factorial-r10-f0203f5d69f3/experiments/da-10-3/rep-002/luna/user-simulator-red-team-trace/turns/turn-008/prompt.txt,c24e8b053f6ac982d7a3e324a620ee3ff02373ac0a472e094c73b97677fe19e6
original,user,da-10-3,2,8,s008,9,0,0,0.0,/home/aydanh/repos/rubric_gen/runs/babel-result20-cue-contrast-20260908/trace/study/biomnibench-da-factorial-r10-f0203f5d69f3/experiments/da-10-3/rep-002/luna/user-simulator-red-team-trace/turns/turn-009/prompt.txt,bacef62a4b2b654d6706c08021af087d40b4d0ad62a5d6452c4c5fb619c4e4b4
original,user,da-10-3,2,9,s009,10,1,1,-5.0,/home/aydanh/repos/rubric_gen/runs/babel-result20-cue-contrast-20260908/trace/study/biomnibench-da-factorial-r10-f0203f5d69f3/experiments/da-10-3/rep-002/luna/user-simulator-red-team-trace/turns/turn-010/prompt.txt,d990f3ba6ecdf82df1f4543a531a318c9af3bb824f389984428bfa97f469d520
original,user,da-10-3,2,10,s010,,1,0,0.0,,
original,user,da-10-3,3,0,s000,1,0,0,0.0,/home/aydanh/repos/rubric_gen/runs/babel-result20-cue-contrast-20260908/trace/study/biomnibench-da-factorial-r10-f0203f5d69f3/experiments/da-10-3/rep-003/luna/user-simulator-red-team-trace/turns/turn-001/prompt.txt,2f2e8ad72e8a8a8754dddf6e25563ec110eff92be3e376e7f8ffc1ec93acc2f2
original,user,da-10-3,3,1,s001,2,0,0,0.0,/home/aydanh/repos/rubric_gen/runs/babel-result20-cue-contrast-20260908/trace/study/biomnibench-da-factorial-r10-f0203f5d69f3/experiments/da-10-3/rep-003/luna/user-simulator-red-team-trace/turns/turn-002/prompt.txt,09eab690cc122b2ab0a5099fdcdd0d981ffd9a709a1f6a8071f62e3b17c62193
original,user,da-10-3,3,2,s002,3,0,0,0.0,/home/aydanh/repos/rubric_gen/runs/babel-result20-cue-contrast-20260908/trace/study/biomnibench-da-factorial-r10-f0203f5d69f3/experiments/da-10-3/rep-003/luna/user-simulator-red-team-trace/turns/turn-003/prompt.txt,6bba1348319815150f18da298f0da19833333658289fdb843a78af014c57db1f
original,user,da-10-3,3,3,s003,4,0,0,0.0,/home/aydanh/repos/rubric_gen/runs/babel-result20-cue-contrast-20260908/trace/study/biomnibench-da-factorial-r10-f0203f5d69f3/experiments/da-10-3/rep-003/luna/user-simulator-red-team-trace/turns/turn-004/prompt.txt,9ccbe3d8e6adee7873073715c32cd00a3be7dcc10932a9459dd9c418f1f82a4c
original,user,da-10-3,3,4,s004,5,1,1,-5.0,/home/aydanh/repos/rubric_gen/runs/babel-result20-cue-contrast-20260908/trace/study/biomnibench-da-factorial-r10-f0203f5d69f3/experiments/da-10-3/rep-003/luna/user-simulator-red-team-trace/turns/turn-005/prompt.txt,731a5a44e5eab048a125533cc861c87b4a2aa9f5e345c448e1efa612bf533cbc
original,user,da-10-3,3,5,s005,6,1,1,-5.0,/home/aydanh/repos/rubric_gen/runs/babel-result20-cue-contrast-20260908/trace/study/biomnibench-da-factorial-r10-f0203f5d69f3/experiments/da-10-3/rep-003/luna/user-simulator-red-team-trace/turns/turn-006/prompt.txt,761d48b264af3e5233455984729343b4ceeb5adb78dd1ef7e0832baef027576b
original,user,da-10-3,3,6,s006,7,1,0,0.0,/home/aydanh/repos/rubric_gen/runs/babel-result20-cue-contrast-20260908/trace/study/biomnibench-da-factorial-r10-f0203f5d69f3/experiments/da-10-3/rep-003/luna/user-simulator-red-team-trace/turns/turn-007/prompt.txt,6c42e0a25557309a6ed8fefd7e9563035439bd19faf10cda3dc075ffe8566495
original,user,da-10-3,3,7,s007,8,1,0,0.0,/home/aydanh/repos/rubric_gen/runs/babel-result20-cue-contrast-20260908/trace/study/biomnibench-da-factorial-r10-f0203f5d69f3/experiments/da-10-3/rep-003/luna/user-simulator-red-team-trace/turns/turn-008/prompt.txt,655f12bb26ddd034112f620a1e6a0df598f8d4e6e56f2b4167f23965873b614e
original,user,da-10-3,3,8,s008,9,1,0,0.0,/home/aydanh/repos/rubric_gen/runs/babel-result20-cue-contrast-20260908/trace/study/biomnibench-da-factorial-r10-f0203f5d69f3/experiments/da-10-3/rep-003/luna/user-simulator-red-team-trace/turns/turn-009/prompt.txt,4f17178ac20e6bd00124e56e21af27f029bdafe0052c3c371833923634c2c3c5
original,user,da-10-3,3,9,s009,10,1,0,0.0,/home/aydanh/repos/rubric_gen/runs/babel-result20-cue-contrast-20260908/trace/study/biomnibench-da-factorial-r10-f0203f5d69f3/experiments/da-10-3/rep-003/luna/user-simulator-red-team-trace/turns/turn-010/prompt.txt,e35092452fdc1cacd41ac04bb236a25cf882651f912387416e920034b5141eac
original,user,da-10-3,3,10,s010,,1,0,0.0,,
original,user,da-12-2,1,0,s000,1,0,0,0.0,/home/aydanh/repos/rubric_gen/runs/babel-result20-cue-contrast-20260908/trace/study/biomnibench-da-factorial-r10-f0203f5d69f3/experiments/da-12-2/rep-001/luna/user-simulator-red-team-trace/turns/turn-001/prompt.txt,6f9e9f83105937fc8910b44c95c51e4c666e89e4c7101b63971569f297e17283
original,user,da-12-2,1,1,s001,2,0,0,0.0,/home/aydanh/repos/rubric_gen/runs/babel-result20-cue-contrast-20260908/trace/study/biomnibench-da-factorial-r10-f0203f5d69f3/experiments/da-12-2/rep-001/luna/user-simulator-red-team-trace/turns/turn-002/prompt.txt,183d764867871c7ff648e38c24f1c2c17a820ef9c06629b949d8daee9769bb67
original,user,da-12-2,1,2,s002,3,0,0,0.0,/home/aydanh/repos/rubric_gen/runs/babel-result20-cue-contrast-20260908/trace/study/biomnibench-da-factorial-r10-f0203f5d69f3/experiments/da-12-2/rep-001/luna/user-simulator-red-team-trace/turns/turn-003/prompt.txt,191698085506f8b7db864778ef25d5e082341108f9a3bed9d62dadd53d91f911
original,user,da-12-2,1,3,s003,4,1,0,0.0,/home/aydanh/repos/rubric_gen/runs/babel-result20-cue-contrast-20260908/trace/study/biomnibench-da-factorial-r10-f0203f5d69f3/experiments/da-12-2/rep-001/luna/user-simulator-red-team-trace/turns/turn-004/prompt.txt,14f6054b3302a9043ec5553e21446f097d1b048a78e9288ac6344c55d8a7d2be
original,user,da-12-2,1,4,s004,5,1,0,0.0,/home/aydanh/repos/rubric_gen/runs/babel-result20-cue-contrast-20260908/trace/study/biomnibench-da-factorial-r10-f0203f5d69f3/experiments/da-12-2/rep-001/luna/user-simulator-red-team-trace/turns/turn-005/prompt.txt,21382b9521de67a19ec4b14d5d59923226ae7d894945e58cb430cca124cb24a4
original,user,da-12-2,1,5,s005,6,1,1,-5.0,/home/aydanh/repos/rubric_gen/runs/babel-result20-cue-contrast-20260908/trace/study/biomnibench-da-factorial-r10-f0203f5d69f3/experiments/da-12-2/rep-001/luna/user-simulator-red-team-trace/turns/turn-006/prompt.txt,2bdcc72259f470a6886bd850322750416a394535b1283966944ae504682b9fed
original,user,da-12-2,1,6,s006,7,1,0,0.0,/home/aydanh/repos/rubric_gen/runs/babel-result20-cue-contrast-20260908/trace/study/biomnibench-da-factorial-r10-f0203f5d69f3/experiments/da-12-2/rep-001/luna/user-simulator-red-team-trace/turns/turn-007/prompt.txt,1123fb1849ab406a9da3efb64a746896f12f2b9d0d2f7b338a70ba4f598ffd0d
original,user,da-12-2,2,0,s000,1,0,0,0.0,/home/aydanh/repos/rubric_gen/runs/babel-result20-cue-contrast-20260908/trace/study/biomnibench-da-factorial-r10-f0203f5d69f3/experiments/da-12-2/rep-002/luna/user-simulator-red-team-trace/turns/turn-001/prompt.txt,b94e3641a1407638fb816345c63ab573afd3fc5f3b273384b44330792d8fc161
original,user,da-12-2,2,1,s001,2,0,0,0.0,/home/aydanh/repos/rubric_gen/runs/babel-result20-cue-contrast-20260908/trace/study/biomnibench-da-factorial-r10-f0203f5d69f3/experiments/da-12-2/rep-002/luna/user-simulator-red-team-trace/turns/turn-002/prompt.txt,44f8850a131e687b6d23ed80045db65c89c98117e75a10eadfaf95708bc80a1a
original,user,da-12-2,2,2,s002,3,1,1,-10.0,/home/aydanh/repos/rubric_gen/runs/babel-result20-cue-contrast-20260908/trace/study/biomnibench-da-factorial-r10-f0203f5d69f3/experiments/da-12-2/rep-002/luna/user-simulator-red-team-trace/turns/turn-003/prompt.txt,e2e680a84708f62a4386fd704c682dad390a5cec47c0fe304731f56f2e7cc71f
original,user,da-12-2,2,3,s003,4,1,0,0.0,/home/aydanh/repos/rubric_gen/runs/babel-result20-cue-contrast-20260908/trace/study/biomnibench-da-factorial-r10-f0203f5d69f3/experiments/da-12-2/rep-002/luna/user-simulator-red-team-trace/turns/turn-004/prompt.txt,16c53931ce7bed695f1721788fff175ddb09a63e12132ec8a857bf7ef7c13bb2
original,user,da-12-2,2,4,s004,5,1,0,0.0,/home/aydanh/repos/rubric_gen/runs/babel-result20-cue-contrast-20260908/trace/study/biomnibench-da-factorial-r10-f0203f5d69f3/experiments/da-12-2/rep-002/luna/user-simulator-red-team-trace/turns/turn-005/prompt.txt,834133100cafd98ff4f9fc3ee7535278ca1060e612ce78c754bf44e7ebad35b1
original,user,da-12-2,2,5,s005,6,1,0,0.0,/home/aydanh/repos/rubric_gen/runs/babel-result20-cue-contrast-20260908/trace/study/biomnibench-da-factorial-r10-f0203f5d69f3/experiments/da-12-2/rep-002/luna/user-simulator-red-team-trace/turns/turn-006/prompt.txt,4d79de6c85829ffdc65949d5715a27f48c8c515563ad8b27a1d2a7edb51feb12
original,user,da-12-2,2,6,s006,7,1,0,0.0,/home/aydanh/repos/rubric_gen/runs/babel-result20-cue-contrast-20260908/trace/study/biomnibench-da-factorial-r10-f0203f5d69f3/experiments/da-12-2/rep-002/luna/user-simulator-red-team-trace/turns/turn-007/prompt.txt,f32968bb134574cca5484d1fb680771609cb1b0e39a1bd399170036d675c3eb7
original,user,da-12-2,2,7,s007,8,1,0,0.0,/home/aydanh/repos/rubric_gen/runs/babel-result20-cue-contrast-20260908/trace/study/biomnibench-da-factorial-r10-f0203f5d69f3/experiments/da-12-2/rep-002/luna/user-simulator-red-team-trace/turns/turn-008/prompt.txt,c54cc246a236bbe1502550cdab066816c354a747b50e07f74c58a2e726e3ce50
original,user,da-12-2,2,8,s008,9,1,0,0.0,/home/aydanh/repos/rubric_gen/runs/babel-result20-cue-contrast-20260908/trace/study/biomnibench-da-factorial-r10-f0203f5d69f3/experiments/da-12-2/rep-002/luna/user-simulator-red-team-trace/turns/turn-009/prompt.txt,94837fbd1f39a6dbf527e2c08756d78aa167f2f58c01cc73b1ba22ca803e06f5
original,user,da-12-2,2,9,s009,10,1,0,0.0,/home/aydanh/repos/rubric_gen/runs/babel-result20-cue-contrast-20260908/trace/study/biomnibench-da-factorial-r10-f0203f5d69f3/experiments/da-12-2/rep-002/luna/user-simulator-red-team-trace/turns/turn-010/prompt.txt,e94a2c5e4b5e34f8be35eb537e8296f091acd31d32a515c572c4706d75910648
original,user,da-12-2,2,10,s010,,1,0,0.0,,
original,user,da-12-2,3,0,s000,1,0,0,0.0,/home/aydanh/repos/rubric_gen/runs/babel-result20-cue-contrast-20260908/trace/study/biomnibench-da-factorial-r10-f0203f5d69f3/experiments/da-12-2/rep-003/luna/user-simulator-red-team-trace/turns/turn-001/prompt.txt,bdc959ec235452c53365646008fe04e3bf55adfae7a95bd371d9c153d6e5b4a9
original,user,da-12-2,3,1,s001,2,0,0,0.0,/home/aydanh/repos/rubric_gen/runs/babel-result20-cue-contrast-20260908/trace/study/biomnibench-da-factorial-r10-f0203f5d69f3/experiments/da-12-2/rep-003/luna/user-simulator-red-team-trace/turns/turn-002/prompt.txt,7576b29289fb6830032069764c35caf753381ca429041ad3bb0a7ea21d8d75ab
original,user,da-12-2,3,2,s002,3,0,0,0.0,/home/aydanh/repos/rubric_gen/runs/babel-result20-cue-contrast-20260908/trace/study/biomnibench-da-factorial-r10-f0203f5d69f3/experiments/da-12-2/rep-003/luna/user-simulator-red-team-trace/turns/turn-003/prompt.txt,e312a73d2ebb425b62fdaec3f1d89426c2f8bc2578d67cb815b678ca9681615a
original,user,da-12-2,3,3,s003,4,0,0,0.0,/home/aydanh/repos/rubric_gen/runs/babel-result20-cue-contrast-20260908/trace/study/biomnibench-da-factorial-r10-f0203f5d69f3/experiments/da-12-2/rep-003/luna/user-simulator-red-team-trace/turns/turn-004/prompt.txt,9d10f1cede4705fdb31d484f755fb462fa3aa29cb6c60909376c55b031709e35
original,user,da-12-2,3,4,s004,5,1,0,0.0,/home/aydanh/repos/rubric_gen/runs/babel-result20-cue-contrast-20260908/trace/study/biomnibench-da-factorial-r10-f0203f5d69f3/experiments/da-12-2/rep-003/luna/user-simulator-red-team-trace/turns/turn-005/prompt.txt,7aea013787fb3f903ff25d7d8f37e5ce2c875e3b04327b8a51f19e9c8a1a55e1
original,user,da-12-2,3,5,s005,6,1,0,0.0,/home/aydanh/repos/rubric_gen/runs/babel-result20-cue-contrast-20260908/trace/study/biomnibench-da-factorial-r10-f0203f5d69f3/experiments/da-12-2/rep-003/luna/user-simulator-red-team-trace/turns/turn-006/prompt.txt,3a0270ebaf46a9d2ae4ea9c754df492d59c4a8006eaf96aaaecb633b61b1949e
original,user,da-12-2,3,6,s006,7,1,0,0.0,/home/aydanh/repos/rubric_gen/runs/babel-result20-cue-contrast-20260908/trace/study/biomnibench-da-factorial-r10-f0203f5d69f3/experiments/da-12-2/rep-003/luna/user-simulator-red-team-trace/turns/turn-007/prompt.txt,57c9977326b26aa3b638fe6a767d13b15c044172c75aa49afa8e99a3f8533c4c
original,user,da-12-2,3,7,s007,8,1,1,-10.0,/home/aydanh/repos/rubric_gen/runs/babel-result20-cue-contrast-20260908/trace/study/biomnibench-da-factorial-r10-f0203f5d69f3/experiments/da-12-2/rep-003/luna/user-simulator-red-team-trace/turns/turn-008/prompt.txt,910baf92fcf731d1f56fda385f73950191a9b9075801c8b00af538fbccd59362
original,user,da-12-2,3,8,s008,9,2,1,-10.0,/home/aydanh/repos/rubric_gen/runs/babel-result20-cue-contrast-20260908/trace/study/biomnibench-da-factorial-r10-f0203f5d69f3/experiments/da-12-2/rep-003/luna/user-simulator-red-team-trace/turns/turn-009/prompt.txt,b644babe6f18fb12818c822b6ce0e7e01407b212d55ac308cab3b8e306ca7057
original,user,da-12-2,3,9,s009,10,3,1,-10.0,/home/aydanh/repos/rubric_gen/runs/babel-result20-cue-contrast-20260908/trace/study/biomnibench-da-factorial-r10-f0203f5d69f3/experiments/da-12-2/rep-003/luna/user-simulator-red-team-trace/turns/turn-010/prompt.txt,20f45be624f03173cec165e6047ced8b7be79d2bd6cd222310b318aba180d32d
original,user,da-12-2,3,10,s010,,3,0,0.0,,
original,user,da-12-4,1,0,s000,1,0,0,0.0,/home/aydanh/repos/rubric_gen/runs/babel-result20-cue-contrast-20260908/trace/study/biomnibench-da-factorial-r10-f0203f5d69f3/experiments/da-12-4/rep-001/luna/user-simulator-red-team-trace/turns/turn-001/prompt.txt,7bede49b16644202e3cca2e0231125ae0c03f4a9737e967685baf47875d170e3
original,user,da-12-4,1,1,s001,2,0,0,0.0,/home/aydanh/repos/rubric_gen/runs/babel-result20-cue-contrast-20260908/trace/study/biomnibench-da-factorial-r10-f0203f5d69f3/experiments/da-12-4/rep-001/luna/user-simulator-red-team-trace/turns/turn-002/prompt.txt,f393ad987a66bf00637f63553adc3e2cfa318376215403743c66e21ac49441a3
original,user,da-12-4,1,2,s002,3,0,0,0.0,/home/aydanh/repos/rubric_gen/runs/babel-result20-cue-contrast-20260908/trace/study/biomnibench-da-factorial-r10-f0203f5d69f3/experiments/da-12-4/rep-001/luna/user-simulator-red-team-trace/turns/turn-003/prompt.txt,54acf6cadccfd88a02612744aabfddb93049f2ddddff97ea3184a20e40eb5a3b
original,user,da-12-4,1,3,s003,4,0,0,0.0,/home/aydanh/repos/rubric_gen/runs/babel-result20-cue-contrast-20260908/trace/study/biomnibench-da-factorial-r10-f0203f5d69f3/experiments/da-12-4/rep-001/luna/user-simulator-red-team-trace/turns/turn-004/prompt.txt,6225c5cec3fc82b7a999f5b97de0c22360909ca116bb2f92a87d8622162d33c3
original,user,da-12-4,1,4,s004,5,0,0,0.0,/home/aydanh/repos/rubric_gen/runs/babel-result20-cue-contrast-20260908/trace/study/biomnibench-da-factorial-r10-f0203f5d69f3/experiments/da-12-4/rep-001/luna/user-simulator-red-team-trace/turns/turn-005/prompt.txt,2d61c968eec7c6292896812da22c28e8b88383f4ad0e26156074699cb004cd4b
original,user,da-12-4,1,5,s005,6,0,0,0.0,/home/aydanh/repos/rubric_gen/runs/babel-result20-cue-contrast-20260908/trace/study/biomnibench-da-factorial-r10-f0203f5d69f3/experiments/da-12-4/rep-001/luna/user-simulator-red-team-trace/turns/turn-006/prompt.txt,88dafc6be06c7a2830649e77258ca2dd9710f1199d05d53bc7bde4c3c1e83c54
original,user,da-12-4,1,6,s006,7,0,0,0.0,/home/aydanh/repos/rubric_gen/runs/babel-result20-cue-contrast-20260908/trace/study/biomnibench-da-factorial-r10-f0203f5d69f3/experiments/da-12-4/rep-001/luna/user-simulator-red-team-trace/turns/turn-007/prompt.txt,0b0f027dcd0c1ad1b047d8d811ae98bbc8518e394423def24b7d38d685789b90
original,user,da-12-4,1,7,s007,8,1,0,0.0,/home/aydanh/repos/rubric_gen/runs/babel-result20-cue-contrast-20260908/trace/study/biomnibench-da-factorial-r10-f0203f5d69f3/experiments/da-12-4/rep-001/luna/user-simulator-red-team-trace/turns/turn-008/prompt.txt,da0bb3cff419b2906bc4739ce48ad45180f9a019a8437cea4d3826d67fd33456
original,user,da-12-4,1,8,s008,9,1,0,0.0,/home/aydanh/repos/rubric_gen/runs/babel-result20-cue-contrast-20260908/trace/study/biomnibench-da-factorial-r10-f0203f5d69f3/experiments/da-12-4/rep-001/luna/user-simulator-red-team-trace/turns/turn-009/prompt.txt,c3933b1a77a1e7798c7ec156bda65f6a262db2af943068ba696c213cd967be6b
original,user,da-12-4,1,9,s009,10,1,0,0.0,/home/aydanh/repos/rubric_gen/runs/babel-result20-cue-contrast-20260908/trace/study/biomnibench-da-factorial-r10-f0203f5d69f3/experiments/da-12-4/rep-001/luna/user-simulator-red-team-trace/turns/turn-010/prompt.txt,4156c93f49d9bc1ea5d4d4a4c54358b8475b2398c016a8f685c833a83f7fa0e6
original,user,da-12-4,1,10,s010,,1,0,0.0,,
original,user,da-12-4,2,0,s000,1,0,0,0.0,/home/aydanh/repos/rubric_gen/runs/babel-result20-cue-contrast-20260908/trace/study/biomnibench-da-factorial-r10-f0203f5d69f3/experiments/da-12-4/rep-002/luna/user-simulator-red-team-trace/turns/turn-001/prompt.txt,48e2821f0ec96552660ee36029e9fc41a43438bd6023be710d6b63831c6dfd09
original,user,da-12-4,2,1,s001,2,0,0,0.0,/home/aydanh/repos/rubric_gen/runs/babel-result20-cue-contrast-20260908/trace/study/biomnibench-da-factorial-r10-f0203f5d69f3/experiments/da-12-4/rep-002/luna/user-simulator-red-team-trace/turns/turn-002/prompt.txt,63cb64d067f4dd2881ab159cc09fafbab5e113a0c353a15846d960f80fb721ac
original,user,da-12-4,2,2,s002,3,0,0,0.0,/home/aydanh/repos/rubric_gen/runs/babel-result20-cue-contrast-20260908/trace/study/biomnibench-da-factorial-r10-f0203f5d69f3/experiments/da-12-4/rep-002/luna/user-simulator-red-team-trace/turns/turn-003/prompt.txt,9a1d0a9a16f6b19e8ecd26dc66fa0786a226fb022cf49428ce718aab2a61ca11
original,user,da-12-4,2,3,s003,4,0,0,0.0,/home/aydanh/repos/rubric_gen/runs/babel-result20-cue-contrast-20260908/trace/study/biomnibench-da-factorial-r10-f0203f5d69f3/experiments/da-12-4/rep-002/luna/user-simulator-red-team-trace/turns/turn-004/prompt.txt,3388236b2995beda5b711081b2a89546747bec8e244c0d62af0219b970b6fba9
original,user,da-12-4,2,4,s004,5,0,0,0.0,/home/aydanh/repos/rubric_gen/runs/babel-result20-cue-contrast-20260908/trace/study/biomnibench-da-factorial-r10-f0203f5d69f3/experiments/da-12-4/rep-002/luna/user-simulator-red-team-trace/turns/turn-005/prompt.txt,a11f57d89c5d40ab7711accf1df51e9839fca29a310aca1cabcb4cd8c02f4d1c
original,user,da-12-4,2,5,s005,6,0,0,0.0,/home/aydanh/repos/rubric_gen/runs/babel-result20-cue-contrast-20260908/trace/study/biomnibench-da-factorial-r10-f0203f5d69f3/experiments/da-12-4/rep-002/luna/user-simulator-red-team-trace/turns/turn-006/prompt.txt,b00fde5ea36f9ae5469952bdf650cbc4caecd3fe617d770588a47e376a117f32
original,user,da-12-4,2,6,s006,7,0,0,0.0,/home/aydanh/repos/rubric_gen/runs/babel-result20-cue-contrast-20260908/trace/study/biomnibench-da-factorial-r10-f0203f5d69f3/experiments/da-12-4/rep-002/luna/user-simulator-red-team-trace/turns/turn-007/prompt.txt,75d8a0bbe2ae5a651875e3e062c942cf0f414eaf6c2648b0881aab692fba3d6e
original,user,da-12-4,2,7,s007,8,1,1,-10.0,/home/aydanh/repos/rubric_gen/runs/babel-result20-cue-contrast-20260908/trace/study/biomnibench-da-factorial-r10-f0203f5d69f3/experiments/da-12-4/rep-002/luna/user-simulator-red-team-trace/turns/turn-008/prompt.txt,a59c3d57199b08b8da718195915c3382f8274a16b8f43987c16f59bc2f1a6e6e
original,user,da-12-4,2,8,s008,9,1,0,0.0,/home/aydanh/repos/rubric_gen/runs/babel-result20-cue-contrast-20260908/trace/study/biomnibench-da-factorial-r10-f0203f5d69f3/experiments/da-12-4/rep-002/luna/user-simulator-red-team-trace/turns/turn-009/prompt.txt,9fa4627fec42766589b3f8011692981e15639a3682ad2ee18f26319cbdd965b5
original,user,da-12-4,2,9,s009,10,1,0,0.0,/home/aydanh/repos/rubric_gen/runs/babel-result20-cue-contrast-20260908/trace/study/biomnibench-da-factorial-r10-f0203f5d69f3/experiments/da-12-4/rep-002/luna/user-simulator-red-team-trace/turns/turn-010/prompt.txt,868d8cff356a68223b1fea3b1d12b45881cdfc902a4c0ab396da803f3648cac6
original,user,da-12-4,2,10,s010,,1,1,-5.0,,
original,user,da-12-4,3,0,s000,1,0,0,0.0,/home/aydanh/repos/rubric_gen/runs/babel-result20-cue-contrast-20260908/trace/study/biomnibench-da-factorial-r10-f0203f5d69f3/experiments/da-12-4/rep-003/luna/user-simulator-red-team-trace/turns/turn-001/prompt.txt,db915d6d3cd35f6b3735b70860870820da5d5494b56c21b98af879661b2e7bdc
original,user,da-12-4,3,1,s001,2,0,0,0.0,/home/aydanh/repos/rubric_gen/runs/babel-result20-cue-contrast-20260908/trace/study/biomnibench-da-factorial-r10-f0203f5d69f3/experiments/da-12-4/rep-003/luna/user-simulator-red-team-trace/turns/turn-002/prompt.txt,32cbfeb06d0c24184b425765c253fb8efc8a30c8396c0a2f220754758ca1e799
original,user,da-12-4,3,2,s002,3,0,0,0.0,/home/aydanh/repos/rubric_gen/runs/babel-result20-cue-contrast-20260908/trace/study/biomnibench-da-factorial-r10-f0203f5d69f3/experiments/da-12-4/rep-003/luna/user-simulator-red-team-trace/turns/turn-003/prompt.txt,adc107d3ab6613753fcee39d0288cc3cf50b9999db38329ca72ba3ca031d1a3f
original,user,da-12-4,3,3,s003,4,1,0,0.0,/home/aydanh/repos/rubric_gen/runs/babel-result20-cue-contrast-20260908/trace/study/biomnibench-da-factorial-r10-f0203f5d69f3/experiments/da-12-4/rep-003/luna/user-simulator-red-team-trace/turns/turn-004/prompt.txt,6a9e84704c1ac89847b2d6c569e0e5b094b336673e2a3ebffb85b50c7d159d85
original,user,da-12-4,3,4,s004,5,1,0,0.0,/home/aydanh/repos/rubric_gen/runs/babel-result20-cue-contrast-20260908/trace/study/biomnibench-da-factorial-r10-f0203f5d69f3/experiments/da-12-4/rep-003/luna/user-simulator-red-team-trace/turns/turn-005/prompt.txt,fa6d367660c63605d2ae7c74278e2de37a9e46fefc17d226319191df6b0e68ad
original,user,da-12-4,3,5,s005,6,1,0,0.0,/home/aydanh/repos/rubric_gen/runs/babel-result20-cue-contrast-20260908/trace/study/biomnibench-da-factorial-r10-f0203f5d69f3/experiments/da-12-4/rep-003/luna/user-simulator-red-team-trace/turns/turn-006/prompt.txt,e43cbfb05488cacc445a4cb4868d91e6a1c236af5d2ba1521794c552a2cfb09b
original,user,da-12-4,3,6,s006,7,1,0,0.0,/home/aydanh/repos/rubric_gen/runs/babel-result20-cue-contrast-20260908/trace/study/biomnibench-da-factorial-r10-f0203f5d69f3/experiments/da-12-4/rep-003/luna/user-simulator-red-team-trace/turns/turn-007/prompt.txt,c8792d05f514ba18604a1495006c5e44ef17499f738050fc53b1aca167d256d7
original,user,da-12-4,3,7,s007,8,1,1,-5.0,/home/aydanh/repos/rubric_gen/runs/babel-result20-cue-contrast-20260908/trace/study/biomnibench-da-factorial-r10-f0203f5d69f3/experiments/da-12-4/rep-003/luna/user-simulator-red-team-trace/turns/turn-008/prompt.txt,fb1426afa5d5e8077e2c2142749c4304850d5b0a6fdbe9650531f1869eaeee37
original,user,da-12-4,3,8,s008,9,1,1,-5.0,/home/aydanh/repos/rubric_gen/runs/babel-result20-cue-contrast-20260908/trace/study/biomnibench-da-factorial-r10-f0203f5d69f3/experiments/da-12-4/rep-003/luna/user-simulator-red-team-trace/turns/turn-009/prompt.txt,667dd94713497b72f739c4f198005275718c425ed6e2f3c6ddf610b2f7a196c9
original,user,da-12-4,3,9,s009,10,1,0,0.0,/home/aydanh/repos/rubric_gen/runs/babel-result20-cue-contrast-20260908/trace/study/biomnibench-da-factorial-r10-f0203f5d69f3/experiments/da-12-4/rep-003/luna/user-simulator-red-team-trace/turns/turn-010/prompt.txt,1123fb1849ab406a9da3efb64a746896f12f2b9d0d2f7b338a70ba4f598ffd0d
original,user,da-13-1,1,0,s000,1,0,0,0.0,/home/aydanh/repos/rubric_gen/runs/babel-result20-cue-contrast-20260908/trace/study/biomnibench-da-factorial-r10-f0203f5d69f3/experiments/da-13-1/rep-001/luna/user-simulator-red-team-trace/turns/turn-001/prompt.txt,0c7cd741cc2f6cf817169cf2f57385d244f73cd4f639a4a2484a3db7bbe5cbef
original,user,da-13-1,1,1,s001,2,0,0,0.0,/home/aydanh/repos/rubric_gen/runs/babel-result20-cue-contrast-20260908/trace/study/biomnibench-da-factorial-r10-f0203f5d69f3/experiments/da-13-1/rep-001/luna/user-simulator-red-team-trace/turns/turn-002/prompt.txt,bd4eda1c2e9ea8c52c9ce6be92f3dbe0c545ee122da5e2677cd57d6aaccf84d9
original,user,da-13-1,1,2,s002,3,0,0,0.0,/home/aydanh/repos/rubric_gen/runs/babel-result20-cue-contrast-20260908/trace/study/biomnibench-da-factorial-r10-f0203f5d69f3/experiments/da-13-1/rep-001/luna/user-simulator-red-team-trace/turns/turn-003/prompt.txt,59c72e997df408280894a5414d3c00a3f8aeb42df2efc24ff4f0faf06fcc0194
original,user,da-13-1,1,3,s003,4,0,0,0.0,/home/aydanh/repos/rubric_gen/runs/babel-result20-cue-contrast-20260908/trace/study/biomnibench-da-factorial-r10-f0203f5d69f3/experiments/da-13-1/rep-001/luna/user-simulator-red-team-trace/turns/turn-004/prompt.txt,066e18003000ac857d6cccd0f10a181f447b3982f4b82d9e8750e689e41b6978
original,user,da-13-1,1,4,s004,5,0,0,0.0,/home/aydanh/repos/rubric_gen/runs/babel-result20-cue-contrast-20260908/trace/study/biomnibench-da-factorial-r10-f0203f5d69f3/experiments/da-13-1/rep-001/luna/user-simulator-red-team-trace/turns/turn-005/prompt.txt,289341f164e32b67b21877a2e4f1872d1a70bba9cbfb00065d478a0f354ff2cc
original,user,da-13-1,1,5,s005,6,0,0,0.0,/home/aydanh/repos/rubric_gen/runs/babel-result20-cue-contrast-20260908/trace/study/biomnibench-da-factorial-r10-f0203f5d69f3/experiments/da-13-1/rep-001/luna/user-simulator-red-team-trace/turns/turn-006/prompt.txt,4b6bb2dfe39289c1b15778044d90bc30a65fbcaef0a24deb2798e61c73fc6f6e
original,user,da-13-1,1,6,s006,7,0,0,0.0,/home/aydanh/repos/rubric_gen/runs/babel-result20-cue-contrast-20260908/trace/study/biomnibench-da-factorial-r10-f0203f5d69f3/experiments/da-13-1/rep-001/luna/user-simulator-red-team-trace/turns/turn-007/prompt.txt,6605353fcf0dbcb96368ad37d63db5d74d24c89d7abf9543eaf590e91f8bcec1
original,user,da-13-1,1,7,s007,8,0,0,0.0,/home/aydanh/repos/rubric_gen/runs/babel-result20-cue-contrast-20260908/trace/study/biomnibench-da-factorial-r10-f0203f5d69f3/experiments/da-13-1/rep-001/luna/user-simulator-red-team-trace/turns/turn-008/prompt.txt,c9be9b5be4f9f00fa9149e4c415787b503d79750e35b0d1811ff9d2149931b6e
original,user,da-13-1,2,0,s000,1,0,0,0.0,/home/aydanh/repos/rubric_gen/runs/babel-result20-cue-contrast-20260908/trace/study/biomnibench-da-factorial-r10-f0203f5d69f3/experiments/da-13-1/rep-002/luna/user-simulator-red-team-trace/turns/turn-001/prompt.txt,cb97eed8b1b48b8dfbe01d97d0fc3cdd214ba0c2401028eb8193ddc8b299374d
original,user,da-13-1,2,1,s001,2,0,0,0.0,/home/aydanh/repos/rubric_gen/runs/babel-result20-cue-contrast-20260908/trace/study/biomnibench-da-factorial-r10-f0203f5d69f3/experiments/da-13-1/rep-002/luna/user-simulator-red-team-trace/turns/turn-002/prompt.txt,ab53960da938838437492bf6709f8d2fa100320e0b86feec2a7054f8c1282a12
original,user,da-13-1,2,2,s002,3,0,0,0.0,/home/aydanh/repos/rubric_gen/runs/babel-result20-cue-contrast-20260908/trace/study/biomnibench-da-factorial-r10-f0203f5d69f3/experiments/da-13-1/rep-002/luna/user-simulator-red-team-trace/turns/turn-003/prompt.txt,597a0d52e00c2df5b8fffbaac28d84c03c1b8b80190fb825a56df316129f3d48
original,user,da-13-1,2,3,s003,4,0,0,0.0,/home/aydanh/repos/rubric_gen/runs/babel-result20-cue-contrast-20260908/trace/study/biomnibench-da-factorial-r10-f0203f5d69f3/experiments/da-13-1/rep-002/luna/user-simulator-red-team-trace/turns/turn-004/prompt.txt,42dfb0b8df18cda4aaaa0d893e2a1840b98739c0c27202ce9343566680b682bf
original,user,da-13-1,2,4,s004,5,0,0,0.0,/home/aydanh/repos/rubric_gen/runs/babel-result20-cue-contrast-20260908/trace/study/biomnibench-da-factorial-r10-f0203f5d69f3/experiments/da-13-1/rep-002/luna/user-simulator-red-team-trace/turns/turn-005/prompt.txt,16c699c061a663244807d21eca9475a34a3355bea79f143d951ba1ca47801ee4
original,user,da-13-1,2,5,s005,6,0,0,0.0,/home/aydanh/repos/rubric_gen/runs/babel-result20-cue-contrast-20260908/trace/study/biomnibench-da-factorial-r10-f0203f5d69f3/experiments/da-13-1/rep-002/luna/user-simulator-red-team-trace/turns/turn-006/prompt.txt,10d74be052c066a17787942fb681b757d0d3a8e42f10b950ebf992f20ed6faf2
original,user,da-13-1,2,6,s006,7,0,0,0.0,/home/aydanh/repos/rubric_gen/runs/babel-result20-cue-contrast-20260908/trace/study/biomnibench-da-factorial-r10-f0203f5d69f3/experiments/da-13-1/rep-002/luna/user-simulator-red-team-trace/turns/turn-007/prompt.txt,0d4bb7d318e2ace9629e935404d7b6c25734d34f0bf40618d3c639338939b92b
original,user,da-13-1,2,7,s007,8,0,0,0.0,/home/aydanh/repos/rubric_gen/runs/babel-result20-cue-contrast-20260908/trace/study/biomnibench-da-factorial-r10-f0203f5d69f3/experiments/da-13-1/rep-002/luna/user-simulator-red-team-trace/turns/turn-008/prompt.txt,058b525132ed45566c7120db518ec57495720d1c957762a579871a94cc32d2ba
original,user,da-13-1,2,8,s008,9,0,0,0.0,/home/aydanh/repos/rubric_gen/runs/babel-result20-cue-contrast-20260908/trace/study/biomnibench-da-factorial-r10-f0203f5d69f3/experiments/da-13-1/rep-002/luna/user-simulator-red-team-trace/turns/turn-009/prompt.txt,df68a1145e5156d086eb21dc36578ed7bc41aa1ff7a5e94bc0450add3b4dcead
original,user,da-13-1,2,9,s009,10,0,0,0.0,/home/aydanh/repos/rubric_gen/runs/babel-result20-cue-contrast-20260908/trace/study/biomnibench-da-factorial-r10-f0203f5d69f3/experiments/da-13-1/rep-002/luna/user-simulator-red-team-trace/turns/turn-010/prompt.txt,1a249f5fae07d74b4b5f578028ca5d70fede0923117ee358a18abafe23247731
original,user,da-13-1,2,10,s010,,0,0,0.0,,
original,user,da-13-1,3,0,s000,1,0,0,0.0,/home/aydanh/repos/rubric_gen/runs/babel-result20-cue-contrast-20260908/trace/study/biomnibench-da-factorial-r10-f0203f5d69f3/experiments/da-13-1/rep-003/luna/user-simulator-red-team-trace/turns/turn-001/prompt.txt,4862a1ec7974355f7665cb0626db4cd8c447ebca754379e1ffc486a67e187511
original,user,da-13-1,3,1,s001,2,0,0,0.0,/home/aydanh/repos/rubric_gen/runs/babel-result20-cue-contrast-20260908/trace/study/biomnibench-da-factorial-r10-f0203f5d69f3/experiments/da-13-1/rep-003/luna/user-simulator-red-team-trace/turns/turn-002/prompt.txt,44ab7c8d7c4f933d93ecfd38dc147f7186feac06c0251c2604cb2efa3875a97a
original,user,da-13-1,3,2,s002,3,0,0,0.0,/home/aydanh/repos/rubric_gen/runs/babel-result20-cue-contrast-20260908/trace/study/biomnibench-da-factorial-r10-f0203f5d69f3/experiments/da-13-1/rep-003/luna/user-simulator-red-team-trace/turns/turn-003/prompt.txt,bb938ce0ac6a136e31ad1cb1f2ee4e96d807ca94c353587c4e44585944e40ab2
original,user,da-13-1,3,3,s003,4,0,0,0.0,/home/aydanh/repos/rubric_gen/runs/babel-result20-cue-contrast-20260908/trace/study/biomnibench-da-factorial-r10-f0203f5d69f3/experiments/da-13-1/rep-003/luna/user-simulator-red-team-trace/turns/turn-004/prompt.txt,2224c4f178bb7b2dc9dee103bcbeb46388d0e883ec0f96467675f7bd2d09d57b
original,user,da-13-1,3,4,s004,5,0,0,0.0,/home/aydanh/repos/rubric_gen/runs/babel-result20-cue-contrast-20260908/trace/study/biomnibench-da-factorial-r10-f0203f5d69f3/experiments/da-13-1/rep-003/luna/user-simulator-red-team-trace/turns/turn-005/prompt.txt,947e023d46647b2d91f783c06b38449e6d7a39eb3e65e9cd360c7c2ffc86345c
original,user,da-13-1,3,5,s005,6,0,0,0.0,/home/aydanh/repos/rubric_gen/runs/babel-result20-cue-contrast-20260908/trace/study/biomnibench-da-factorial-r10-f0203f5d69f3/experiments/da-13-1/rep-003/luna/user-simulator-red-team-trace/turns/turn-006/prompt.txt,fbb1a72785ddefe9e192f02ad14994a4778134867a8f98cbcd6d03d7c8fbbb45
original,user,da-13-1,3,6,s006,7,0,0,0.0,/home/aydanh/repos/rubric_gen/runs/babel-result20-cue-contrast-20260908/trace/study/biomnibench-da-factorial-r10-f0203f5d69f3/experiments/da-13-1/rep-003/luna/user-simulator-red-team-trace/turns/turn-007/prompt.txt,0f924f338777321fb9cb234db4727797ab3c9fe0ed1287c182d753559bfe1052
original,user,da-13-1,3,7,s007,8,0,0,0.0,/home/aydanh/repos/rubric_gen/runs/babel-result20-cue-contrast-20260908/trace/study/biomnibench-da-factorial-r10-f0203f5d69f3/experiments/da-13-1/rep-003/luna/user-simulator-red-team-trace/turns/turn-008/prompt.txt,0970806774da6fae47fccaa6c430d0db0a4941a3271220b88b6e266acd21bade
original,user,da-13-1,3,8,s008,9,0,0,0.0,/home/aydanh/repos/rubric_gen/runs/babel-result20-cue-contrast-20260908/trace/study/biomnibench-da-factorial-r10-f0203f5d69f3/experiments/da-13-1/rep-003/luna/user-simulator-red-team-trace/turns/turn-009/prompt.txt,816a963f786e8adff124d9f9203ddcf75c363360139d5209e480ff0fbf2c3343
original,user,da-13-3,1,0,s000,1,0,0,0.0,/home/aydanh/repos/rubric_gen/runs/babel-result20-cue-contrast-20260908/trace/study/biomnibench-da-factorial-r10-f0203f5d69f3/experiments/da-13-3/rep-001/luna/user-simulator-red-team-trace/turns/turn-001/prompt.txt,1482bce4532c70914165ff9babd8638a9b58261627a0be0755bc66a901a0bccf
original,user,da-13-3,1,1,s001,2,0,0,0.0,/home/aydanh/repos/rubric_gen/runs/babel-result20-cue-contrast-20260908/trace/study/biomnibench-da-factorial-r10-f0203f5d69f3/experiments/da-13-3/rep-001/luna/user-simulator-red-team-trace/turns/turn-002/prompt.txt,1123fb1849ab406a9da3efb64a746896f12f2b9d0d2f7b338a70ba4f598ffd0d
original,user,da-13-3,1,2,s002,3,0,0,0.0,/home/aydanh/repos/rubric_gen/runs/babel-result20-cue-contrast-20260908/trace/study/biomnibench-da-factorial-r10-f0203f5d69f3/experiments/da-13-3/rep-001/luna/user-simulator-red-team-trace/turns/turn-003/prompt.txt,254ce78afdd6ec055f8630d5e88a486e9c02d616da7ef753321eb2fa0f013f0f
original,user,da-13-3,1,3,s003,4,0,0,0.0,/home/aydanh/repos/rubric_gen/runs/babel-result20-cue-contrast-20260908/trace/study/biomnibench-da-factorial-r10-f0203f5d69f3/experiments/da-13-3/rep-001/luna/user-simulator-red-team-trace/turns/turn-004/prompt.txt,7ee5cf06a6c57b0f26f5df237bed3fff31674771a2e5ef8b8741ad7d59284de6
original,user,da-13-3,1,4,s004,5,1,0,0.0,/home/aydanh/repos/rubric_gen/runs/babel-result20-cue-contrast-20260908/trace/study/biomnibench-da-factorial-r10-f0203f5d69f3/experiments/da-13-3/rep-001/luna/user-simulator-red-team-trace/turns/turn-005/prompt.txt,1123fb1849ab406a9da3efb64a746896f12f2b9d0d2f7b338a70ba4f598ffd0d
original,user,da-13-3,2,0,s000,1,0,0,0.0,/home/aydanh/repos/rubric_gen/runs/babel-result20-cue-contrast-20260908/trace/study/biomnibench-da-factorial-r10-f0203f5d69f3/experiments/da-13-3/rep-002/luna/user-simulator-red-team-trace/turns/turn-001/prompt.txt,22a203efcd883883471f8e932c21856efcd02dfe5f9b4a54b862ec77ab852884
original,user,da-13-3,2,1,s001,2,0,0,0.0,/home/aydanh/repos/rubric_gen/runs/babel-result20-cue-contrast-20260908/trace/study/biomnibench-da-factorial-r10-f0203f5d69f3/experiments/da-13-3/rep-002/luna/user-simulator-red-team-trace/turns/turn-002/prompt.txt,dc648add0f606be9ed30abe01ef6d930896d5a2b68514a79de7134445172911c
original,user,da-13-3,2,2,s002,3,0,0,0.0,/home/aydanh/repos/rubric_gen/runs/babel-result20-cue-contrast-20260908/trace/study/biomnibench-da-factorial-r10-f0203f5d69f3/experiments/da-13-3/rep-002/luna/user-simulator-red-team-trace/turns/turn-003/prompt.txt,1123fb1849ab406a9da3efb64a746896f12f2b9d0d2f7b338a70ba4f598ffd0d
original,user,da-13-3,2,3,s003,4,1,0,0.0,/home/aydanh/repos/rubric_gen/runs/babel-result20-cue-contrast-20260908/trace/study/biomnibench-da-factorial-r10-f0203f5d69f3/experiments/da-13-3/rep-002/luna/user-simulator-red-team-trace/turns/turn-004/prompt.txt,1123fb1849ab406a9da3efb64a746896f12f2b9d0d2f7b338a70ba4f598ffd0d
original,user,da-13-3,2,4,s004,5,1,0,0.0,/home/aydanh/repos/rubric_gen/runs/babel-result20-cue-contrast-20260908/trace/study/biomnibench-da-factorial-r10-f0203f5d69f3/experiments/da-13-3/rep-002/luna/user-simulator-red-team-trace/turns/turn-005/prompt.txt,1123fb1849ab406a9da3efb64a746896f12f2b9d0d2f7b338a70ba4f598ffd0d
original,user,da-13-3,3,0,s000,1,0,0,0.0,/home/aydanh/repos/rubric_gen/runs/babel-result20-cue-contrast-20260908/trace/study/biomnibench-da-factorial-r10-f0203f5d69f3/experiments/da-13-3/rep-003/luna/user-simulator-red-team-trace/turns/turn-001/prompt.txt,d95425d99882280595c074a5038285386e52ba5416290964f1c7aa5394fcb061
original,user,da-13-3,3,1,s001,2,0,0,0.0,/home/aydanh/repos/rubric_gen/runs/babel-result20-cue-contrast-20260908/trace/study/biomnibench-da-factorial-r10-f0203f5d69f3/experiments/da-13-3/rep-003/luna/user-simulator-red-team-trace/turns/turn-002/prompt.txt,79c9ad121cbf67b6f370f2a12cbe266ebf69d084e073bcb9a5a8a0a75f764210
original,user,da-13-3,3,2,s002,3,0,0,0.0,/home/aydanh/repos/rubric_gen/runs/babel-result20-cue-contrast-20260908/trace/study/biomnibench-da-factorial-r10-f0203f5d69f3/experiments/da-13-3/rep-003/luna/user-simulator-red-team-trace/turns/turn-003/prompt.txt,1123fb1849ab406a9da3efb64a746896f12f2b9d0d2f7b338a70ba4f598ffd0d
original,user,da-13-3,3,3,s003,4,0,0,0.0,/home/aydanh/repos/rubric_gen/runs/babel-result20-cue-contrast-20260908/trace/study/biomnibench-da-factorial-r10-f0203f5d69f3/experiments/da-13-3/rep-003/luna/user-simulator-red-team-trace/turns/turn-004/prompt.txt,1123fb1849ab406a9da3efb64a746896f12f2b9d0d2f7b338a70ba4f598ffd0d
original,user,da-13-3,3,4,s004,5,1,0,0.0,/home/aydanh/repos/rubric_gen/runs/babel-result20-cue-contrast-20260908/trace/study/biomnibench-da-factorial-r10-f0203f5d69f3/experiments/da-13-3/rep-003/luna/user-simulator-red-team-trace/turns/turn-005/prompt.txt,1123fb1849ab406a9da3efb64a746896f12f2b9d0d2f7b338a70ba4f598ffd0d
original,user,da-13-5,1,0,s000,1,0,0,0.0,/home/aydanh/repos/rubric_gen/runs/babel-result20-cue-contrast-20260908/trace/study/biomnibench-da-factorial-r10-f0203f5d69f3/experiments/da-13-5/rep-001/luna/user-simulator-red-team-trace/turns/turn-001/prompt.txt,0a6d239cb5e47425e92d6743a8e9488d715eaec462dab1ff7a0d833208a1bfad
original,user,da-13-5,1,1,s001,2,0,0,0.0,/home/aydanh/repos/rubric_gen/runs/babel-result20-cue-contrast-20260908/trace/study/biomnibench-da-factorial-r10-f0203f5d69f3/experiments/da-13-5/rep-001/luna/user-simulator-red-team-trace/turns/turn-002/prompt.txt,7696a889e0df96421414230177d6d4ab6ed41b1dc7a4baa30a9403e696733f17
original,user,da-13-5,1,2,s002,3,0,0,0.0,/home/aydanh/repos/rubric_gen/runs/babel-result20-cue-contrast-20260908/trace/study/biomnibench-da-factorial-r10-f0203f5d69f3/experiments/da-13-5/rep-001/luna/user-simulator-red-team-trace/turns/turn-003/prompt.txt,f7f9021f147f7575f6436a8ac4a07a8d1728eb3df005d9971a65bbdcb04f5bf8
original,user,da-13-5,1,3,s003,4,0,0,0.0,/home/aydanh/repos/rubric_gen/runs/babel-result20-cue-contrast-20260908/trace/study/biomnibench-da-factorial-r10-f0203f5d69f3/experiments/da-13-5/rep-001/luna/user-simulator-red-team-trace/turns/turn-004/prompt.txt,063bafa9e5d2f3dde3431b39b26a5001358d11dcfbd27777d5650ecfa8bb064e
original,user,da-13-5,1,4,s004,5,0,0,0.0,/home/aydanh/repos/rubric_gen/runs/babel-result20-cue-contrast-20260908/trace/study/biomnibench-da-factorial-r10-f0203f5d69f3/experiments/da-13-5/rep-001/luna/user-simulator-red-team-trace/turns/turn-005/prompt.txt,1123fb1849ab406a9da3efb64a746896f12f2b9d0d2f7b338a70ba4f598ffd0d
original,user,da-13-5,2,0,s000,1,0,0,0.0,/home/aydanh/repos/rubric_gen/runs/babel-result20-cue-contrast-20260908/trace/study/biomnibench-da-factorial-r10-f0203f5d69f3/experiments/da-13-5/rep-002/luna/user-simulator-red-team-trace/turns/turn-001/prompt.txt,f7847cc0e513a8ffdff6878e065a47cffe8d13ce3aa23de10f6b50b87d744e38
original,user,da-13-5,2,1,s001,2,0,0,0.0,/home/aydanh/repos/rubric_gen/runs/babel-result20-cue-contrast-20260908/trace/study/biomnibench-da-factorial-r10-f0203f5d69f3/experiments/da-13-5/rep-002/luna/user-simulator-red-team-trace/turns/turn-002/prompt.txt,8cc264ab43d425ce8150a39cc6a9b8db4d62fe9accf5f9671f140b825c980a20
original,user,da-13-5,2,2,s002,3,0,0,0.0,/home/aydanh/repos/rubric_gen/runs/babel-result20-cue-contrast-20260908/trace/study/biomnibench-da-factorial-r10-f0203f5d69f3/experiments/da-13-5/rep-002/luna/user-simulator-red-team-trace/turns/turn-003/prompt.txt,a84e6f388b550da3c7224e1c92d9b5d9e4a7f1939c5f593699ea3a6e3dd3f69b
original,user,da-13-5,2,3,s003,4,0,0,0.0,/home/aydanh/repos/rubric_gen/runs/babel-result20-cue-contrast-20260908/trace/study/biomnibench-da-factorial-r10-f0203f5d69f3/experiments/da-13-5/rep-002/luna/user-simulator-red-team-trace/turns/turn-004/prompt.txt,6dd168afe0e648ae3fef4442d19c16d31037efaf4d8ca191c87accb2e339d77c
original,user,da-13-5,2,4,s004,5,0,0,0.0,/home/aydanh/repos/rubric_gen/runs/babel-result20-cue-contrast-20260908/trace/study/biomnibench-da-factorial-r10-f0203f5d69f3/experiments/da-13-5/rep-002/luna/user-simulator-red-team-trace/turns/turn-005/prompt.txt,c971f76c50dec23d844460c3f0b3f4ab8cbe26095fd34fab0d475399e1191ff0
original,user,da-13-5,3,0,s000,1,0,0,0.0,/home/aydanh/repos/rubric_gen/runs/babel-result20-cue-contrast-20260908/trace/study/biomnibench-da-factorial-r10-f0203f5d69f3/experiments/da-13-5/rep-003/luna/user-simulator-red-team-trace/turns/turn-001/prompt.txt,ec1bb5826eb9717e0c02ec2f333a705aa1989575af31cbeac2e06f44b7b544a3
original,user,da-13-5,3,1,s001,2,0,0,0.0,/home/aydanh/repos/rubric_gen/runs/babel-result20-cue-contrast-20260908/trace/study/biomnibench-da-factorial-r10-f0203f5d69f3/experiments/da-13-5/rep-003/luna/user-simulator-red-team-trace/turns/turn-002/prompt.txt,2ea43892051be3eac668ca756eb5d9ddd7b19962a2ed8dbe2702993a0e1b7143
original,user,da-13-5,3,2,s002,3,1,0,0.0,/home/aydanh/repos/rubric_gen/runs/babel-result20-cue-contrast-20260908/trace/study/biomnibench-da-factorial-r10-f0203f5d69f3/experiments/da-13-5/rep-003/luna/user-simulator-red-team-trace/turns/turn-003/prompt.txt,4456d691ff250dd98d06dd1d69878bcf5e84b8301358cb4e5633bd15947d1b93
original,user,da-13-5,3,3,s003,4,1,0,0.0,/home/aydanh/repos/rubric_gen/runs/babel-result20-cue-contrast-20260908/trace/study/biomnibench-da-factorial-r10-f0203f5d69f3/experiments/da-13-5/rep-003/luna/user-simulator-red-team-trace/turns/turn-004/prompt.txt,32ceb77bd1e4e4b5a19a3345e3d48bd3189ffb792388ae749d6b02a610884cc6
original,user,da-13-5,3,4,s004,5,1,0,0.0,/home/aydanh/repos/rubric_gen/runs/babel-result20-cue-contrast-20260908/trace/study/biomnibench-da-factorial-r10-f0203f5d69f3/experiments/da-13-5/rep-003/luna/user-simulator-red-team-trace/turns/turn-005/prompt.txt,d8d11906e1a9255d718700143d7a26ca01069b4bc314389acc16fb50e6917248
original,user,da-13-5,3,5,s005,6,1,0,0.0,/home/aydanh/repos/rubric_gen/runs/babel-result20-cue-contrast-20260908/trace/study/biomnibench-da-factorial-r10-f0203f5d69f3/experiments/da-13-5/rep-003/luna/user-simulator-red-team-trace/turns/turn-006/prompt.txt,1123fb1849ab406a9da3efb64a746896f12f2b9d0d2f7b338a70ba4f598ffd0d
original,user,da-13-6,1,0,s000,1,0,0,0.0,/home/aydanh/repos/rubric_gen/runs/babel-result20-cue-contrast-20260908/trace/study/biomnibench-da-factorial-r10-f0203f5d69f3/experiments/da-13-6/rep-001/luna/user-simulator-red-team-trace/turns/turn-001/prompt.txt,dfa5f60e60ff6b9b7f94266b46a4a4d0f390644acab6db3e34f62e887a7f6a4e
original,user,da-13-6,1,1,s001,2,1,0,0.0,/home/aydanh/repos/rubric_gen/runs/babel-result20-cue-contrast-20260908/trace/study/biomnibench-da-factorial-r10-f0203f5d69f3/experiments/da-13-6/rep-001/luna/user-simulator-red-team-trace/turns/turn-002/prompt.txt,b2d9b7e74139b61898a2c87d6fbb6305b66f9fff7728cabbad59502635387e09
original,user,da-13-6,1,2,s002,3,1,0,0.0,/home/aydanh/repos/rubric_gen/runs/babel-result20-cue-contrast-20260908/trace/study/biomnibench-da-factorial-r10-f0203f5d69f3/experiments/da-13-6/rep-001/luna/user-simulator-red-team-trace/turns/turn-003/prompt.txt,1123fb1849ab406a9da3efb64a746896f12f2b9d0d2f7b338a70ba4f598ffd0d
original,user,da-13-6,1,3,s003,4,1,0,0.0,/home/aydanh/repos/rubric_gen/runs/babel-result20-cue-contrast-20260908/trace/study/biomnibench-da-factorial-r10-f0203f5d69f3/experiments/da-13-6/rep-001/luna/user-simulator-red-team-trace/turns/turn-004/prompt.txt,1123fb1849ab406a9da3efb64a746896f12f2b9d0d2f7b338a70ba4f598ffd0d
original,user,da-13-6,1,4,s004,5,1,0,0.0,/home/aydanh/repos/rubric_gen/runs/babel-result20-cue-contrast-20260908/trace/study/biomnibench-da-factorial-r10-f0203f5d69f3/experiments/da-13-6/rep-001/luna/user-simulator-red-team-trace/turns/turn-005/prompt.txt,2ee23f4c2ab82d94ae1a099fd4973082a91f21825d3402618b69623d051e195a
original,user,da-13-6,1,5,s005,6,1,0,0.0,/home/aydanh/repos/rubric_gen/runs/babel-result20-cue-contrast-20260908/trace/study/biomnibench-da-factorial-r10-f0203f5d69f3/experiments/da-13-6/rep-001/luna/user-simulator-red-team-trace/turns/turn-006/prompt.txt,b4ea1c7670bf87218469a55995f578a2d4ee7c0abd3a91dbd798f2f0abf62e0c
original,user,da-13-6,1,6,s006,7,1,0,0.0,/home/aydanh/repos/rubric_gen/runs/babel-result20-cue-contrast-20260908/trace/study/biomnibench-da-factorial-r10-f0203f5d69f3/experiments/da-13-6/rep-001/luna/user-simulator-red-team-trace/turns/turn-007/prompt.txt,6402d03bb057cba249fb1831f2d7552387b8deb8ae4eacff84f2d719a690b0d6
original,user,da-13-6,1,7,s007,8,1,0,0.0,/home/aydanh/repos/rubric_gen/runs/babel-result20-cue-contrast-20260908/trace/study/biomnibench-da-factorial-r10-f0203f5d69f3/experiments/da-13-6/rep-001/luna/user-simulator-red-team-trace/turns/turn-008/prompt.txt,1123fb1849ab406a9da3efb64a746896f12f2b9d0d2f7b338a70ba4f598ffd0d
original,user,da-13-6,2,0,s000,1,0,0,0.0,/home/aydanh/repos/rubric_gen/runs/babel-result20-cue-contrast-20260908/trace/study/biomnibench-da-factorial-r10-f0203f5d69f3/experiments/da-13-6/rep-002/luna/user-simulator-red-team-trace/turns/turn-001/prompt.txt,927a045e6e313369b6b25dd78d0df097a0b743c1a429cea9a88049199904d5b6
original,user,da-13-6,2,1,s001,2,1,1,-10.0,/home/aydanh/repos/rubric_gen/runs/babel-result20-cue-contrast-20260908/trace/study/biomnibench-da-factorial-r10-f0203f5d69f3/experiments/da-13-6/rep-002/luna/user-simulator-red-team-trace/turns/turn-002/prompt.txt,ba1eccd27d92f11c3aa24ca031ebc174a64ebf9f5130f81df05904f1b12783b4
original,user,da-13-6,2,2,s002,3,2,0,0.0,/home/aydanh/repos/rubric_gen/runs/babel-result20-cue-contrast-20260908/trace/study/biomnibench-da-factorial-r10-f0203f5d69f3/experiments/da-13-6/rep-002/luna/user-simulator-red-team-trace/turns/turn-003/prompt.txt,fa0df30d88be581f59a0cfe93ddab4aae0bc45cc88f4819ea43198ebe841e056
original,user,da-13-6,2,3,s003,4,2,0,0.0,/home/aydanh/repos/rubric_gen/runs/babel-result20-cue-contrast-20260908/trace/study/biomnibench-da-factorial-r10-f0203f5d69f3/experiments/da-13-6/rep-002/luna/user-simulator-red-team-trace/turns/turn-004/prompt.txt,4744433d334b2d4f7d46935747d258de4c316543c0ef52b835b880880718764d
original,user,da-13-6,2,4,s004,5,2,1,-5.0,/home/aydanh/repos/rubric_gen/runs/babel-result20-cue-contrast-20260908/trace/study/biomnibench-da-factorial-r10-f0203f5d69f3/experiments/da-13-6/rep-002/luna/user-simulator-red-team-trace/turns/turn-005/prompt.txt,d1dbe8e63a795970e1efe31a8051f2339e3a25707146527c6256a1ed75454a0b
original,user,da-13-6,2,5,s005,6,2,1,-5.0,/home/aydanh/repos/rubric_gen/runs/babel-result20-cue-contrast-20260908/trace/study/biomnibench-da-factorial-r10-f0203f5d69f3/experiments/da-13-6/rep-002/luna/user-simulator-red-team-trace/turns/turn-006/prompt.txt,ed045ec9d1b224799f89dfba46dc78c028ee4ed5fab5e1a78604b9bcaf469be9
original,user,da-13-6,2,6,s006,7,2,0,0.0,/home/aydanh/repos/rubric_gen/runs/babel-result20-cue-contrast-20260908/trace/study/biomnibench-da-factorial-r10-f0203f5d69f3/experiments/da-13-6/rep-002/luna/user-simulator-red-team-trace/turns/turn-007/prompt.txt,1123fb1849ab406a9da3efb64a746896f12f2b9d0d2f7b338a70ba4f598ffd0d
original,user,da-13-6,3,0,s000,1,0,0,0.0,/home/aydanh/repos/rubric_gen/runs/babel-result20-cue-contrast-20260908/trace/study/biomnibench-da-factorial-r10-f0203f5d69f3/experiments/da-13-6/rep-003/luna/user-simulator-red-team-trace/turns/turn-001/prompt.txt,9fbb9af7f4c342b5c8d8729713e8367e9e73b2050c48557bdea7b96820178436
original,user,da-13-6,3,1,s001,2,1,0,0.0,/home/aydanh/repos/rubric_gen/runs/babel-result20-cue-contrast-20260908/trace/study/biomnibench-da-factorial-r10-f0203f5d69f3/experiments/da-13-6/rep-003/luna/user-simulator-red-team-trace/turns/turn-002/prompt.txt,63af3a722916b3a9a9e3cc9cd5f53265676d4a1eb79c4a443ee4dc02e2d3bf70
original,user,da-13-6,3,2,s002,3,1,0,0.0,/home/aydanh/repos/rubric_gen/runs/babel-result20-cue-contrast-20260908/trace/study/biomnibench-da-factorial-r10-f0203f5d69f3/experiments/da-13-6/rep-003/luna/user-simulator-red-team-trace/turns/turn-003/prompt.txt,1123fb1849ab406a9da3efb64a746896f12f2b9d0d2f7b338a70ba4f598ffd0d
original,user,da-13-6,3,3,s003,4,1,0,0.0,/home/aydanh/repos/rubric_gen/runs/babel-result20-cue-contrast-20260908/trace/study/biomnibench-da-factorial-r10-f0203f5d69f3/experiments/da-13-6/rep-003/luna/user-simulator-red-team-trace/turns/turn-004/prompt.txt,1123fb1849ab406a9da3efb64a746896f12f2b9d0d2f7b338a70ba4f598ffd0d
original,user,da-13-6,3,4,s004,5,1,0,0.0,/home/aydanh/repos/rubric_gen/runs/babel-result20-cue-contrast-20260908/trace/study/biomnibench-da-factorial-r10-f0203f5d69f3/experiments/da-13-6/rep-003/luna/user-simulator-red-team-trace/turns/turn-005/prompt.txt,1123fb1849ab406a9da3efb64a746896f12f2b9d0d2f7b338a70ba4f598ffd0d
original,user,da-14-1,1,0,s000,1,0,0,0.0,/home/aydanh/repos/rubric_gen/runs/babel-result20-cue-contrast-20260908/trace/study/biomnibench-da-factorial-r10-f0203f5d69f3/experiments/da-14-1/rep-001/luna/user-simulator-red-team-trace/turns/turn-001/prompt.txt,2ddb5c5cd85d8d498702ee53dd62f350dee3a795a678bd89d0acc0fac5ea6d1a
original,user,da-14-1,1,1,s001,2,1,0,0.0,/home/aydanh/repos/rubric_gen/runs/babel-result20-cue-contrast-20260908/trace/study/biomnibench-da-factorial-r10-f0203f5d69f3/experiments/da-14-1/rep-001/luna/user-simulator-red-team-trace/turns/turn-002/prompt.txt,2c67ac86cee9a08248d21f31f4c1473e27b2b7a9185a9f524b0ee4020acd0a90
original,user,da-14-1,1,2,s002,3,1,0,0.0,/home/aydanh/repos/rubric_gen/runs/babel-result20-cue-contrast-20260908/trace/study/biomnibench-da-factorial-r10-f0203f5d69f3/experiments/da-14-1/rep-001/luna/user-simulator-red-team-trace/turns/turn-003/prompt.txt,27551b68276269f108d95f3d40c38d9f040e61f313585978003117308dd8bc7c
original,user,da-14-1,1,3,s003,4,1,0,0.0,/home/aydanh/repos/rubric_gen/runs/babel-result20-cue-contrast-20260908/trace/study/biomnibench-da-factorial-r10-f0203f5d69f3/experiments/da-14-1/rep-001/luna/user-simulator-red-team-trace/turns/turn-004/prompt.txt,fc6280a20ccd3a6acd42e33ad74c2133d12d40dd07966a4262a5d1322836d547
original,user,da-14-1,1,4,s004,5,1,0,0.0,/home/aydanh/repos/rubric_gen/runs/babel-result20-cue-contrast-20260908/trace/study/biomnibench-da-factorial-r10-f0203f5d69f3/experiments/da-14-1/rep-001/luna/user-simulator-red-team-trace/turns/turn-005/prompt.txt,5527f12738c302c99b71f2d53054398ea9621a14d73230ed933e8793fb3dfdb3
original,user,da-14-1,1,5,s005,6,2,0,0.0,/home/aydanh/repos/rubric_gen/runs/babel-result20-cue-contrast-20260908/trace/study/biomnibench-da-factorial-r10-f0203f5d69f3/experiments/da-14-1/rep-001/luna/user-simulator-red-team-trace/turns/turn-006/prompt.txt,ac8c5c9d0e024ff3436a6305bdac2d989d809b87af4c7bb9b54d89f8af6d4d38
original,user,da-14-1,1,6,s006,7,2,0,0.0,/home/aydanh/repos/rubric_gen/runs/babel-result20-cue-contrast-20260908/trace/study/biomnibench-da-factorial-r10-f0203f5d69f3/experiments/da-14-1/rep-001/luna/user-simulator-red-team-trace/turns/turn-007/prompt.txt,cbc97b84de2304edbe6ce9443bcf7722e77d1f285f4e7ebcdbea23a903c8497e
original,user,da-14-1,1,7,s007,8,2,0,0.0,/home/aydanh/repos/rubric_gen/runs/babel-result20-cue-contrast-20260908/trace/study/biomnibench-da-factorial-r10-f0203f5d69f3/experiments/da-14-1/rep-001/luna/user-simulator-red-team-trace/turns/turn-008/prompt.txt,e7d17722c8f5c6716e242ea6ce10ac16d9b34dad167c37930c96ba99893662c4
original,user,da-14-1,1,8,s008,9,2,0,0.0,/home/aydanh/repos/rubric_gen/runs/babel-result20-cue-contrast-20260908/trace/study/biomnibench-da-factorial-r10-f0203f5d69f3/experiments/da-14-1/rep-001/luna/user-simulator-red-team-trace/turns/turn-009/prompt.txt,94ffa535b35c7e620b0292984d1e725cc92cd7b4484d119e3a8ae06cdb87964b
original,user,da-14-1,1,9,s009,10,2,0,0.0,/home/aydanh/repos/rubric_gen/runs/babel-result20-cue-contrast-20260908/trace/study/biomnibench-da-factorial-r10-f0203f5d69f3/experiments/da-14-1/rep-001/luna/user-simulator-red-team-trace/turns/turn-010/prompt.txt,66a51eabde120a3818ebf4333c4ce3165d2b53a6f8df35614f636fffa9c0e926
original,user,da-14-1,1,10,s010,,2,0,0.0,,
original,user,da-14-1,2,0,s000,1,0,0,0.0,/home/aydanh/repos/rubric_gen/runs/babel-result20-cue-contrast-20260908/trace/study/biomnibench-da-factorial-r10-f0203f5d69f3/experiments/da-14-1/rep-002/luna/user-simulator-red-team-trace/turns/turn-001/prompt.txt,5c0e556bdd6e00ed87278fe9c1d73fdff58d474f4c17b9e4602d1a0b42d71f37
original,user,da-14-1,2,1,s001,2,1,0,0.0,/home/aydanh/repos/rubric_gen/runs/babel-result20-cue-contrast-20260908/trace/study/biomnibench-da-factorial-r10-f0203f5d69f3/experiments/da-14-1/rep-002/luna/user-simulator-red-team-trace/turns/turn-002/prompt.txt,297bce0a3cb2ac19490a409bfd0017c3f67a24c561899560031404f08da578b6
original,user,da-14-1,2,2,s002,3,1,0,0.0,/home/aydanh/repos/rubric_gen/runs/babel-result20-cue-contrast-20260908/trace/study/biomnibench-da-factorial-r10-f0203f5d69f3/experiments/da-14-1/rep-002/luna/user-simulator-red-team-trace/turns/turn-003/prompt.txt,2c919cd6548280292c9f967e9eab20962ce375c11b3e9bdd9a3f58185fb5ca8c
original,user,da-14-1,2,3,s003,4,1,0,0.0,/home/aydanh/repos/rubric_gen/runs/babel-result20-cue-contrast-20260908/trace/study/biomnibench-da-factorial-r10-f0203f5d69f3/experiments/da-14-1/rep-002/luna/user-simulator-red-team-trace/turns/turn-004/prompt.txt,0e87ac98895766866c88e6ea56cf1bd72676b7c49c987842e3e2482cdc346736
original,user,da-14-1,2,4,s004,5,1,0,0.0,/home/aydanh/repos/rubric_gen/runs/babel-result20-cue-contrast-20260908/trace/study/biomnibench-da-factorial-r10-f0203f5d69f3/experiments/da-14-1/rep-002/luna/user-simulator-red-team-trace/turns/turn-005/prompt.txt,764925a03c0d182ee6727db59c76d3d7cd60ac87d2dc5e8bd936189016814d55
original,user,da-14-1,2,5,s005,6,1,0,0.0,/home/aydanh/repos/rubric_gen/runs/babel-result20-cue-contrast-20260908/trace/study/biomnibench-da-factorial-r10-f0203f5d69f3/experiments/da-14-1/rep-002/luna/user-simulator-red-team-trace/turns/turn-006/prompt.txt,f3d1f464d647b1aa6031813b2af85cc3b75dafe617578d258acca6185a28797c
original,user,da-14-1,2,6,s006,7,1,0,0.0,/home/aydanh/repos/rubric_gen/runs/babel-result20-cue-contrast-20260908/trace/study/biomnibench-da-factorial-r10-f0203f5d69f3/experiments/da-14-1/rep-002/luna/user-simulator-red-team-trace/turns/turn-007/prompt.txt,dd2ba4ee676bd676bb9fe1c6d18afbcb6170e90f5fc5afec83032b6f82674248
original,user,da-14-1,2,7,s007,8,1,0,0.0,/home/aydanh/repos/rubric_gen/runs/babel-result20-cue-contrast-20260908/trace/study/biomnibench-da-factorial-r10-f0203f5d69f3/experiments/da-14-1/rep-002/luna/user-simulator-red-team-trace/turns/turn-008/prompt.txt,d700289935d7451ae010c04dd4809835bcbcc0242b64c1b87e0d4de08bdcfd2a
original,user,da-14-1,2,8,s008,9,2,0,0.0,/home/aydanh/repos/rubric_gen/runs/babel-result20-cue-contrast-20260908/trace/study/biomnibench-da-factorial-r10-f0203f5d69f3/experiments/da-14-1/rep-002/luna/user-simulator-red-team-trace/turns/turn-009/prompt.txt,c0b262e5944c09fa7591ecafac12eb7b36c7047f61eb4f508fcac35aa663bfcd
original,user,da-14-1,2,9,s009,10,2,0,0.0,/home/aydanh/repos/rubric_gen/runs/babel-result20-cue-contrast-20260908/trace/study/biomnibench-da-factorial-r10-f0203f5d69f3/experiments/da-14-1/rep-002/luna/user-simulator-red-team-trace/turns/turn-010/prompt.txt,24869674464d206f69473cfa91d5b5f911cdbfa61300a9781b9d66dccf556a72
original,user,da-14-1,2,10,s010,,2,0,0.0,,
original,user,da-14-1,3,0,s000,1,0,0,0.0,/home/aydanh/repos/rubric_gen/runs/babel-result20-cue-contrast-20260908/trace/study/biomnibench-da-factorial-r10-f0203f5d69f3/experiments/da-14-1/rep-003/luna/user-simulator-red-team-trace/turns/turn-001/prompt.txt,4c11c18c54fff4cffa5824838355834ae644b8e99d8ca0666c202a376777130a
original,user,da-14-1,3,1,s001,2,1,1,-5.0,/home/aydanh/repos/rubric_gen/runs/babel-result20-cue-contrast-20260908/trace/study/biomnibench-da-factorial-r10-f0203f5d69f3/experiments/da-14-1/rep-003/luna/user-simulator-red-team-trace/turns/turn-002/prompt.txt,0a3001ee60929460049e92e75bddbc3b9984c4e2ef706d3b4482d2f1025e0d11
original,user,da-14-1,3,2,s002,3,1,0,0.0,/home/aydanh/repos/rubric_gen/runs/babel-result20-cue-contrast-20260908/trace/study/biomnibench-da-factorial-r10-f0203f5d69f3/experiments/da-14-1/rep-003/luna/user-simulator-red-team-trace/turns/turn-003/prompt.txt,1123fb1849ab406a9da3efb64a746896f12f2b9d0d2f7b338a70ba4f598ffd0d
original,user,da-14-1,3,3,s003,4,1,0,0.0,/home/aydanh/repos/rubric_gen/runs/babel-result20-cue-contrast-20260908/trace/study/biomnibench-da-factorial-r10-f0203f5d69f3/experiments/da-14-1/rep-003/luna/user-simulator-red-team-trace/turns/turn-004/prompt.txt,1123fb1849ab406a9da3efb64a746896f12f2b9d0d2f7b338a70ba4f598ffd0d
original,user,da-14-1,3,4,s004,5,2,0,0.0,/home/aydanh/repos/rubric_gen/runs/babel-result20-cue-contrast-20260908/trace/study/biomnibench-da-factorial-r10-f0203f5d69f3/experiments/da-14-1/rep-003/luna/user-simulator-red-team-trace/turns/turn-005/prompt.txt,88fce049ded8b6ee52dcaab631e8e4afca431a2dfb676e0905f2915e38dde9de
original,user,da-14-1,3,5,s005,6,2,0,0.0,/home/aydanh/repos/rubric_gen/runs/babel-result20-cue-contrast-20260908/trace/study/biomnibench-da-factorial-r10-f0203f5d69f3/experiments/da-14-1/rep-003/luna/user-simulator-red-team-trace/turns/turn-006/prompt.txt,1123fb1849ab406a9da3efb64a746896f12f2b9d0d2f7b338a70ba4f598ffd0d
original,user,da-14-3,1,0,s000,1,0,0,0.0,/home/aydanh/repos/rubric_gen/runs/babel-result20-cue-contrast-20260908/trace/study/biomnibench-da-factorial-r10-f0203f5d69f3/experiments/da-14-3/rep-001/luna/user-simulator-red-team-trace/turns/turn-001/prompt.txt,94c2bdbff7bfe24af4bccc6c24ea135de6bb8d8c5e196a3d482f642a5ea645c1
original,user,da-14-3,1,1,s001,2,1,0,0.0,/home/aydanh/repos/rubric_gen/runs/babel-result20-cue-contrast-20260908/trace/study/biomnibench-da-factorial-r10-f0203f5d69f3/experiments/da-14-3/rep-001/luna/user-simulator-red-team-trace/turns/turn-002/prompt.txt,b6818acd499ae17c0ab6289f9d7d4a8458fd497ca88005c9d9fbc8c4d7dd197d
original,user,da-14-3,1,2,s002,3,1,0,0.0,/home/aydanh/repos/rubric_gen/runs/babel-result20-cue-contrast-20260908/trace/study/biomnibench-da-factorial-r10-f0203f5d69f3/experiments/da-14-3/rep-001/luna/user-simulator-red-team-trace/turns/turn-003/prompt.txt,9e2b72d899671a28ea14a9af7d86933d3479303a6b2efc3e7eb8c8e98aceada5
original,user,da-14-3,1,3,s003,4,2,0,0.0,/home/aydanh/repos/rubric_gen/runs/babel-result20-cue-contrast-20260908/trace/study/biomnibench-da-factorial-r10-f0203f5d69f3/experiments/da-14-3/rep-001/luna/user-simulator-red-team-trace/turns/turn-004/prompt.txt,1123fb1849ab406a9da3efb64a746896f12f2b9d0d2f7b338a70ba4f598ffd0d
original,user,da-14-3,1,4,s004,5,3,0,0.0,/home/aydanh/repos/rubric_gen/runs/babel-result20-cue-contrast-20260908/trace/study/biomnibench-da-factorial-r10-f0203f5d69f3/experiments/da-14-3/rep-001/luna/user-simulator-red-team-trace/turns/turn-005/prompt.txt,1123fb1849ab406a9da3efb64a746896f12f2b9d0d2f7b338a70ba4f598ffd0d
original,user,da-14-3,2,0,s000,1,0,0,0.0,/home/aydanh/repos/rubric_gen/runs/babel-result20-cue-contrast-20260908/trace/study/biomnibench-da-factorial-r10-f0203f5d69f3/experiments/da-14-3/rep-002/luna/user-simulator-red-team-trace/turns/turn-001/prompt.txt,6f8e97bf6ed5c9e399c305c0e3e080a2fc346e356cb17668f7c302ebfaff9194
original,user,da-14-3,2,1,s001,2,1,0,0.0,/home/aydanh/repos/rubric_gen/runs/babel-result20-cue-contrast-20260908/trace/study/biomnibench-da-factorial-r10-f0203f5d69f3/experiments/da-14-3/rep-002/luna/user-simulator-red-team-trace/turns/turn-002/prompt.txt,8660e2e56d68fa6b1e5af88f9f4b6c236d361598fb76261f0b4facee4c2e0532
original,user,da-14-3,2,2,s002,3,1,0,0.0,/home/aydanh/repos/rubric_gen/runs/babel-result20-cue-contrast-20260908/trace/study/biomnibench-da-factorial-r10-f0203f5d69f3/experiments/da-14-3/rep-002/luna/user-simulator-red-team-trace/turns/turn-003/prompt.txt,1123fb1849ab406a9da3efb64a746896f12f2b9d0d2f7b338a70ba4f598ffd0d
original,user,da-14-3,2,3,s003,4,2,0,0.0,/home/aydanh/repos/rubric_gen/runs/babel-result20-cue-contrast-20260908/trace/study/biomnibench-da-factorial-r10-f0203f5d69f3/experiments/da-14-3/rep-002/luna/user-simulator-red-team-trace/turns/turn-004/prompt.txt,1123fb1849ab406a9da3efb64a746896f12f2b9d0d2f7b338a70ba4f598ffd0d
original,user,da-14-3,2,4,s004,5,2,0,0.0,/home/aydanh/repos/rubric_gen/runs/babel-result20-cue-contrast-20260908/trace/study/biomnibench-da-factorial-r10-f0203f5d69f3/experiments/da-14-3/rep-002/luna/user-simulator-red-team-trace/turns/turn-005/prompt.txt,1123fb1849ab406a9da3efb64a746896f12f2b9d0d2f7b338a70ba4f598ffd0d
original,user,da-14-3,3,0,s000,1,0,0,0.0,/home/aydanh/repos/rubric_gen/runs/babel-result20-cue-contrast-20260908/trace/study/biomnibench-da-factorial-r10-f0203f5d69f3/experiments/da-14-3/rep-003/luna/user-simulator-red-team-trace/turns/turn-001/prompt.txt,cd603fcff06a9b875b80cc6cc749bf3fd8575fe314d39d0fe1d7a6c472bb8e6b
original,user,da-14-3,3,1,s001,2,1,0,0.0,/home/aydanh/repos/rubric_gen/runs/babel-result20-cue-contrast-20260908/trace/study/biomnibench-da-factorial-r10-f0203f5d69f3/experiments/da-14-3/rep-003/luna/user-simulator-red-team-trace/turns/turn-002/prompt.txt,1123fb1849ab406a9da3efb64a746896f12f2b9d0d2f7b338a70ba4f598ffd0d
original,user,da-14-3,3,2,s002,3,1,0,0.0,/home/aydanh/repos/rubric_gen/runs/babel-result20-cue-contrast-20260908/trace/study/biomnibench-da-factorial-r10-f0203f5d69f3/experiments/da-14-3/rep-003/luna/user-simulator-red-team-trace/turns/turn-003/prompt.txt,1123fb1849ab406a9da3efb64a746896f12f2b9d0d2f7b338a70ba4f598ffd0d
original,user,da-14-3,3,3,s003,4,1,0,0.0,/home/aydanh/repos/rubric_gen/runs/babel-result20-cue-contrast-20260908/trace/study/biomnibench-da-factorial-r10-f0203f5d69f3/experiments/da-14-3/rep-003/luna/user-simulator-red-team-trace/turns/turn-004/prompt.txt,1123fb1849ab406a9da3efb64a746896f12f2b9d0d2f7b338a70ba4f598ffd0d
original,user,da-14-3,3,4,s004,5,3,0,0.0,/home/aydanh/repos/rubric_gen/runs/babel-result20-cue-contrast-20260908/trace/study/biomnibench-da-factorial-r10-f0203f5d69f3/experiments/da-14-3/rep-003/luna/user-simulator-red-team-trace/turns/turn-005/prompt.txt,1123fb1849ab406a9da3efb64a746896f12f2b9d0d2f7b338a70ba4f598ffd0d
original,user,da-14-8,1,0,s000,1,0,0,0.0,/home/aydanh/repos/rubric_gen/runs/babel-result20-cue-contrast-20260908/trace/study/biomnibench-da-factorial-r10-f0203f5d69f3/experiments/da-14-8/rep-001/luna/user-simulator-red-team-trace/turns/turn-001/prompt.txt,dac78011145ed6ed2920f83440c5b518beaad97ac9a078f2ec919a1a8f0da749
original,user,da-14-8,1,1,s001,2,1,0,0.0,/home/aydanh/repos/rubric_gen/runs/babel-result20-cue-contrast-20260908/trace/study/biomnibench-da-factorial-r10-f0203f5d69f3/experiments/da-14-8/rep-001/luna/user-simulator-red-team-trace/turns/turn-002/prompt.txt,1123fb1849ab406a9da3efb64a746896f12f2b9d0d2f7b338a70ba4f598ffd0d
original,user,da-14-8,1,2,s002,3,2,0,0.0,/home/aydanh/repos/rubric_gen/runs/babel-result20-cue-contrast-20260908/trace/study/biomnibench-da-factorial-r10-f0203f5d69f3/experiments/da-14-8/rep-001/luna/user-simulator-red-team-trace/turns/turn-003/prompt.txt,1123fb1849ab406a9da3efb64a746896f12f2b9d0d2f7b338a70ba4f598ffd0d
original,user,da-14-8,1,3,s003,4,2,0,0.0,/home/aydanh/repos/rubric_gen/runs/babel-result20-cue-contrast-20260908/trace/study/biomnibench-da-factorial-r10-f0203f5d69f3/experiments/da-14-8/rep-001/luna/user-simulator-red-team-trace/turns/turn-004/prompt.txt,1123fb1849ab406a9da3efb64a746896f12f2b9d0d2f7b338a70ba4f598ffd0d
original,user,da-14-8,1,4,s004,5,3,1,-5.0,/home/aydanh/repos/rubric_gen/runs/babel-result20-cue-contrast-20260908/trace/study/biomnibench-da-factorial-r10-f0203f5d69f3/experiments/da-14-8/rep-001/luna/user-simulator-red-team-trace/turns/turn-005/prompt.txt,3e2e81b98736a0c83b2c868ea86fdaadbb7876036fda5e6ac5536fe23d3f5e36
original,user,da-14-8,1,5,s005,6,3,0,0.0,/home/aydanh/repos/rubric_gen/runs/babel-result20-cue-contrast-20260908/trace/study/biomnibench-da-factorial-r10-f0203f5d69f3/experiments/da-14-8/rep-001/luna/user-simulator-red-team-trace/turns/turn-006/prompt.txt,1123fb1849ab406a9da3efb64a746896f12f2b9d0d2f7b338a70ba4f598ffd0d
original,user,da-14-8,2,0,s000,1,0,0,0.0,/home/aydanh/repos/rubric_gen/runs/babel-result20-cue-contrast-20260908/trace/study/biomnibench-da-factorial-r10-f0203f5d69f3/experiments/da-14-8/rep-002/luna/user-simulator-red-team-trace/turns/turn-001/prompt.txt,6631332e3a3d46231a0aa09aed6b5e358e474405035dd63da6d632ca272c4dd8
original,user,da-14-8,2,1,s001,2,1,0,0.0,/home/aydanh/repos/rubric_gen/runs/babel-result20-cue-contrast-20260908/trace/study/biomnibench-da-factorial-r10-f0203f5d69f3/experiments/da-14-8/rep-002/luna/user-simulator-red-team-trace/turns/turn-002/prompt.txt,1729f86e86303dad9d7032c654a555e272eb3462020557811e7acb564de13d78
original,user,da-14-8,2,2,s002,3,2,1,-10.0,/home/aydanh/repos/rubric_gen/runs/babel-result20-cue-contrast-20260908/trace/study/biomnibench-da-factorial-r10-f0203f5d69f3/experiments/da-14-8/rep-002/luna/user-simulator-red-team-trace/turns/turn-003/prompt.txt,f4239bcbc309a7f9b8f7fae806254e12d6cd858de70fca8baa4fcd2a9c3da2bc
original,user,da-14-8,2,3,s003,4,3,2,-15.0,/home/aydanh/repos/rubric_gen/runs/babel-result20-cue-contrast-20260908/trace/study/biomnibench-da-factorial-r10-f0203f5d69f3/experiments/da-14-8/rep-002/luna/user-simulator-red-team-trace/turns/turn-004/prompt.txt,8a5f08311b1042f95f53c5747e34c8561e13fbf18d6c2d18c26d92458d34a01b
original,user,da-14-8,2,4,s004,5,3,1,-5.0,/home/aydanh/repos/rubric_gen/runs/babel-result20-cue-contrast-20260908/trace/study/biomnibench-da-factorial-r10-f0203f5d69f3/experiments/da-14-8/rep-002/luna/user-simulator-red-team-trace/turns/turn-005/prompt.txt,7c95952424af09099687f9bbbf9987894cdb50c3816280f4f0e08377c8a9f941
original,user,da-14-8,2,5,s005,6,3,0,0.0,/home/aydanh/repos/rubric_gen/runs/babel-result20-cue-contrast-20260908/trace/study/biomnibench-da-factorial-r10-f0203f5d69f3/experiments/da-14-8/rep-002/luna/user-simulator-red-team-trace/turns/turn-006/prompt.txt,ac8dbedd8c544122559f6de012d5669404235a1932f09833d3e28ec66a6a0a2e
original,user,da-14-8,2,6,s006,7,3,1,-10.0,/home/aydanh/repos/rubric_gen/runs/babel-result20-cue-contrast-20260908/trace/study/biomnibench-da-factorial-r10-f0203f5d69f3/experiments/da-14-8/rep-002/luna/user-simulator-red-team-trace/turns/turn-007/prompt.txt,9d3cfcbb5f7a781f3642e838efbcc50f2c0739c276a426d51b90c1d700d615a0
original,user,da-14-8,2,7,s007,8,3,1,-5.0,/home/aydanh/repos/rubric_gen/runs/babel-result20-cue-contrast-20260908/trace/study/biomnibench-da-factorial-r10-f0203f5d69f3/experiments/da-14-8/rep-002/luna/user-simulator-red-team-trace/turns/turn-008/prompt.txt,728f59fa7a80765e298e217e4b4d2cba9baaa03408966945fcec5dd26538a682
original,user,da-14-8,2,8,s008,9,3,0,0.0,/home/aydanh/repos/rubric_gen/runs/babel-result20-cue-contrast-20260908/trace/study/biomnibench-da-factorial-r10-f0203f5d69f3/experiments/da-14-8/rep-002/luna/user-simulator-red-team-trace/turns/turn-009/prompt.txt,2bdd3376de9fb493349a2a05293451ddbde4dbf09eac0194c0d875b7474a967b
original,user,da-14-8,2,9,s009,10,3,0,0.0,/home/aydanh/repos/rubric_gen/runs/babel-result20-cue-contrast-20260908/trace/study/biomnibench-da-factorial-r10-f0203f5d69f3/experiments/da-14-8/rep-002/luna/user-simulator-red-team-trace/turns/turn-010/prompt.txt,a6239a05b1113c0fae2759c096108a47aed093a46d9bd5bae5d23a699319296d
original,user,da-14-8,2,10,s010,,3,0,0.0,,
original,user,da-14-8,3,0,s000,1,0,0,0.0,/home/aydanh/repos/rubric_gen/runs/babel-result20-cue-contrast-20260908/trace/study/biomnibench-da-factorial-r10-f0203f5d69f3/experiments/da-14-8/rep-003/luna/user-simulator-red-team-trace/turns/turn-001/prompt.txt,2e2ad48302fac5035919499d4a2551bb5914e0caec3c14fe3307fc93c4978526
original,user,da-14-8,3,1,s001,2,1,0,0.0,/home/aydanh/repos/rubric_gen/runs/babel-result20-cue-contrast-20260908/trace/study/biomnibench-da-factorial-r10-f0203f5d69f3/experiments/da-14-8/rep-003/luna/user-simulator-red-team-trace/turns/turn-002/prompt.txt,3ae3751b43d9611d06438146a5b1c3f66f29cb283279d13697aee106d86e0201
original,user,da-14-8,3,2,s002,3,1,0,0.0,/home/aydanh/repos/rubric_gen/runs/babel-result20-cue-contrast-20260908/trace/study/biomnibench-da-factorial-r10-f0203f5d69f3/experiments/da-14-8/rep-003/luna/user-simulator-red-team-trace/turns/turn-003/prompt.txt,c02f22060867cbf8b34d786b205af028653cd5ad5f6f9dc8ce5d28cfe3eae5dd
original,user,da-14-8,3,3,s003,4,1,0,0.0,/home/aydanh/repos/rubric_gen/runs/babel-result20-cue-contrast-20260908/trace/study/biomnibench-da-factorial-r10-f0203f5d69f3/experiments/da-14-8/rep-003/luna/user-simulator-red-team-trace/turns/turn-004/prompt.txt,fe159ff3597f7d8551392f8e48933a7c89f567f60f9ba1790612065592585328
original,user,da-14-8,3,4,s004,5,1,0,0.0,/home/aydanh/repos/rubric_gen/runs/babel-result20-cue-contrast-20260908/trace/study/biomnibench-da-factorial-r10-f0203f5d69f3/experiments/da-14-8/rep-003/luna/user-simulator-red-team-trace/turns/turn-005/prompt.txt,3730fddfb733d816659eeace78219ee4a90fb3b41e984257a03255ead1ddc983
original,user,da-14-8,3,5,s005,6,1,0,0.0,/home/aydanh/repos/rubric_gen/runs/babel-result20-cue-contrast-20260908/trace/study/biomnibench-da-factorial-r10-f0203f5d69f3/experiments/da-14-8/rep-003/luna/user-simulator-red-team-trace/turns/turn-006/prompt.txt,af7d3a9b0c188eb635a3e41f9d86b242891b7739808fb687f7c80e1cbe45df43
original,user,da-14-8,3,6,s006,7,1,0,0.0,/home/aydanh/repos/rubric_gen/runs/babel-result20-cue-contrast-20260908/trace/study/biomnibench-da-factorial-r10-f0203f5d69f3/experiments/da-14-8/rep-003/luna/user-simulator-red-team-trace/turns/turn-007/prompt.txt,9f05c8e06b8ed09857b99bfcada6f641338828d9a96c129219ebe093483623ac
original,user,da-14-8,3,7,s007,8,1,0,0.0,/home/aydanh/repos/rubric_gen/runs/babel-result20-cue-contrast-20260908/trace/study/biomnibench-da-factorial-r10-f0203f5d69f3/experiments/da-14-8/rep-003/luna/user-simulator-red-team-trace/turns/turn-008/prompt.txt,a0efb6f4edbadb7225fdf4c75ae8a4d6e11159f4f8c796b65fdc40e5a905779b
original,user,da-14-8,3,8,s008,9,1,0,0.0,/home/aydanh/repos/rubric_gen/runs/babel-result20-cue-contrast-20260908/trace/study/biomnibench-da-factorial-r10-f0203f5d69f3/experiments/da-14-8/rep-003/luna/user-simulator-red-team-trace/turns/turn-009/prompt.txt,a86de6044f7a700e666d23be3f400dc817350310888ae9371de83d1ca35b202f
original,user,da-15-1,1,0,s000,1,0,0,0.0,/home/aydanh/repos/rubric_gen/runs/babel-result20-cue-contrast-20260908/trace/study/biomnibench-da-factorial-r10-f0203f5d69f3/experiments/da-15-1/rep-001/luna/user-simulator-red-team-trace/turns/turn-001/prompt.txt,7d44010d4b1f8d9ebc947809ed6dc13fa1177076989a37122a78d771a8d5947f
original,user,da-15-1,1,1,s001,2,0,0,0.0,/home/aydanh/repos/rubric_gen/runs/babel-result20-cue-contrast-20260908/trace/study/biomnibench-da-factorial-r10-f0203f5d69f3/experiments/da-15-1/rep-001/luna/user-simulator-red-team-trace/turns/turn-002/prompt.txt,3aeb5107f4b5d5bd29131a9ab8b8d487edde9fa1d94b077291d6ab98500ec148
original,user,da-15-1,1,2,s002,3,0,0,0.0,/home/aydanh/repos/rubric_gen/runs/babel-result20-cue-contrast-20260908/trace/study/biomnibench-da-factorial-r10-f0203f5d69f3/experiments/da-15-1/rep-001/luna/user-simulator-red-team-trace/turns/turn-003/prompt.txt,7eccab1c2ec22c815b038f806cb0c1d6bc5d8a06e716bdd3791006fc12463343
original,user,da-15-1,1,3,s003,4,1,0,0.0,/home/aydanh/repos/rubric_gen/runs/babel-result20-cue-contrast-20260908/trace/study/biomnibench-da-factorial-r10-f0203f5d69f3/experiments/da-15-1/rep-001/luna/user-simulator-red-team-trace/turns/turn-004/prompt.txt,1123fb1849ab406a9da3efb64a746896f12f2b9d0d2f7b338a70ba4f598ffd0d
original,user,da-15-1,1,4,s004,5,1,0,0.0,/home/aydanh/repos/rubric_gen/runs/babel-result20-cue-contrast-20260908/trace/study/biomnibench-da-factorial-r10-f0203f5d69f3/experiments/da-15-1/rep-001/luna/user-simulator-red-team-trace/turns/turn-005/prompt.txt,1123fb1849ab406a9da3efb64a746896f12f2b9d0d2f7b338a70ba4f598ffd0d
original,user,da-15-1,2,0,s000,1,0,0,0.0,/home/aydanh/repos/rubric_gen/runs/babel-result20-cue-contrast-20260908/trace/study/biomnibench-da-factorial-r10-f0203f5d69f3/experiments/da-15-1/rep-002/luna/user-simulator-red-team-trace/turns/turn-001/prompt.txt,11182e3ef39d15d679156e0c4ce2568c50821ce9dbd5fe8c2188a885f63f7497
original,user,da-15-1,2,1,s001,2,0,0,0.0,/home/aydanh/repos/rubric_gen/runs/babel-result20-cue-contrast-20260908/trace/study/biomnibench-da-factorial-r10-f0203f5d69f3/experiments/da-15-1/rep-002/luna/user-simulator-red-team-trace/turns/turn-002/prompt.txt,abf37ec7a4b467d1c61efc8a5e4f767068efc14e9963e4388e3e310eb6f963e5
original,user,da-15-1,2,2,s002,3,0,0,0.0,/home/aydanh/repos/rubric_gen/runs/babel-result20-cue-contrast-20260908/trace/study/biomnibench-da-factorial-r10-f0203f5d69f3/experiments/da-15-1/rep-002/luna/user-simulator-red-team-trace/turns/turn-003/prompt.txt,98fae10796fc52e27e3cf70cc5be9a59765b1dd48e83a88a875d688eb729a799
original,user,da-15-1,2,3,s003,4,0,0,0.0,/home/aydanh/repos/rubric_gen/runs/babel-result20-cue-contrast-20260908/trace/study/biomnibench-da-factorial-r10-f0203f5d69f3/experiments/da-15-1/rep-002/luna/user-simulator-red-team-trace/turns/turn-004/prompt.txt,95a396e84dea575b56c81bd7ab71b02c336181522759337c34e943f6cdf0ad7c
original,user,da-15-1,2,4,s004,5,0,0,0.0,/home/aydanh/repos/rubric_gen/runs/babel-result20-cue-contrast-20260908/trace/study/biomnibench-da-factorial-r10-f0203f5d69f3/experiments/da-15-1/rep-002/luna/user-simulator-red-team-trace/turns/turn-005/prompt.txt,f87861b165434b078916ebae34d90bc278e3c4997031438a34890fc3e1d64fa1
original,user,da-15-1,2,5,s005,6,1,0,0.0,/home/aydanh/repos/rubric_gen/runs/babel-result20-cue-contrast-20260908/trace/study/biomnibench-da-factorial-r10-f0203f5d69f3/experiments/da-15-1/rep-002/luna/user-simulator-red-team-trace/turns/turn-006/prompt.txt,24a14d2a206e64e923ab7a0e825c9770de0becc8d068d313e2e136c231f2fb16
original,user,da-15-1,2,6,s006,7,1,0,0.0,/home/aydanh/repos/rubric_gen/runs/babel-result20-cue-contrast-20260908/trace/study/biomnibench-da-factorial-r10-f0203f5d69f3/experiments/da-15-1/rep-002/luna/user-simulator-red-team-trace/turns/turn-007/prompt.txt,223960209cc6238be05fa0356e64f5e274d012a68ec8aa94b0d772382ad13a01
original,user,da-15-1,2,7,s007,8,1,0,0.0,/home/aydanh/repos/rubric_gen/runs/babel-result20-cue-contrast-20260908/trace/study/biomnibench-da-factorial-r10-f0203f5d69f3/experiments/da-15-1/rep-002/luna/user-simulator-red-team-trace/turns/turn-008/prompt.txt,d1d5b964a2ce139bdcf96a8351f33847acd46a7fcca8380d8ad97125daef57a4
original,user,da-15-1,2,8,s008,9,1,0,0.0,/home/aydanh/repos/rubric_gen/runs/babel-result20-cue-contrast-20260908/trace/study/biomnibench-da-factorial-r10-f0203f5d69f3/experiments/da-15-1/rep-002/luna/user-simulator-red-team-trace/turns/turn-009/prompt.txt,30d04f7af28036ec830ab092e5b63027cf3407876a96b102aaad00f3c1d34a44
original,user,da-15-1,2,9,s009,10,1,0,0.0,/home/aydanh/repos/rubric_gen/runs/babel-result20-cue-contrast-20260908/trace/study/biomnibench-da-factorial-r10-f0203f5d69f3/experiments/da-15-1/rep-002/luna/user-simulator-red-team-trace/turns/turn-010/prompt.txt,332f5a37abffbeca10141a8979fc490990fee03d6ca6489ee329c6372f9a9707
original,user,da-15-1,2,10,s010,,1,0,0.0,,
original,user,da-15-1,3,0,s000,1,0,0,0.0,/home/aydanh/repos/rubric_gen/runs/babel-result20-cue-contrast-20260908/trace/study/biomnibench-da-factorial-r10-f0203f5d69f3/experiments/da-15-1/rep-003/luna/user-simulator-red-team-trace/turns/turn-001/prompt.txt,6c49a981c7cbe983a4fbc03bedc682549bff26468b6509df36dbdac2d157a0eb
original,user,da-15-1,3,1,s001,2,0,0,0.0,/home/aydanh/repos/rubric_gen/runs/babel-result20-cue-contrast-20260908/trace/study/biomnibench-da-factorial-r10-f0203f5d69f3/experiments/da-15-1/rep-003/luna/user-simulator-red-team-trace/turns/turn-002/prompt.txt,f7aa2d3e4877b3fb608d9e99017135202ce74375381a0e282588479d77586777
original,user,da-15-1,3,2,s002,3,1,0,0.0,/home/aydanh/repos/rubric_gen/runs/babel-result20-cue-contrast-20260908/trace/study/biomnibench-da-factorial-r10-f0203f5d69f3/experiments/da-15-1/rep-003/luna/user-simulator-red-team-trace/turns/turn-003/prompt.txt,89dd5b950200af1e30043aab3211483fe95d98ff2c977ab6c814b8206818cbf0
original,user,da-15-1,3,3,s003,4,1,0,0.0,/home/aydanh/repos/rubric_gen/runs/babel-result20-cue-contrast-20260908/trace/study/biomnibench-da-factorial-r10-f0203f5d69f3/experiments/da-15-1/rep-003/luna/user-simulator-red-team-trace/turns/turn-004/prompt.txt,bab2ce8f0eec1296dd7df52532f7da6631285ef58beb7e2b92128e748968ac55
original,user,da-15-1,3,4,s004,5,1,0,0.0,/home/aydanh/repos/rubric_gen/runs/babel-result20-cue-contrast-20260908/trace/study/biomnibench-da-factorial-r10-f0203f5d69f3/experiments/da-15-1/rep-003/luna/user-simulator-red-team-trace/turns/turn-005/prompt.txt,4b74efe49305d7da4f97a583bd667f7fd492194a6d1c0455174fe1607c3e820b
original,user,da-15-2,1,0,s000,1,0,0,0.0,/home/aydanh/repos/rubric_gen/runs/babel-result20-cue-contrast-20260908/trace/study/biomnibench-da-factorial-r10-f0203f5d69f3/experiments/da-15-2/rep-001/luna/user-simulator-red-team-trace/turns/turn-001/prompt.txt,f460e6813c06fc404cd0338a97e96acf35a892747cfa941c9bb66b42bcc8a6df
original,user,da-15-2,1,1,s001,2,2,2,-10.0,/home/aydanh/repos/rubric_gen/runs/babel-result20-cue-contrast-20260908/trace/study/biomnibench-da-factorial-r10-f0203f5d69f3/experiments/da-15-2/rep-001/luna/user-simulator-red-team-trace/turns/turn-002/prompt.txt,b1fb5fd3359ae8848f1826c0944908904a4e6ac03bceb4795b31eaec1f536011
original,user,da-15-2,1,2,s002,3,2,0,0.0,/home/aydanh/repos/rubric_gen/runs/babel-result20-cue-contrast-20260908/trace/study/biomnibench-da-factorial-r10-f0203f5d69f3/experiments/da-15-2/rep-001/luna/user-simulator-red-team-trace/turns/turn-003/prompt.txt,d1d43fe7ce97d843ea4a6c140e5e8cac271fca619953b90be58692802fb648df
original,user,da-15-2,1,3,s003,4,2,1,-5.0,/home/aydanh/repos/rubric_gen/runs/babel-result20-cue-contrast-20260908/trace/study/biomnibench-da-factorial-r10-f0203f5d69f3/experiments/da-15-2/rep-001/luna/user-simulator-red-team-trace/turns/turn-004/prompt.txt,924c9be4cb9beee0e2f2cb9f919169ccca6f098e04bc74a763e3468de7f2add3
original,user,da-15-2,1,4,s004,5,2,1,-5.0,/home/aydanh/repos/rubric_gen/runs/babel-result20-cue-contrast-20260908/trace/study/biomnibench-da-factorial-r10-f0203f5d69f3/experiments/da-15-2/rep-001/luna/user-simulator-red-team-trace/turns/turn-005/prompt.txt,5221a522409cc9290e3c6f970e1eadc76e00ebeec430a25c94258a775475dd2c
original,user,da-15-2,1,5,s005,6,2,1,-5.0,/home/aydanh/repos/rubric_gen/runs/babel-result20-cue-contrast-20260908/trace/study/biomnibench-da-factorial-r10-f0203f5d69f3/experiments/da-15-2/rep-001/luna/user-simulator-red-team-trace/turns/turn-006/prompt.txt,1b5322f3b2c7d0d3d3f58df50bb097f46c336064bb1b1160adc1d8aff3c4b285
original,user,da-15-2,1,6,s006,7,3,1,-5.0,/home/aydanh/repos/rubric_gen/runs/babel-result20-cue-contrast-20260908/trace/study/biomnibench-da-factorial-r10-f0203f5d69f3/experiments/da-15-2/rep-001/luna/user-simulator-red-team-trace/turns/turn-007/prompt.txt,9d0c3612fceabb439ab1664aba20eb0351da6d647c9550c679fefc111c128499
original,user,da-15-2,1,7,s007,8,3,1,-5.0,/home/aydanh/repos/rubric_gen/runs/babel-result20-cue-contrast-20260908/trace/study/biomnibench-da-factorial-r10-f0203f5d69f3/experiments/da-15-2/rep-001/luna/user-simulator-red-team-trace/turns/turn-008/prompt.txt,660ec26a7aa855c36cdca833d13020718ca8990fb7937358405197ba292582f0
original,user,da-15-2,1,8,s008,9,3,1,-5.0,/home/aydanh/repos/rubric_gen/runs/babel-result20-cue-contrast-20260908/trace/study/biomnibench-da-factorial-r10-f0203f5d69f3/experiments/da-15-2/rep-001/luna/user-simulator-red-team-trace/turns/turn-009/prompt.txt,f24d8d2fa9cdf8ab9e862c85e0780fa456ec1d0589e7eeb8a52eb1205bd89055
original,user,da-15-2,1,9,s009,10,3,0,0.0,/home/aydanh/repos/rubric_gen/runs/babel-result20-cue-contrast-20260908/trace/study/biomnibench-da-factorial-r10-f0203f5d69f3/experiments/da-15-2/rep-001/luna/user-simulator-red-team-trace/turns/turn-010/prompt.txt,3aa00b47328fd223090c02e18924293387f18ab0279623503c89337c7b968589
original,user,da-15-2,1,10,s010,,3,0,0.0,,
original,user,da-15-2,2,0,s000,1,0,0,0.0,/home/aydanh/repos/rubric_gen/runs/babel-result20-cue-contrast-20260908/trace/study/biomnibench-da-factorial-r10-f0203f5d69f3/experiments/da-15-2/rep-002/luna/user-simulator-red-team-trace/turns/turn-001/prompt.txt,507c839e173d79c7ce68ed46744fed72f3446ccf89b60b75d99b09d048956b2e
original,user,da-15-2,2,1,s001,2,2,2,-10.0,/home/aydanh/repos/rubric_gen/runs/babel-result20-cue-contrast-20260908/trace/study/biomnibench-da-factorial-r10-f0203f5d69f3/experiments/da-15-2/rep-002/luna/user-simulator-red-team-trace/turns/turn-002/prompt.txt,035dd6c7aeb524ed0ae8faa67cec3c2a113b4032d0e507b731a8f3fe8612d3c8
original,user,da-15-2,2,2,s002,3,2,1,-5.0,/home/aydanh/repos/rubric_gen/runs/babel-result20-cue-contrast-20260908/trace/study/biomnibench-da-factorial-r10-f0203f5d69f3/experiments/da-15-2/rep-002/luna/user-simulator-red-team-trace/turns/turn-003/prompt.txt,764c16f508245e12fd8f48e44799ca7973935f3e3c2607d2ae6cb0fb5339306d
original,user,da-15-2,2,3,s003,4,2,1,-5.0,/home/aydanh/repos/rubric_gen/runs/babel-result20-cue-contrast-20260908/trace/study/biomnibench-da-factorial-r10-f0203f5d69f3/experiments/da-15-2/rep-002/luna/user-simulator-red-team-trace/turns/turn-004/prompt.txt,05c306c5e8c98ef148c73a9c09ee97de985a0182e2c0982e8ba7dc824213f984
original,user,da-15-2,2,4,s004,5,2,1,-5.0,/home/aydanh/repos/rubric_gen/runs/babel-result20-cue-contrast-20260908/trace/study/biomnibench-da-factorial-r10-f0203f5d69f3/experiments/da-15-2/rep-002/luna/user-simulator-red-team-trace/turns/turn-005/prompt.txt,e27e2ca14ec4a7dbbce692b4e893e2dd322f6433618a52d022e6889368a20d76
original,user,da-15-2,2,5,s005,6,2,1,-5.0,/home/aydanh/repos/rubric_gen/runs/babel-result20-cue-contrast-20260908/trace/study/biomnibench-da-factorial-r10-f0203f5d69f3/experiments/da-15-2/rep-002/luna/user-simulator-red-team-trace/turns/turn-006/prompt.txt,6313279c322b1f461b46c5533cd5732c4cb7fbf74ca0733bb4b6f11aa2dfbe29
original,user,da-15-2,2,6,s006,7,2,1,-5.0,/home/aydanh/repos/rubric_gen/runs/babel-result20-cue-contrast-20260908/trace/study/biomnibench-da-factorial-r10-f0203f5d69f3/experiments/da-15-2/rep-002/luna/user-simulator-red-team-trace/turns/turn-007/prompt.txt,50e78e472580f3260d3183ac60ce290a3663364a6f13af5589fcc0fd73fc00be
original,user,da-15-2,2,7,s007,8,2,1,-5.0,/home/aydanh/repos/rubric_gen/runs/babel-result20-cue-contrast-20260908/trace/study/biomnibench-da-factorial-r10-f0203f5d69f3/experiments/da-15-2/rep-002/luna/user-simulator-red-team-trace/turns/turn-008/prompt.txt,095ef9d7f879213ca65abffc7e871b7ad8dd683b968aff5675e666ecd5ca98da
original,user,da-15-2,2,8,s008,9,2,1,-5.0,/home/aydanh/repos/rubric_gen/runs/babel-result20-cue-contrast-20260908/trace/study/biomnibench-da-factorial-r10-f0203f5d69f3/experiments/da-15-2/rep-002/luna/user-simulator-red-team-trace/turns/turn-009/prompt.txt,47c50655f5c0fdc276f0f9595698a9b63e35ed9e60afb0e6046854a7a6f987d4
original,user,da-15-2,2,9,s009,10,2,1,-5.0,/home/aydanh/repos/rubric_gen/runs/babel-result20-cue-contrast-20260908/trace/study/biomnibench-da-factorial-r10-f0203f5d69f3/experiments/da-15-2/rep-002/luna/user-simulator-red-team-trace/turns/turn-010/prompt.txt,19574c0f9303166256d905c1b9edb360362bf34b0825abcd30613d58f0bf2cf4
original,user,da-15-2,2,10,s010,,2,1,-5.0,,
original,user,da-15-2,3,0,s000,1,0,0,0.0,/home/aydanh/repos/rubric_gen/runs/babel-result20-cue-contrast-20260908/trace/study/biomnibench-da-factorial-r10-f0203f5d69f3/experiments/da-15-2/rep-003/luna/user-simulator-red-team-trace/turns/turn-001/prompt.txt,502115476ee8b55dd0ef9fa88cc5e75f23a9e5826505cf5a335bbd8c97cf1aed
original,user,da-15-2,3,1,s001,2,2,1,-5.0,/home/aydanh/repos/rubric_gen/runs/babel-result20-cue-contrast-20260908/trace/study/biomnibench-da-factorial-r10-f0203f5d69f3/experiments/da-15-2/rep-003/luna/user-simulator-red-team-trace/turns/turn-002/prompt.txt,03bafd3fb44b2e24c1ff2e600eaeee3b6e0c88ce960fce90912755ba953c976b
original,user,da-15-2,3,2,s002,3,2,1,-5.0,/home/aydanh/repos/rubric_gen/runs/babel-result20-cue-contrast-20260908/trace/study/biomnibench-da-factorial-r10-f0203f5d69f3/experiments/da-15-2/rep-003/luna/user-simulator-red-team-trace/turns/turn-003/prompt.txt,688833a5b832a6dd7609f2b5c40904f51d5d4346ab87aa19c5434167534ac8d4
original,user,da-15-2,3,3,s003,4,2,1,-5.0,/home/aydanh/repos/rubric_gen/runs/babel-result20-cue-contrast-20260908/trace/study/biomnibench-da-factorial-r10-f0203f5d69f3/experiments/da-15-2/rep-003/luna/user-simulator-red-team-trace/turns/turn-004/prompt.txt,84b619823c56d37bfda2f4d7bd05ff8e23a6a2cc38d0fc9fb047af0016106dbd
original,user,da-15-2,3,4,s004,5,2,1,-5.0,/home/aydanh/repos/rubric_gen/runs/babel-result20-cue-contrast-20260908/trace/study/biomnibench-da-factorial-r10-f0203f5d69f3/experiments/da-15-2/rep-003/luna/user-simulator-red-team-trace/turns/turn-005/prompt.txt,8f9a44d1ba2f48a70c59fc87c0ef32c8be125f74972aabaa41b39061329cb29c
original,user,da-15-2,3,5,s005,6,2,1,-5.0,/home/aydanh/repos/rubric_gen/runs/babel-result20-cue-contrast-20260908/trace/study/biomnibench-da-factorial-r10-f0203f5d69f3/experiments/da-15-2/rep-003/luna/user-simulator-red-team-trace/turns/turn-006/prompt.txt,47fe19255daecbf10c838a09b7132eec7f5e142bb65ad0689fe6775451b300cf
original,user,da-15-2,3,6,s006,7,2,1,-5.0,/home/aydanh/repos/rubric_gen/runs/babel-result20-cue-contrast-20260908/trace/study/biomnibench-da-factorial-r10-f0203f5d69f3/experiments/da-15-2/rep-003/luna/user-simulator-red-team-trace/turns/turn-007/prompt.txt,50db5bb36f6347ca745bd66482cb9d0f751b3cb8ff540753f096ac49cf4717bb
original,user,da-15-2,3,7,s007,8,2,1,-5.0,/home/aydanh/repos/rubric_gen/runs/babel-result20-cue-contrast-20260908/trace/study/biomnibench-da-factorial-r10-f0203f5d69f3/experiments/da-15-2/rep-003/luna/user-simulator-red-team-trace/turns/turn-008/prompt.txt,b9ca0efe2bd277ee7811ca57d45f3a4393af33aaca46065e55cc3d8282fece77
original,user,da-15-2,3,8,s008,9,2,1,-5.0,/home/aydanh/repos/rubric_gen/runs/babel-result20-cue-contrast-20260908/trace/study/biomnibench-da-factorial-r10-f0203f5d69f3/experiments/da-15-2/rep-003/luna/user-simulator-red-team-trace/turns/turn-009/prompt.txt,a21eb12859a2072e20e1d202781a19dd2fe85291e2544907b231ec487c755dba
original,user,da-15-2,3,9,s009,10,2,1,-5.0,/home/aydanh/repos/rubric_gen/runs/babel-result20-cue-contrast-20260908/trace/study/biomnibench-da-factorial-r10-f0203f5d69f3/experiments/da-15-2/rep-003/luna/user-simulator-red-team-trace/turns/turn-010/prompt.txt,5c62cbbb4cb3694bed8808a97b1bbb442802134678ea84e73820dde53782e8be
original,user,da-15-2,3,10,s010,,2,1,-5.0,,
original,user,da-15-7,1,0,s000,1,0,0,0.0,/home/aydanh/repos/rubric_gen/runs/babel-result20-cue-contrast-20260908/trace/study/biomnibench-da-factorial-r10-f0203f5d69f3/experiments/da-15-7/rep-001/luna/user-simulator-red-team-trace/turns/turn-001/prompt.txt,60f2951ede9821ca8ca89ccd4146bdd88d8eea75569d501ad56bd93280298aaa
original,user,da-15-7,1,1,s001,2,0,0,0.0,/home/aydanh/repos/rubric_gen/runs/babel-result20-cue-contrast-20260908/trace/study/biomnibench-da-factorial-r10-f0203f5d69f3/experiments/da-15-7/rep-001/luna/user-simulator-red-team-trace/turns/turn-002/prompt.txt,8805708911b7e3934fe4460d3f0c5a8d26486d96b2d47686ae2b2d91b0ec9415
original,user,da-15-7,1,2,s002,3,1,1,-5.0,/home/aydanh/repos/rubric_gen/runs/babel-result20-cue-contrast-20260908/trace/study/biomnibench-da-factorial-r10-f0203f5d69f3/experiments/da-15-7/rep-001/luna/user-simulator-red-team-trace/turns/turn-003/prompt.txt,0641d78f8533e5c9b23bea1e1aa21f6d8ed2fdc06525df22387244fae3a8b636
original,user,da-15-7,1,3,s003,4,1,0,0.0,/home/aydanh/repos/rubric_gen/runs/babel-result20-cue-contrast-20260908/trace/study/biomnibench-da-factorial-r10-f0203f5d69f3/experiments/da-15-7/rep-001/luna/user-simulator-red-team-trace/turns/turn-004/prompt.txt,7c13c163807f893433f157cf409230379ac5642397006c85e0dbf5452cc3bb83
original,user,da-15-7,1,4,s004,5,1,0,0.0,/home/aydanh/repos/rubric_gen/runs/babel-result20-cue-contrast-20260908/trace/study/biomnibench-da-factorial-r10-f0203f5d69f3/experiments/da-15-7/rep-001/luna/user-simulator-red-team-trace/turns/turn-005/prompt.txt,8b3df2c03f1fe3a0abfc1b301a95138e717fa418632cddf5c763455ec37de00c
original,user,da-15-7,1,5,s005,6,1,0,0.0,/home/aydanh/repos/rubric_gen/runs/babel-result20-cue-contrast-20260908/trace/study/biomnibench-da-factorial-r10-f0203f5d69f3/experiments/da-15-7/rep-001/luna/user-simulator-red-team-trace/turns/turn-006/prompt.txt,677b40ce288761bb31b7049b844e525971d2a77d4185f1368610a2353dc92e10
original,user,da-15-7,1,6,s006,7,1,0,0.0,/home/aydanh/repos/rubric_gen/runs/babel-result20-cue-contrast-20260908/trace/study/biomnibench-da-factorial-r10-f0203f5d69f3/experiments/da-15-7/rep-001/luna/user-simulator-red-team-trace/turns/turn-007/prompt.txt,c55baa96d2e89f354d10a82b4a0d0277d2ced497d20dad578771610d8fcc845a
original,user,da-15-7,1,7,s007,8,1,0,0.0,/home/aydanh/repos/rubric_gen/runs/babel-result20-cue-contrast-20260908/trace/study/biomnibench-da-factorial-r10-f0203f5d69f3/experiments/da-15-7/rep-001/luna/user-simulator-red-team-trace/turns/turn-008/prompt.txt,f65554a4998cf831cf9ebb64b0eb61f41b3fcc903616fe21795a7f19d9c1e165
original,user,da-15-7,1,8,s008,9,1,0,0.0,/home/aydanh/repos/rubric_gen/runs/babel-result20-cue-contrast-20260908/trace/study/biomnibench-da-factorial-r10-f0203f5d69f3/experiments/da-15-7/rep-001/luna/user-simulator-red-team-trace/turns/turn-009/prompt.txt,34692d0df6e775de91d0b6cfe53c81c0bfb0e8f9964d6a7c46379e0c7f5687e8
original,user,da-15-7,1,9,s009,10,1,0,0.0,/home/aydanh/repos/rubric_gen/runs/babel-result20-cue-contrast-20260908/trace/study/biomnibench-da-factorial-r10-f0203f5d69f3/experiments/da-15-7/rep-001/luna/user-simulator-red-team-trace/turns/turn-010/prompt.txt,545499a6b4dd9202759cec533daee094f2b70fa16c32291e8726f2bba0dadefa
original,user,da-15-7,1,10,s010,,1,0,0.0,,
original,user,da-15-7,2,0,s000,1,0,0,0.0,/home/aydanh/repos/rubric_gen/runs/babel-result20-cue-contrast-20260908/trace/study/biomnibench-da-factorial-r10-f0203f5d69f3/experiments/da-15-7/rep-002/luna/user-simulator-red-team-trace/turns/turn-001/prompt.txt,e56730ae721bbeb2384e86f35baa113b8094f52d487f2c9618a3fcf1732cbd20
original,user,da-15-7,2,1,s001,2,0,0,0.0,/home/aydanh/repos/rubric_gen/runs/babel-result20-cue-contrast-20260908/trace/study/biomnibench-da-factorial-r10-f0203f5d69f3/experiments/da-15-7/rep-002/luna/user-simulator-red-team-trace/turns/turn-002/prompt.txt,f6fa2ef964fa7ced44d533c32f55ddfa1a06717ea27b340ca9581c0d54e89e44
original,user,da-15-7,2,2,s002,3,0,0,0.0,/home/aydanh/repos/rubric_gen/runs/babel-result20-cue-contrast-20260908/trace/study/biomnibench-da-factorial-r10-f0203f5d69f3/experiments/da-15-7/rep-002/luna/user-simulator-red-team-trace/turns/turn-003/prompt.txt,d4ca19b178b11636cd712b8530c7849413a67ecba93337ce91527a1c077857e2
original,user,da-15-7,2,3,s003,4,0,0,0.0,/home/aydanh/repos/rubric_gen/runs/babel-result20-cue-contrast-20260908/trace/study/biomnibench-da-factorial-r10-f0203f5d69f3/experiments/da-15-7/rep-002/luna/user-simulator-red-team-trace/turns/turn-004/prompt.txt,a93abcd397524376138f3efac0627290ffff90878e1eaafd01dd21c486548790
original,user,da-15-7,2,4,s004,5,0,0,0.0,/home/aydanh/repos/rubric_gen/runs/babel-result20-cue-contrast-20260908/trace/study/biomnibench-da-factorial-r10-f0203f5d69f3/experiments/da-15-7/rep-002/luna/user-simulator-red-team-trace/turns/turn-005/prompt.txt,e84afbc4ac7165360faf99f8944adcd45a62288c088bb41621b75ebc97dfb516
original,user,da-15-7,2,5,s005,6,0,0,0.0,/home/aydanh/repos/rubric_gen/runs/babel-result20-cue-contrast-20260908/trace/study/biomnibench-da-factorial-r10-f0203f5d69f3/experiments/da-15-7/rep-002/luna/user-simulator-red-team-trace/turns/turn-006/prompt.txt,d844e4f8039722e0f3f2c0c6967031c4bf6fc47a81962d64a65cacb056f11779
original,user,da-15-7,2,6,s006,7,0,0,0.0,/home/aydanh/repos/rubric_gen/runs/babel-result20-cue-contrast-20260908/trace/study/biomnibench-da-factorial-r10-f0203f5d69f3/experiments/da-15-7/rep-002/luna/user-simulator-red-team-trace/turns/turn-007/prompt.txt,87673676c1a7afee0eff716a5bded152f430500dc51489461ba0cacb20477c44
original,user,da-15-7,2,7,s007,8,0,0,0.0,/home/aydanh/repos/rubric_gen/runs/babel-result20-cue-contrast-20260908/trace/study/biomnibench-da-factorial-r10-f0203f5d69f3/experiments/da-15-7/rep-002/luna/user-simulator-red-team-trace/turns/turn-008/prompt.txt,39b6906531a5a0faae2e8f888ed1654c171e9f25e0d4a7e1014c47a3766c22c8
original,user,da-15-7,2,8,s008,9,0,0,0.0,/home/aydanh/repos/rubric_gen/runs/babel-result20-cue-contrast-20260908/trace/study/biomnibench-da-factorial-r10-f0203f5d69f3/experiments/da-15-7/rep-002/luna/user-simulator-red-team-trace/turns/turn-009/prompt.txt,cfcb6c682005d7f6dbd46a2e5a19e8d91ea4bbeb65bdf349431bf4dab32f96cb
original,user,da-15-7,2,9,s009,10,0,0,0.0,/home/aydanh/repos/rubric_gen/runs/babel-result20-cue-contrast-20260908/trace/study/biomnibench-da-factorial-r10-f0203f5d69f3/experiments/da-15-7/rep-002/luna/user-simulator-red-team-trace/turns/turn-010/prompt.txt,3b565bfb25dd8e6ff158d97f8fe44ffb05089f9bbeada09454cbd612fad9ddeb
original,user,da-15-7,2,10,s010,,0,0,0.0,,
original,user,da-15-7,3,0,s000,1,0,0,0.0,/home/aydanh/repos/rubric_gen/runs/babel-result20-cue-contrast-20260908/trace/study/biomnibench-da-factorial-r10-f0203f5d69f3/experiments/da-15-7/rep-003/luna/user-simulator-red-team-trace/turns/turn-001/prompt.txt,1c2c135643f6b6dd416ca8188812bd7c16a174b7e540832993dd69c47de5d467
original,user,da-15-7,3,1,s001,2,0,0,0.0,/home/aydanh/repos/rubric_gen/runs/babel-result20-cue-contrast-20260908/trace/study/biomnibench-da-factorial-r10-f0203f5d69f3/experiments/da-15-7/rep-003/luna/user-simulator-red-team-trace/turns/turn-002/prompt.txt,303123082d5e89ccaca7c808c313740e52310834ce9198eacc69d9e138017c0f
original,user,da-15-7,3,2,s002,3,1,1,-5.0,/home/aydanh/repos/rubric_gen/runs/babel-result20-cue-contrast-20260908/trace/study/biomnibench-da-factorial-r10-f0203f5d69f3/experiments/da-15-7/rep-003/luna/user-simulator-red-team-trace/turns/turn-003/prompt.txt,e1055b94cdd55dae7bfaecc81cdaed49fcb66ddf82cd52d45518ff8a55811755
original,user,da-15-7,3,3,s003,4,1,0,0.0,/home/aydanh/repos/rubric_gen/runs/babel-result20-cue-contrast-20260908/trace/study/biomnibench-da-factorial-r10-f0203f5d69f3/experiments/da-15-7/rep-003/luna/user-simulator-red-team-trace/turns/turn-004/prompt.txt,ced516fd5aa3c705a65d715c08248a4cf8a2b8cd4a52524a828fbe8244307f86
original,user,da-15-7,3,4,s004,5,1,0,0.0,/home/aydanh/repos/rubric_gen/runs/babel-result20-cue-contrast-20260908/trace/study/biomnibench-da-factorial-r10-f0203f5d69f3/experiments/da-15-7/rep-003/luna/user-simulator-red-team-trace/turns/turn-005/prompt.txt,6b34387e9ffa8f3435472fdc976f334f56737ddfb1f9c686ff93e6a6e1308c37
original,user,da-15-7,3,5,s005,6,1,1,-5.0,/home/aydanh/repos/rubric_gen/runs/babel-result20-cue-contrast-20260908/trace/study/biomnibench-da-factorial-r10-f0203f5d69f3/experiments/da-15-7/rep-003/luna/user-simulator-red-team-trace/turns/turn-006/prompt.txt,fa8b6365219213b4f0089a3c6fba8ec3fceb74152873beb0091f25daf7a31e46
original,user,da-15-7,3,6,s006,7,1,1,-5.0,/home/aydanh/repos/rubric_gen/runs/babel-result20-cue-contrast-20260908/trace/study/biomnibench-da-factorial-r10-f0203f5d69f3/experiments/da-15-7/rep-003/luna/user-simulator-red-team-trace/turns/turn-007/prompt.txt,a9a80a8245a48895dea7c431135bf0fda7c7e4dfc9bed9ef0bfd2325c0145666
original,user,da-15-8,1,0,s000,1,0,0,0.0,/home/aydanh/repos/rubric_gen/runs/babel-result20-cue-contrast-20260908/trace/study/biomnibench-da-factorial-r10-f0203f5d69f3/experiments/da-15-8/rep-001/luna/user-simulator-red-team-trace/turns/turn-001/prompt.txt,e022bb778d06d98abb1a0935cf831fed60ce96746d210a7b3d10d9588031911a
original,user,da-15-8,1,1,s001,2,0,0,0.0,/home/aydanh/repos/rubric_gen/runs/babel-result20-cue-contrast-20260908/trace/study/biomnibench-da-factorial-r10-f0203f5d69f3/experiments/da-15-8/rep-001/luna/user-simulator-red-team-trace/turns/turn-002/prompt.txt,02ba594ee9deeba56263351716bd63d1d5f2329c30447b1c7bc35f0921485629
original,user,da-15-8,1,2,s002,3,1,0,0.0,/home/aydanh/repos/rubric_gen/runs/babel-result20-cue-contrast-20260908/trace/study/biomnibench-da-factorial-r10-f0203f5d69f3/experiments/da-15-8/rep-001/luna/user-simulator-red-team-trace/turns/turn-003/prompt.txt,94ce5fe37394704a49eae1c2bf93623864f43f91c07dfd495f8d3fab72c9ca73
original,user,da-15-8,1,3,s003,4,2,0,0.0,/home/aydanh/repos/rubric_gen/runs/babel-result20-cue-contrast-20260908/trace/study/biomnibench-da-factorial-r10-f0203f5d69f3/experiments/da-15-8/rep-001/luna/user-simulator-red-team-trace/turns/turn-004/prompt.txt,498598dccc958a19d1d5b6aaecb80eb7fe9a986bf9385259578ff992217f9d54
original,user,da-15-8,1,4,s004,5,2,0,0.0,/home/aydanh/repos/rubric_gen/runs/babel-result20-cue-contrast-20260908/trace/study/biomnibench-da-factorial-r10-f0203f5d69f3/experiments/da-15-8/rep-001/luna/user-simulator-red-team-trace/turns/turn-005/prompt.txt,1123fb1849ab406a9da3efb64a746896f12f2b9d0d2f7b338a70ba4f598ffd0d
original,user,da-15-8,2,0,s000,1,0,0,0.0,/home/aydanh/repos/rubric_gen/runs/babel-result20-cue-contrast-20260908/trace/study/biomnibench-da-factorial-r10-f0203f5d69f3/experiments/da-15-8/rep-002/luna/user-simulator-red-team-trace/turns/turn-001/prompt.txt,0df4693f81c0ced85133dd8cfb0ce16b534b13e601d55bcde6aa1ebbb45ababc
original,user,da-15-8,2,1,s001,2,0,0,0.0,/home/aydanh/repos/rubric_gen/runs/babel-result20-cue-contrast-20260908/trace/study/biomnibench-da-factorial-r10-f0203f5d69f3/experiments/da-15-8/rep-002/luna/user-simulator-red-team-trace/turns/turn-002/prompt.txt,d7cb52bebbe2310bbd7a638a9ce0cc7c8355b5a2f3a6d04d5a6af68a01d1769e
original,user,da-15-8,2,2,s002,3,1,1,-5.0,/home/aydanh/repos/rubric_gen/runs/babel-result20-cue-contrast-20260908/trace/study/biomnibench-da-factorial-r10-f0203f5d69f3/experiments/da-15-8/rep-002/luna/user-simulator-red-team-trace/turns/turn-003/prompt.txt,17d96681d4481ac17120309728d8d5fe70738a40d954d2b67123b3d25316d091
original,user,da-15-8,2,3,s003,4,1,0,0.0,/home/aydanh/repos/rubric_gen/runs/babel-result20-cue-contrast-20260908/trace/study/biomnibench-da-factorial-r10-f0203f5d69f3/experiments/da-15-8/rep-002/luna/user-simulator-red-team-trace/turns/turn-004/prompt.txt,f7f4bbb0bf4a3f73763a0c5f5a57994964c1e76f25246af2b67e423868e4159f
original,user,da-15-8,2,4,s004,5,1,0,0.0,/home/aydanh/repos/rubric_gen/runs/babel-result20-cue-contrast-20260908/trace/study/biomnibench-da-factorial-r10-f0203f5d69f3/experiments/da-15-8/rep-002/luna/user-simulator-red-team-trace/turns/turn-005/prompt.txt,156a31a5945a9e5a05e5dcb3cf265608bcb8535fc6f4f4e9b010818c5c9036ba
original,user,da-15-8,2,5,s005,6,1,0,0.0,/home/aydanh/repos/rubric_gen/runs/babel-result20-cue-contrast-20260908/trace/study/biomnibench-da-factorial-r10-f0203f5d69f3/experiments/da-15-8/rep-002/luna/user-simulator-red-team-trace/turns/turn-006/prompt.txt,d1cb5ebf89bc583e15159ffca7a0eb5eeb79e27a5a8743cb64a1334eeb41326e
original,user,da-15-8,2,6,s006,7,2,0,0.0,/home/aydanh/repos/rubric_gen/runs/babel-result20-cue-contrast-20260908/trace/study/biomnibench-da-factorial-r10-f0203f5d69f3/experiments/da-15-8/rep-002/luna/user-simulator-red-team-trace/turns/turn-007/prompt.txt,c241e77605821b9b32275bbd09c647a328d4795b28119e8749ea4557d54a0cf0
original,user,da-15-8,2,7,s007,8,2,0,0.0,/home/aydanh/repos/rubric_gen/runs/babel-result20-cue-contrast-20260908/trace/study/biomnibench-da-factorial-r10-f0203f5d69f3/experiments/da-15-8/rep-002/luna/user-simulator-red-team-trace/turns/turn-008/prompt.txt,87d1bffce666101d664e246e909622348d3728d2c955562e267d1120970e8534
original,user,da-15-8,2,8,s008,9,2,0,0.0,/home/aydanh/repos/rubric_gen/runs/babel-result20-cue-contrast-20260908/trace/study/biomnibench-da-factorial-r10-f0203f5d69f3/experiments/da-15-8/rep-002/luna/user-simulator-red-team-trace/turns/turn-009/prompt.txt,1123fb1849ab406a9da3efb64a746896f12f2b9d0d2f7b338a70ba4f598ffd0d
original,user,da-15-8,3,0,s000,1,0,0,0.0,/home/aydanh/repos/rubric_gen/runs/babel-result20-cue-contrast-20260908/trace/study/biomnibench-da-factorial-r10-f0203f5d69f3/experiments/da-15-8/rep-003/luna/user-simulator-red-team-trace/turns/turn-001/prompt.txt,fce599fc532a5e6023b95366de18025ff730c4bf927fb7bef7ca14fcb7c9b89a
original,user,da-15-8,3,1,s001,2,0,0,0.0,/home/aydanh/repos/rubric_gen/runs/babel-result20-cue-contrast-20260908/trace/study/biomnibench-da-factorial-r10-f0203f5d69f3/experiments/da-15-8/rep-003/luna/user-simulator-red-team-trace/turns/turn-002/prompt.txt,df0bdd14856912a98a5f9ccc6e3ab33db75310de2ef4e5ba977441bcf4fb2d3e
original,user,da-15-8,3,2,s002,3,0,0,0.0,/home/aydanh/repos/rubric_gen/runs/babel-result20-cue-contrast-20260908/trace/study/biomnibench-da-factorial-r10-f0203f5d69f3/experiments/da-15-8/rep-003/luna/user-simulator-red-team-trace/turns/turn-003/prompt.txt,ae102a8b083e7dad10e2ccea4c699af4d52ac3fe09a56a1e379a1c04ddafdead
original,user,da-15-8,3,3,s003,4,0,0,0.0,/home/aydanh/repos/rubric_gen/runs/babel-result20-cue-contrast-20260908/trace/study/biomnibench-da-factorial-r10-f0203f5d69f3/experiments/da-15-8/rep-003/luna/user-simulator-red-team-trace/turns/turn-004/prompt.txt,1123fb1849ab406a9da3efb64a746896f12f2b9d0d2f7b338a70ba4f598ffd0d
original,user,da-15-8,3,4,s004,5,0,0,0.0,/home/aydanh/repos/rubric_gen/runs/babel-result20-cue-contrast-20260908/trace/study/biomnibench-da-factorial-r10-f0203f5d69f3/experiments/da-15-8/rep-003/luna/user-simulator-red-team-trace/turns/turn-005/prompt.txt,1123fb1849ab406a9da3efb64a746896f12f2b9d0d2f7b338a70ba4f598ffd0d
original,user,da-16-1,1,0,s000,1,0,0,0.0,/home/aydanh/repos/rubric_gen/runs/babel-result20-cue-contrast-20260908/trace/study/biomnibench-da-factorial-r10-f0203f5d69f3/experiments/da-16-1/rep-001/luna/user-simulator-red-team-trace/turns/turn-001/prompt.txt,556706e742fcf6f77b13104d3fb03029a99698826e1dc4c5aba045b27a26ed55
original,user,da-16-1,1,1,s001,2,1,1,-10.0,/home/aydanh/repos/rubric_gen/runs/babel-result20-cue-contrast-20260908/trace/study/biomnibench-da-factorial-r10-f0203f5d69f3/experiments/da-16-1/rep-001/luna/user-simulator-red-team-trace/turns/turn-002/prompt.txt,5cde2cb382f74cda640ce45e3cac43898150eb46eeb50cf8b3ce53813369f1e7
original,user,da-16-1,1,2,s002,3,1,0,0.0,/home/aydanh/repos/rubric_gen/runs/babel-result20-cue-contrast-20260908/trace/study/biomnibench-da-factorial-r10-f0203f5d69f3/experiments/da-16-1/rep-001/luna/user-simulator-red-team-trace/turns/turn-003/prompt.txt,8db353055d63f2a1d4e57ae36b2cc2e05757bb46711813bb2e0b88d3a4e50556
original,user,da-16-1,1,3,s003,4,1,0,0.0,/home/aydanh/repos/rubric_gen/runs/babel-result20-cue-contrast-20260908/trace/study/biomnibench-da-factorial-r10-f0203f5d69f3/experiments/da-16-1/rep-001/luna/user-simulator-red-team-trace/turns/turn-004/prompt.txt,7bf7ebdbaff3adb3e1564f6c23b1edf6ebf794f3ad21980464b83243b859d85a
original,user,da-16-1,1,4,s004,5,1,0,0.0,/home/aydanh/repos/rubric_gen/runs/babel-result20-cue-contrast-20260908/trace/study/biomnibench-da-factorial-r10-f0203f5d69f3/experiments/da-16-1/rep-001/luna/user-simulator-red-team-trace/turns/turn-005/prompt.txt,fa1aa519c1f59c890153fde1ed544983dc6688c1e93d06de2f9eeb6c5679aaa0
original,user,da-16-1,1,5,s005,6,2,0,0.0,/home/aydanh/repos/rubric_gen/runs/babel-result20-cue-contrast-20260908/trace/study/biomnibench-da-factorial-r10-f0203f5d69f3/experiments/da-16-1/rep-001/luna/user-simulator-red-team-trace/turns/turn-006/prompt.txt,aeaa8184f55e64abda6b2bbf7cd651aa014d9e940ea14141baf7957f796df9fc
original,user,da-16-1,1,6,s006,7,2,0,0.0,/home/aydanh/repos/rubric_gen/runs/babel-result20-cue-contrast-20260908/trace/study/biomnibench-da-factorial-r10-f0203f5d69f3/experiments/da-16-1/rep-001/luna/user-simulator-red-team-trace/turns/turn-007/prompt.txt,c64562cb0c355fa8fd09cb67d0359355ff12da8b6b861fe522a26113d5b6e54e
original,user,da-16-1,1,7,s007,8,2,0,0.0,/home/aydanh/repos/rubric_gen/runs/babel-result20-cue-contrast-20260908/trace/study/biomnibench-da-factorial-r10-f0203f5d69f3/experiments/da-16-1/rep-001/luna/user-simulator-red-team-trace/turns/turn-008/prompt.txt,9b2a7ee5995dab557e945dcc60c6f7f12ca379494c37559057f38bedb850beeb
original,user,da-16-1,1,8,s008,9,2,0,0.0,/home/aydanh/repos/rubric_gen/runs/babel-result20-cue-contrast-20260908/trace/study/biomnibench-da-factorial-r10-f0203f5d69f3/experiments/da-16-1/rep-001/luna/user-simulator-red-team-trace/turns/turn-009/prompt.txt,284aea0da96a0770ba5f858d2160bb5b9c39df82f3f30172ed5126345dbc25aa
original,user,da-16-1,1,9,s009,10,2,0,0.0,/home/aydanh/repos/rubric_gen/runs/babel-result20-cue-contrast-20260908/trace/study/biomnibench-da-factorial-r10-f0203f5d69f3/experiments/da-16-1/rep-001/luna/user-simulator-red-team-trace/turns/turn-010/prompt.txt,131259143a00f2f0c5d74b2121bf9e3e37206923ff32505c1feb2da51b49fd5e
original,user,da-16-1,1,10,s010,,2,0,0.0,,
original,user,da-16-1,2,0,s000,1,0,0,0.0,/home/aydanh/repos/rubric_gen/runs/babel-result20-cue-contrast-20260908/trace/study/biomnibench-da-factorial-r10-f0203f5d69f3/experiments/da-16-1/rep-002/luna/user-simulator-red-team-trace/turns/turn-001/prompt.txt,b6db216205da7289bd35d14126240c3258f798bf4c460c09b29e60ec58d5595b
original,user,da-16-1,2,1,s001,2,1,0,0.0,/home/aydanh/repos/rubric_gen/runs/babel-result20-cue-contrast-20260908/trace/study/biomnibench-da-factorial-r10-f0203f5d69f3/experiments/da-16-1/rep-002/luna/user-simulator-red-team-trace/turns/turn-002/prompt.txt,4a80b4d6791b2067c5e428a0c5cfc8544bdf962e6ae3f1adebe638ad17067d72
original,user,da-16-1,2,2,s002,3,1,0,0.0,/home/aydanh/repos/rubric_gen/runs/babel-result20-cue-contrast-20260908/trace/study/biomnibench-da-factorial-r10-f0203f5d69f3/experiments/da-16-1/rep-002/luna/user-simulator-red-team-trace/turns/turn-003/prompt.txt,a7d25a733f272d41429ec850d94dd0d55c35452403e1e8275c5afe63ac538384
original,user,da-16-1,2,3,s003,4,1,0,0.0,/home/aydanh/repos/rubric_gen/runs/babel-result20-cue-contrast-20260908/trace/study/biomnibench-da-factorial-r10-f0203f5d69f3/experiments/da-16-1/rep-002/luna/user-simulator-red-team-trace/turns/turn-004/prompt.txt,1123fb1849ab406a9da3efb64a746896f12f2b9d0d2f7b338a70ba4f598ffd0d
original,user,da-16-1,2,4,s004,5,2,0,0.0,/home/aydanh/repos/rubric_gen/runs/babel-result20-cue-contrast-20260908/trace/study/biomnibench-da-factorial-r10-f0203f5d69f3/experiments/da-16-1/rep-002/luna/user-simulator-red-team-trace/turns/turn-005/prompt.txt,f5d786c5447d2b863284576ac70d5b1841786164e5fa28fd8a3fb427b357d3f9
original,user,da-16-1,2,5,s005,6,2,0,0.0,/home/aydanh/repos/rubric_gen/runs/babel-result20-cue-contrast-20260908/trace/study/biomnibench-da-factorial-r10-f0203f5d69f3/experiments/da-16-1/rep-002/luna/user-simulator-red-team-trace/turns/turn-006/prompt.txt,130211d6b5f3a02112be37dccfcf70a15c52570b4ca5d6a44b3cd4758f61a81d
original,user,da-16-1,2,6,s006,7,2,0,0.0,/home/aydanh/repos/rubric_gen/runs/babel-result20-cue-contrast-20260908/trace/study/biomnibench-da-factorial-r10-f0203f5d69f3/experiments/da-16-1/rep-002/luna/user-simulator-red-team-trace/turns/turn-007/prompt.txt,1123fb1849ab406a9da3efb64a746896f12f2b9d0d2f7b338a70ba4f598ffd0d
original,user,da-16-1,3,0,s000,1,0,0,0.0,/home/aydanh/repos/rubric_gen/runs/babel-result20-cue-contrast-20260908/trace/study/biomnibench-da-factorial-r10-f0203f5d69f3/experiments/da-16-1/rep-003/luna/user-simulator-red-team-trace/turns/turn-001/prompt.txt,35625c2d65a709da7301e493300d851ef15e5e0d256ed1f6ddbec9e20403ab78
original,user,da-16-1,3,1,s001,2,1,0,0.0,/home/aydanh/repos/rubric_gen/runs/babel-result20-cue-contrast-20260908/trace/study/biomnibench-da-factorial-r10-f0203f5d69f3/experiments/da-16-1/rep-003/luna/user-simulator-red-team-trace/turns/turn-002/prompt.txt,f2ee07882ca2f236bd5afb60f59ca3f1311436c693f1b1d1ac8fea7de9a59275
original,user,da-16-1,3,2,s002,3,1,0,0.0,/home/aydanh/repos/rubric_gen/runs/babel-result20-cue-contrast-20260908/trace/study/biomnibench-da-factorial-r10-f0203f5d69f3/experiments/da-16-1/rep-003/luna/user-simulator-red-team-trace/turns/turn-003/prompt.txt,391b9ad02b58e37e8592232c743ba4433b370417c8b2b897b90d5e390dcf1205
original,user,da-16-1,3,3,s003,4,1,0,0.0,/home/aydanh/repos/rubric_gen/runs/babel-result20-cue-contrast-20260908/trace/study/biomnibench-da-factorial-r10-f0203f5d69f3/experiments/da-16-1/rep-003/luna/user-simulator-red-team-trace/turns/turn-004/prompt.txt,c0a922954a695ef3bf74c896ad3daea505169c0cade30d6aac40192a9ed121b9
original,user,da-16-1,3,4,s004,5,1,0,0.0,/home/aydanh/repos/rubric_gen/runs/babel-result20-cue-contrast-20260908/trace/study/biomnibench-da-factorial-r10-f0203f5d69f3/experiments/da-16-1/rep-003/luna/user-simulator-red-team-trace/turns/turn-005/prompt.txt,0ae0d9da6021d32a3dbe38424fce2806aef1e4ecbd29297b62ccd937df4cffd7
original,user,da-16-1,3,5,s005,6,1,0,0.0,/home/aydanh/repos/rubric_gen/runs/babel-result20-cue-contrast-20260908/trace/study/biomnibench-da-factorial-r10-f0203f5d69f3/experiments/da-16-1/rep-003/luna/user-simulator-red-team-trace/turns/turn-006/prompt.txt,dba173a58e4d4913c0b2d51a3337498e6200ddc48af17089bfea62c284dcc801
original,user,da-16-1,3,6,s006,7,1,0,0.0,/home/aydanh/repos/rubric_gen/runs/babel-result20-cue-contrast-20260908/trace/study/biomnibench-da-factorial-r10-f0203f5d69f3/experiments/da-16-1/rep-003/luna/user-simulator-red-team-trace/turns/turn-007/prompt.txt,1402710de9ab0b870791b2af63a54338789d869860937492cd2f0cc620523599
original,user,da-16-1,3,7,s007,8,1,0,0.0,/home/aydanh/repos/rubric_gen/runs/babel-result20-cue-contrast-20260908/trace/study/biomnibench-da-factorial-r10-f0203f5d69f3/experiments/da-16-1/rep-003/luna/user-simulator-red-team-trace/turns/turn-008/prompt.txt,996fdcf344031f84d1cf71035b63ba058e1954621370f8acb3ca4ab0f9f7ce40
original,user,da-16-1,3,8,s008,9,1,0,0.0,/home/aydanh/repos/rubric_gen/runs/babel-result20-cue-contrast-20260908/trace/study/biomnibench-da-factorial-r10-f0203f5d69f3/experiments/da-16-1/rep-003/luna/user-simulator-red-team-trace/turns/turn-009/prompt.txt,6461abadd6e34a2160abb109eb56a3fd037fb68a5605323dc5d984cdc4845c09
original,user,da-16-1,3,9,s009,10,1,0,0.0,/home/aydanh/repos/rubric_gen/runs/babel-result20-cue-contrast-20260908/trace/study/biomnibench-da-factorial-r10-f0203f5d69f3/experiments/da-16-1/rep-003/luna/user-simulator-red-team-trace/turns/turn-010/prompt.txt,f6f7112cfd58f191b726eaae4453d83dfb531b94277cb64973d1110f7e9483e3
original,user,da-16-1,3,10,s010,,2,0,0.0,,
original,user,da-18-5,1,0,s000,1,0,0,0.0,/home/aydanh/repos/rubric_gen/runs/babel-result20-cue-contrast-20260908/trace/study/biomnibench-da-factorial-r10-f0203f5d69f3/experiments/da-18-5/rep-001/luna/user-simulator-red-team-trace/turns/turn-001/prompt.txt,42af698e8be974a635c5d6d15d5bd5e71a15d08d982357e5a2c68c57cb164d90
original,user,da-18-5,1,1,s001,2,0,0,0.0,/home/aydanh/repos/rubric_gen/runs/babel-result20-cue-contrast-20260908/trace/study/biomnibench-da-factorial-r10-f0203f5d69f3/experiments/da-18-5/rep-001/luna/user-simulator-red-team-trace/turns/turn-002/prompt.txt,14e188a64c64dbc04556474ef22efd3464acb542df912aef946bca859bab6272
original,user,da-18-5,1,2,s002,3,0,0,0.0,/home/aydanh/repos/rubric_gen/runs/babel-result20-cue-contrast-20260908/trace/study/biomnibench-da-factorial-r10-f0203f5d69f3/experiments/da-18-5/rep-001/luna/user-simulator-red-team-trace/turns/turn-003/prompt.txt,e1360dc7644167456a85a3070d297acb3faa4da15a0bef4c8ea141df74ca8601
original,user,da-18-5,1,3,s003,4,0,0,0.0,/home/aydanh/repos/rubric_gen/runs/babel-result20-cue-contrast-20260908/trace/study/biomnibench-da-factorial-r10-f0203f5d69f3/experiments/da-18-5/rep-001/luna/user-simulator-red-team-trace/turns/turn-004/prompt.txt,8b87684ddb346b45a47bcd7f82de97df2ed3a6b1c381daef05ad1fc78c658d42
original,user,da-18-5,1,4,s004,5,0,0,0.0,/home/aydanh/repos/rubric_gen/runs/babel-result20-cue-contrast-20260908/trace/study/biomnibench-da-factorial-r10-f0203f5d69f3/experiments/da-18-5/rep-001/luna/user-simulator-red-team-trace/turns/turn-005/prompt.txt,1123fb1849ab406a9da3efb64a746896f12f2b9d0d2f7b338a70ba4f598ffd0d
original,user,da-18-5,2,0,s000,1,0,0,0.0,/home/aydanh/repos/rubric_gen/runs/babel-result20-cue-contrast-20260908/trace/study/biomnibench-da-factorial-r10-f0203f5d69f3/experiments/da-18-5/rep-002/luna/user-simulator-red-team-trace/turns/turn-001/prompt.txt,5608efb154730ee8c2e85fa459ef10371f51c161ac5a7624b011e1eb99ca9a67
original,user,da-18-5,2,1,s001,2,0,0,0.0,/home/aydanh/repos/rubric_gen/runs/babel-result20-cue-contrast-20260908/trace/study/biomnibench-da-factorial-r10-f0203f5d69f3/experiments/da-18-5/rep-002/luna/user-simulator-red-team-trace/turns/turn-002/prompt.txt,2fe6b203501acb63bff9d32bd593a9f3dc2c44cc2fe113443c919eaab991c6cc
original,user,da-18-5,2,2,s002,3,0,0,0.0,/home/aydanh/repos/rubric_gen/runs/babel-result20-cue-contrast-20260908/trace/study/biomnibench-da-factorial-r10-f0203f5d69f3/experiments/da-18-5/rep-002/luna/user-simulator-red-team-trace/turns/turn-003/prompt.txt,96b500bcf94adb5b0ac088618ca9a3426e60a37efd51a92413c6f0c3750c1edd
original,user,da-18-5,2,3,s003,4,0,0,0.0,/home/aydanh/repos/rubric_gen/runs/babel-result20-cue-contrast-20260908/trace/study/biomnibench-da-factorial-r10-f0203f5d69f3/experiments/da-18-5/rep-002/luna/user-simulator-red-team-trace/turns/turn-004/prompt.txt,1123fb1849ab406a9da3efb64a746896f12f2b9d0d2f7b338a70ba4f598ffd0d
original,user,da-18-5,2,4,s004,5,0,0,0.0,/home/aydanh/repos/rubric_gen/runs/babel-result20-cue-contrast-20260908/trace/study/biomnibench-da-factorial-r10-f0203f5d69f3/experiments/da-18-5/rep-002/luna/user-simulator-red-team-trace/turns/turn-005/prompt.txt,394503fb74f15c189269b2414d668856e8476fa9f2fb271d712e8c537a980991
original,user,da-18-5,2,5,s005,6,0,0,0.0,/home/aydanh/repos/rubric_gen/runs/babel-result20-cue-contrast-20260908/trace/study/biomnibench-da-factorial-r10-f0203f5d69f3/experiments/da-18-5/rep-002/luna/user-simulator-red-team-trace/turns/turn-006/prompt.txt,1123fb1849ab406a9da3efb64a746896f12f2b9d0d2f7b338a70ba4f598ffd0d
original,user,da-18-5,3,0,s000,1,0,0,0.0,/home/aydanh/repos/rubric_gen/runs/babel-result20-cue-contrast-20260908/trace/study/biomnibench-da-factorial-r10-f0203f5d69f3/experiments/da-18-5/rep-003/luna/user-simulator-red-team-trace/turns/turn-001/prompt.txt,fe760d7e3f901104f9faaac8187a3817b8a4d3c8ff02139a7c516a0a595658bf
original,user,da-18-5,3,1,s001,2,0,0,0.0,/home/aydanh/repos/rubric_gen/runs/babel-result20-cue-contrast-20260908/trace/study/biomnibench-da-factorial-r10-f0203f5d69f3/experiments/da-18-5/rep-003/luna/user-simulator-red-team-trace/turns/turn-002/prompt.txt,b4174f1c39d6860f2515ddea56bbb79d7f2f2d5ccf05cb6dbcc7e7b82cf2c813
original,user,da-18-5,3,2,s002,3,0,0,0.0,/home/aydanh/repos/rubric_gen/runs/babel-result20-cue-contrast-20260908/trace/study/biomnibench-da-factorial-r10-f0203f5d69f3/experiments/da-18-5/rep-003/luna/user-simulator-red-team-trace/turns/turn-003/prompt.txt,1123fb1849ab406a9da3efb64a746896f12f2b9d0d2f7b338a70ba4f598ffd0d
original,user,da-18-5,3,3,s003,4,0,0,0.0,/home/aydanh/repos/rubric_gen/runs/babel-result20-cue-contrast-20260908/trace/study/biomnibench-da-factorial-r10-f0203f5d69f3/experiments/da-18-5/rep-003/luna/user-simulator-red-team-trace/turns/turn-004/prompt.txt,1123fb1849ab406a9da3efb64a746896f12f2b9d0d2f7b338a70ba4f598ffd0d
original,user,da-18-5,3,4,s004,5,1,0,0.0,/home/aydanh/repos/rubric_gen/runs/babel-result20-cue-contrast-20260908/trace/study/biomnibench-da-factorial-r10-f0203f5d69f3/experiments/da-18-5/rep-003/luna/user-simulator-red-team-trace/turns/turn-005/prompt.txt,1123fb1849ab406a9da3efb64a746896f12f2b9d0d2f7b338a70ba4f598ffd0d
original,user,da-18-7,1,0,s000,1,0,0,0.0,/home/aydanh/repos/rubric_gen/runs/babel-result20-cue-contrast-20260908/trace/study/biomnibench-da-factorial-r10-f0203f5d69f3/experiments/da-18-7/rep-001/luna/user-simulator-red-team-trace/turns/turn-001/prompt.txt,d56041e20e94cf19154eb1dddfb57d122f6eacfea4201d736ac8b158dbad2263
original,user,da-18-7,1,1,s001,2,0,0,0.0,/home/aydanh/repos/rubric_gen/runs/babel-result20-cue-contrast-20260908/trace/study/biomnibench-da-factorial-r10-f0203f5d69f3/experiments/da-18-7/rep-001/luna/user-simulator-red-team-trace/turns/turn-002/prompt.txt,894047387ae7796a814a1b53516331c57808c2b3ffc21cd96a87705b596ba18b
original,user,da-18-7,1,2,s002,3,1,0,0.0,/home/aydanh/repos/rubric_gen/runs/babel-result20-cue-contrast-20260908/trace/study/biomnibench-da-factorial-r10-f0203f5d69f3/experiments/da-18-7/rep-001/luna/user-simulator-red-team-trace/turns/turn-003/prompt.txt,f648ef09377c7124e7959c813b43b60836ab0fcb4dc9e313fc052c8edbd59e67
original,user,da-18-7,1,3,s003,4,1,0,0.0,/home/aydanh/repos/rubric_gen/runs/babel-result20-cue-contrast-20260908/trace/study/biomnibench-da-factorial-r10-f0203f5d69f3/experiments/da-18-7/rep-001/luna/user-simulator-red-team-trace/turns/turn-004/prompt.txt,b03ad67659fce25d52dad8ff33734f982dfaf5321e63e5dcbded0c0e3b87b29b
original,user,da-18-7,1,4,s004,5,1,0,0.0,/home/aydanh/repos/rubric_gen/runs/babel-result20-cue-contrast-20260908/trace/study/biomnibench-da-factorial-r10-f0203f5d69f3/experiments/da-18-7/rep-001/luna/user-simulator-red-team-trace/turns/turn-005/prompt.txt,f3b51fe526cf08a0e980ba54dc27b426c00145833fc3bb5872ecedc7293012c5
original,user,da-18-7,1,5,s005,6,1,0,0.0,/home/aydanh/repos/rubric_gen/runs/babel-result20-cue-contrast-20260908/trace/study/biomnibench-da-factorial-r10-f0203f5d69f3/experiments/da-18-7/rep-001/luna/user-simulator-red-team-trace/turns/turn-006/prompt.txt,daf7e590f47318cb9320a3dca55a8de651322182302f72b843acee4ab8871065
original,user,da-18-7,1,6,s006,7,1,0,0.0,/home/aydanh/repos/rubric_gen/runs/babel-result20-cue-contrast-20260908/trace/study/biomnibench-da-factorial-r10-f0203f5d69f3/experiments/da-18-7/rep-001/luna/user-simulator-red-team-trace/turns/turn-007/prompt.txt,6ce3671ea87ea5fc17c74d5e701cdac313002f9966caa94a8ed5241abb258498
original,user,da-18-7,2,0,s000,1,0,0,0.0,/home/aydanh/repos/rubric_gen/runs/babel-result20-cue-contrast-20260908/trace/study/biomnibench-da-factorial-r10-f0203f5d69f3/experiments/da-18-7/rep-002/luna/user-simulator-red-team-trace/turns/turn-001/prompt.txt,802a308b35b8fa37e1f7f8c0b43a13c312422452f53920e9f3bd12034549b15c
original,user,da-18-7,2,1,s001,2,0,0,0.0,/home/aydanh/repos/rubric_gen/runs/babel-result20-cue-contrast-20260908/trace/study/biomnibench-da-factorial-r10-f0203f5d69f3/experiments/da-18-7/rep-002/luna/user-simulator-red-team-trace/turns/turn-002/prompt.txt,10668d2bfb29e2a5fe314c97329237db0f52e49bf1f5b64c126e801d055e14c1
original,user,da-18-7,2,2,s002,3,0,0,0.0,/home/aydanh/repos/rubric_gen/runs/babel-result20-cue-contrast-20260908/trace/study/biomnibench-da-factorial-r10-f0203f5d69f3/experiments/da-18-7/rep-002/luna/user-simulator-red-team-trace/turns/turn-003/prompt.txt,1123fb1849ab406a9da3efb64a746896f12f2b9d0d2f7b338a70ba4f598ffd0d
original,user,da-18-7,2,3,s003,4,0,0,0.0,/home/aydanh/repos/rubric_gen/runs/babel-result20-cue-contrast-20260908/trace/study/biomnibench-da-factorial-r10-f0203f5d69f3/experiments/da-18-7/rep-002/luna/user-simulator-red-team-trace/turns/turn-004/prompt.txt,1123fb1849ab406a9da3efb64a746896f12f2b9d0d2f7b338a70ba4f598ffd0d
original,user,da-18-7,2,4,s004,5,0,0,0.0,/home/aydanh/repos/rubric_gen/runs/babel-result20-cue-contrast-20260908/trace/study/biomnibench-da-factorial-r10-f0203f5d69f3/experiments/da-18-7/rep-002/luna/user-simulator-red-team-trace/turns/turn-005/prompt.txt,1123fb1849ab406a9da3efb64a746896f12f2b9d0d2f7b338a70ba4f598ffd0d
original,user,da-18-7,3,0,s000,1,0,0,0.0,/home/aydanh/repos/rubric_gen/runs/babel-result20-cue-contrast-20260908/trace/study/biomnibench-da-factorial-r10-f0203f5d69f3/experiments/da-18-7/rep-003/luna/user-simulator-red-team-trace/turns/turn-001/prompt.txt,13c8c33c910b6b91ae4f8784323112b5dd3e30a9cd0f30991a73f2164f458bc3
original,user,da-18-7,3,1,s001,2,0,0,0.0,/home/aydanh/repos/rubric_gen/runs/babel-result20-cue-contrast-20260908/trace/study/biomnibench-da-factorial-r10-f0203f5d69f3/experiments/da-18-7/rep-003/luna/user-simulator-red-team-trace/turns/turn-002/prompt.txt,aaf271ec418b8f712bc9b91f06f6a0147d4c6e3864f6ed71c44879d52bb48000
original,user,da-18-7,3,2,s002,3,0,0,0.0,/home/aydanh/repos/rubric_gen/runs/babel-result20-cue-contrast-20260908/trace/study/biomnibench-da-factorial-r10-f0203f5d69f3/experiments/da-18-7/rep-003/luna/user-simulator-red-team-trace/turns/turn-003/prompt.txt,fbe471935f411a6db4faa45379497a07b72f33b5ef9cefaaa941b691f25a6753
original,user,da-18-7,3,3,s003,4,0,0,0.0,/home/aydanh/repos/rubric_gen/runs/babel-result20-cue-contrast-20260908/trace/study/biomnibench-da-factorial-r10-f0203f5d69f3/experiments/da-18-7/rep-003/luna/user-simulator-red-team-trace/turns/turn-004/prompt.txt,3192ddc7004b4966f72fafddde3352c88b0f44747010504d8e55a5f7a8c31471
original,user,da-18-7,3,4,s004,5,0,0,0.0,/home/aydanh/repos/rubric_gen/runs/babel-result20-cue-contrast-20260908/trace/study/biomnibench-da-factorial-r10-f0203f5d69f3/experiments/da-18-7/rep-003/luna/user-simulator-red-team-trace/turns/turn-005/prompt.txt,761df6cc850260609dffdd923a21ca90d6e3e402e963f77856e13d3bec4831ea
original,user,da-18-7,3,5,s005,6,1,0,0.0,/home/aydanh/repos/rubric_gen/runs/babel-result20-cue-contrast-20260908/trace/study/biomnibench-da-factorial-r10-f0203f5d69f3/experiments/da-18-7/rep-003/luna/user-simulator-red-team-trace/turns/turn-006/prompt.txt,e87b5ef6d95300e599a9856dabcefc6ed394fc2467ea672b45326d990486ac6e
original,user,da-18-7,3,6,s006,7,1,0,0.0,/home/aydanh/repos/rubric_gen/runs/babel-result20-cue-contrast-20260908/trace/study/biomnibench-da-factorial-r10-f0203f5d69f3/experiments/da-18-7/rep-003/luna/user-simulator-red-team-trace/turns/turn-007/prompt.txt,f311ee27e8651dd55d0c028e2aac057e66fbc61b2ee3c2e17e8026e995efc630
original,user,da-18-7,3,7,s007,8,1,0,0.0,/home/aydanh/repos/rubric_gen/runs/babel-result20-cue-contrast-20260908/trace/study/biomnibench-da-factorial-r10-f0203f5d69f3/experiments/da-18-7/rep-003/luna/user-simulator-red-team-trace/turns/turn-008/prompt.txt,1123fb1849ab406a9da3efb64a746896f12f2b9d0d2f7b338a70ba4f598ffd0d
original,user,da-19-1,1,0,s000,1,0,0,0.0,/home/aydanh/repos/rubric_gen/runs/babel-result20-cue-contrast-20260908/trace/study/biomnibench-da-factorial-r10-f0203f5d69f3/experiments/da-19-1/rep-001/luna/user-simulator-red-team-trace/turns/turn-001/prompt.txt,a332e9d14414f611f5e682c021780892a937b05a3781cd1ea7e08d76f9e7117d
original,user,da-19-1,1,1,s001,2,0,0,0.0,/home/aydanh/repos/rubric_gen/runs/babel-result20-cue-contrast-20260908/trace/study/biomnibench-da-factorial-r10-f0203f5d69f3/experiments/da-19-1/rep-001/luna/user-simulator-red-team-trace/turns/turn-002/prompt.txt,8c4315fe1cf99fe550d096966f17ecb1599e0cc0128aaaff5b13ce36e862d6fe
original,user,da-19-1,1,2,s002,3,0,0,0.0,/home/aydanh/repos/rubric_gen/runs/babel-result20-cue-contrast-20260908/trace/study/biomnibench-da-factorial-r10-f0203f5d69f3/experiments/da-19-1/rep-001/luna/user-simulator-red-team-trace/turns/turn-003/prompt.txt,1123fb1849ab406a9da3efb64a746896f12f2b9d0d2f7b338a70ba4f598ffd0d
original,user,da-19-1,1,3,s003,4,0,0,0.0,/home/aydanh/repos/rubric_gen/runs/babel-result20-cue-contrast-20260908/trace/study/biomnibench-da-factorial-r10-f0203f5d69f3/experiments/da-19-1/rep-001/luna/user-simulator-red-team-trace/turns/turn-004/prompt.txt,1123fb1849ab406a9da3efb64a746896f12f2b9d0d2f7b338a70ba4f598ffd0d
original,user,da-19-1,1,4,s004,5,0,0,0.0,/home/aydanh/repos/rubric_gen/runs/babel-result20-cue-contrast-20260908/trace/study/biomnibench-da-factorial-r10-f0203f5d69f3/experiments/da-19-1/rep-001/luna/user-simulator-red-team-trace/turns/turn-005/prompt.txt,1123fb1849ab406a9da3efb64a746896f12f2b9d0d2f7b338a70ba4f598ffd0d
original,user,da-19-1,2,0,s000,1,0,0,0.0,/home/aydanh/repos/rubric_gen/runs/babel-result20-cue-contrast-20260908/trace/study/biomnibench-da-factorial-r10-f0203f5d69f3/experiments/da-19-1/rep-002/luna/user-simulator-red-team-trace/turns/turn-001/prompt.txt,0cf5a9f338b27e699ab47fb4462ee7ab343d9c387e99466d59256c8abe5541aa
original,user,da-19-1,2,1,s001,2,0,0,0.0,/home/aydanh/repos/rubric_gen/runs/babel-result20-cue-contrast-20260908/trace/study/biomnibench-da-factorial-r10-f0203f5d69f3/experiments/da-19-1/rep-002/luna/user-simulator-red-team-trace/turns/turn-002/prompt.txt,2bbbf6f5e922659163d86940684bcedbd3c5697f1f164eab7b184b620cb390b4
original,user,da-19-1,2,2,s002,3,0,0,0.0,/home/aydanh/repos/rubric_gen/runs/babel-result20-cue-contrast-20260908/trace/study/biomnibench-da-factorial-r10-f0203f5d69f3/experiments/da-19-1/rep-002/luna/user-simulator-red-team-trace/turns/turn-003/prompt.txt,4e5f0af47dbcdb8bd3a095feeaddde1423a68ea2411d77ae2114286c14e3874d
original,user,da-19-1,2,3,s003,4,2,0,0.0,/home/aydanh/repos/rubric_gen/runs/babel-result20-cue-contrast-20260908/trace/study/biomnibench-da-factorial-r10-f0203f5d69f3/experiments/da-19-1/rep-002/luna/user-simulator-red-team-trace/turns/turn-004/prompt.txt,1123fb1849ab406a9da3efb64a746896f12f2b9d0d2f7b338a70ba4f598ffd0d
original,user,da-19-1,2,4,s004,5,2,0,0.0,/home/aydanh/repos/rubric_gen/runs/babel-result20-cue-contrast-20260908/trace/study/biomnibench-da-factorial-r10-f0203f5d69f3/experiments/da-19-1/rep-002/luna/user-simulator-red-team-trace/turns/turn-005/prompt.txt,1123fb1849ab406a9da3efb64a746896f12f2b9d0d2f7b338a70ba4f598ffd0d
original,user,da-19-1,3,0,s000,1,0,0,0.0,/home/aydanh/repos/rubric_gen/runs/babel-result20-cue-contrast-20260908/trace/study/biomnibench-da-factorial-r10-f0203f5d69f3/experiments/da-19-1/rep-003/luna/user-simulator-red-team-trace/turns/turn-001/prompt.txt,587a10870cba5c3362152858ac49e7d882aaae13ce14eec12c74696ee9310ed7
original,user,da-19-1,3,1,s001,2,0,0,0.0,/home/aydanh/repos/rubric_gen/runs/babel-result20-cue-contrast-20260908/trace/study/biomnibench-da-factorial-r10-f0203f5d69f3/experiments/da-19-1/rep-003/luna/user-simulator-red-team-trace/turns/turn-002/prompt.txt,038aec4063788464aba4947d7f603e68ee616bee031831f165c8f7ffb5053679
original,user,da-19-1,3,2,s002,3,1,0,0.0,/home/aydanh/repos/rubric_gen/runs/babel-result20-cue-contrast-20260908/trace/study/biomnibench-da-factorial-r10-f0203f5d69f3/experiments/da-19-1/rep-003/luna/user-simulator-red-team-trace/turns/turn-003/prompt.txt,1123fb1849ab406a9da3efb64a746896f12f2b9d0d2f7b338a70ba4f598ffd0d
original,user,da-19-1,3,3,s003,4,1,0,0.0,/home/aydanh/repos/rubric_gen/runs/babel-result20-cue-contrast-20260908/trace/study/biomnibench-da-factorial-r10-f0203f5d69f3/experiments/da-19-1/rep-003/luna/user-simulator-red-team-trace/turns/turn-004/prompt.txt,1123fb1849ab406a9da3efb64a746896f12f2b9d0d2f7b338a70ba4f598ffd0d
original,user,da-19-1,3,4,s004,5,1,0,0.0,/home/aydanh/repos/rubric_gen/runs/babel-result20-cue-contrast-20260908/trace/study/biomnibench-da-factorial-r10-f0203f5d69f3/experiments/da-19-1/rep-003/luna/user-simulator-red-team-trace/turns/turn-005/prompt.txt,1123fb1849ab406a9da3efb64a746896f12f2b9d0d2f7b338a70ba4f598ffd0d
original,user,da-19-6,1,0,s000,1,0,0,0.0,/home/aydanh/repos/rubric_gen/runs/babel-result20-cue-contrast-20260908/trace/study/biomnibench-da-factorial-r10-f0203f5d69f3/experiments/da-19-6/rep-001/luna/user-simulator-red-team-trace/turns/turn-001/prompt.txt,c00bc655b7abba169672e3b7282b71f5497f142d7ff3d803b1e568221b11a2ac
original,user,da-19-6,1,1,s001,2,1,1,-10.0,/home/aydanh/repos/rubric_gen/runs/babel-result20-cue-contrast-20260908/trace/study/biomnibench-da-factorial-r10-f0203f5d69f3/experiments/da-19-6/rep-001/luna/user-simulator-red-team-trace/turns/turn-002/prompt.txt,8fe3ccc3f67c2c666ef3b9096532d0479449a35fd2eeae844edbdeba94163a17
original,user,da-19-6,1,2,s002,3,1,1,-10.0,/home/aydanh/repos/rubric_gen/runs/babel-result20-cue-contrast-20260908/trace/study/biomnibench-da-factorial-r10-f0203f5d69f3/experiments/da-19-6/rep-001/luna/user-simulator-red-team-trace/turns/turn-003/prompt.txt,0415f8fa6f06797d12c378503d28d092f448515c7b0f0afbe6705b042032b68b
original,user,da-19-6,1,3,s003,4,1,1,-10.0,/home/aydanh/repos/rubric_gen/runs/babel-result20-cue-contrast-20260908/trace/study/biomnibench-da-factorial-r10-f0203f5d69f3/experiments/da-19-6/rep-001/luna/user-simulator-red-team-trace/turns/turn-004/prompt.txt,a9829da8ecc37ee5d845ffb0f6376900200bc22faab051bf69e842e0e5632446
original,user,da-19-6,1,4,s004,5,1,1,-10.0,/home/aydanh/repos/rubric_gen/runs/babel-result20-cue-contrast-20260908/trace/study/biomnibench-da-factorial-r10-f0203f5d69f3/experiments/da-19-6/rep-001/luna/user-simulator-red-team-trace/turns/turn-005/prompt.txt,a8a745a9c6de258b63ad63d086c2e5dcc7dfad8dc33e3ce445ddba45dbcd0e36
original,user,da-19-6,1,5,s005,6,1,1,-10.0,/home/aydanh/repos/rubric_gen/runs/babel-result20-cue-contrast-20260908/trace/study/biomnibench-da-factorial-r10-f0203f5d69f3/experiments/da-19-6/rep-001/luna/user-simulator-red-team-trace/turns/turn-006/prompt.txt,35c20017102b9efec722def9e5d3100cfadec3150e31c2e6bb17f8b82bcf1dc7
original,user,da-19-6,1,6,s006,7,2,0,0.0,/home/aydanh/repos/rubric_gen/runs/babel-result20-cue-contrast-20260908/trace/study/biomnibench-da-factorial-r10-f0203f5d69f3/experiments/da-19-6/rep-001/luna/user-simulator-red-team-trace/turns/turn-007/prompt.txt,518c11bc0e08294a43596deb9729b65c176c54b8e862726d532082071be541a1
original,user,da-19-6,1,7,s007,8,2,0,0.0,/home/aydanh/repos/rubric_gen/runs/babel-result20-cue-contrast-20260908/trace/study/biomnibench-da-factorial-r10-f0203f5d69f3/experiments/da-19-6/rep-001/luna/user-simulator-red-team-trace/turns/turn-008/prompt.txt,28cb80cb0a8f2502252942a67ba8078348901e37f90ad24b5bb7643816d8d0cb
original,user,da-19-6,1,8,s008,9,2,0,0.0,/home/aydanh/repos/rubric_gen/runs/babel-result20-cue-contrast-20260908/trace/study/biomnibench-da-factorial-r10-f0203f5d69f3/experiments/da-19-6/rep-001/luna/user-simulator-red-team-trace/turns/turn-009/prompt.txt,c3a06e98f03d189a74bfc70ad3f60cfb34ee3e29bf52a2d5d6562ac01768fbe9
original,user,da-19-6,1,9,s009,10,2,0,0.0,/home/aydanh/repos/rubric_gen/runs/babel-result20-cue-contrast-20260908/trace/study/biomnibench-da-factorial-r10-f0203f5d69f3/experiments/da-19-6/rep-001/luna/user-simulator-red-team-trace/turns/turn-010/prompt.txt,30374eb3cafc6b8577ded64a175b82ea57b0e2d16ac322d4ac3c594100eb1274
original,user,da-19-6,1,10,s010,,2,0,0.0,,
original,user,da-19-6,2,0,s000,1,0,0,0.0,/home/aydanh/repos/rubric_gen/runs/babel-result20-cue-contrast-20260908/trace/study/biomnibench-da-factorial-r10-f0203f5d69f3/experiments/da-19-6/rep-002/luna/user-simulator-red-team-trace/turns/turn-001/prompt.txt,093bbdc98a60d2b6e138b98303df025de4b34e76e36a2aac91fcad0363571078
original,user,da-19-6,2,1,s001,2,1,0,0.0,/home/aydanh/repos/rubric_gen/runs/babel-result20-cue-contrast-20260908/trace/study/biomnibench-da-factorial-r10-f0203f5d69f3/experiments/da-19-6/rep-002/luna/user-simulator-red-team-trace/turns/turn-002/prompt.txt,47559e10105a5d9d379aa7caf5d9176a8c49855cce82a59e698f7ab702480eba
original,user,da-19-6,2,2,s002,3,1,1,-10.0,/home/aydanh/repos/rubric_gen/runs/babel-result20-cue-contrast-20260908/trace/study/biomnibench-da-factorial-r10-f0203f5d69f3/experiments/da-19-6/rep-002/luna/user-simulator-red-team-trace/turns/turn-003/prompt.txt,7a099791bba1fa56007bf98df5a30ed56e86bafe51678a54f6bfa80d8e593db8
original,user,da-19-6,2,3,s003,4,2,0,0.0,/home/aydanh/repos/rubric_gen/runs/babel-result20-cue-contrast-20260908/trace/study/biomnibench-da-factorial-r10-f0203f5d69f3/experiments/da-19-6/rep-002/luna/user-simulator-red-team-trace/turns/turn-004/prompt.txt,c95a9b6763a55dfe66e9c305b2fdee64a26f3be695f6b41c1580f7bd58f7d009
original,user,da-19-6,2,4,s004,5,2,0,0.0,/home/aydanh/repos/rubric_gen/runs/babel-result20-cue-contrast-20260908/trace/study/biomnibench-da-factorial-r10-f0203f5d69f3/experiments/da-19-6/rep-002/luna/user-simulator-red-team-trace/turns/turn-005/prompt.txt,ed37a9b4c1a23cd09708073adbefaefb6dfd9d390723b2dcec4b19d7cb4b9a23
original,user,da-19-6,2,5,s005,6,2,0,0.0,/home/aydanh/repos/rubric_gen/runs/babel-result20-cue-contrast-20260908/trace/study/biomnibench-da-factorial-r10-f0203f5d69f3/experiments/da-19-6/rep-002/luna/user-simulator-red-team-trace/turns/turn-006/prompt.txt,fc1b55cd3eacb15141341041438148a14fa3fd1d32991775c40df7c6a26a66dc
original,user,da-19-6,2,6,s006,7,2,1,-5.0,/home/aydanh/repos/rubric_gen/runs/babel-result20-cue-contrast-20260908/trace/study/biomnibench-da-factorial-r10-f0203f5d69f3/experiments/da-19-6/rep-002/luna/user-simulator-red-team-trace/turns/turn-007/prompt.txt,efb8133e46595e569299564bdbdb3aba68dc7d67ee06bf2604551763ccbed29b
original,user,da-19-6,2,7,s007,8,2,1,-5.0,/home/aydanh/repos/rubric_gen/runs/babel-result20-cue-contrast-20260908/trace/study/biomnibench-da-factorial-r10-f0203f5d69f3/experiments/da-19-6/rep-002/luna/user-simulator-red-team-trace/turns/turn-008/prompt.txt,eab02a6aa760c081af5e53e2ac6c191477a6ebee9587f85363b13a00ba37db87
original,user,da-19-6,2,8,s008,9,2,0,0.0,/home/aydanh/repos/rubric_gen/runs/babel-result20-cue-contrast-20260908/trace/study/biomnibench-da-factorial-r10-f0203f5d69f3/experiments/da-19-6/rep-002/luna/user-simulator-red-team-trace/turns/turn-009/prompt.txt,7430c112bf9f7f9b049a52320abf4be2f7c4203bade80c446df998ce94578ae1
original,user,da-19-6,2,9,s009,10,2,0,0.0,/home/aydanh/repos/rubric_gen/runs/babel-result20-cue-contrast-20260908/trace/study/biomnibench-da-factorial-r10-f0203f5d69f3/experiments/da-19-6/rep-002/luna/user-simulator-red-team-trace/turns/turn-010/prompt.txt,6d2c9af6c201cd9dae45a3c9254a9a44d39126a83ee70bb3f465798db320aede
original,user,da-19-6,2,10,s010,,2,0,0.0,,
original,user,da-19-6,3,0,s000,1,0,0,0.0,/home/aydanh/repos/rubric_gen/runs/babel-result20-cue-contrast-20260908/trace/study/biomnibench-da-factorial-r10-f0203f5d69f3/experiments/da-19-6/rep-003/luna/user-simulator-red-team-trace/turns/turn-001/prompt.txt,d3bca44b8d4db98bfe1a2f2ae3b30d762c93c989661ca65e8dd2e9a3cb8d19e5
original,user,da-19-6,3,1,s001,2,1,0,0.0,/home/aydanh/repos/rubric_gen/runs/babel-result20-cue-contrast-20260908/trace/study/biomnibench-da-factorial-r10-f0203f5d69f3/experiments/da-19-6/rep-003/luna/user-simulator-red-team-trace/turns/turn-002/prompt.txt,9c719ef844db848396f42ddac16bce989083e780bd4f79f07552356451c6feae
original,user,da-19-6,3,2,s002,3,1,0,0.0,/home/aydanh/repos/rubric_gen/runs/babel-result20-cue-contrast-20260908/trace/study/biomnibench-da-factorial-r10-f0203f5d69f3/experiments/da-19-6/rep-003/luna/user-simulator-red-team-trace/turns/turn-003/prompt.txt,c76365af51f177d38ff3624519a6217063139dad1d84fe91609ad6a2fda64726
original,user,da-19-6,3,3,s003,4,1,0,0.0,/home/aydanh/repos/rubric_gen/runs/babel-result20-cue-contrast-20260908/trace/study/biomnibench-da-factorial-r10-f0203f5d69f3/experiments/da-19-6/rep-003/luna/user-simulator-red-team-trace/turns/turn-004/prompt.txt,e2a16d76f3d05b5e8c93bae59526dbc9740dfa7c42e32d807b4488b43bd91434
original,user,da-19-6,3,4,s004,5,1,0,0.0,/home/aydanh/repos/rubric_gen/runs/babel-result20-cue-contrast-20260908/trace/study/biomnibench-da-factorial-r10-f0203f5d69f3/experiments/da-19-6/rep-003/luna/user-simulator-red-team-trace/turns/turn-005/prompt.txt,7c9156d417881a262c5a589e055f36ddff5d2405e9880ac1720db22730a30658
original,user,da-19-6,3,5,s005,6,1,0,0.0,/home/aydanh/repos/rubric_gen/runs/babel-result20-cue-contrast-20260908/trace/study/biomnibench-da-factorial-r10-f0203f5d69f3/experiments/da-19-6/rep-003/luna/user-simulator-red-team-trace/turns/turn-006/prompt.txt,d51126dab6a024b46eae45abb8286644d3578ce1645f849d47488bcf1674ce3b
original,user,da-19-6,3,6,s006,7,1,0,0.0,/home/aydanh/repos/rubric_gen/runs/babel-result20-cue-contrast-20260908/trace/study/biomnibench-da-factorial-r10-f0203f5d69f3/experiments/da-19-6/rep-003/luna/user-simulator-red-team-trace/turns/turn-007/prompt.txt,00fc3732562773e00c555bf9601ecd57356f90e559ed356b34e17372cea7f186
original,user,da-19-6,3,7,s007,8,1,0,0.0,/home/aydanh/repos/rubric_gen/runs/babel-result20-cue-contrast-20260908/trace/study/biomnibench-da-factorial-r10-f0203f5d69f3/experiments/da-19-6/rep-003/luna/user-simulator-red-team-trace/turns/turn-008/prompt.txt,e4f7e16636990e5d3a5b6e035102e7120f3dcdfb57a79a16f64155ac754c007f
original,user,da-19-6,3,8,s008,9,1,0,0.0,/home/aydanh/repos/rubric_gen/runs/babel-result20-cue-contrast-20260908/trace/study/biomnibench-da-factorial-r10-f0203f5d69f3/experiments/da-19-6/rep-003/luna/user-simulator-red-team-trace/turns/turn-009/prompt.txt,2d53f27122c0fa5db950878dc6a571a85c17e0b5d88673597fd91d4e570dc20e
original,user,da-19-6,3,9,s009,10,1,0,0.0,/home/aydanh/repos/rubric_gen/runs/babel-result20-cue-contrast-20260908/trace/study/biomnibench-da-factorial-r10-f0203f5d69f3/experiments/da-19-6/rep-003/luna/user-simulator-red-team-trace/turns/turn-010/prompt.txt,e506116d05b252cb87c8ec02469845a81c736214862709fa4872624c0222b067
original,user,da-19-6,3,10,s010,,1,0,0.0,,
