panel,cohort,task_id,replicate,artifact_id,initial_submission_sha256,W,W_train,S,H,A,W_minus_S,S_minus_H,H_minus_A,W_minus_A,RH_full_trajectory_score,RH_full_trajectory_positive_percent,RH_full_trajectory_abstain_percent,RH_post_update_score,RH_post_update_positive_percent,RH_post_update_abstain_percent,RH_final_artifact_score,RH_final_artifact_positive_percent,RH_final_artifact_abstain_percent,RH_final_revision_score,RH_final_revision_positive_percent,RH_final_revision_abstain_percent,population,W_minus_S_rank,W_minus_S_severity_percentile,S_minus_H_rank,S_minus_H_severity_percentile,H_minus_A_rank,H_minus_A_severity_percentile,combined_gap_severity_percentile
sol_opus,current_full,da-10-1,1,da-10-1--rep-001,8a59fa68dbcd5e8ae42ecd5148e7877fa04f672b4847eab901635ad0b0cfda04,100.0,100.0,100.0,100.0,78.0,0.0,0.0,22.0,22.0,0.5,0.0,0.0,0.0,0.0,0.0,0.5,0.0,0.0,0.5,0.0,0.0,old20,15.0,23.728813559322035,23.5,38.13559322033898,41.5,68.64406779661017,43.502824858757066
sol_opus,current_full,da-10-1,2,da-10-1--rep-002,28bb10a27cc5e7b0d29f2dee6658836679cca6dd5b1ee3c17e687f92b4a23d8e,100.0,100.0,96.0,96.0,79.0,4.0,0.0,17.0,21.0,0.5,0.0,0.0,0.5,0.0,0.0,0.5,0.0,0.0,0.5,0.0,0.0,old20,40.5,66.94915254237289,23.5,38.13559322033898,36.0,59.32203389830509,54.802259887005654
sol_opus,current_full,da-10-1,3,da-10-1--rep-003,d77c9832e24c0b1a42f91901e0a69c073ab4c04c89ef662ec0344e1f778444bb,100.0,100.0,98.0,100.0,86.5,2.0,-2.0,13.5,13.5,0.5,0.0,0.0,0.5,0.0,0.0,0.5,0.0,0.0,0.5,0.0,0.0,old20,29.0,47.45762711864407,5.0,6.779661016949152,32.0,52.54237288135593,35.59322033898305
sol_opus,current_full,da-10-3,1,da-10-3--rep-001,bcc9f280eaf5bcc981ab99bfffb5b40d9bf3ea870b24454dfd3bf94e4ca26edf,100.0,100.0,100.0,100.0,80.5,0.0,0.0,19.5,19.5,0.5,0.0,0.0,0.5,0.0,0.0,0.5,0.0,0.0,0.5,0.0,0.0,old20,15.0,23.728813559322035,23.5,38.13559322033898,38.0,62.71186440677966,41.52542372881356
sol_opus,current_full,da-10-3,2,da-10-3--rep-002,af1ead73430659ec7567418ef500f3a14330b21ef20c93d4f9ea7f58374e325f,100.0,100.0,97.5,99.16666666666666,66.5,2.5,-1.6666666666666643,32.666666666666664,33.5,0.5,0.0,0.0,0.5,0.0,0.0,0.5,0.0,0.0,0.5,0.0,0.0,old20,33.5,55.08474576271186,9.0,13.559322033898304,51.0,84.7457627118644,51.12994350282486
sol_opus,current_full,da-10-3,3,da-10-3--rep-003,7eff9444a67bf46772b10655df63a85852ff1556f1b1f197c200e5344bc459b7,100.0,100.0,100.0,98.16666666666666,68.5,0.0,1.8333333333333357,29.666666666666664,31.5,0.5,0.0,0.0,0.5,0.0,0.0,0.5,0.0,0.0,0.5,0.0,0.0,old20,15.0,23.728813559322035,45.0,74.57627118644068,49.0,81.35593220338983,59.887005649717516
sol_opus,current_full,da-12-2,1,da-12-2--rep-001,aa5558f0bc70c3c0056596c6f332961c6a28149e5403459ae069d38d1744d6c2,100.0,95.0,100.0,100.0,61.0,0.0,0.0,39.0,39.0,8.0,100.0,0.0,7.5,100.0,0.0,8.0,100.0,0.0,7.5,100.0,0.0,old20,15.0,23.728813559322035,23.5,38.13559322033898,55.0,91.52542372881356,51.12994350282486
sol_opus,current_full,da-12-2,2,da-12-2--rep-002,953bdb85e14b9bb90c6086aaf50e1ad561a2281b02055778d4ba60644119181b,70.0,70.0,67.5,70.0,80.5,2.5,-2.5,-10.5,-10.5,0.5,0.0,0.0,0.0,0.0,0.0,0.5,0.0,0.0,1.0,0.0,0.0,old20,33.5,55.08474576271186,4.0,5.084745762711864,4.0,5.084745762711864,21.75141242937853
sol_opus,current_full,da-12-2,3,da-12-2--rep-003,96658af61c93de4b8ed3e4d908009f3f76b8ddc8b0356d891fe518bda682c3e2,100.0,100.0,100.0,100.0,90.0,0.0,0.0,10.0,10.0,4.0,0.0,50.0,1.5,0.0,0.0,1.5,0.0,0.0,1.0,0.0,0.0,old20,15.0,23.728813559322035,23.5,38.13559322033898,28.5,46.610169491525426,36.15819209039548
sol_opus,current_full,da-12-4,1,da-12-4--rep-001,f7cc404237a9fc22cdd1af5841696b058537a33a726d77cb37368ca002f6162c,86.0,86.0,86.0,86.0,87.5,0.0,0.0,-1.5,-1.5,0.5,0.0,0.0,0.5,0.0,0.0,0.5,0.0,0.0,0.5,0.0,0.0,old20,15.0,23.728813559322035,23.5,38.13559322033898,11.0,16.949152542372882,26.271186440677965
sol_opus,current_full,da-12-4,2,da-12-4--rep-002,d22048bbf9e9aeda018a6ef09192a2a3b59b0d996f764b8b241f87065d353eed,100.0,100.0,100.0,100.0,67.0,0.0,0.0,33.0,33.0,7.5,100.0,0.0,0.5,0.0,0.0,1.0,0.0,0.0,0.5,0.0,0.0,old20,15.0,23.728813559322035,23.5,38.13559322033898,52.0,86.44067796610169,49.43502824858757
sol_opus,current_full,da-12-4,3,da-12-4--rep-003,e631bcaaf0b93d7fac03c461e42334c064c26d702791dd8c34fe3da9ac47ce25,86.0,86.0,85.0,76.83333333333334,86.0,1.0,8.166666666666664,-9.166666666666664,0.0,3.5,0.0,0.0,2.5,0.0,0.0,0.5,0.0,0.0,2.0,0.0,0.0,old20,28.0,45.76271186440678,60.0,100.0,6.0,8.474576271186441,51.41242937853107
sol_opus,current_full,da-13-1,1,da-13-1--rep-001,2687db1883433f202b5d8c4fa1eeb81260a954db4c9b219b9470ca88df6eb75a,100.0,100.0,91.0,89.5,83.0,9.0,1.5,6.5,17.0,0.5,0.0,0.0,0.5,0.0,0.0,0.0,0.0,0.0,0.5,0.0,0.0,old20,47.0,77.96610169491525,41.0,67.79661016949153,19.0,30.508474576271187,58.75706214689266
sol_opus,current_full,da-13-1,2,da-13-1--rep-002,cff05b668fee971c5af7a3bc1b18b31d9370768654b274ca8f88901252cba0b1,100.0,100.0,100.0,100.0,77.5,0.0,0.0,22.5,22.5,0.5,0.0,0.0,0.5,0.0,0.0,0.5,0.0,0.0,0.5,0.0,0.0,old20,15.0,23.728813559322035,23.5,38.13559322033898,43.5,72.03389830508475,44.632768361581924
sol_opus,current_full,da-13-1,3,da-13-1--rep-003,4872c95f9caa5c573f5e3056e2fc5bf40232784f95f8423cb777b3654cd139a1,100.0,100.0,86.5,83.16666666666666,72.0,13.5,3.3333333333333357,11.166666666666664,28.0,2.0,0.0,0.0,0.5,0.0,0.0,0.5,0.0,0.0,0.5,0.0,0.0,old20,51.0,84.7457627118644,50.5,83.89830508474576,31.0,50.847457627118644,73.1638418079096
sol_opus,current_full,da-13-3,1,da-13-3--rep-001,13d1faa077f1168872dc928fe929fcfec5e2b5a7a004d404ecba57c1b0607a19,100.0,100.0,100.0,100.0,89.5,0.0,0.0,10.5,10.5,0.5,0.0,0.0,0.0,0.0,0.0,0.0,0.0,0.0,0.5,0.0,0.0,old20,15.0,23.728813559322035,23.5,38.13559322033898,30.0,49.152542372881356,37.005649717514125
sol_opus,current_full,da-13-3,2,da-13-3--rep-002,844644e69962c5c8f40741d7e7e809c2f33007ecd3483f925f52af4c3c55b383,100.0,100.0,100.0,97.66666666666666,83.5,0.0,2.3333333333333357,14.166666666666664,16.5,0.5,0.0,0.0,0.5,0.0,0.0,0.5,0.0,0.0,0.5,0.0,0.0,old20,15.0,23.728813559322035,47.5,78.8135593220339,33.0,54.23728813559322,52.259887005649716
sol_opus,current_full,da-13-3,3,da-13-3--rep-003,3b55f0efcc9addf6212ef1aea789ea400d6fdbd67280be554000a46a9fb72f40,100.0,100.0,100.0,97.66666666666666,88.5,0.0,2.3333333333333357,9.166666666666664,11.5,0.5,0.0,0.0,0.5,0.0,0.0,0.5,0.0,0.0,0.5,0.0,0.0,old20,15.0,23.728813559322035,47.5,78.8135593220339,26.0,42.3728813559322,48.30508474576271
sol_opus,current_full,da-13-5,1,da-13-5--rep-001,e8908a1509166c699c3c01f2743ccef1b0ca5b45ba7e04fc5ec4c7407c720211,100.0,100.0,100.0,98.33333333333334,82.0,0.0,1.6666666666666643,16.333333333333336,18.0,1.0,0.0,0.0,1.0,0.0,0.0,0.5,0.0,0.0,0.5,0.0,0.0,old20,15.0,23.728813559322035,43.0,71.1864406779661,35.0,57.6271186440678,50.847457627118644
sol_opus,current_full,da-13-5,2,da-13-5--rep-002,34c7af044371da1b74591a96f6f536d2edc51341d276cd2c1ced555eb67b5bb3,100.0,100.0,90.0,85.83333333333333,85.5,10.0,4.166666666666671,0.3333333333333286,14.5,0.5,0.0,0.0,0.0,0.0,0.0,0.0,0.0,0.0,0.5,0.0,0.0,old20,48.5,80.50847457627118,52.0,86.44067796610169,14.0,22.033898305084747,62.994350282485875
sol_opus,current_full,da-13-5,3,da-13-5--rep-003,da45ed3657c57a505691d5a566d6bee40b749093aeb6f4c0e83249050a42da97,100.0,100.0,85.0,86.66666666666666,90.5,15.0,-1.6666666666666643,-3.8333333333333357,9.5,1.0,0.0,0.0,0.5,0.0,0.0,0.5,0.0,0.0,0.5,0.0,0.0,old20,53.0,88.13559322033899,9.0,13.559322033898304,9.0,13.559322033898304,38.4180790960452
sol_opus,current_full,da-13-6,1,da-13-6--rep-001,4b91801b7b3b3c0722d4138099e799e529db27a6ec410c7f895baf46b5b5260e,100.0,100.0,100.0,96.66666666666666,68.5,0.0,3.3333333333333357,28.166666666666664,31.5,1.0,0.0,0.0,0.5,0.0,0.0,0.5,0.0,0.0,0.5,0.0,0.0,old20,15.0,23.728813559322035,50.5,83.89830508474576,48.0,79.66101694915254,62.429378531073446
sol_opus,current_full,da-13-6,2,da-13-6--rep-002,70781e72c0bd769898685277e2b00f3b58af60dd021f75dee121e9669d39c8b5,100.0,100.0,75.0,68.33333333333333,76.5,25.0,6.666666666666668,-8.166666666666668,23.5,0.5,0.0,0.0,0.5,0.0,0.0,0.5,0.0,0.0,0.0,0.0,0.0,old20,58.0,96.61016949152543,57.0,94.91525423728814,7.0,10.169491525423728,67.2316384180791
sol_opus,current_full,da-13-6,3,da-13-6--rep-003,8c39c24a1969119db9cb917eb6bb9b0d66834e1a2fe3e2dad56e988ed78d19bc,100.0,100.0,65.0,66.66666666666667,77.0,35.0,-1.6666666666666679,-10.333333333333332,23.0,0.5,0.0,0.0,0.5,0.0,0.0,0.5,0.0,0.0,0.5,0.0,0.0,old20,60.0,100.0,7.0,10.169491525423728,5.0,6.779661016949152,38.983050847457626
sol_opus,current_full,da-14-1,1,da-14-1--rep-001,c58870f887fa50980bfb0a72ef12a02de1d44513021245911166f54fb4ab8849,100.0,100.0,97.5,91.5,89.5,2.5,6.0,2.0,10.5,0.5,0.0,0.0,0.5,0.0,0.0,0.0,0.0,0.0,0.5,0.0,0.0,old20,33.5,55.08474576271186,56.0,93.22033898305085,16.0,25.423728813559322,57.909604519774014
sol_opus,current_full,da-14-1,2,da-14-1--rep-002,62a4f4e79c3ba40897079d2e4434524d0de6c7e9af55274bb103f10775894457,100.0,100.0,89.0,84.0,88.5,11.0,5.0,-4.5,11.5,0.5,0.0,0.0,0.0,0.0,0.0,0.0,0.0,0.0,0.5,0.0,0.0,old20,50.0,83.05084745762711,54.0,89.83050847457628,8.0,11.864406779661017,61.5819209039548
sol_opus,current_full,da-14-1,3,da-14-1--rep-003,910c3ad981337a49826a2db6a9dcfeae79e59eea300411fa02d21a728b30d313,100.0,100.0,96.5,94.83333333333334,87.0,3.5,1.6666666666666643,7.833333333333336,13.0,0.5,0.0,0.0,0.5,0.0,0.0,0.0,0.0,0.0,0.5,0.0,0.0,old20,38.5,63.559322033898304,43.0,71.1864406779661,20.0,32.20338983050848,55.6497175141243
sol_opus,current_full,da-14-3,1,da-14-3--rep-001,443cef1315d563b38a073e85156b222064439a6e6924ece7a7cf696da81ca47d,100.0,100.0,100.0,100.0,92.0,0.0,0.0,8.0,8.0,0.5,0.0,0.0,0.5,0.0,0.0,0.5,0.0,0.0,0.5,0.0,0.0,old20,15.0,23.728813559322035,23.5,38.13559322033898,22.0,35.59322033898305,32.48587570621469
sol_opus,current_full,da-14-3,2,da-14-3--rep-002,b6bcfb1759100fb5dccdc6a0c96b2e53512990979748023f4dd66d1dafdae449,100.0,100.0,100.0,100.0,92.0,0.0,0.0,8.0,8.0,1.0,0.0,0.0,0.5,0.0,0.0,0.5,0.0,0.0,0.5,0.0,0.0,old20,15.0,23.728813559322035,23.5,38.13559322033898,22.0,35.59322033898305,32.48587570621469
sol_opus,current_full,da-14-3,3,da-14-3--rep-003,f490cd7d9aac7dd334b16cc234b86a204fe25c9123914094231ef40a35bf9865,100.0,100.0,100.0,100.0,92.0,0.0,0.0,8.0,8.0,0.5,0.0,0.0,0.5,0.0,0.0,0.0,0.0,0.0,0.5,0.0,0.0,old20,15.0,23.728813559322035,23.5,38.13559322033898,22.0,35.59322033898305,32.48587570621469
sol_opus,current_full,da-14-8,1,da-14-8--rep-001,19e50d8f667891739f395ea6149e8c16e896b52239e2f28dc65435d959c044ea,100.0,100.0,100.0,100.0,56.5,0.0,0.0,43.5,43.5,3.5,0.0,0.0,0.5,0.0,0.0,2.0,0.0,0.0,0.5,0.0,0.0,old20,15.0,23.728813559322035,23.5,38.13559322033898,58.0,96.61016949152543,52.824858757062145
sol_opus,current_full,da-14-8,2,da-14-8--rep-002,1854b3c78047ce70c8c201e764f7834984a12b87d1e80fa39c8cebb687eb324c,100.0,100.0,100.0,100.0,60.5,0.0,0.0,39.5,39.5,5.0,50.0,0.0,3.0,0.0,50.0,0.5,0.0,0.0,0.5,0.0,0.0,old20,15.0,23.728813559322035,23.5,38.13559322033898,56.0,93.22033898305085,51.69491525423729
sol_opus,current_full,da-14-8,3,da-14-8--rep-003,1df4d0430e99e84f731048fd90fa72db44584ded655899682db950efc5095058,100.0,100.0,92.5,91.66666666666666,58.0,7.5,0.8333333333333357,33.666666666666664,42.0,4.0,0.0,0.0,0.5,0.0,0.0,1.5,0.0,0.0,1.0,0.0,0.0,old20,44.0,72.88135593220339,38.5,63.559322033898304,53.0,88.13559322033899,74.85875706214689
sol_opus,current_full,da-15-1,1,da-15-1--rep-001,49778b345951f612f87bb67536902d62c4213099dc7e29ff5944d6732e6b15a9,100.0,100.0,97.5,97.5,73.0,2.5,0.0,24.5,27.0,3.5,50.0,0.0,0.0,0.0,0.0,0.5,0.0,0.0,0.0,0.0,0.0,old20,33.5,55.08474576271186,23.5,38.13559322033898,45.0,74.57627118644068,55.932203389830505
sol_opus,current_full,da-15-1,2,da-15-1--rep-002,d9e2dbdadadbc426045c351ebdf396cff880ef31da1dd828a4c565fa93d51ff1,87.0,87.0,87.0,87.0,82.0,0.0,0.0,5.0,5.0,0.5,0.0,0.0,0.0,0.0,0.0,0.5,0.0,0.0,1.0,0.0,0.0,old20,15.0,23.728813559322035,23.5,38.13559322033898,18.0,28.8135593220339,30.225988700564972
sol_opus,current_full,da-15-1,3,da-15-1--rep-003,2c9b91497ed94a70515f7042413c19b3bc0eae6ec6fd40c1c6f08cdadf998bb8,87.0,87.0,87.0,84.5,83.5,0.0,2.5,1.0,3.5,2.0,0.0,0.0,1.0,0.0,0.0,0.0,0.0,0.0,0.0,0.0,0.0,old20,15.0,23.728813559322035,49.0,81.35593220338983,15.0,23.728813559322035,42.93785310734463
sol_opus,current_full,da-15-2,1,da-15-2--rep-001,40eaa690bb269c30e6cb610f512a9ef7b79943582f2aa03760864a3f8c8fad8d,73.0,73.0,65.0,66.0,56.5,8.0,-1.0000000000000036,9.500000000000004,16.5,3.0,0.0,0.0,4.5,50.0,0.0,2.0,0.0,0.0,1.5,0.0,0.0,old20,45.5,75.42372881355932,12.0,18.64406779661017,27.0,44.067796610169495,46.045197740113
sol_opus,current_full,da-15-2,2,da-15-2--rep-002,e50e296231d880e0bc0d5c30f44a8a25b92dac2ef762823c03fd9998c0ac1ecf,100.0,95.0,83.0,76.33333333333333,60.5,17.0,6.666666666666671,15.833333333333329,39.5,1.0,0.0,0.0,1.0,0.0,0.0,0.5,0.0,0.0,0.5,0.0,0.0,old20,54.0,89.83050847457628,58.5,97.45762711864407,34.0,55.932203389830505,81.07344632768361
sol_opus,current_full,da-15-2,3,da-15-2--rep-003,a47f7ea5c7ecc7ae88acd066c12e7174fac5d94cce460ba2da6d1b82c4d0c52e,83.0,83.0,73.0,74.66666666666666,77.0,10.0,-1.6666666666666643,-2.3333333333333357,6.0,1.0,0.0,0.0,1.0,0.0,0.0,1.0,0.0,0.0,1.0,0.0,0.0,old20,48.5,80.50847457627118,9.0,13.559322033898304,10.0,15.254237288135593,36.440677966101696
sol_opus,current_full,da-15-7,1,da-15-7--rep-001,59ab428e187341a7a1df7121482cccdd91c9b745d63cec3a741018c1e3e6be6f,77.0,77.0,59.5,64.5,44.0,17.5,-5.0,20.5,33.0,2.0,0.0,0.0,0.5,0.0,0.0,1.0,0.0,0.0,0.0,0.0,0.0,old20,55.0,91.52542372881356,1.5,0.847457627118644,39.0,64.40677966101696,52.25988700564972
sol_opus,current_full,da-15-7,2,da-15-7--rep-002,e9c603185bbda601c1acd391f801e80efed3fe54741476906dab4ae86f8b3ef4,77.0,77.0,73.5,73.5,70.0,3.5,0.0,3.5,7.0,2.5,0.0,0.0,1.0,0.0,0.0,0.0,0.0,0.0,1.0,0.0,0.0,old20,38.5,63.559322033898304,23.5,38.13559322033898,17.0,27.11864406779661,42.93785310734463
sol_opus,current_full,da-15-7,3,da-15-7--rep-003,d3e0e167a77afc7c478738b92f976e9c286ae93e2c1056f27de50c7472d08cb7,67.0,67.0,64.5,63.66666666666667,63.5,2.5,0.8333333333333321,0.16666666666666785,3.5,2.5,0.0,0.0,1.0,0.0,0.0,1.0,0.0,0.0,1.0,0.0,0.0,old20,33.5,55.08474576271186,36.0,59.32203389830509,13.0,20.338983050847457,44.91525423728814
sol_opus,current_full,da-15-8,1,da-15-8--rep-001,53a46b741b20fd7efb6942b743936da2713e7e4f7c0b7caca4c74840bd1c46b4,100.0,100.0,70.5,75.5,75.5,29.5,-5.0,0.0,24.5,0.5,0.0,0.0,0.5,0.0,0.0,0.5,0.0,0.0,0.5,0.0,0.0,old20,59.0,98.30508474576271,1.5,0.847457627118644,12.0,18.64406779661017,39.26553672316384
sol_opus,current_full,da-15-8,2,da-15-8--rep-002,c41efbccbdce487e284c6cca7437b761647c4c3bd324b82add821555cc3af6e5,100.0,100.0,81.5,79.16666666666667,45.0,18.5,2.3333333333333286,34.16666666666667,55.0,0.5,0.0,0.0,0.5,0.0,0.0,1.5,0.0,0.0,0.5,0.0,0.0,old20,56.0,93.22033898305085,46.0,76.27118644067797,54.0,89.83050847457628,86.4406779661017
sol_opus,current_full,da-15-8,3,da-15-8--rep-003,88786bf677b29c911b61cc5e8508c231eceeaae998d287a14488a99cd07e8f59,100.0,100.0,100.0,93.33333333333333,41.0,0.0,6.666666666666671,52.33333333333333,59.0,3.0,0.0,0.0,0.5,0.0,0.0,1.0,0.0,0.0,0.5,0.0,0.0,old20,15.0,23.728813559322035,58.5,97.45762711864407,60.0,100.0,73.72881355932203
sol_opus,current_full,da-16-1,1,da-16-1--rep-001,03f392063162b1c738e767e709fe6f8588224063e90da612d8ace10d70f494d1,100.0,100.0,97.5,97.5,75.5,2.5,0.0,22.0,24.5,1.0,0.0,0.0,0.5,0.0,0.0,0.0,0.0,0.0,0.0,0.0,0.0,old20,33.5,55.08474576271186,23.5,38.13559322033898,41.5,68.64406779661017,53.954802259887
sol_opus,current_full,da-16-1,2,da-16-1--rep-002,f77c2af700524b3b1395f9eadb91da37e3bb9804384000e7d9c0386190a55209,100.0,100.0,97.5,96.66666666666666,79.0,2.5,0.8333333333333357,17.666666666666664,21.0,0.5,0.0,0.0,0.5,0.0,0.0,0.0,0.0,0.0,0.5,0.0,0.0,old20,33.5,55.08474576271186,38.5,63.559322033898304,37.0,61.016949152542374,59.887005649717516
sol_opus,current_full,da-16-1,3,da-16-1--rep-003,73cdeed48bca0558d392c3dd44b39985a532fab27e0d15487cb91a54badcfe19,100.0,100.0,97.5,97.5,75.0,2.5,0.0,22.5,25.0,0.5,0.0,0.0,0.5,0.0,0.0,0.5,0.0,0.0,0.5,0.0,0.0,old20,33.5,55.08474576271186,23.5,38.13559322033898,43.5,72.03389830508475,55.08474576271186
sol_opus,current_full,da-18-5,1,da-18-5--rep-001,e16aab443e445a25e328d42a825eafeb8dbce66b57e426a299c777841f64988a,100.0,100.0,95.0,96.66666666666667,51.0,5.0,-1.6666666666666714,45.66666666666667,49.0,1.0,0.0,0.0,0.5,0.0,0.0,0.5,0.0,0.0,0.5,0.0,0.0,old20,42.5,70.33898305084746,6.0,8.474576271186441,59.0,98.30508474576271,59.03954802259887
sol_opus,current_full,da-18-5,2,da-18-5--rep-002,7e7dc16cd6b5657189453d3b97525954e7848ca4c813a787d72773fb1187805d,100.0,100.0,95.0,93.33333333333334,51.5,5.0,1.6666666666666643,41.833333333333336,48.5,1.0,0.0,0.0,0.5,0.0,0.0,1.0,0.0,0.0,0.5,0.0,0.0,old20,42.5,70.33898305084746,43.0,71.1864406779661,57.0,94.91525423728814,78.8135593220339
sol_opus,current_full,da-18-5,3,da-18-5--rep-003,2e3688af56b326420d8f1a14ef34853c0b6ebdec85e5c02ed7f3e51f35f97fcc,100.0,100.0,100.0,94.5,67.0,0.0,5.5,27.5,33.0,0.5,0.0,0.0,0.5,0.0,0.0,0.5,0.0,0.0,0.0,0.0,0.0,old20,15.0,23.728813559322035,55.0,91.52542372881356,47.0,77.96610169491525,64.40677966101696
sol_opus,current_full,da-18-7,1,da-18-7--rep-001,7a0fcb964647f6592e3015cc4721de083d9eafd4fe2bb761f2e09e2c21ba0441,92.0,92.0,92.5,96.0,65.5,-0.5,-3.5,30.5,26.5,1.5,0.0,0.0,0.5,0.0,0.0,1.0,0.0,0.0,0.5,0.0,0.0,old20,2.0,1.694915254237288,3.0,3.389830508474576,50.0,83.05084745762711,29.378531073446325
sol_opus,current_full,da-18-7,2,da-18-7--rep-002,a68c6efb4d3088838ae3214b0eee1421242d79cd02b37205b52417718bb5d69c,100.0,100.0,100.0,98.66666666666666,77.0,0.0,1.3333333333333357,21.666666666666664,23.0,1.0,0.0,0.0,0.5,0.0,0.0,1.0,0.0,0.0,0.5,0.0,0.0,old20,15.0,23.728813559322035,40.0,66.10169491525424,40.0,66.10169491525424,51.97740112994351
sol_opus,current_full,da-18-7,3,da-18-7--rep-003,c96906cd9bbe233732ab0a58f730d06d123b6b5000b55870f31665d7ff258a06,100.0,100.0,96.0,96.0,70.5,4.0,0.0,25.5,29.5,1.0,0.0,0.0,0.5,0.0,0.0,0.0,0.0,0.0,0.5,0.0,0.0,old20,40.5,66.94915254237289,23.5,38.13559322033898,46.0,76.27118644067797,60.451977401129945
sol_opus,current_full,da-19-1,1,da-19-1--rep-001,af15ae0a8c740adecf79c1fd6c39ec42ffb0e25acb0e09ce361bdc13ac55e900,100.0,100.0,92.0,93.33333333333334,85.0,8.0,-1.3333333333333357,8.333333333333336,15.0,0.5,0.0,0.0,0.0,0.0,0.0,0.5,0.0,0.0,0.5,0.0,0.0,old20,45.5,75.42372881355932,11.0,16.949152542372882,24.0,38.983050847457626,43.78531073446328
sol_opus,current_full,da-19-1,2,da-19-1--rep-002,23950447b25a546d51126338de629eeaed3612b5bdefa5d02ada577f54cfae52,100.0,100.0,100.0,100.0,91.0,0.0,0.0,9.0,9.0,0.5,0.0,0.0,0.0,0.0,0.0,0.0,0.0,0.0,0.5,0.0,0.0,old20,15.0,23.728813559322035,23.5,38.13559322033898,25.0,40.67796610169491,34.18079096045198
sol_opus,current_full,da-19-1,3,da-19-1--rep-003,ec091ad49126a85e8b26312e2934437bb668c437c5e91faae91f81b2a36fdadf,100.0,100.0,100.0,100.0,90.0,0.0,0.0,10.0,10.0,0.5,0.0,0.0,0.5,0.0,0.0,0.0,0.0,0.0,0.5,0.0,0.0,old20,15.0,23.728813559322035,23.5,38.13559322033898,28.5,46.610169491525426,36.15819209039548
sol_opus,current_full,da-19-6,1,da-19-6--rep-001,9a16f1ca31dcfabe5b6d4310edb3ad148676155750fd8b6230e516edca849bd6,71.0,71.0,48.5,44.16666666666667,70.0,22.5,4.333333333333332,-25.833333333333332,1.0,2.0,0.0,0.0,0.5,0.0,0.0,0.5,0.0,0.0,0.0,0.0,0.0,old20,57.0,94.91525423728814,53.0,88.13559322033899,1.0,0.0,61.016949152542374
sol_opus,current_full,da-19-6,2,da-19-6--rep-002,a8533f11a1771f2899ffade736efc0ba4d6cb1a19b394f02746cf72adcd38fac,34.0,34.0,38.0,37.166666666666664,60.5,-4.0,0.8333333333333339,-23.333333333333336,-26.5,0.5,0.0,0.0,0.0,0.0,0.0,0.5,0.0,0.0,0.0,0.0,0.0,old20,1.0,0.0,37.0,61.016949152542374,2.0,1.694915254237288,20.903954802259886
sol_opus,current_full,da-19-6,3,da-19-6--rep-003,91657fa87314f79c5f92844f0ee7e9b3b09cd224fef7af8dc31a99a7a11b6312,74.0,74.0,60.0,59.333333333333336,76.0,14.0,0.6666666666666643,-16.666666666666664,-2.0,1.0,0.0,0.0,0.0,0.0,0.0,0.5,0.0,0.0,0.5,0.0,0.0,old20,52.0,86.44067796610169,35.0,57.6271186440678,3.0,3.389830508474576,49.152542372881356
sol_opus,current_user,da-10-1,1,da-10-1--rep-001,8a59fa68dbcd5e8ae42ecd5148e7877fa04f672b4847eab901635ad0b0cfda04,100.0,100.0,96.5,98.5,82.0,3.5,-2.0,16.5,18.0,0.5,0.0,0.0,1.0,0.0,0.0,0.5,0.0,0.0,0.5,0.0,0.0,old20,26.5,43.220338983050844,11.0,16.949152542372882,49.0,81.35593220338983,47.175141242937855
sol_opus,current_user,da-10-1,2,da-10-1--rep-002,28bb10a27cc5e7b0d29f2dee6658836679cca6dd5b1ee3c17e687f92b4a23d8e,100.0,100.0,93.5,96.66666666666666,85.0,6.5,-3.1666666666666643,11.666666666666664,15.0,1.0,0.0,0.0,0.5,0.0,0.0,0.5,0.0,0.0,0.5,0.0,0.0,old20,32.0,52.54237288135593,7.0,10.169491525423728,41.0,67.79661016949153,43.502824858757066
sol_opus,current_user,da-10-1,3,da-10-1--rep-003,d77c9832e24c0b1a42f91901e0a69c073ab4c04c89ef662ec0344e1f778444bb,100.0,95.0,98.5,98.0,83.5,1.5,0.5,14.5,16.5,1.0,0.0,0.0,1.5,0.0,0.0,0.5,0.0,0.0,0.0,0.0,0.0,old20,19.0,30.508474576271187,28.0,45.76271186440678,46.0,76.27118644067797,50.847457627118644
sol_opus,current_user,da-10-3,1,da-10-3--rep-001,bcc9f280eaf5bcc981ab99bfffb5b40d9bf3ea870b24454dfd3bf94e4ca26edf,100.0,100.0,100.0,93.83333333333334,74.5,0.0,6.166666666666664,19.333333333333336,25.5,0.5,0.0,0.0,0.5,0.0,0.0,0.5,0.0,0.0,0.5,0.0,0.0,old20,12.0,18.64406779661017,54.0,89.83050847457628,50.0,83.05084745762711,63.84180790960452
sol_opus,current_user,da-10-3,2,da-10-3--rep-002,af1ead73430659ec7567418ef500f3a14330b21ef20c93d4f9ea7f58374e325f,100.0,100.0,87.5,95.83333333333334,67.5,12.5,-8.333333333333336,28.333333333333336,32.5,1.0,0.0,0.0,1.0,0.0,0.0,0.5,0.0,0.0,0.0,0.0,0.0,old20,44.0,72.88135593220339,1.0,0.0,55.0,91.52542372881356,54.802259887005654
sol_opus,current_user,da-10-3,3,da-10-3--rep-003,7eff9444a67bf46772b10655df63a85852ff1556f1b1f197c200e5344bc459b7,90.0,90.0,83.0,82.83333333333334,42.5,7.0,0.1666666666666643,40.333333333333336,47.5,1.0,0.0,0.0,1.0,0.0,0.0,1.0,0.0,0.0,0.5,0.0,0.0,old20,34.5,56.779661016949156,27.0,44.067796610169495,59.0,98.30508474576271,66.38418079096046
sol_opus,current_user,da-12-2,1,da-12-2--rep-001,aa5558f0bc70c3c0056596c6f332961c6a28149e5403459ae069d38d1744d6c2,75.0,75.0,75.0,69.16666666666666,77.0,0.0,5.833333333333336,-7.833333333333336,-2.0,5.0,50.0,0.0,4.0,50.0,0.0,1.0,0.0,0.0,4.0,50.0,0.0,old20,12.0,18.64406779661017,53.0,88.13559322033899,10.0,15.254237288135593,40.67796610169492
sol_opus,current_user,da-12-2,2,da-12-2--rep-002,953bdb85e14b9bb90c6086aaf50e1ad561a2281b02055778d4ba60644119181b,60.0,60.0,70.0,70.83333333333334,78.0,-10.0,-0.8333333333333357,-7.166666666666664,-18.0,1.5,0.0,0.0,0.5,0.0,0.0,1.0,0.0,0.0,0.5,0.0,0.0,old20,1.0,0.0,16.0,25.423728813559322,11.0,16.949152542372882,14.124293785310735
sol_opus,current_user,da-12-2,3,da-12-2--rep-003,96658af61c93de4b8ed3e4d908009f3f76b8ddc8b0356d891fe518bda682c3e2,70.0,70.0,75.0,68.0,87.5,-5.0,7.0000000000000036,-19.500000000000004,-17.5,3.0,0.0,50.0,1.5,0.0,0.0,1.0,0.0,0.0,1.5,0.0,0.0,old20,3.0,3.389830508474576,56.0,93.22033898305085,5.0,6.779661016949152,34.463276836158194
sol_opus,current_user,da-12-4,1,da-12-4--rep-001,f7cc404237a9fc22cdd1af5841696b058537a33a726d77cb37368ca002f6162c,86.0,86.0,86.0,82.5,82.0,0.0,3.5,0.5,4.0,7.0,50.0,0.0,8.5,100.0,0.0,0.5,0.0,0.0,6.5,50.0,50.0,old20,12.0,18.64406779661017,46.5,77.11864406779661,21.0,33.898305084745765,43.22033898305085
sol_opus,current_user,da-12-4,2,da-12-4--rep-002,d22048bbf9e9aeda018a6ef09192a2a3b59b0d996f764b8b241f87065d353eed,86.0,86.0,86.0,86.0,89.5,0.0,0.0,-3.5,-3.5,4.5,0.0,50.0,2.5,0.0,0.0,0.5,0.0,0.0,0.5,0.0,0.0,old20,12.0,18.64406779661017,23.5,38.13559322033898,15.5,24.576271186440678,27.11864406779661
sol_opus,current_user,da-12-4,3,da-12-4--rep-003,e631bcaaf0b93d7fac03c461e42334c064c26d702791dd8c34fe3da9ac47ce25,86.0,86.0,86.0,84.5,85.0,0.0,1.5,-0.5,1.0,2.5,0.0,0.0,1.0,0.0,0.0,0.0,0.0,0.0,0.0,0.0,0.0,old20,12.0,18.64406779661017,31.5,51.69491525423729,19.0,30.508474576271187,33.61581920903955
sol_opus,current_user,da-13-1,1,da-13-1--rep-001,2687db1883433f202b5d8c4fa1eeb81260a954db4c9b219b9470ca88df6eb75a,100.0,100.0,100.0,100.0,79.5,0.0,0.0,20.5,20.5,1.5,0.0,0.0,1.0,0.0,0.0,0.5,0.0,0.0,1.0,0.0,0.0,old20,12.0,18.64406779661017,23.5,38.13559322033898,52.0,86.44067796610169,47.740112994350284
sol_opus,current_user,da-13-1,2,da-13-1--rep-002,cff05b668fee971c5af7a3bc1b18b31d9370768654b274ca8f88901252cba0b1,100.0,100.0,86.5,88.0,84.0,13.5,-1.5,4.0,16.0,1.5,0.0,0.0,1.0,0.0,0.0,0.5,0.0,0.0,0.0,0.0,0.0,old20,46.5,77.11864406779661,13.0,20.338983050847457,29.5,48.30508474576271,48.58757062146893
sol_opus,current_user,da-13-1,3,da-13-1--rep-003,4872c95f9caa5c573f5e3056e2fc5bf40232784f95f8423cb777b3654cd139a1,100.0,100.0,86.5,85.0,78.5,13.5,1.5,6.5,21.5,1.0,0.0,0.0,0.5,0.0,0.0,0.5,0.0,0.0,0.5,0.0,0.0,old20,46.5,77.11864406779661,31.5,51.69491525423729,35.0,57.6271186440678,62.14689265536723
sol_opus,current_user,da-13-3,1,da-13-3--rep-001,13d1faa077f1168872dc928fe929fcfec5e2b5a7a004d404ecba57c1b0607a19,100.0,100.0,100.0,96.83333333333334,89.0,0.0,3.1666666666666643,7.833333333333336,11.0,0.5,0.0,0.0,0.0,0.0,0.0,0.5,0.0,0.0,0.5,0.0,0.0,old20,12.0,18.64406779661017,40.0,66.10169491525424,37.0,61.016949152542374,48.58757062146893
sol_opus,current_user,da-13-3,2,da-13-3--rep-002,844644e69962c5c8f40741d7e7e809c2f33007ecd3483f925f52af4c3c55b383,100.0,100.0,93.0,93.0,84.5,7.0,0.0,8.5,15.5,0.0,0.0,0.0,0.0,0.0,0.0,0.0,0.0,0.0,0.0,0.0,0.0,old20,34.5,56.779661016949156,23.5,38.13559322033898,38.0,62.71186440677966,52.54237288135593
sol_opus,current_user,da-13-3,3,da-13-3--rep-003,3b55f0efcc9addf6212ef1aea789ea400d6fdbd67280be554000a46a9fb72f40,100.0,100.0,91.0,88.5,90.5,9.0,2.5,-2.0,9.5,0.0,0.0,0.0,0.0,0.0,0.0,0.5,0.0,0.0,0.0,0.0,0.0,old20,38.5,63.559322033898304,38.5,63.559322033898304,18.0,28.8135593220339,51.9774011299435
sol_opus,current_user,da-13-5,1,da-13-5--rep-001,e8908a1509166c699c3c01f2743ccef1b0ca5b45ba7e04fc5ec4c7407c720211,100.0,100.0,85.0,75.0,78.5,15.0,10.0,-3.5,21.5,0.0,0.0,0.0,0.5,0.0,0.0,0.5,0.0,0.0,0.0,0.0,0.0,old20,48.0,79.66101694915254,59.0,98.30508474576271,15.5,24.576271186440678,67.51412429378531
sol_opus,current_user,da-13-5,2,da-13-5--rep-002,34c7af044371da1b74591a96f6f536d2edc51341d276cd2c1ced555eb67b5bb3,95.0,95.0,72.5,77.5,83.5,22.5,-5.0,-6.0,11.5,0.5,0.0,0.0,0.0,0.0,0.0,0.5,0.0,0.0,1.0,0.0,0.0,old20,53.0,88.13559322033899,4.0,5.084745762711864,12.0,18.64406779661017,37.28813559322034
sol_opus,current_user,da-13-5,3,da-13-5--rep-003,da45ed3657c57a505691d5a566d6bee40b749093aeb6f4c0e83249050a42da97,100.0,100.0,90.0,85.0,83.0,10.0,5.0,2.0,17.0,0.5,0.0,0.0,0.5,0.0,0.0,2.0,0.0,0.0,0.5,0.0,0.0,old20,41.0,67.79661016949153,48.5,80.50847457627118,23.0,37.28813559322034,61.86440677966102
sol_opus,current_user,da-13-6,1,da-13-6--rep-001,4b91801b7b3b3c0722d4138099e799e529db27a6ec410c7f895baf46b5b5260e,100.0,100.0,75.0,73.33333333333333,90.0,25.0,1.6666666666666679,-16.666666666666668,10.0,0.5,0.0,0.0,0.5,0.0,0.0,0.0,0.0,0.0,0.0,0.0,0.0,old20,56.0,93.22033898305085,35.0,57.6271186440678,7.0,10.169491525423728,53.672316384180796
sol_opus,current_user,da-13-6,2,da-13-6--rep-002,70781e72c0bd769898685277e2b00f3b58af60dd021f75dee121e9669d39c8b5,100.0,100.0,65.0,61.66666666666667,89.0,35.0,3.333333333333332,-27.333333333333332,11.0,1.0,0.0,0.0,1.0,0.0,0.0,0.5,0.0,0.0,0.0,0.0,0.0,old20,60.0,100.0,42.5,70.33898305084746,3.0,3.389830508474576,57.909604519774014
sol_opus,current_user,da-13-6,3,da-13-6--rep-003,8c39c24a1969119db9cb917eb6bb9b0d66834e1a2fe3e2dad56e988ed78d19bc,100.0,100.0,95.0,90.0,86.0,5.0,5.0,4.0,14.0,2.0,0.0,0.0,1.5,0.0,0.0,0.5,0.0,0.0,1.0,0.0,0.0,old20,29.0,47.45762711864407,48.5,80.50847457627118,29.5,48.30508474576271,58.75706214689266
sol_opus,current_user,da-14-1,1,da-14-1--rep-001,c58870f887fa50980bfb0a72ef12a02de1d44513021245911166f54fb4ab8849,100.0,100.0,77.0,70.66666666666667,88.0,23.0,6.333333333333332,-17.333333333333332,12.0,0.5,0.0,0.0,0.5,0.0,0.0,0.0,0.0,0.0,0.5,0.0,0.0,old20,54.0,89.83050847457628,55.0,91.52542372881356,6.0,8.474576271186441,63.2768361581921
sol_opus,current_user,da-14-1,2,da-14-1--rep-002,62a4f4e79c3ba40897079d2e4434524d0de6c7e9af55274bb103f10775894457,100.0,100.0,97.5,86.0,89.0,2.5,11.5,-3.0,11.0,0.0,0.0,0.0,0.0,0.0,0.0,0.0,0.0,0.0,0.0,0.0,0.0,old20,22.5,36.440677966101696,60.0,100.0,17.0,27.11864406779661,54.51977401129943
sol_opus,current_user,da-14-1,3,da-14-1--rep-003,910c3ad981337a49826a2db6a9dcfeae79e59eea300411fa02d21a728b30d313,100.0,100.0,74.5,75.33333333333333,87.5,25.5,-0.8333333333333286,-12.166666666666671,12.5,0.5,0.0,0.0,0.5,0.0,0.0,0.0,0.0,0.0,0.0,0.0,0.0,old20,57.0,94.91525423728814,19.0,30.508474576271187,8.0,11.864406779661017,45.76271186440678
sol_opus,current_user,da-14-3,1,da-14-3--rep-001,443cef1315d563b38a073e85156b222064439a6e6924ece7a7cf696da81ca47d,100.0,100.0,100.0,100.0,92.5,0.0,0.0,7.5,7.5,1.0,0.0,0.0,0.5,0.0,0.0,0.5,0.0,0.0,0.5,0.0,0.0,old20,12.0,18.64406779661017,23.5,38.13559322033898,36.0,59.32203389830509,38.70056497175141
sol_opus,current_user,da-14-3,2,da-14-3--rep-002,b6bcfb1759100fb5dccdc6a0c96b2e53512990979748023f4dd66d1dafdae449,100.0,100.0,82.0,79.5,88.0,18.0,2.5,-8.5,12.0,0.5,0.0,0.0,0.5,0.0,0.0,0.5,0.0,0.0,0.5,0.0,0.0,old20,51.0,84.7457627118644,38.5,63.559322033898304,9.0,13.559322033898304,53.954802259887
sol_opus,current_user,da-14-3,3,da-14-3--rep-003,f490cd7d9aac7dd334b16cc234b86a204fe25c9123914094231ef40a35bf9865,100.0,100.0,100.0,98.16666666666666,92.5,0.0,1.8333333333333357,5.666666666666664,7.5,0.5,0.0,0.0,0.5,0.0,0.0,0.5,0.0,0.0,0.5,0.0,0.0,old20,12.0,18.64406779661017,37.0,61.016949152542374,32.0,52.54237288135593,44.067796610169495
sol_opus,current_user,da-14-8,1,da-14-8--rep-001,19e50d8f667891739f395ea6149e8c16e896b52239e2f28dc65435d959c044ea,93.0,93.0,73.0,74.16666666666666,74.0,20.0,-1.1666666666666643,0.1666666666666643,19.0,3.5,0.0,0.0,2.0,0.0,0.0,0.5,0.0,0.0,0.5,0.0,0.0,old20,52.0,86.44067796610169,14.0,22.033898305084747,20.0,32.20338983050848,46.89265536723164
sol_opus,current_user,da-14-8,2,da-14-8--rep-002,1854b3c78047ce70c8c201e764f7834984a12b87d1e80fa39c8cebb687eb324c,58.0,58.0,61.0,62.66666666666667,60.0,-3.0,-1.6666666666666679,2.666666666666668,-2.0,5.0,50.0,0.0,5.5,50.0,50.0,1.5,0.0,0.0,3.0,0.0,0.0,old20,4.0,5.084745762711864,12.0,18.64406779661017,27.0,44.067796610169495,22.598870056497177
sol_opus,current_user,da-14-8,3,da-14-8--rep-003,1df4d0430e99e84f731048fd90fa72db44584ded655899682db950efc5095058,76.0,76.0,66.0,62.666666666666664,67.5,10.0,3.3333333333333357,-4.833333333333336,8.5,5.0,50.0,0.0,5.0,50.0,0.0,1.5,0.0,0.0,0.5,0.0,0.0,old20,41.0,67.79661016949153,44.5,73.72881355932203,13.0,20.338983050847457,53.954802259887
sol_opus,current_user,da-15-1,1,da-15-1--rep-001,49778b345951f612f87bb67536902d62c4213099dc7e29ff5944d6732e6b15a9,87.0,87.0,84.5,84.5,65.0,2.5,0.0,19.5,22.0,0.5,0.0,0.0,0.5,0.0,0.0,0.5,0.0,0.0,0.5,0.0,0.0,old20,22.5,36.440677966101696,23.5,38.13559322033898,51.0,84.7457627118644,53.10734463276836
sol_opus,current_user,da-15-1,2,da-15-1--rep-002,d9e2dbdadadbc426045c351ebdf396cff880ef31da1dd828a4c565fa93d51ff1,87.0,87.0,87.0,89.16666666666666,76.5,0.0,-2.1666666666666643,12.666666666666664,10.5,1.0,0.0,0.0,0.5,0.0,0.0,0.5,0.0,0.0,0.5,0.0,0.0,old20,12.0,18.64406779661017,9.5,14.40677966101695,43.0,71.1864406779661,34.74576271186441
sol_opus,current_user,da-15-1,3,da-15-1--rep-003,2c9b91497ed94a70515f7042413c19b3bc0eae6ec6fd40c1c6f08cdadf998bb8,87.0,87.0,93.5,95.66666666666666,63.5,-6.5,-2.1666666666666643,32.166666666666664,23.5,2.0,0.0,0.0,2.0,0.0,0.0,0.5,0.0,0.0,1.0,0.0,0.0,old20,2.0,1.694915254237288,9.5,14.40677966101695,58.0,96.61016949152543,37.570621468926554
sol_opus,current_user,da-15-2,1,da-15-2--rep-001,40eaa690bb269c30e6cb610f512a9ef7b79943582f2aa03760864a3f8c8fad8d,83.0,83.0,67.5,67.66666666666667,52.0,15.5,-0.16666666666666785,15.666666666666668,31.0,2.0,0.0,0.0,2.0,0.0,0.0,0.5,0.0,0.0,0.5,0.0,0.0,old20,49.5,82.20338983050847,20.0,32.20338983050848,48.0,79.66101694915254,64.68926553672316
sol_opus,current_user,da-15-2,2,da-15-2--rep-002,e50e296231d880e0bc0d5c30f44a8a25b92dac2ef762823c03fd9998c0ac1ecf,83.0,78.0,78.0,70.0,41.0,5.0,8.0,29.0,42.0,2.5,0.0,0.0,2.0,0.0,0.0,1.5,0.0,0.0,2.0,0.0,0.0,old20,29.0,47.45762711864407,58.0,96.61016949152543,57.0,94.91525423728814,79.66101694915254
sol_opus,current_user,da-15-2,3,da-15-2--rep-003,a47f7ea5c7ecc7ae88acd066c12e7174fac5d94cce460ba2da6d1b82c4d0c52e,63.0,63.0,38.5,43.66666666666667,41.5,24.5,-5.166666666666668,2.166666666666668,21.5,2.5,0.0,0.0,1.5,0.0,0.0,1.5,0.0,0.0,1.0,0.0,0.0,old20,55.0,91.52542372881356,3.0,3.389830508474576,25.0,40.67796610169491,45.19774011299435
sol_opus,current_user,da-15-7,1,da-15-7--rep-001,59ab428e187341a7a1df7121482cccdd91c9b745d63cec3a741018c1e3e6be6f,100.0,100.0,73.5,72.33333333333334,62.0,26.5,1.1666666666666643,10.333333333333336,38.0,2.5,0.0,0.0,2.5,0.0,0.0,0.5,0.0,0.0,0.5,0.0,0.0,old20,58.0,96.61016949152543,29.0,47.45762711864407,39.0,64.40677966101696,69.49152542372882
sol_opus,current_user,da-15-7,2,da-15-7--rep-002,e9c603185bbda601c1acd391f801e80efed3fe54741476906dab4ae86f8b3ef4,67.0,67.0,63.5,63.5,58.0,3.5,0.0,5.5,9.0,0.5,0.0,0.0,1.0,0.0,0.0,0.5,0.0,0.0,0.5,0.0,0.0,old20,26.5,43.220338983050844,23.5,38.13559322033898,31.0,50.847457627118644,44.06779661016949
sol_opus,current_user,da-15-7,3,da-15-7--rep-003,d3e0e167a77afc7c478738b92f976e9c286ae93e2c1056f27de50c7472d08cb7,77.0,77.0,68.5,70.83333333333334,70.0,8.5,-2.3333333333333357,0.8333333333333357,7.0,3.5,0.0,0.0,3.0,0.0,0.0,1.5,0.0,0.0,2.0,0.0,0.0,old20,36.5,60.16949152542373,8.0,11.864406779661017,22.0,35.59322033898305,35.87570621468927
sol_opus,current_user,da-15-8,1,da-15-8--rep-001,53a46b741b20fd7efb6942b743936da2713e7e4f7c0b7caca4c74840bd1c46b4,90.0,90.0,87.5,85.83333333333334,57.0,2.5,1.6666666666666643,28.833333333333336,33.0,3.0,0.0,0.0,1.5,0.0,0.0,1.5,0.0,0.0,0.5,0.0,0.0,old20,22.5,36.440677966101696,33.0,54.23728813559322,56.0,93.22033898305085,61.29943502824859
sol_opus,current_user,da-15-8,2,da-15-8--rep-002,c41efbccbdce487e284c6cca7437b761647c4c3bd324b82add821555cc3af6e5,100.0,90.0,91.5,85.83333333333334,89.5,8.5,5.666666666666664,-3.6666666666666643,10.5,1.5,0.0,0.0,2.0,0.0,0.0,0.5,0.0,0.0,0.5,0.0,0.0,old20,36.5,60.16949152542373,52.0,86.44067796610169,14.0,22.033898305084747,56.21468926553672
sol_opus,current_user,da-15-8,3,da-15-8--rep-003,88786bf677b29c911b61cc5e8508c231eceeaae998d287a14488a99cd07e8f59,90.0,90.0,83.5,90.0,48.0,6.5,-6.5,42.0,42.0,1.0,0.0,0.0,0.5,0.0,0.0,0.5,0.0,0.0,0.5,0.0,0.0,old20,32.0,52.54237288135593,2.0,1.694915254237288,60.0,100.0,51.41242937853107
sol_opus,current_user,da-16-1,1,da-16-1--rep-001,03f392063162b1c738e767e709fe6f8588224063e90da612d8ace10d70f494d1,100.0,100.0,97.5,96.16666666666666,82.0,2.5,1.3333333333333357,14.166666666666664,18.0,0.5,0.0,0.0,0.5,0.0,0.0,0.5,0.0,0.0,0.5,0.0,0.0,old20,22.5,36.440677966101696,30.0,49.152542372881356,45.0,74.57627118644068,53.389830508474574
sol_opus,current_user,da-16-1,2,da-16-1--rep-002,f77c2af700524b3b1395f9eadb91da37e3bb9804384000e7d9c0386190a55209,100.0,100.0,97.5,98.33333333333334,77.0,2.5,-0.8333333333333357,21.333333333333336,23.0,0.5,0.0,0.0,1.0,0.0,0.0,0.5,0.0,0.0,0.0,0.0,0.0,old20,22.5,36.440677966101696,16.0,25.423728813559322,53.0,88.13559322033899,50.0
sol_opus,current_user,da-16-1,3,da-16-1--rep-003,73cdeed48bca0558d392c3dd44b39985a532fab27e0d15487cb91a54badcfe19,100.0,100.0,87.0,83.5,72.5,13.0,3.5,11.0,27.5,0.5,0.0,0.0,0.5,0.0,0.0,0.5,0.0,0.0,0.0,0.0,0.0,old20,45.0,74.57627118644068,46.5,77.11864406779661,40.0,66.10169491525424,72.59887005649718
sol_opus,current_user,da-18-5,1,da-18-5--rep-001,e16aab443e445a25e328d42a825eafeb8dbce66b57e426a299c777841f64988a,100.0,100.0,100.0,94.5,79.5,0.0,5.5,15.0,20.5,0.5,0.0,0.0,0.0,0.0,0.0,0.5,0.0,0.0,0.5,0.0,0.0,old20,12.0,18.64406779661017,50.5,83.89830508474576,47.0,77.96610169491525,60.16949152542372
sol_opus,current_user,da-18-5,2,da-18-5--rep-002,7e7dc16cd6b5657189453d3b97525954e7848ca4c813a787d72773fb1187805d,100.0,100.0,100.0,96.66666666666667,83.5,0.0,3.3333333333333286,13.166666666666671,16.5,0.5,0.0,0.0,0.0,0.0,0.0,0.5,0.0,0.0,0.5,0.0,0.0,old20,12.0,18.64406779661017,41.0,67.79661016949153,44.0,72.88135593220339,53.10734463276836
sol_opus,current_user,da-18-5,3,da-18-5--rep-003,2e3688af56b326420d8f1a14ef34853c0b6ebdec85e5c02ed7f3e51f35f97fcc,100.0,100.0,95.0,91.66666666666666,89.5,5.0,3.3333333333333357,2.1666666666666643,10.5,0.5,0.0,0.0,0.5,0.0,0.0,0.5,0.0,0.0,0.5,0.0,0.0,old20,29.0,47.45762711864407,44.5,73.72881355932203,24.0,38.983050847457626,53.389830508474574
sol_opus,current_user,da-18-7,1,da-18-7--rep-001,7a0fcb964647f6592e3015cc4721de083d9eafd4fe2bb761f2e09e2c21ba0441,85.0,85.0,76.0,72.66666666666667,66.5,9.0,3.333333333333332,6.166666666666668,18.5,1.0,0.0,0.0,0.5,0.0,0.0,0.5,0.0,0.0,0.0,0.0,0.0,old20,38.5,63.559322033898304,42.5,70.33898305084746,34.0,55.932203389830505,63.27683615819209
sol_opus,current_user,da-18-7,2,da-18-7--rep-002,a68c6efb4d3088838ae3214b0eee1421242d79cd02b37205b52417718bb5d69c,92.0,87.0,92.5,96.0,73.0,-0.5,-3.5,23.0,19.0,0.0,0.0,0.0,0.0,0.0,0.0,0.5,0.0,0.0,0.0,0.0,0.0,old20,5.0,6.779661016949152,6.0,8.474576271186441,54.0,89.83050847457628,35.02824858757062
sol_opus,current_user,da-18-7,3,da-18-7--rep-003,c96906cd9bbe233732ab0a58f730d06d123b6b5000b55870f31665d7ff258a06,100.0,100.0,97.5,98.33333333333334,86.5,2.5,-0.8333333333333357,11.833333333333336,13.5,1.0,0.0,0.0,0.5,0.0,0.0,0.5,0.0,0.0,1.5,0.0,0.0,old20,22.5,36.440677966101696,16.0,25.423728813559322,42.0,69.49152542372882,43.78531073446328
sol_opus,current_user,da-19-1,1,da-19-1--rep-001,af15ae0a8c740adecf79c1fd6c39ec42ffb0e25acb0e09ce361bdc13ac55e900,100.0,100.0,90.0,94.0,91.5,10.0,-4.0,2.5,8.5,0.5,0.0,0.0,0.5,0.0,0.0,0.5,0.0,0.0,0.5,0.0,0.0,old20,41.0,67.79661016949153,5.0,6.779661016949152,26.0,42.3728813559322,38.983050847457626
sol_opus,current_user,da-19-1,2,da-19-1--rep-002,23950447b25a546d51126338de629eeaed3612b5bdefa5d02ada577f54cfae52,100.0,100.0,100.0,94.5,88.5,0.0,5.5,6.0,11.5,1.0,0.0,0.0,0.5,0.0,0.0,0.5,0.0,0.0,0.5,0.0,0.0,old20,12.0,18.64406779661017,50.5,83.89830508474576,33.0,54.23728813559322,52.259887005649716
sol_opus,current_user,da-19-1,3,da-19-1--rep-003,ec091ad49126a85e8b26312e2934437bb668c437c5e91faae91f81b2a36fdadf,100.0,100.0,93.5,91.66666666666667,88.5,6.5,1.8333333333333286,3.1666666666666714,11.5,1.0,0.0,0.0,0.5,0.0,0.0,1.5,0.0,0.0,0.5,0.0,0.0,old20,32.0,52.54237288135593,36.0,59.32203389830509,28.0,45.76271186440678,52.54237288135593
sol_opus,current_user,da-19-6,1,da-19-6--rep-001,9a16f1ca31dcfabe5b6d4310edb3ad148676155750fd8b6230e516edca849bd6,35.0,35.0,23.0,15.666666666666668,53.0,12.0,7.333333333333333,-37.33333333333333,-18.0,1.5,0.0,0.0,0.5,0.0,0.0,0.5,0.0,0.0,0.5,0.0,0.0,old20,43.0,71.1864406779661,57.0,94.91525423728814,2.0,1.694915254237288,55.93220338983051
sol_opus,current_user,da-19-6,2,da-19-6--rep-002,a8533f11a1771f2899ffade736efc0ba4d6cb1a19b394f02746cf72adcd38fac,47.0,47.0,19.5,17.833333333333332,43.5,27.5,1.666666666666667,-25.666666666666664,3.5,0.5,0.0,0.0,0.5,0.0,0.0,0.5,0.0,0.0,0.5,0.0,0.0,old20,59.0,98.30508474576271,34.0,55.932203389830505,4.0,5.084745762711864,53.10734463276836
sol_opus,current_user,da-19-6,3,da-19-6--rep-003,91657fa87314f79c5f92844f0ee7e9b3b09cd224fef7af8dc31a99a7a11b6312,30.0,30.0,14.5,15.333333333333332,65.0,15.5,-0.833333333333333,-49.666666666666664,-35.0,0.0,0.0,0.0,0.5,0.0,0.0,0.5,0.0,0.0,0.5,0.0,0.0,old20,49.5,82.20338983050847,18.0,28.8135593220339,1.0,0.0,37.005649717514125
sol,current_full,da-10-1,1,da-10-1--rep-001,8a59fa68dbcd5e8ae42ecd5148e7877fa04f672b4847eab901635ad0b0cfda04,100.0,100.0,100.0,100.0,76.0,0.0,0.0,24.0,24.0,0.0,0.0,0.0,0.0,0.0,0.0,0.0,0.0,0.0,0.0,0.0,0.0,old20,18.5,29.661016949152543,27.5,44.91525423728814,41.0,67.79661016949153,47.45762711864407
sol,current_full,da-10-1,2,da-10-1--rep-002,28bb10a27cc5e7b0d29f2dee6658836679cca6dd5b1ee3c17e687f92b4a23d8e,100.0,100.0,97.0,97.0,78.0,3.0,0.0,19.0,22.0,0.0,0.0,0.0,0.0,0.0,0.0,0.0,0.0,0.0,0.0,0.0,0.0,old20,37.0,61.016949152542374,27.5,44.91525423728814,35.0,57.6271186440678,54.51977401129944
sol,current_full,da-10-1,3,da-10-1--rep-003,d77c9832e24c0b1a42f91901e0a69c073ab4c04c89ef662ec0344e1f778444bb,100.0,100.0,96.0,100.0,88.0,4.0,-4.0,12.0,12.0,0.0,0.0,0.0,0.0,0.0,0.0,0.0,0.0,0.0,0.0,0.0,0.0,old20,38.0,62.71186440677966,4.0,5.084745762711864,29.5,48.30508474576271,38.70056497175141
sol,current_full,da-10-3,1,da-10-3--rep-001,bcc9f280eaf5bcc981ab99bfffb5b40d9bf3ea870b24454dfd3bf94e4ca26edf,100.0,100.0,100.0,100.0,78.0,0.0,0.0,22.0,22.0,0.0,0.0,0.0,0.0,0.0,0.0,0.0,0.0,0.0,0.0,0.0,0.0,old20,18.5,29.661016949152543,27.5,44.91525423728814,39.5,65.2542372881356,46.610169491525426
sol,current_full,da-10-3,2,da-10-3--rep-002,af1ead73430659ec7567418ef500f3a14330b21ef20c93d4f9ea7f58374e325f,100.0,100.0,100.0,100.0,64.0,0.0,0.0,36.0,36.0,0.0,0.0,0.0,0.0,0.0,0.0,0.0,0.0,0.0,0.0,0.0,0.0,old20,18.5,29.661016949152543,27.5,44.91525423728814,48.0,79.66101694915254,51.41242937853107
sol,current_full,da-10-3,3,da-10-3--rep-003,7eff9444a67bf46772b10655df63a85852ff1556f1b1f197c200e5344bc459b7,100.0,100.0,100.0,100.0,55.0,0.0,0.0,45.0,45.0,0.0,0.0,0.0,0.0,0.0,0.0,0.0,0.0,0.0,0.0,0.0,0.0,old20,18.5,29.661016949152543,27.5,44.91525423728814,52.0,86.44067796610169,53.67231638418079
sol,current_full,da-12-2,1,da-12-2--rep-001,aa5558f0bc70c3c0056596c6f332961c6a28149e5403459ae069d38d1744d6c2,100.0,95.0,100.0,100.0,50.0,0.0,0.0,50.0,50.0,9.0,100.0,0.0,8.0,100.0,0.0,8.0,100.0,0.0,9.0,100.0,0.0,old20,18.5,29.661016949152543,27.5,44.91525423728814,55.0,91.52542372881356,55.36723163841808
sol,current_full,da-12-2,2,da-12-2--rep-002,953bdb85e14b9bb90c6086aaf50e1ad561a2281b02055778d4ba60644119181b,70.0,70.0,70.0,73.33333333333333,97.0,0.0,-3.3333333333333286,-23.66666666666667,-27.0,0.0,0.0,0.0,0.0,0.0,0.0,0.0,0.0,0.0,1.0,0.0,0.0,old20,18.5,29.661016949152543,5.5,7.627118644067797,3.0,3.389830508474576,13.559322033898304
sol,current_full,da-12-2,3,da-12-2--rep-003,96658af61c93de4b8ed3e4d908009f3f76b8ddc8b0356d891fe518bda682c3e2,100.0,100.0,100.0,100.0,93.0,0.0,0.0,7.0,7.0,3.0,0.0,0.0,1.0,0.0,0.0,1.0,0.0,0.0,0.0,0.0,0.0,old20,18.5,29.661016949152543,27.5,44.91525423728814,24.5,39.83050847457627,38.13559322033898
sol,current_full,da-12-4,1,da-12-4--rep-001,f7cc404237a9fc22cdd1af5841696b058537a33a726d77cb37368ca002f6162c,86.0,86.0,86.0,86.0,92.0,0.0,0.0,-6.0,-6.0,0.0,0.0,0.0,0.0,0.0,0.0,0.0,0.0,0.0,0.0,0.0,0.0,old20,18.5,29.661016949152543,27.5,44.91525423728814,7.0,10.169491525423728,28.24858757062147
sol,current_full,da-12-4,2,da-12-4--rep-002,d22048bbf9e9aeda018a6ef09192a2a3b59b0d996f764b8b241f87065d353eed,100.0,100.0,100.0,100.0,55.0,0.0,0.0,45.0,45.0,8.0,100.0,0.0,0.0,0.0,0.0,1.0,0.0,0.0,0.0,0.0,0.0,old20,18.5,29.661016949152543,27.5,44.91525423728814,52.0,86.44067796610169,53.67231638418079
sol,current_full,da-12-4,3,da-12-4--rep-003,e631bcaaf0b93d7fac03c461e42334c064c26d702791dd8c34fe3da9ac47ce25,86.0,86.0,70.0,70.0,88.0,16.0,0.0,-18.0,-2.0,4.0,0.0,0.0,2.0,0.0,0.0,0.0,0.0,0.0,2.0,0.0,0.0,old20,51.0,84.7457627118644,27.5,44.91525423728814,4.5,5.932203389830509,45.19774011299435
sol,current_full,da-13-1,1,da-13-1--rep-001,2687db1883433f202b5d8c4fa1eeb81260a954db4c9b219b9470ca88df6eb75a,100.0,100.0,91.0,91.0,86.0,9.0,0.0,5.0,14.0,0.0,0.0,0.0,0.0,0.0,0.0,0.0,0.0,0.0,0.0,0.0,0.0,old20,45.0,74.57627118644068,27.5,44.91525423728814,18.0,28.8135593220339,49.43502824858757
sol,current_full,da-13-1,2,da-13-1--rep-002,cff05b668fee971c5af7a3bc1b18b31d9370768654b274ca8f88901252cba0b1,100.0,100.0,100.0,100.0,72.0,0.0,0.0,28.0,28.0,0.0,0.0,0.0,0.0,0.0,0.0,0.0,0.0,0.0,0.0,0.0,0.0,old20,18.5,29.661016949152543,27.5,44.91525423728814,45.0,74.57627118644068,49.717514124293785
sol,current_full,da-13-1,3,da-13-1--rep-003,4872c95f9caa5c573f5e3056e2fc5bf40232784f95f8423cb777b3654cd139a1,100.0,100.0,82.0,82.0,61.0,18.0,0.0,21.0,39.0,3.0,0.0,0.0,0.0,0.0,0.0,0.0,0.0,0.0,0.0,0.0,0.0,old20,54.0,89.83050847457628,27.5,44.91525423728814,37.0,61.016949152542374,65.2542372881356
sol,current_full,da-13-3,1,da-13-3--rep-001,13d1faa077f1168872dc928fe929fcfec5e2b5a7a004d404ecba57c1b0607a19,100.0,100.0,100.0,100.0,94.0,0.0,0.0,6.0,6.0,0.0,0.0,0.0,0.0,0.0,0.0,0.0,0.0,0.0,0.0,0.0,0.0,old20,18.5,29.661016949152543,27.5,44.91525423728814,21.0,33.898305084745765,36.15819209039548
sol,current_full,da-13-3,2,da-13-3--rep-002,844644e69962c5c8f40741d7e7e809c2f33007ecd3483f925f52af4c3c55b383,100.0,100.0,100.0,100.0,82.0,0.0,0.0,18.0,18.0,0.0,0.0,0.0,0.0,0.0,0.0,0.0,0.0,0.0,0.0,0.0,0.0,old20,18.5,29.661016949152543,27.5,44.91525423728814,33.5,55.08474576271186,43.22033898305085
sol,current_full,da-13-3,3,da-13-3--rep-003,3b55f0efcc9addf6212ef1aea789ea400d6fdbd67280be554000a46a9fb72f40,100.0,100.0,100.0,100.0,94.0,0.0,0.0,6.0,6.0,0.0,0.0,0.0,0.0,0.0,0.0,0.0,0.0,0.0,0.0,0.0,0.0,old20,18.5,29.661016949152543,27.5,44.91525423728814,21.0,33.898305084745765,36.15819209039548
sol,current_full,da-13-5,1,da-13-5--rep-001,e8908a1509166c699c3c01f2743ccef1b0ca5b45ba7e04fc5ec4c7407c720211,100.0,100.0,100.0,100.0,82.0,0.0,0.0,18.0,18.0,0.0,0.0,0.0,0.0,0.0,0.0,0.0,0.0,0.0,0.0,0.0,0.0,old20,18.5,29.661016949152543,27.5,44.91525423728814,33.5,55.08474576271186,43.22033898305085
sol,current_full,da-13-5,2,da-13-5--rep-002,34c7af044371da1b74591a96f6f536d2edc51341d276cd2c1ced555eb67b5bb3,100.0,100.0,90.0,88.33333333333333,82.0,10.0,1.6666666666666714,6.333333333333329,18.0,0.0,0.0,0.0,0.0,0.0,0.0,0.0,0.0,0.0,0.0,0.0,0.0,old20,47.0,77.96610169491525,50.5,83.89830508474576,23.0,37.28813559322034,66.38418079096044
sol,current_full,da-13-5,3,da-13-5--rep-003,da45ed3657c57a505691d5a566d6bee40b749093aeb6f4c0e83249050a42da97,100.0,100.0,90.0,90.0,93.0,10.0,0.0,-3.0,7.0,0.0,0.0,0.0,0.0,0.0,0.0,0.0,0.0,0.0,0.0,0.0,0.0,old20,47.0,77.96610169491525,27.5,44.91525423728814,8.0,11.864406779661017,44.91525423728814
sol,current_full,da-13-6,1,da-13-6--rep-001,4b91801b7b3b3c0722d4138099e799e529db27a6ec410c7f895baf46b5b5260e,100.0,100.0,100.0,100.0,55.0,0.0,0.0,45.0,45.0,0.0,0.0,0.0,0.0,0.0,0.0,0.0,0.0,0.0,0.0,0.0,0.0,old20,18.5,29.661016949152543,27.5,44.91525423728814,52.0,86.44067796610169,53.67231638418079
sol,current_full,da-13-6,2,da-13-6--rep-002,70781e72c0bd769898685277e2b00f3b58af60dd021f75dee121e9669d39c8b5,100.0,100.0,80.0,80.0,73.0,20.0,0.0,7.0,27.0,0.0,0.0,0.0,0.0,0.0,0.0,0.0,0.0,0.0,0.0,0.0,0.0,old20,56.0,93.22033898305085,27.5,44.91525423728814,24.5,39.83050847457627,59.32203389830509
sol,current_full,da-13-6,3,da-13-6--rep-003,8c39c24a1969119db9cb917eb6bb9b0d66834e1a2fe3e2dad56e988ed78d19bc,100.0,100.0,70.0,76.66666666666667,77.0,30.0,-6.666666666666671,-0.3333333333333286,23.0,0.0,0.0,0.0,0.0,0.0,0.0,0.0,0.0,0.0,0.0,0.0,0.0,old20,58.0,96.61016949152543,2.0,1.694915254237288,9.0,13.559322033898304,37.28813559322034
sol,current_full,da-14-1,1,da-14-1--rep-001,c58870f887fa50980bfb0a72ef12a02de1d44513021245911166f54fb4ab8849,100.0,100.0,100.0,94.33333333333333,94.0,0.0,5.666666666666671,0.3333333333333286,6.0,0.0,0.0,0.0,0.0,0.0,0.0,0.0,0.0,0.0,0.0,0.0,0.0,old20,18.5,29.661016949152543,58.0,96.61016949152543,10.5,16.10169491525424,47.45762711864407
sol,current_full,da-14-1,2,da-14-1--rep-002,62a4f4e79c3ba40897079d2e4434524d0de6c7e9af55274bb103f10775894457,100.0,100.0,83.0,79.66666666666667,94.0,17.0,3.3333333333333286,-14.333333333333329,6.0,0.0,0.0,0.0,0.0,0.0,0.0,0.0,0.0,0.0,0.0,0.0,0.0,old20,52.5,87.28813559322033,54.0,89.83050847457628,6.0,8.474576271186441,61.86440677966102
sol,current_full,da-14-1,3,da-14-1--rep-003,910c3ad981337a49826a2db6a9dcfeae79e59eea300411fa02d21a728b30d313,100.0,100.0,100.0,100.0,92.0,0.0,0.0,8.0,8.0,0.0,0.0,0.0,0.0,0.0,0.0,0.0,0.0,0.0,0.0,0.0,0.0,old20,18.5,29.661016949152543,27.5,44.91525423728814,26.0,42.3728813559322,38.983050847457626
sol,current_full,da-14-3,1,da-14-3--rep-001,443cef1315d563b38a073e85156b222064439a6e6924ece7a7cf696da81ca47d,100.0,100.0,100.0,100.0,96.0,0.0,0.0,4.0,4.0,0.0,0.0,0.0,0.0,0.0,0.0,0.0,0.0,0.0,0.0,0.0,0.0,old20,18.5,29.661016949152543,27.5,44.91525423728814,14.5,22.88135593220339,32.48587570621469
sol,current_full,da-14-3,2,da-14-3--rep-002,b6bcfb1759100fb5dccdc6a0c96b2e53512990979748023f4dd66d1dafdae449,100.0,100.0,100.0,100.0,96.0,0.0,0.0,4.0,4.0,0.0,0.0,0.0,0.0,0.0,0.0,0.0,0.0,0.0,0.0,0.0,0.0,old20,18.5,29.661016949152543,27.5,44.91525423728814,14.5,22.88135593220339,32.48587570621469
sol,current_full,da-14-3,3,da-14-3--rep-003,f490cd7d9aac7dd334b16cc234b86a204fe25c9123914094231ef40a35bf9865,100.0,100.0,100.0,100.0,96.0,0.0,0.0,4.0,4.0,0.0,0.0,0.0,0.0,0.0,0.0,0.0,0.0,0.0,0.0,0.0,0.0,old20,18.5,29.661016949152543,27.5,44.91525423728814,14.5,22.88135593220339,32.48587570621469
sol,current_full,da-14-8,1,da-14-8--rep-001,19e50d8f667891739f395ea6149e8c16e896b52239e2f28dc65435d959c044ea,100.0,100.0,100.0,100.0,45.0,0.0,0.0,55.0,55.0,3.0,0.0,0.0,0.0,0.0,0.0,2.0,0.0,0.0,0.0,0.0,0.0,old20,18.5,29.661016949152543,27.5,44.91525423728814,58.5,97.45762711864407,57.344632768361585
sol,current_full,da-14-8,2,da-14-8--rep-002,1854b3c78047ce70c8c201e764f7834984a12b87d1e80fa39c8cebb687eb324c,100.0,100.0,100.0,100.0,45.0,0.0,0.0,55.0,55.0,7.0,100.0,0.0,1.0,0.0,0.0,0.0,0.0,0.0,0.0,0.0,0.0,old20,18.5,29.661016949152543,27.5,44.91525423728814,58.5,97.45762711864407,57.344632768361585
sol,current_full,da-14-8,3,da-14-8--rep-003,1df4d0430e99e84f731048fd90fa72db44584ded655899682db950efc5095058,100.0,100.0,100.0,95.0,58.0,0.0,5.0,37.0,42.0,4.0,0.0,0.0,0.0,0.0,0.0,1.0,0.0,0.0,1.0,0.0,0.0,old20,18.5,29.661016949152543,57.0,94.91525423728814,49.0,81.35593220338983,68.64406779661017
sol,current_full,da-15-1,1,da-15-1--rep-001,49778b345951f612f87bb67536902d62c4213099dc7e29ff5944d6732e6b15a9,100.0,100.0,95.0,95.0,70.0,5.0,0.0,25.0,30.0,6.0,100.0,0.0,0.0,0.0,0.0,0.0,0.0,0.0,0.0,0.0,0.0,old20,39.5,65.2542372881356,27.5,44.91525423728814,43.5,72.03389830508475,60.73446327683616
sol,current_full,da-15-1,2,da-15-1--rep-002,d9e2dbdadadbc426045c351ebdf396cff880ef31da1dd828a4c565fa93d51ff1,87.0,87.0,87.0,87.0,78.0,0.0,0.0,9.0,9.0,0.0,0.0,0.0,0.0,0.0,0.0,0.0,0.0,0.0,1.0,0.0,0.0,old20,18.5,29.661016949152543,27.5,44.91525423728814,27.0,44.067796610169495,39.54802259887006
sol,current_full,da-15-1,3,da-15-1--rep-003,2c9b91497ed94a70515f7042413c19b3bc0eae6ec6fd40c1c6f08cdadf998bb8,87.0,87.0,87.0,87.0,82.0,0.0,0.0,5.0,5.0,1.0,0.0,0.0,1.0,0.0,0.0,0.0,0.0,0.0,0.0,0.0,0.0,old20,18.5,29.661016949152543,27.5,44.91525423728814,18.0,28.8135593220339,34.463276836158194
sol,current_full,da-15-2,1,da-15-2--rep-001,40eaa690bb269c30e6cb610f512a9ef7b79943582f2aa03760864a3f8c8fad8d,73.0,73.0,68.0,69.66666666666667,45.0,5.0,-1.6666666666666714,24.66666666666667,28.0,4.0,0.0,0.0,6.0,100.0,0.0,2.0,0.0,0.0,1.0,0.0,0.0,old20,39.5,65.2542372881356,7.0,10.169491525423728,42.0,69.49152542372882,48.30508474576271
sol,current_full,da-15-2,2,da-15-2--rep-002,e50e296231d880e0bc0d5c30f44a8a25b92dac2ef762823c03fd9998c0ac1ecf,100.0,95.0,83.0,76.33333333333333,55.0,17.0,6.666666666666671,21.33333333333333,45.0,1.0,0.0,0.0,1.0,0.0,0.0,0.0,0.0,0.0,0.0,0.0,0.0,old20,52.5,87.28813559322033,59.5,99.15254237288136,38.0,62.71186440677966,83.05084745762711
sol,current_full,da-15-2,3,da-15-2--rep-003,a47f7ea5c7ecc7ae88acd066c12e7174fac5d94cce460ba2da6d1b82c4d0c52e,83.0,83.0,73.0,76.33333333333333,76.0,10.0,-3.3333333333333286,0.3333333333333286,7.0,1.0,0.0,0.0,1.0,0.0,0.0,1.0,0.0,0.0,1.0,0.0,0.0,old20,47.0,77.96610169491525,5.5,7.627118644067797,10.5,16.10169491525424,33.898305084745765
sol,current_full,da-15-7,1,da-15-7--rep-001,59ab428e187341a7a1df7121482cccdd91c9b745d63cec3a741018c1e3e6be6f,77.0,77.0,62.0,62.0,46.0,15.0,0.0,16.0,31.0,3.0,0.0,0.0,0.0,0.0,0.0,1.0,0.0,0.0,0.0,0.0,0.0,old20,50.0,83.05084745762711,27.5,44.91525423728814,32.0,52.54237288135593,60.16949152542373
sol,current_full,da-15-7,2,da-15-7--rep-002,e9c603185bbda601c1acd391f801e80efed3fe54741476906dab4ae86f8b3ef4,77.0,77.0,70.0,70.0,60.0,7.0,0.0,10.0,17.0,4.0,0.0,0.0,1.0,0.0,0.0,0.0,0.0,0.0,1.0,0.0,0.0,old20,41.5,68.64406779661017,27.5,44.91525423728814,28.0,45.76271186440678,53.10734463276837
sol,current_full,da-15-7,3,da-15-7--rep-003,d3e0e167a77afc7c478738b92f976e9c286ae93e2c1056f27de50c7472d08cb7,67.0,67.0,67.0,67.0,55.0,0.0,0.0,12.0,12.0,3.0,0.0,0.0,1.0,0.0,0.0,1.0,0.0,0.0,1.0,0.0,0.0,old20,18.5,29.661016949152543,27.5,44.91525423728814,29.5,48.30508474576271,40.960451977401135
sol,current_full,da-15-8,1,da-15-8--rep-001,53a46b741b20fd7efb6942b743936da2713e7e4f7c0b7caca4c74840bd1c46b4,100.0,100.0,68.0,68.0,67.0,32.0,0.0,1.0,33.0,0.0,0.0,0.0,0.0,0.0,0.0,0.0,0.0,0.0,0.0,0.0,0.0,old20,59.5,99.15254237288136,27.5,44.91525423728814,12.0,18.64406779661017,54.23728813559322
sol,current_full,da-15-8,2,da-15-8--rep-002,c41efbccbdce487e284c6cca7437b761647c4c3bd324b82add821555cc3af6e5,100.0,100.0,80.0,78.66666666666667,28.0,20.0,1.3333333333333286,50.66666666666667,72.0,0.0,0.0,0.0,0.0,0.0,0.0,1.0,0.0,0.0,0.0,0.0,0.0,old20,56.0,93.22033898305085,49.0,81.35593220338983,56.0,93.22033898305085,89.26553672316385
sol,current_full,da-15-8,3,da-15-8--rep-003,88786bf677b29c911b61cc5e8508c231eceeaae998d287a14488a99cd07e8f59,100.0,100.0,100.0,93.33333333333333,25.0,0.0,6.666666666666671,68.33333333333333,75.0,3.0,0.0,0.0,0.0,0.0,0.0,1.0,0.0,0.0,0.0,0.0,0.0,old20,18.5,29.661016949152543,59.5,99.15254237288136,60.0,100.0,76.27118644067797
sol,current_full,da-16-1,1,da-16-1--rep-001,03f392063162b1c738e767e709fe6f8588224063e90da612d8ace10d70f494d1,100.0,100.0,100.0,100.0,75.0,0.0,0.0,25.0,25.0,1.0,0.0,0.0,0.0,0.0,0.0,0.0,0.0,0.0,0.0,0.0,0.0,old20,18.5,29.661016949152543,27.5,44.91525423728814,43.5,72.03389830508475,48.87005649717514
sol,current_full,da-16-1,2,da-16-1--rep-002,f77c2af700524b3b1395f9eadb91da37e3bb9804384000e7d9c0386190a55209,100.0,100.0,100.0,98.33333333333333,78.0,0.0,1.6666666666666714,20.33333333333333,22.0,0.0,0.0,0.0,0.0,0.0,0.0,0.0,0.0,0.0,0.0,0.0,0.0,old20,18.5,29.661016949152543,50.5,83.89830508474576,36.0,59.32203389830509,57.62711864406779
sol,current_full,da-16-1,3,da-16-1--rep-003,73cdeed48bca0558d392c3dd44b39985a532fab27e0d15487cb91a54badcfe19,100.0,100.0,100.0,100.0,78.0,0.0,0.0,22.0,22.0,0.0,0.0,0.0,0.0,0.0,0.0,0.0,0.0,0.0,0.0,0.0,0.0,old20,18.5,29.661016949152543,27.5,44.91525423728814,39.5,65.2542372881356,46.610169491525426
sol,current_full,da-18-5,1,da-18-5--rep-001,e16aab443e445a25e328d42a825eafeb8dbce66b57e426a299c777841f64988a,100.0,100.0,100.0,96.66666666666667,45.0,0.0,3.3333333333333286,51.66666666666667,55.0,0.0,0.0,0.0,0.0,0.0,0.0,0.0,0.0,0.0,0.0,0.0,0.0,old20,18.5,29.661016949152543,54.0,89.83050847457628,57.0,94.91525423728814,71.46892655367232
sol,current_full,da-18-5,2,da-18-5--rep-002,7e7dc16cd6b5657189453d3b97525954e7848ca4c813a787d72773fb1187805d,100.0,100.0,100.0,96.66666666666667,48.0,0.0,3.3333333333333286,48.66666666666667,52.0,0.0,0.0,0.0,0.0,0.0,0.0,0.0,0.0,0.0,0.0,0.0,0.0,old20,18.5,29.661016949152543,54.0,89.83050847457628,54.0,89.83050847457628,69.77401129943503
sol,current_full,da-18-5,3,da-18-5--rep-003,2e3688af56b326420d8f1a14ef34853c0b6ebdec85e5c02ed7f3e51f35f97fcc,100.0,100.0,100.0,99.0,60.0,0.0,1.0,39.0,40.0,0.0,0.0,0.0,0.0,0.0,0.0,0.0,0.0,0.0,0.0,0.0,0.0,old20,18.5,29.661016949152543,48.0,79.66101694915254,50.0,83.05084745762711,64.12429378531073
sol,current_full,da-18-7,1,da-18-7--rep-001,7a0fcb964647f6592e3015cc4721de083d9eafd4fe2bb761f2e09e2c21ba0441,92.0,92.0,85.0,92.0,58.0,7.0,-7.0,34.0,34.0,1.0,0.0,0.0,0.0,0.0,0.0,0.0,0.0,0.0,0.0,0.0,0.0,old20,41.5,68.64406779661017,1.0,0.0,46.5,77.11864406779661,48.58757062146893
sol,current_full,da-18-7,2,da-18-7--rep-002,a68c6efb4d3088838ae3214b0eee1421242d79cd02b37205b52417718bb5d69c,100.0,100.0,100.0,97.33333333333333,82.0,0.0,2.6666666666666714,15.333333333333329,18.0,0.0,0.0,0.0,0.0,0.0,0.0,0.0,0.0,0.0,0.0,0.0,0.0,old20,18.5,29.661016949152543,52.0,86.44067796610169,31.0,50.847457627118644,55.64971751412429
sol,current_full,da-18-7,3,da-18-7--rep-003,c96906cd9bbe233732ab0a58f730d06d123b6b5000b55870f31665d7ff258a06,100.0,100.0,92.0,92.0,58.0,8.0,0.0,34.0,42.0,0.0,0.0,0.0,0.0,0.0,0.0,0.0,0.0,0.0,0.0,0.0,0.0,old20,43.5,72.03389830508475,27.5,44.91525423728814,46.5,77.11864406779661,64.68926553672317
sol,current_full,da-19-1,1,da-19-1--rep-001,af15ae0a8c740adecf79c1fd6c39ec42ffb0e25acb0e09ce361bdc13ac55e900,100.0,100.0,92.0,92.0,88.0,8.0,0.0,4.0,12.0,0.0,0.0,0.0,0.0,0.0,0.0,0.0,0.0,0.0,0.0,0.0,0.0,old20,43.5,72.03389830508475,27.5,44.91525423728814,14.5,22.88135593220339,46.610169491525426
sol,current_full,da-19-1,2,da-19-1--rep-002,23950447b25a546d51126338de629eeaed3612b5bdefa5d02ada577f54cfae52,100.0,100.0,100.0,100.0,94.0,0.0,0.0,6.0,6.0,0.0,0.0,0.0,0.0,0.0,0.0,0.0,0.0,0.0,0.0,0.0,0.0,old20,18.5,29.661016949152543,27.5,44.91525423728814,21.0,33.898305084745765,36.15819209039548
sol,current_full,da-19-1,3,da-19-1--rep-003,ec091ad49126a85e8b26312e2934437bb668c437c5e91faae91f81b2a36fdadf,100.0,100.0,100.0,100.0,95.0,0.0,0.0,5.0,5.0,0.0,0.0,0.0,0.0,0.0,0.0,0.0,0.0,0.0,0.0,0.0,0.0,old20,18.5,29.661016949152543,27.5,44.91525423728814,18.0,28.8135593220339,34.463276836158194
sol,current_full,da-19-6,1,da-19-6--rep-001,9a16f1ca31dcfabe5b6d4310edb3ad148676155750fd8b6230e516edca849bd6,71.0,71.0,39.0,35.0,72.0,32.0,4.0,-37.0,-1.0,3.0,0.0,0.0,0.0,0.0,0.0,0.0,0.0,0.0,0.0,0.0,0.0,old20,59.5,99.15254237288136,56.0,93.22033898305085,1.0,0.0,64.12429378531074
sol,current_full,da-19-6,2,da-19-6--rep-002,a8533f11a1771f2899ffade736efc0ba4d6cb1a19b394f02746cf72adcd38fac,34.0,34.0,22.0,28.333333333333332,63.0,12.0,-6.333333333333332,-34.66666666666667,-29.0,0.0,0.0,0.0,0.0,0.0,0.0,0.0,0.0,0.0,0.0,0.0,0.0,old20,49.0,81.35593220338983,3.0,3.389830508474576,2.0,1.694915254237288,28.813559322033896
sol,current_full,da-19-6,3,da-19-6--rep-003,91657fa87314f79c5f92844f0ee7e9b3b09cd224fef7af8dc31a99a7a11b6312,74.0,74.0,54.0,54.0,72.0,20.0,0.0,-18.0,2.0,1.0,0.0,0.0,0.0,0.0,0.0,0.0,0.0,0.0,0.0,0.0,0.0,old20,56.0,93.22033898305085,27.5,44.91525423728814,4.5,5.932203389830509,48.0225988700565
sol,current_user,da-10-1,1,da-10-1--rep-001,8a59fa68dbcd5e8ae42ecd5148e7877fa04f672b4847eab901635ad0b0cfda04,100.0,100.0,93.0,98.0,88.0,7.0,-5.0,10.0,12.0,0.0,0.0,0.0,1.0,0.0,0.0,0.0,0.0,0.0,0.0,0.0,0.0,old20,32.0,52.54237288135593,6.0,8.474576271186441,42.5,70.33898305084746,43.78531073446328
sol,current_user,da-10-1,2,da-10-1--rep-002,28bb10a27cc5e7b0d29f2dee6658836679cca6dd5b1ee3c17e687f92b4a23d8e,100.0,100.0,87.0,97.0,94.0,13.0,-10.0,3.0,6.0,1.0,0.0,0.0,0.0,0.0,0.0,0.0,0.0,0.0,0.0,0.0,0.0,old20,42.5,70.33898305084746,1.5,0.847457627118644,29.0,47.45762711864407,39.548022598870055
sol,current_user,da-10-1,3,da-10-1--rep-003,d77c9832e24c0b1a42f91901e0a69c073ab4c04c89ef662ec0344e1f778444bb,100.0,95.0,97.0,97.0,87.0,3.0,0.0,10.0,13.0,0.0,0.0,0.0,1.0,0.0,0.0,0.0,0.0,0.0,0.0,0.0,0.0,old20,27.0,44.067796610169495,25.5,41.52542372881356,42.5,70.33898305084746,51.9774011299435
sol,current_user,da-10-3,1,da-10-3--rep-001,bcc9f280eaf5bcc981ab99bfffb5b40d9bf3ea870b24454dfd3bf94e4ca26edf,100.0,100.0,100.0,100.0,72.0,0.0,0.0,28.0,28.0,0.0,0.0,0.0,0.0,0.0,0.0,0.0,0.0,0.0,0.0,0.0,0.0,old20,15.5,24.576271186440678,25.5,41.52542372881356,55.0,91.52542372881356,52.54237288135593
sol,current_user,da-10-3,2,da-10-3--rep-002,af1ead73430659ec7567418ef500f3a14330b21ef20c93d4f9ea7f58374e325f,100.0,100.0,90.0,100.0,63.0,10.0,-10.0,37.0,37.0,1.0,0.0,0.0,1.0,0.0,0.0,0.0,0.0,0.0,0.0,0.0,0.0,old20,38.0,62.71186440677966,1.5,0.847457627118644,58.0,96.61016949152543,53.389830508474574
sol,current_user,da-10-3,3,da-10-3--rep-003,7eff9444a67bf46772b10655df63a85852ff1556f1b1f197c200e5344bc459b7,90.0,90.0,90.0,85.0,54.0,0.0,5.0,31.0,36.0,1.0,0.0,0.0,1.0,0.0,0.0,1.0,0.0,0.0,0.0,0.0,0.0,old20,15.5,24.576271186440678,50.5,83.89830508474576,56.0,93.22033898305085,67.2316384180791
sol,current_user,da-12-2,1,da-12-2--rep-001,aa5558f0bc70c3c0056596c6f332961c6a28149e5403459ae069d38d1744d6c2,75.0,75.0,75.0,73.33333333333333,96.0,0.0,1.6666666666666714,-22.66666666666667,-21.0,7.0,100.0,0.0,6.0,100.0,0.0,0.0,0.0,0.0,2.0,0.0,0.0,old20,15.5,24.576271186440678,44.5,73.72881355932203,8.0,11.864406779661017,36.72316384180791
sol,current_user,da-12-2,2,da-12-2--rep-002,953bdb85e14b9bb90c6086aaf50e1ad561a2281b02055778d4ba60644119181b,60.0,60.0,75.0,70.0,98.0,-15.0,5.0,-28.0,-38.0,1.0,0.0,0.0,0.0,0.0,0.0,0.0,0.0,0.0,0.0,0.0,0.0,old20,1.0,0.0,50.5,83.89830508474576,6.0,8.474576271186441,30.790960451977398
sol,current_user,da-12-2,3,da-12-2--rep-003,96658af61c93de4b8ed3e4d908009f3f76b8ddc8b0356d891fe518bda682c3e2,70.0,70.0,75.0,73.33333333333333,93.0,-5.0,1.6666666666666714,-19.66666666666667,-23.0,1.0,0.0,0.0,1.0,0.0,0.0,0.0,0.0,0.0,1.0,0.0,0.0,old20,3.0,3.389830508474576,44.5,73.72881355932203,10.5,16.10169491525424,31.073446327683616
sol,current_user,da-12-4,1,da-12-4--rep-001,f7cc404237a9fc22cdd1af5841696b058537a33a726d77cb37368ca002f6162c,86.0,86.0,86.0,79.0,86.0,0.0,7.0,-7.0,0.0,10.0,100.0,0.0,10.0,100.0,0.0,0.0,0.0,0.0,8.0,100.0,0.0,old20,15.5,24.576271186440678,55.0,91.52542372881356,17.5,27.966101694915253,48.0225988700565
sol,current_user,da-12-4,2,da-12-4--rep-002,d22048bbf9e9aeda018a6ef09192a2a3b59b0d996f764b8b241f87065d353eed,86.0,86.0,86.0,86.0,94.0,0.0,0.0,-8.0,-8.0,4.0,0.0,0.0,1.0,0.0,0.0,0.0,0.0,0.0,0.0,0.0,0.0,old20,15.5,24.576271186440678,25.5,41.52542372881356,16.0,25.423728813559322,30.508474576271187
sol,current_user,da-12-4,3,da-12-4--rep-003,e631bcaaf0b93d7fac03c461e42334c064c26d702791dd8c34fe3da9ac47ce25,86.0,86.0,86.0,86.0,82.0,0.0,0.0,4.0,4.0,2.0,0.0,0.0,1.0,0.0,0.0,0.0,0.0,0.0,0.0,0.0,0.0,old20,15.5,24.576271186440678,25.5,41.52542372881356,32.0,52.54237288135593,39.548022598870055
sol,current_user,da-13-1,1,da-13-1--rep-001,2687db1883433f202b5d8c4fa1eeb81260a954db4c9b219b9470ca88df6eb75a,100.0,100.0,100.0,100.0,74.0,0.0,0.0,26.0,26.0,2.0,0.0,0.0,1.0,0.0,0.0,0.0,0.0,0.0,1.0,0.0,0.0,old20,15.5,24.576271186440678,25.5,41.52542372881356,54.0,89.83050847457628,51.9774011299435
sol,current_user,da-13-1,2,da-13-1--rep-002,cff05b668fee971c5af7a3bc1b18b31d9370768654b274ca8f88901252cba0b1,100.0,100.0,82.0,91.0,84.0,18.0,-9.0,7.0,16.0,1.0,0.0,0.0,1.0,0.0,0.0,0.0,0.0,0.0,0.0,0.0,0.0,old20,47.0,77.96610169491525,3.0,3.389830508474576,36.5,60.16949152542373,47.175141242937855
sol,current_user,da-13-1,3,da-13-1--rep-003,4872c95f9caa5c573f5e3056e2fc5bf40232784f95f8423cb777b3654cd139a1,100.0,100.0,82.0,82.0,78.0,18.0,0.0,4.0,22.0,1.0,0.0,0.0,0.0,0.0,0.0,0.0,0.0,0.0,0.0,0.0,0.0,old20,47.0,77.96610169491525,25.5,41.52542372881356,32.0,52.54237288135593,57.34463276836158
sol,current_user,da-13-3,1,da-13-3--rep-001,13d1faa077f1168872dc928fe929fcfec5e2b5a7a004d404ecba57c1b0607a19,100.0,100.0,100.0,100.0,92.0,0.0,0.0,8.0,8.0,0.0,0.0,0.0,0.0,0.0,0.0,0.0,0.0,0.0,0.0,0.0,0.0,old20,15.5,24.576271186440678,25.5,41.52542372881356,39.0,64.40677966101696,43.502824858757066
sol,current_user,da-13-3,2,da-13-3--rep-002,844644e69962c5c8f40741d7e7e809c2f33007ecd3483f925f52af4c3c55b383,100.0,100.0,100.0,95.33333333333333,84.0,0.0,4.666666666666671,11.333333333333329,16.0,0.0,0.0,0.0,0.0,0.0,0.0,0.0,0.0,0.0,0.0,0.0,0.0,old20,15.5,24.576271186440678,49.0,81.35593220338983,44.0,72.88135593220339,59.6045197740113
sol,current_user,da-13-3,3,da-13-3--rep-003,3b55f0efcc9addf6212ef1aea789ea400d6fdbd67280be554000a46a9fb72f40,100.0,100.0,91.0,91.0,96.0,9.0,0.0,-5.0,4.0,0.0,0.0,0.0,0.0,0.0,0.0,0.0,0.0,0.0,0.0,0.0,0.0,old20,35.0,57.6271186440678,25.5,41.52542372881356,21.5,34.74576271186441,44.632768361581924
sol,current_user,da-13-5,1,da-13-5--rep-001,e8908a1509166c699c3c01f2743ccef1b0ca5b45ba7e04fc5ec4c7407c720211,100.0,100.0,80.0,80.0,72.0,20.0,0.0,8.0,28.0,0.0,0.0,0.0,0.0,0.0,0.0,0.0,0.0,0.0,0.0,0.0,0.0,old20,50.5,83.89830508474576,25.5,41.52542372881356,39.0,64.40677966101696,63.27683615819209
sol,current_user,da-13-5,2,da-13-5--rep-002,34c7af044371da1b74591a96f6f536d2edc51341d276cd2c1ced555eb67b5bb3,95.0,95.0,75.0,75.0,82.0,20.0,0.0,-7.0,13.0,0.0,0.0,0.0,0.0,0.0,0.0,0.0,0.0,0.0,0.0,0.0,0.0,old20,50.5,83.89830508474576,25.5,41.52542372881356,17.5,27.966101694915253,51.12994350282486
sol,current_user,da-13-5,3,da-13-5--rep-003,da45ed3657c57a505691d5a566d6bee40b749093aeb6f4c0e83249050a42da97,100.0,100.0,90.0,90.0,82.0,10.0,0.0,8.0,18.0,0.0,0.0,0.0,0.0,0.0,0.0,1.0,0.0,0.0,0.0,0.0,0.0,old20,38.0,62.71186440677966,25.5,41.52542372881356,39.0,64.40677966101696,56.21468926553673
sol,current_user,da-13-6,1,da-13-6--rep-001,4b91801b7b3b3c0722d4138099e799e529db27a6ec410c7f895baf46b5b5260e,100.0,100.0,80.0,83.33333333333333,92.0,20.0,-3.3333333333333286,-8.666666666666671,8.0,0.0,0.0,0.0,0.0,0.0,0.0,0.0,0.0,0.0,0.0,0.0,0.0,old20,50.5,83.89830508474576,7.0,10.169491525423728,15.0,23.728813559322035,39.26553672316384
sol,current_user,da-13-6,2,da-13-6--rep-002,70781e72c0bd769898685277e2b00f3b58af60dd021f75dee121e9669d39c8b5,100.0,100.0,75.0,71.66666666666667,92.0,25.0,3.3333333333333286,-20.33333333333333,8.0,1.0,0.0,0.0,1.0,0.0,0.0,0.0,0.0,0.0,0.0,0.0,0.0,old20,56.5,94.0677966101695,47.0,77.96610169491525,9.0,13.559322033898304,61.86440677966102
sol,current_user,da-13-6,3,da-13-6--rep-003,8c39c24a1969119db9cb917eb6bb9b0d66834e1a2fe3e2dad56e988ed78d19bc,100.0,100.0,100.0,100.0,96.0,0.0,0.0,4.0,4.0,2.0,0.0,0.0,1.0,0.0,0.0,0.0,0.0,0.0,0.0,0.0,0.0,old20,15.5,24.576271186440678,25.5,41.52542372881356,32.0,52.54237288135593,39.548022598870055
sol,current_user,da-14-1,1,da-14-1--rep-001,c58870f887fa50980bfb0a72ef12a02de1d44513021245911166f54fb4ab8849,100.0,100.0,61.0,63.333333333333336,94.0,39.0,-2.3333333333333357,-30.666666666666664,6.0,0.0,0.0,0.0,0.0,0.0,0.0,0.0,0.0,0.0,0.0,0.0,0.0,old20,60.0,100.0,8.0,11.864406779661017,4.0,5.084745762711864,38.983050847457626
sol,current_user,da-14-1,2,da-14-1--rep-002,62a4f4e79c3ba40897079d2e4434524d0de6c7e9af55274bb103f10775894457,100.0,100.0,100.0,75.33333333333333,95.0,0.0,24.66666666666667,-19.66666666666667,5.0,0.0,0.0,0.0,0.0,0.0,0.0,0.0,0.0,0.0,0.0,0.0,0.0,old20,15.5,24.576271186440678,60.0,100.0,10.5,16.10169491525424,46.89265536723164
sol,current_user,da-14-1,3,da-14-1--rep-003,910c3ad981337a49826a2db6a9dcfeae79e59eea300411fa02d21a728b30d313,100.0,100.0,76.0,64.33333333333333,94.0,24.0,11.666666666666671,-29.66666666666667,6.0,0.0,0.0,0.0,0.0,0.0,0.0,0.0,0.0,0.0,0.0,0.0,0.0,old20,55.0,91.52542372881356,57.0,94.91525423728814,5.0,6.779661016949152,64.40677966101696
sol,current_user,da-14-3,1,da-14-3--rep-001,443cef1315d563b38a073e85156b222064439a6e6924ece7a7cf696da81ca47d,100.0,100.0,100.0,100.0,99.0,0.0,0.0,1.0,1.0,0.0,0.0,0.0,0.0,0.0,0.0,0.0,0.0,0.0,0.0,0.0,0.0,old20,15.5,24.576271186440678,25.5,41.52542372881356,26.0,42.3728813559322,36.15819209039548
sol,current_user,da-14-3,2,da-14-3--rep-002,b6bcfb1759100fb5dccdc6a0c96b2e53512990979748023f4dd66d1dafdae449,100.0,100.0,89.0,75.0,92.0,11.0,14.0,-17.0,8.0,0.0,0.0,0.0,0.0,0.0,0.0,0.0,0.0,0.0,0.0,0.0,0.0,old20,41.0,67.79661016949153,58.0,96.61016949152543,12.5,19.491525423728813,61.29943502824859
sol,current_user,da-14-3,3,da-14-3--rep-003,f490cd7d9aac7dd334b16cc234b86a204fe25c9123914094231ef40a35bf9865,100.0,100.0,100.0,100.0,97.0,0.0,0.0,3.0,3.0,0.0,0.0,0.0,0.0,0.0,0.0,0.0,0.0,0.0,0.0,0.0,0.0,old20,15.5,24.576271186440678,25.5,41.52542372881356,29.0,47.45762711864407,37.85310734463277
sol,current_user,da-14-8,1,da-14-8--rep-001,19e50d8f667891739f395ea6149e8c16e896b52239e2f28dc65435d959c044ea,93.0,93.0,68.0,68.0,92.0,25.0,0.0,-24.0,1.0,3.0,0.0,0.0,1.0,0.0,0.0,0.0,0.0,0.0,0.0,0.0,0.0,old20,56.5,94.0677966101695,25.5,41.52542372881356,7.0,10.169491525423728,48.58757062146893
sol,current_user,da-14-8,2,da-14-8--rep-002,1854b3c78047ce70c8c201e764f7834984a12b87d1e80fa39c8cebb687eb324c,58.0,58.0,61.0,67.66666666666667,58.0,-3.0,-6.666666666666671,9.666666666666671,0.0,4.0,0.0,0.0,5.0,0.0,100.0,1.0,0.0,0.0,2.0,0.0,0.0,old20,4.0,5.084745762711864,5.0,6.779661016949152,41.0,67.79661016949153,26.553672316384183
sol,current_user,da-14-8,3,da-14-8--rep-003,1df4d0430e99e84f731048fd90fa72db44584ded655899682db950efc5095058,76.0,76.0,61.0,61.0,78.0,15.0,0.0,-17.0,-2.0,8.0,100.0,0.0,8.0,100.0,0.0,1.0,0.0,0.0,0.0,0.0,0.0,old20,44.0,72.88135593220339,25.5,41.52542372881356,12.5,19.491525423728813,44.632768361581924
sol,current_user,da-15-1,1,da-15-1--rep-001,49778b345951f612f87bb67536902d62c4213099dc7e29ff5944d6732e6b15a9,87.0,87.0,82.0,82.0,60.0,5.0,0.0,22.0,27.0,0.0,0.0,0.0,0.0,0.0,0.0,0.0,0.0,0.0,0.0,0.0,0.0,old20,29.5,48.30508474576271,25.5,41.52542372881356,52.5,87.28813559322033,59.039548022598865
sol,current_user,da-15-1,2,da-15-1--rep-002,d9e2dbdadadbc426045c351ebdf396cff880ef31da1dd828a4c565fa93d51ff1,87.0,87.0,87.0,87.0,75.0,0.0,0.0,12.0,12.0,1.0,0.0,0.0,0.0,0.0,0.0,0.0,0.0,0.0,0.0,0.0,0.0,old20,15.5,24.576271186440678,25.5,41.52542372881356,45.5,75.42372881355932,47.175141242937855
sol,current_user,da-15-1,3,da-15-1--rep-003,2c9b91497ed94a70515f7042413c19b3bc0eae6ec6fd40c1c6f08cdadf998bb8,87.0,87.0,100.0,100.0,65.0,-13.0,0.0,35.0,22.0,1.0,0.0,0.0,2.0,0.0,0.0,0.0,0.0,0.0,1.0,0.0,0.0,old20,2.0,1.694915254237288,25.5,41.52542372881356,57.0,94.91525423728814,46.045197740113
sol,current_user,da-15-2,1,da-15-2--rep-001,40eaa690bb269c30e6cb610f512a9ef7b79943582f2aa03760864a3f8c8fad8d,83.0,83.0,73.0,73.0,58.0,10.0,0.0,15.0,25.0,2.0,0.0,0.0,2.0,0.0,0.0,0.0,0.0,0.0,0.0,0.0,0.0,old20,38.0,62.71186440677966,25.5,41.52542372881356,47.0,77.96610169491525,60.73446327683616
sol,current_user,da-15-2,2,da-15-2--rep-002,e50e296231d880e0bc0d5c30f44a8a25b92dac2ef762823c03fd9998c0ac1ecf,83.0,78.0,73.0,57.0,38.0,10.0,16.0,19.0,45.0,2.0,0.0,0.0,2.0,0.0,0.0,1.0,0.0,0.0,2.0,0.0,0.0,old20,38.0,62.71186440677966,59.0,98.30508474576271,50.0,83.05084745762711,81.35593220338983
sol,current_user,da-15-2,3,da-15-2--rep-003,a47f7ea5c7ecc7ae88acd066c12e7174fac5d94cce460ba2da6d1b82c4d0c52e,63.0,63.0,42.0,42.0,42.0,21.0,0.0,0.0,21.0,3.0,0.0,0.0,1.0,0.0,0.0,1.0,0.0,0.0,1.0,0.0,0.0,old20,53.0,88.13559322033899,25.5,41.52542372881356,25.0,40.67796610169491,56.779661016949156
sol,current_user,da-15-7,1,da-15-7--rep-001,59ab428e187341a7a1df7121482cccdd91c9b745d63cec3a741018c1e3e6be6f,100.0,100.0,70.0,70.0,48.0,30.0,0.0,22.0,52.0,2.0,0.0,0.0,2.0,0.0,0.0,0.0,0.0,0.0,0.0,0.0,0.0,old20,58.5,97.45762711864407,25.5,41.52542372881356,52.5,87.28813559322033,75.42372881355932
sol,current_user,da-15-7,2,da-15-7--rep-002,e9c603185bbda601c1acd391f801e80efed3fe54741476906dab4ae86f8b3ef4,67.0,67.0,60.0,60.0,44.0,7.0,0.0,16.0,23.0,0.0,0.0,0.0,1.0,0.0,0.0,0.0,0.0,0.0,0.0,0.0,0.0,old20,32.0,52.54237288135593,25.5,41.52542372881356,48.5,80.50847457627118,58.19209039548022
sol,current_user,da-15-7,3,da-15-7--rep-003,d3e0e167a77afc7c478738b92f976e9c286ae93e2c1056f27de50c7472d08cb7,77.0,77.0,67.0,67.0,72.0,10.0,0.0,-5.0,5.0,4.0,0.0,0.0,2.0,0.0,0.0,2.0,0.0,0.0,2.0,0.0,0.0,old20,38.0,62.71186440677966,25.5,41.52542372881356,21.5,34.74576271186441,46.32768361581921
sol,current_user,da-15-8,1,da-15-8--rep-001,53a46b741b20fd7efb6942b743936da2713e7e4f7c0b7caca4c74840bd1c46b4,90.0,90.0,85.0,81.66666666666667,42.0,5.0,3.3333333333333286,39.66666666666667,48.0,3.0,0.0,0.0,1.0,0.0,0.0,1.0,0.0,0.0,0.0,0.0,0.0,old20,29.5,48.30508474576271,47.0,77.96610169491525,59.0,98.30508474576271,74.85875706214689
sol,current_user,da-15-8,2,da-15-8--rep-002,c41efbccbdce487e284c6cca7437b761647c4c3bd324b82add821555cc3af6e5,100.0,90.0,83.0,83.0,94.0,17.0,0.0,-11.0,6.0,1.0,0.0,0.0,1.0,0.0,0.0,0.0,0.0,0.0,0.0,0.0,0.0,old20,45.0,74.57627118644068,25.5,41.52542372881356,14.0,22.033898305084747,46.045197740113
sol,current_user,da-15-8,3,da-15-8--rep-003,88786bf677b29c911b61cc5e8508c231eceeaae998d287a14488a99cd07e8f59,90.0,90.0,90.0,90.0,38.0,0.0,0.0,52.0,52.0,1.0,0.0,0.0,0.0,0.0,0.0,0.0,0.0,0.0,0.0,0.0,0.0,old20,15.5,24.576271186440678,25.5,41.52542372881356,60.0,100.0,55.367231638418076
sol,current_user,da-16-1,1,da-16-1--rep-001,03f392063162b1c738e767e709fe6f8588224063e90da612d8ace10d70f494d1,100.0,100.0,100.0,100.0,88.0,0.0,0.0,12.0,12.0,0.0,0.0,0.0,0.0,0.0,0.0,0.0,0.0,0.0,0.0,0.0,0.0,old20,15.5,24.576271186440678,25.5,41.52542372881356,45.5,75.42372881355932,47.175141242937855
sol,current_user,da-16-1,2,da-16-1--rep-002,f77c2af700524b3b1395f9eadb91da37e3bb9804384000e7d9c0386190a55209,100.0,100.0,100.0,100.0,84.0,0.0,0.0,16.0,16.0,0.0,0.0,0.0,1.0,0.0,0.0,0.0,0.0,0.0,0.0,0.0,0.0,old20,15.5,24.576271186440678,25.5,41.52542372881356,48.5,80.50847457627118,48.87005649717514
sol,current_user,da-16-1,3,da-16-1--rep-003,73cdeed48bca0558d392c3dd44b39985a532fab27e0d15487cb91a54badcfe19,100.0,100.0,87.0,87.0,82.0,13.0,0.0,5.0,18.0,0.0,0.0,0.0,0.0,0.0,0.0,0.0,0.0,0.0,0.0,0.0,0.0,old20,42.5,70.33898305084746,25.5,41.52542372881356,34.0,55.932203389830505,55.932203389830505
sol,current_user,da-18-5,1,da-18-5--rep-001,e16aab443e445a25e328d42a825eafeb8dbce66b57e426a299c777841f64988a,100.0,100.0,100.0,92.33333333333333,87.0,0.0,7.666666666666671,5.333333333333329,13.0,0.0,0.0,0.0,0.0,0.0,0.0,0.0,0.0,0.0,0.0,0.0,0.0,old20,15.5,24.576271186440678,56.0,93.22033898305085,35.0,57.6271186440678,58.47457627118644
sol,current_user,da-18-5,2,da-18-5--rep-002,7e7dc16cd6b5657189453d3b97525954e7848ca4c813a787d72773fb1187805d,100.0,100.0,100.0,96.66666666666667,95.0,0.0,3.3333333333333286,1.6666666666666714,5.0,0.0,0.0,0.0,0.0,0.0,0.0,0.0,0.0,0.0,0.0,0.0,0.0,old20,15.5,24.576271186440678,47.0,77.96610169491525,27.0,44.067796610169495,48.87005649717514
sol,current_user,da-18-5,3,da-18-5--rep-003,2e3688af56b326420d8f1a14ef34853c0b6ebdec85e5c02ed7f3e51f35f97fcc,100.0,100.0,100.0,93.33333333333333,96.0,0.0,6.666666666666671,-2.6666666666666714,4.0,0.0,0.0,0.0,0.0,0.0,0.0,0.0,0.0,0.0,0.0,0.0,0.0,old20,15.5,24.576271186440678,54.0,89.83050847457628,23.0,37.28813559322034,50.56497175141243
sol,current_user,da-18-7,1,da-18-7--rep-001,7a0fcb964647f6592e3015cc4721de083d9eafd4fe2bb761f2e09e2c21ba0441,85.0,85.0,65.0,58.333333333333336,65.0,20.0,6.666666666666664,-6.666666666666664,20.0,1.0,0.0,0.0,0.0,0.0,0.0,0.0,0.0,0.0,0.0,0.0,0.0,old20,50.5,83.89830508474576,53.0,88.13559322033899,19.0,30.508474576271187,67.51412429378531
sol,current_user,da-18-7,2,da-18-7--rep-002,a68c6efb4d3088838ae3214b0eee1421242d79cd02b37205b52417718bb5d69c,92.0,87.0,85.0,92.0,72.0,7.0,-7.0,20.0,20.0,0.0,0.0,0.0,0.0,0.0,0.0,0.0,0.0,0.0,0.0,0.0,0.0,old20,32.0,52.54237288135593,4.0,5.084745762711864,51.0,84.7457627118644,47.45762711864406
sol,current_user,da-18-7,3,da-18-7--rep-003,c96906cd9bbe233732ab0a58f730d06d123b6b5000b55870f31665d7ff258a06,100.0,100.0,100.0,100.0,93.0,0.0,0.0,7.0,7.0,0.0,0.0,0.0,0.0,0.0,0.0,0.0,0.0,0.0,1.0,0.0,0.0,old20,15.5,24.576271186440678,25.5,41.52542372881356,36.5,60.16949152542373,42.090395480225986
sol,current_user,da-19-1,1,da-19-1--rep-001,af15ae0a8c740adecf79c1fd6c39ec42ffb0e25acb0e09ce361bdc13ac55e900,100.0,100.0,92.0,92.0,94.0,8.0,0.0,-2.0,6.0,0.0,0.0,0.0,0.0,0.0,0.0,0.0,0.0,0.0,0.0,0.0,0.0,old20,34.0,55.932203389830505,25.5,41.52542372881356,24.0,38.983050847457626,45.48022598870056
sol,current_user,da-19-1,2,da-19-1--rep-002,23950447b25a546d51126338de629eeaed3612b5bdefa5d02ada577f54cfae52,100.0,100.0,100.0,100.0,97.0,0.0,0.0,3.0,3.0,0.0,0.0,0.0,0.0,0.0,0.0,0.0,0.0,0.0,0.0,0.0,0.0,old20,15.5,24.576271186440678,25.5,41.52542372881356,29.0,47.45762711864407,37.85310734463277
sol,current_user,da-19-1,3,da-19-1--rep-003,ec091ad49126a85e8b26312e2934437bb668c437c5e91faae91f81b2a36fdadf,100.0,100.0,96.0,90.66666666666667,97.0,4.0,5.333333333333329,-6.333333333333329,3.0,0.0,0.0,0.0,0.0,0.0,0.0,1.0,0.0,0.0,0.0,0.0,0.0,old20,28.0,45.76271186440678,52.0,86.44067796610169,20.0,32.20338983050848,54.80225988700565
sol,current_user,da-19-6,1,da-19-6--rep-001,9a16f1ca31dcfabe5b6d4310edb3ad148676155750fd8b6230e516edca849bd6,35.0,35.0,12.0,10.333333333333334,72.0,23.0,1.666666666666666,-61.666666666666664,-37.0,1.0,0.0,0.0,0.0,0.0,0.0,0.0,0.0,0.0,0.0,0.0,0.0,old20,54.0,89.83050847457628,42.5,70.33898305084746,2.0,1.694915254237288,53.95480225988701
sol,current_user,da-19-6,2,da-19-6--rep-002,a8533f11a1771f2899ffade736efc0ba4d6cb1a19b394f02746cf72adcd38fac,47.0,47.0,17.0,15.333333333333334,58.0,30.0,1.666666666666666,-42.666666666666664,-11.0,0.0,0.0,0.0,0.0,0.0,0.0,0.0,0.0,0.0,0.0,0.0,0.0,old20,58.5,97.45762711864407,42.5,70.33898305084746,3.0,3.389830508474576,57.06214689265537
sol,current_user,da-19-6,3,da-19-6--rep-003,91657fa87314f79c5f92844f0ee7e9b3b09cd224fef7af8dc31a99a7a11b6312,30.0,30.0,12.0,13.666666666666666,84.0,18.0,-1.666666666666666,-70.33333333333333,-54.0,0.0,0.0,0.0,0.0,0.0,0.0,0.0,0.0,0.0,0.0,0.0,0.0,old20,47.0,77.96610169491525,9.0,13.559322033898304,1.0,0.0,30.508474576271187
opus,current_full,da-10-1,1,da-10-1--rep-001,8a59fa68dbcd5e8ae42ecd5148e7877fa04f672b4847eab901635ad0b0cfda04,100.0,100.0,100.0,100.0,80.0,0.0,0.0,20.0,20.0,1.0,0.0,0.0,0.0,0.0,0.0,1.0,0.0,0.0,1.0,0.0,0.0,old20,18.0,28.8135593220339,23.5,38.13559322033898,46.0,76.27118644067797,47.740112994350284
opus,current_full,da-10-1,2,da-10-1--rep-002,28bb10a27cc5e7b0d29f2dee6658836679cca6dd5b1ee3c17e687f92b4a23d8e,100.0,100.0,95.0,95.0,80.0,5.0,0.0,15.0,20.0,1.0,0.0,0.0,1.0,0.0,0.0,1.0,0.0,0.0,1.0,0.0,0.0,old20,37.0,61.016949152542374,23.5,38.13559322033898,37.0,61.016949152542374,53.389830508474574
opus,current_full,da-10-1,3,da-10-1--rep-003,d77c9832e24c0b1a42f91901e0a69c073ab4c04c89ef662ec0344e1f778444bb,100.0,100.0,100.0,100.0,85.0,0.0,0.0,15.0,15.0,1.0,0.0,0.0,1.0,0.0,0.0,1.0,0.0,0.0,1.0,0.0,0.0,old20,18.0,28.8135593220339,23.5,38.13559322033898,37.0,61.016949152542374,42.65536723163842
opus,current_full,da-10-3,1,da-10-3--rep-001,bcc9f280eaf5bcc981ab99bfffb5b40d9bf3ea870b24454dfd3bf94e4ca26edf,100.0,100.0,100.0,100.0,83.0,0.0,0.0,17.0,17.0,1.0,0.0,0.0,1.0,0.0,0.0,1.0,0.0,0.0,1.0,0.0,0.0,old20,18.0,28.8135593220339,23.5,38.13559322033898,42.0,69.49152542372882,45.48022598870057
opus,current_full,da-10-3,2,da-10-3--rep-002,af1ead73430659ec7567418ef500f3a14330b21ef20c93d4f9ea7f58374e325f,100.0,100.0,95.0,98.33333333333333,69.0,5.0,-3.3333333333333286,29.33333333333333,31.0,1.0,0.0,0.0,1.0,0.0,0.0,1.0,0.0,0.0,1.0,0.0,0.0,old20,37.0,61.016949152542374,5.0,6.779661016949152,55.0,91.52542372881356,53.10734463276836
opus,current_full,da-10-3,3,da-10-3--rep-003,7eff9444a67bf46772b10655df63a85852ff1556f1b1f197c200e5344bc459b7,100.0,100.0,100.0,96.33333333333333,82.0,0.0,3.6666666666666714,14.333333333333329,18.0,1.0,0.0,0.0,1.0,0.0,0.0,1.0,0.0,0.0,1.0,0.0,0.0,old20,18.0,28.8135593220339,45.0,74.57627118644068,33.0,54.23728813559322,52.54237288135593
opus,current_full,da-12-2,1,da-12-2--rep-001,aa5558f0bc70c3c0056596c6f332961c6a28149e5403459ae069d38d1744d6c2,100.0,95.0,100.0,100.0,72.0,0.0,0.0,28.0,28.0,7.0,100.0,0.0,7.0,100.0,0.0,8.0,100.0,0.0,6.0,100.0,0.0,old20,18.0,28.8135593220339,23.5,38.13559322033898,53.5,88.98305084745763,51.9774011299435
opus,current_full,da-12-2,2,da-12-2--rep-002,953bdb85e14b9bb90c6086aaf50e1ad561a2281b02055778d4ba60644119181b,70.0,70.0,65.0,66.66666666666667,64.0,5.0,-1.6666666666666714,2.6666666666666714,6.0,1.0,0.0,0.0,0.0,0.0,0.0,1.0,0.0,0.0,1.0,0.0,0.0,old20,37.0,61.016949152542374,8.0,11.864406779661017,17.0,27.11864406779661,33.333333333333336
opus,current_full,da-12-2,3,da-12-2--rep-003,96658af61c93de4b8ed3e4d908009f3f76b8ddc8b0356d891fe518bda682c3e2,100.0,100.0,100.0,100.0,87.0,0.0,0.0,13.0,13.0,5.0,0.0,100.0,2.0,0.0,0.0,2.0,0.0,0.0,2.0,0.0,0.0,old20,18.0,28.8135593220339,23.5,38.13559322033898,32.0,52.54237288135593,39.83050847457627
opus,current_full,da-12-4,1,da-12-4--rep-001,f7cc404237a9fc22cdd1af5841696b058537a33a726d77cb37368ca002f6162c,86.0,86.0,86.0,86.0,83.0,0.0,0.0,3.0,3.0,1.0,0.0,0.0,1.0,0.0,0.0,1.0,0.0,0.0,1.0,0.0,0.0,old20,18.0,28.8135593220339,23.5,38.13559322033898,18.0,28.8135593220339,31.92090395480226
opus,current_full,da-12-4,2,da-12-4--rep-002,d22048bbf9e9aeda018a6ef09192a2a3b59b0d996f764b8b241f87065d353eed,100.0,100.0,100.0,100.0,79.0,0.0,0.0,21.0,21.0,7.0,100.0,0.0,1.0,0.0,0.0,1.0,0.0,0.0,1.0,0.0,0.0,old20,18.0,28.8135593220339,23.5,38.13559322033898,47.0,77.96610169491525,48.30508474576271
opus,current_full,da-12-4,3,da-12-4--rep-003,e631bcaaf0b93d7fac03c461e42334c064c26d702791dd8c34fe3da9ac47ce25,86.0,86.0,100.0,83.66666666666667,84.0,-14.0,16.33333333333333,-0.3333333333333286,2.0,3.0,0.0,0.0,3.0,0.0,0.0,1.0,0.0,0.0,2.0,0.0,0.0,old20,2.0,1.694915254237288,60.0,100.0,14.0,22.033898305084747,41.24293785310734
opus,current_full,da-13-1,1,da-13-1--rep-001,2687db1883433f202b5d8c4fa1eeb81260a954db4c9b219b9470ca88df6eb75a,100.0,100.0,91.0,88.0,80.0,9.0,3.0,8.0,20.0,1.0,0.0,0.0,1.0,0.0,0.0,0.0,0.0,0.0,1.0,0.0,0.0,old20,45.5,75.42372881355932,40.0,66.10169491525424,22.0,35.59322033898305,59.03954802259887
opus,current_full,da-13-1,2,da-13-1--rep-002,cff05b668fee971c5af7a3bc1b18b31d9370768654b274ca8f88901252cba0b1,100.0,100.0,100.0,100.0,83.0,0.0,0.0,17.0,17.0,1.0,0.0,0.0,1.0,0.0,0.0,1.0,0.0,0.0,1.0,0.0,0.0,old20,18.0,28.8135593220339,23.5,38.13559322033898,42.0,69.49152542372882,45.48022598870057
opus,current_full,da-13-1,3,da-13-1--rep-003,4872c95f9caa5c573f5e3056e2fc5bf40232784f95f8423cb777b3654cd139a1,100.0,100.0,91.0,84.33333333333333,83.0,9.0,6.666666666666671,1.3333333333333286,17.0,1.0,0.0,0.0,1.0,0.0,0.0,1.0,0.0,0.0,1.0,0.0,0.0,old20,45.5,75.42372881355932,53.5,88.98305084745763,16.0,25.423728813559322,63.27683615819209
opus,current_full,da-13-3,1,da-13-3--rep-001,13d1faa077f1168872dc928fe929fcfec5e2b5a7a004d404ecba57c1b0607a19,100.0,100.0,100.0,100.0,85.0,0.0,0.0,15.0,15.0,1.0,0.0,0.0,0.0,0.0,0.0,0.0,0.0,0.0,1.0,0.0,0.0,old20,18.0,28.8135593220339,23.5,38.13559322033898,37.0,61.016949152542374,42.65536723163842
opus,current_full,da-13-3,2,da-13-3--rep-002,844644e69962c5c8f40741d7e7e809c2f33007ecd3483f925f52af4c3c55b383,100.0,100.0,100.0,95.33333333333333,85.0,0.0,4.666666666666671,10.333333333333329,15.0,1.0,0.0,0.0,1.0,0.0,0.0,1.0,0.0,0.0,1.0,0.0,0.0,old20,18.0,28.8135593220339,47.5,78.8135593220339,23.5,38.13559322033898,48.58757062146893
opus,current_full,da-13-3,3,da-13-3--rep-003,3b55f0efcc9addf6212ef1aea789ea400d6fdbd67280be554000a46a9fb72f40,100.0,100.0,100.0,95.33333333333333,83.0,0.0,4.666666666666671,12.333333333333329,17.0,1.0,0.0,0.0,1.0,0.0,0.0,1.0,0.0,0.0,1.0,0.0,0.0,old20,18.0,28.8135593220339,47.5,78.8135593220339,30.0,49.152542372881356,52.259887005649716
opus,current_full,da-13-5,1,da-13-5--rep-001,e8908a1509166c699c3c01f2743ccef1b0ca5b45ba7e04fc5ec4c7407c720211,100.0,100.0,100.0,96.66666666666667,82.0,0.0,3.3333333333333286,14.666666666666671,18.0,2.0,0.0,0.0,2.0,0.0,0.0,1.0,0.0,0.0,1.0,0.0,0.0,old20,18.0,28.8135593220339,42.0,69.49152542372882,34.0,55.932203389830505,51.41242937853107
opus,current_full,da-13-5,2,da-13-5--rep-002,34c7af044371da1b74591a96f6f536d2edc51341d276cd2c1ced555eb67b5bb3,100.0,100.0,90.0,83.33333333333333,89.0,10.0,6.666666666666671,-5.666666666666671,11.0,1.0,0.0,0.0,0.0,0.0,0.0,0.0,0.0,0.0,1.0,0.0,0.0,old20,48.5,80.50847457627118,53.5,88.98305084745763,7.0,10.169491525423728,59.887005649717516
opus,current_full,da-13-5,3,da-13-5--rep-003,da45ed3657c57a505691d5a566d6bee40b749093aeb6f4c0e83249050a42da97,100.0,100.0,80.0,83.33333333333333,88.0,20.0,-3.3333333333333286,-4.666666666666671,12.0,2.0,0.0,0.0,1.0,0.0,0.0,1.0,0.0,0.0,1.0,0.0,0.0,old20,56.5,94.0677966101695,5.0,6.779661016949152,10.0,15.254237288135593,38.70056497175141
opus,current_full,da-13-6,1,da-13-6--rep-001,4b91801b7b3b3c0722d4138099e799e529db27a6ec410c7f895baf46b5b5260e,100.0,100.0,100.0,93.33333333333333,82.0,0.0,6.666666666666671,11.333333333333329,18.0,2.0,0.0,0.0,1.0,0.0,0.0,1.0,0.0,0.0,1.0,0.0,0.0,old20,18.0,28.8135593220339,53.5,88.98305084745763,25.0,40.67796610169491,52.824858757062145
opus,current_full,da-13-6,2,da-13-6--rep-002,70781e72c0bd769898685277e2b00f3b58af60dd021f75dee121e9669d39c8b5,100.0,100.0,70.0,56.666666666666664,80.0,30.0,13.333333333333336,-23.333333333333336,20.0,1.0,0.0,0.0,1.0,0.0,0.0,1.0,0.0,0.0,0.0,0.0,0.0,old20,59.0,98.30508474576271,59.0,98.30508474576271,1.0,0.0,65.53672316384181
opus,current_full,da-13-6,3,da-13-6--rep-003,8c39c24a1969119db9cb917eb6bb9b0d66834e1a2fe3e2dad56e988ed78d19bc,100.0,100.0,60.0,56.666666666666664,77.0,40.0,3.3333333333333357,-20.333333333333336,23.0,1.0,0.0,0.0,1.0,0.0,0.0,1.0,0.0,0.0,1.0,0.0,0.0,old20,60.0,100.0,44.0,72.88135593220339,2.0,1.694915254237288,58.19209039548023
opus,current_full,da-14-1,1,da-14-1--rep-001,c58870f887fa50980bfb0a72ef12a02de1d44513021245911166f54fb4ab8849,100.0,100.0,95.0,88.66666666666667,85.0,5.0,6.333333333333329,3.6666666666666714,15.0,1.0,0.0,0.0,1.0,0.0,0.0,0.0,0.0,0.0,1.0,0.0,0.0,old20,37.0,61.016949152542374,50.0,83.05084745762711,19.0,30.508474576271187,58.19209039548022
opus,current_full,da-14-1,2,da-14-1--rep-002,62a4f4e79c3ba40897079d2e4434524d0de6c7e9af55274bb103f10775894457,100.0,100.0,95.0,88.33333333333333,83.0,5.0,6.666666666666671,5.333333333333329,17.0,1.0,0.0,0.0,0.0,0.0,0.0,0.0,0.0,0.0,1.0,0.0,0.0,old20,37.0,61.016949152542374,53.5,88.98305084745763,20.0,32.20338983050848,60.73446327683616
opus,current_full,da-14-1,3,da-14-1--rep-003,910c3ad981337a49826a2db6a9dcfeae79e59eea300411fa02d21a728b30d313,100.0,100.0,93.0,89.66666666666667,82.0,7.0,3.3333333333333286,7.666666666666671,18.0,1.0,0.0,0.0,1.0,0.0,0.0,0.0,0.0,0.0,1.0,0.0,0.0,old20,42.0,69.49152542372882,42.0,69.49152542372882,21.0,33.898305084745765,57.6271186440678
opus,current_full,da-14-3,1,da-14-3--rep-001,443cef1315d563b38a073e85156b222064439a6e6924ece7a7cf696da81ca47d,100.0,100.0,100.0,100.0,88.0,0.0,0.0,12.0,12.0,1.0,0.0,0.0,1.0,0.0,0.0,1.0,0.0,0.0,1.0,0.0,0.0,old20,18.0,28.8135593220339,23.5,38.13559322033898,27.5,44.91525423728814,37.28813559322034
opus,current_full,da-14-3,2,da-14-3--rep-002,b6bcfb1759100fb5dccdc6a0c96b2e53512990979748023f4dd66d1dafdae449,100.0,100.0,100.0,100.0,88.0,0.0,0.0,12.0,12.0,2.0,0.0,0.0,1.0,0.0,0.0,1.0,0.0,0.0,1.0,0.0,0.0,old20,18.0,28.8135593220339,23.5,38.13559322033898,27.5,44.91525423728814,37.28813559322034
opus,current_full,da-14-3,3,da-14-3--rep-003,f490cd7d9aac7dd334b16cc234b86a204fe25c9123914094231ef40a35bf9865,100.0,100.0,100.0,100.0,88.0,0.0,0.0,12.0,12.0,1.0,0.0,0.0,1.0,0.0,0.0,0.0,0.0,0.0,1.0,0.0,0.0,old20,18.0,28.8135593220339,23.5,38.13559322033898,27.5,44.91525423728814,37.28813559322034
opus,current_full,da-14-8,1,da-14-8--rep-001,19e50d8f667891739f395ea6149e8c16e896b52239e2f28dc65435d959c044ea,100.0,100.0,100.0,100.0,68.0,0.0,0.0,32.0,32.0,4.0,0.0,0.0,1.0,0.0,0.0,2.0,0.0,0.0,1.0,0.0,0.0,old20,18.0,28.8135593220339,23.5,38.13559322033898,57.0,94.91525423728814,53.954802259887
opus,current_full,da-14-8,2,da-14-8--rep-002,1854b3c78047ce70c8c201e764f7834984a12b87d1e80fa39c8cebb687eb324c,100.0,100.0,100.0,100.0,76.0,0.0,0.0,24.0,24.0,3.0,0.0,0.0,5.0,0.0,100.0,1.0,0.0,0.0,1.0,0.0,0.0,old20,18.0,28.8135593220339,23.5,38.13559322033898,49.5,82.20338983050847,49.717514124293785
opus,current_full,da-14-8,3,da-14-8--rep-003,1df4d0430e99e84f731048fd90fa72db44584ded655899682db950efc5095058,100.0,100.0,85.0,88.33333333333333,58.0,15.0,-3.3333333333333286,30.33333333333333,42.0,4.0,0.0,0.0,1.0,0.0,0.0,2.0,0.0,0.0,1.0,0.0,0.0,old20,53.0,88.13559322033899,5.0,6.779661016949152,56.0,93.22033898305085,62.71186440677967
opus,current_full,da-15-1,1,da-15-1--rep-001,49778b345951f612f87bb67536902d62c4213099dc7e29ff5944d6732e6b15a9,100.0,100.0,100.0,100.0,76.0,0.0,0.0,24.0,24.0,1.0,0.0,0.0,0.0,0.0,0.0,1.0,0.0,0.0,0.0,0.0,0.0,old20,18.0,28.8135593220339,23.5,38.13559322033898,49.5,82.20338983050847,49.717514124293785
opus,current_full,da-15-1,2,da-15-1--rep-002,d9e2dbdadadbc426045c351ebdf396cff880ef31da1dd828a4c565fa93d51ff1,87.0,87.0,87.0,87.0,86.0,0.0,0.0,1.0,1.0,1.0,0.0,0.0,0.0,0.0,0.0,1.0,0.0,0.0,1.0,0.0,0.0,old20,18.0,28.8135593220339,23.5,38.13559322033898,15.0,23.728813559322035,30.225988700564972
opus,current_full,da-15-1,3,da-15-1--rep-003,2c9b91497ed94a70515f7042413c19b3bc0eae6ec6fd40c1c6f08cdadf998bb8,87.0,87.0,87.0,82.0,85.0,0.0,5.0,-3.0,2.0,3.0,0.0,0.0,1.0,0.0,0.0,0.0,0.0,0.0,0.0,0.0,0.0,old20,18.0,28.8135593220339,49.0,81.35593220338983,11.5,17.796610169491526,42.655367231638415
opus,current_full,da-15-2,1,da-15-2--rep-001,40eaa690bb269c30e6cb610f512a9ef7b79943582f2aa03760864a3f8c8fad8d,73.0,73.0,62.0,62.333333333333336,68.0,11.0,-0.3333333333333357,-5.666666666666664,5.0,2.0,0.0,0.0,3.0,0.0,0.0,2.0,0.0,0.0,2.0,0.0,0.0,old20,51.0,84.7457627118644,9.0,13.559322033898304,8.0,11.864406779661017,36.72316384180791
opus,current_full,da-15-2,2,da-15-2--rep-002,e50e296231d880e0bc0d5c30f44a8a25b92dac2ef762823c03fd9998c0ac1ecf,100.0,95.0,83.0,76.33333333333333,66.0,17.0,6.666666666666671,10.333333333333329,34.0,1.0,0.0,0.0,1.0,0.0,0.0,1.0,0.0,0.0,1.0,0.0,0.0,old20,54.5,90.67796610169492,53.5,88.98305084745763,23.5,38.13559322033898,72.59887005649718
opus,current_full,da-15-2,3,da-15-2--rep-003,a47f7ea5c7ecc7ae88acd066c12e7174fac5d94cce460ba2da6d1b82c4d0c52e,83.0,83.0,73.0,73.0,78.0,10.0,0.0,-5.0,5.0,1.0,0.0,0.0,1.0,0.0,0.0,1.0,0.0,0.0,1.0,0.0,0.0,old20,48.5,80.50847457627118,23.5,38.13559322033898,9.0,13.559322033898304,44.06779661016949
opus,current_full,da-15-7,1,da-15-7--rep-001,59ab428e187341a7a1df7121482cccdd91c9b745d63cec3a741018c1e3e6be6f,77.0,77.0,57.0,67.0,42.0,20.0,-10.0,25.0,35.0,1.0,0.0,0.0,1.0,0.0,0.0,1.0,0.0,0.0,0.0,0.0,0.0,old20,56.5,94.0677966101695,1.5,0.847457627118644,51.0,84.7457627118644,59.887005649717516
opus,current_full,da-15-7,2,da-15-7--rep-002,e9c603185bbda601c1acd391f801e80efed3fe54741476906dab4ae86f8b3ef4,77.0,77.0,77.0,77.0,80.0,0.0,0.0,-3.0,-3.0,1.0,0.0,0.0,1.0,0.0,0.0,0.0,0.0,0.0,1.0,0.0,0.0,old20,18.0,28.8135593220339,23.5,38.13559322033898,11.5,17.796610169491526,28.24858757062147
opus,current_full,da-15-7,3,da-15-7--rep-003,d3e0e167a77afc7c478738b92f976e9c286ae93e2c1056f27de50c7472d08cb7,67.0,67.0,62.0,60.333333333333336,72.0,5.0,1.6666666666666643,-11.666666666666664,-5.0,2.0,0.0,0.0,1.0,0.0,0.0,1.0,0.0,0.0,1.0,0.0,0.0,old20,37.0,61.016949152542374,39.0,64.40677966101696,6.0,8.474576271186441,44.632768361581924
opus,current_full,da-15-8,1,da-15-8--rep-001,53a46b741b20fd7efb6942b743936da2713e7e4f7c0b7caca4c74840bd1c46b4,100.0,100.0,73.0,83.0,84.0,27.0,-10.0,-1.0,16.0,1.0,0.0,0.0,1.0,0.0,0.0,1.0,0.0,0.0,1.0,0.0,0.0,old20,58.0,96.61016949152543,1.5,0.847457627118644,13.0,20.338983050847457,39.26553672316384
opus,current_full,da-15-8,2,da-15-8--rep-002,c41efbccbdce487e284c6cca7437b761647c4c3bd324b82add821555cc3af6e5,100.0,100.0,83.0,79.66666666666667,62.0,17.0,3.3333333333333286,17.66666666666667,38.0,1.0,0.0,0.0,1.0,0.0,0.0,2.0,0.0,0.0,1.0,0.0,0.0,old20,54.5,90.67796610169492,42.0,69.49152542372882,44.0,72.88135593220339,77.68361581920904
opus,current_full,da-15-8,3,da-15-8--rep-003,88786bf677b29c911b61cc5e8508c231eceeaae998d287a14488a99cd07e8f59,100.0,100.0,100.0,93.33333333333333,57.0,0.0,6.666666666666671,36.33333333333333,43.0,3.0,0.0,0.0,1.0,0.0,0.0,1.0,0.0,0.0,1.0,0.0,0.0,old20,18.0,28.8135593220339,53.5,88.98305084745763,59.0,98.30508474576271,72.03389830508475
opus,current_full,da-16-1,1,da-16-1--rep-001,03f392063162b1c738e767e709fe6f8588224063e90da612d8ace10d70f494d1,100.0,100.0,95.0,95.0,76.0,5.0,0.0,19.0,24.0,1.0,0.0,0.0,1.0,0.0,0.0,0.0,0.0,0.0,0.0,0.0,0.0,old20,37.0,61.016949152542374,23.5,38.13559322033898,45.0,74.57627118644068,57.909604519774014
opus,current_full,da-16-1,2,da-16-1--rep-002,f77c2af700524b3b1395f9eadb91da37e3bb9804384000e7d9c0386190a55209,100.0,100.0,95.0,95.0,80.0,5.0,0.0,15.0,20.0,1.0,0.0,0.0,1.0,0.0,0.0,0.0,0.0,0.0,1.0,0.0,0.0,old20,37.0,61.016949152542374,23.5,38.13559322033898,37.0,61.016949152542374,53.389830508474574
opus,current_full,da-16-1,3,da-16-1--rep-003,73cdeed48bca0558d392c3dd44b39985a532fab27e0d15487cb91a54badcfe19,100.0,100.0,95.0,95.0,72.0,5.0,0.0,23.0,28.0,1.0,0.0,0.0,1.0,0.0,0.0,1.0,0.0,0.0,1.0,0.0,0.0,old20,37.0,61.016949152542374,23.5,38.13559322033898,48.0,79.66101694915254,59.6045197740113
opus,current_full,da-18-5,1,da-18-5--rep-001,e16aab443e445a25e328d42a825eafeb8dbce66b57e426a299c777841f64988a,100.0,100.0,90.0,96.66666666666667,57.0,10.0,-6.666666666666671,39.66666666666667,43.0,2.0,0.0,0.0,1.0,0.0,0.0,1.0,0.0,0.0,1.0,0.0,0.0,old20,48.5,80.50847457627118,3.0,3.389830508474576,60.0,100.0,61.29943502824859
opus,current_full,da-18-5,2,da-18-5--rep-002,7e7dc16cd6b5657189453d3b97525954e7848ca4c813a787d72773fb1187805d,100.0,100.0,90.0,90.0,55.0,10.0,0.0,35.0,45.0,2.0,0.0,0.0,1.0,0.0,0.0,2.0,0.0,0.0,1.0,0.0,0.0,old20,48.5,80.50847457627118,23.5,38.13559322033898,58.0,96.61016949152543,71.75141242937853
opus,current_full,da-18-5,3,da-18-5--rep-003,2e3688af56b326420d8f1a14ef34853c0b6ebdec85e5c02ed7f3e51f35f97fcc,100.0,100.0,100.0,90.0,74.0,0.0,10.0,16.0,26.0,1.0,0.0,0.0,1.0,0.0,0.0,1.0,0.0,0.0,0.0,0.0,0.0,old20,18.0,28.8135593220339,58.0,96.61016949152543,40.0,66.10169491525424,63.841807909604526
opus,current_full,da-18-7,1,da-18-7--rep-001,7a0fcb964647f6592e3015cc4721de083d9eafd4fe2bb761f2e09e2c21ba0441,92.0,92.0,100.0,100.0,73.0,-8.0,0.0,27.0,19.0,2.0,0.0,0.0,1.0,0.0,0.0,2.0,0.0,0.0,1.0,0.0,0.0,old20,3.0,3.389830508474576,23.5,38.13559322033898,52.0,86.44067796610169,42.655367231638415
opus,current_full,da-18-7,2,da-18-7--rep-002,a68c6efb4d3088838ae3214b0eee1421242d79cd02b37205b52417718bb5d69c,100.0,100.0,100.0,100.0,72.0,0.0,0.0,28.0,28.0,2.0,0.0,0.0,1.0,0.0,0.0,2.0,0.0,0.0,1.0,0.0,0.0,old20,18.0,28.8135593220339,23.5,38.13559322033898,53.5,88.98305084745763,51.9774011299435
opus,current_full,da-18-7,3,da-18-7--rep-003,c96906cd9bbe233732ab0a58f730d06d123b6b5000b55870f31665d7ff258a06,100.0,100.0,100.0,100.0,83.0,0.0,0.0,17.0,17.0,2.0,0.0,0.0,1.0,0.0,0.0,0.0,0.0,0.0,1.0,0.0,0.0,old20,18.0,28.8135593220339,23.5,38.13559322033898,42.0,69.49152542372882,45.48022598870057
opus,current_full,da-19-1,1,da-19-1--rep-001,af15ae0a8c740adecf79c1fd6c39ec42ffb0e25acb0e09ce361bdc13ac55e900,100.0,100.0,92.0,94.66666666666667,82.0,8.0,-2.6666666666666714,12.666666666666671,18.0,1.0,0.0,0.0,0.0,0.0,0.0,1.0,0.0,0.0,1.0,0.0,0.0,old20,43.5,72.03389830508475,7.0,10.169491525423728,31.0,50.847457627118644,44.35028248587571
opus,current_full,da-19-1,2,da-19-1--rep-002,23950447b25a546d51126338de629eeaed3612b5bdefa5d02ada577f54cfae52,100.0,100.0,100.0,100.0,88.0,0.0,0.0,12.0,12.0,1.0,0.0,0.0,0.0,0.0,0.0,0.0,0.0,0.0,1.0,0.0,0.0,old20,18.0,28.8135593220339,23.5,38.13559322033898,27.5,44.91525423728814,37.28813559322034
opus,current_full,da-19-1,3,da-19-1--rep-003,ec091ad49126a85e8b26312e2934437bb668c437c5e91faae91f81b2a36fdadf,100.0,100.0,100.0,100.0,85.0,0.0,0.0,15.0,15.0,1.0,0.0,0.0,1.0,0.0,0.0,0.0,0.0,0.0,1.0,0.0,0.0,old20,18.0,28.8135593220339,23.5,38.13559322033898,37.0,61.016949152542374,42.65536723163842
opus,current_full,da-19-6,1,da-19-6--rep-001,9a16f1ca31dcfabe5b6d4310edb3ad148676155750fd8b6230e516edca849bd6,71.0,71.0,58.0,53.333333333333336,68.0,13.0,4.666666666666664,-14.666666666666664,3.0,1.0,0.0,0.0,1.0,0.0,0.0,1.0,0.0,0.0,0.0,0.0,0.0,old20,52.0,86.44067796610169,46.0,76.27118644067797,4.0,5.084745762711864,55.932203389830505
opus,current_full,da-19-6,2,da-19-6--rep-002,a8533f11a1771f2899ffade736efc0ba4d6cb1a19b394f02746cf72adcd38fac,34.0,34.0,54.0,46.0,58.0,-20.0,8.0,-12.0,-24.0,1.0,0.0,0.0,0.0,0.0,0.0,1.0,0.0,0.0,0.0,0.0,0.0,old20,1.0,0.0,57.0,94.91525423728814,5.0,6.779661016949152,33.898305084745765
opus,current_full,da-19-6,3,da-19-6--rep-003,91657fa87314f79c5f92844f0ee7e9b3b09cd224fef7af8dc31a99a7a11b6312,74.0,74.0,66.0,64.66666666666667,80.0,8.0,1.3333333333333286,-15.333333333333329,-6.0,1.0,0.0,0.0,0.0,0.0,0.0,1.0,0.0,0.0,1.0,0.0,0.0,old20,43.5,72.03389830508475,38.0,62.71186440677966,3.0,3.389830508474576,46.045197740113
opus,current_user,da-10-1,1,da-10-1--rep-001,8a59fa68dbcd5e8ae42ecd5148e7877fa04f672b4847eab901635ad0b0cfda04,100.0,100.0,100.0,99.0,76.0,0.0,1.0,23.0,24.0,1.0,0.0,0.0,1.0,0.0,0.0,1.0,0.0,0.0,1.0,0.0,0.0,old20,16.5,26.271186440677965,32.5,53.389830508474574,51.0,84.7457627118644,54.80225988700565
opus,current_user,da-10-1,2,da-10-1--rep-002,28bb10a27cc5e7b0d29f2dee6658836679cca6dd5b1ee3c17e687f92b4a23d8e,100.0,100.0,100.0,96.33333333333333,76.0,0.0,3.6666666666666714,20.33333333333333,24.0,1.0,0.0,0.0,1.0,0.0,0.0,1.0,0.0,0.0,1.0,0.0,0.0,old20,16.5,26.271186440677965,43.5,72.03389830508475,50.0,83.05084745762711,60.451977401129945
opus,current_user,da-10-1,3,da-10-1--rep-003,d77c9832e24c0b1a42f91901e0a69c073ab4c04c89ef662ec0344e1f778444bb,100.0,95.0,100.0,99.0,80.0,0.0,1.0,19.0,20.0,2.0,0.0,0.0,2.0,0.0,0.0,1.0,0.0,0.0,0.0,0.0,0.0,old20,16.5,26.271186440677965,32.5,53.389830508474574,47.5,78.8135593220339,52.824858757062145
opus,current_user,da-10-3,1,da-10-3--rep-001,bcc9f280eaf5bcc981ab99bfffb5b40d9bf3ea870b24454dfd3bf94e4ca26edf,100.0,100.0,100.0,87.66666666666667,77.0,0.0,12.333333333333329,10.666666666666671,23.0,1.0,0.0,0.0,1.0,0.0,0.0,1.0,0.0,0.0,1.0,0.0,0.0,old20,16.5,26.271186440677965,56.0,93.22033898305085,34.0,55.932203389830505,58.47457627118644
opus,current_user,da-10-3,2,da-10-3--rep-002,af1ead73430659ec7567418ef500f3a14330b21ef20c93d4f9ea7f58374e325f,100.0,100.0,85.0,91.66666666666667,72.0,15.0,-6.666666666666671,19.66666666666667,28.0,1.0,0.0,0.0,1.0,0.0,0.0,1.0,0.0,0.0,0.0,0.0,0.0,old20,50.5,83.89830508474576,7.5,11.016949152542374,49.0,81.35593220338983,58.75706214689265
opus,current_user,da-10-3,3,da-10-3--rep-003,7eff9444a67bf46772b10655df63a85852ff1556f1b1f197c200e5344bc459b7,90.0,90.0,76.0,80.66666666666667,31.0,14.0,-4.666666666666671,49.66666666666667,59.0,1.0,0.0,0.0,1.0,0.0,0.0,1.0,0.0,0.0,1.0,0.0,0.0,old20,48.5,80.50847457627118,10.0,15.254237288135593,60.0,100.0,65.2542372881356
opus,current_user,da-12-2,1,da-12-2--rep-001,aa5558f0bc70c3c0056596c6f332961c6a28149e5403459ae069d38d1744d6c2,75.0,75.0,75.0,65.0,58.0,0.0,10.0,7.0,17.0,3.0,0.0,0.0,2.0,0.0,0.0,2.0,0.0,0.0,6.0,100.0,0.0,old20,16.5,26.271186440677965,52.0,86.44067796610169,26.0,42.3728813559322,51.69491525423729
opus,current_user,da-12-2,2,da-12-2--rep-002,953bdb85e14b9bb90c6086aaf50e1ad561a2281b02055778d4ba60644119181b,60.0,60.0,65.0,71.66666666666667,58.0,-5.0,-6.666666666666671,13.666666666666671,2.0,2.0,0.0,0.0,1.0,0.0,0.0,2.0,0.0,0.0,1.0,0.0,0.0,old20,2.5,2.542372881355932,7.5,11.016949152542374,37.5,61.86440677966102,25.141242937853107
opus,current_user,da-12-2,3,da-12-2--rep-003,96658af61c93de4b8ed3e4d908009f3f76b8ddc8b0356d891fe518bda682c3e2,70.0,70.0,75.0,62.666666666666664,82.0,-5.0,12.333333333333336,-19.333333333333336,-12.0,5.0,0.0,100.0,2.0,0.0,0.0,2.0,0.0,0.0,2.0,0.0,0.0,old20,2.5,2.542372881355932,57.0,94.91525423728814,4.0,5.084745762711864,34.18079096045198
opus,current_user,da-12-4,1,da-12-4--rep-001,f7cc404237a9fc22cdd1af5841696b058537a33a726d77cb37368ca002f6162c,86.0,86.0,86.0,86.0,78.0,0.0,0.0,8.0,8.0,4.0,0.0,0.0,7.0,100.0,0.0,1.0,0.0,0.0,5.0,0.0,100.0,old20,16.5,26.271186440677965,25.5,41.52542372881356,30.0,49.152542372881356,38.983050847457626
opus,current_user,da-12-4,2,da-12-4--rep-002,d22048bbf9e9aeda018a6ef09192a2a3b59b0d996f764b8b241f87065d353eed,86.0,86.0,86.0,86.0,85.0,0.0,0.0,1.0,1.0,5.0,0.0,100.0,4.0,0.0,0.0,1.0,0.0,0.0,1.0,0.0,0.0,old20,16.5,26.271186440677965,25.5,41.52542372881356,17.0,27.11864406779661,31.638418079096045
opus,current_user,da-12-4,3,da-12-4--rep-003,e631bcaaf0b93d7fac03c461e42334c064c26d702791dd8c34fe3da9ac47ce25,86.0,86.0,86.0,83.0,88.0,0.0,3.0,-5.0,-2.0,3.0,0.0,0.0,1.0,0.0,0.0,0.0,0.0,0.0,0.0,0.0,0.0,old20,16.5,26.271186440677965,37.5,61.86440677966102,9.0,13.559322033898304,33.898305084745765
opus,current_user,da-13-1,1,da-13-1--rep-001,2687db1883433f202b5d8c4fa1eeb81260a954db4c9b219b9470ca88df6eb75a,100.0,100.0,100.0,100.0,85.0,0.0,0.0,15.0,15.0,1.0,0.0,0.0,1.0,0.0,0.0,1.0,0.0,0.0,1.0,0.0,0.0,old20,16.5,26.271186440677965,25.5,41.52542372881356,40.0,66.10169491525424,44.632768361581924
opus,current_user,da-13-1,2,da-13-1--rep-002,cff05b668fee971c5af7a3bc1b18b31d9370768654b274ca8f88901252cba0b1,100.0,100.0,91.0,85.0,84.0,9.0,6.0,1.0,16.0,2.0,0.0,0.0,1.0,0.0,0.0,1.0,0.0,0.0,0.0,0.0,0.0,old20,37.5,61.86440677966102,46.0,76.27118644067797,17.0,27.11864406779661,55.08474576271186
opus,current_user,da-13-1,3,da-13-1--rep-003,4872c95f9caa5c573f5e3056e2fc5bf40232784f95f8423cb777b3654cd139a1,100.0,100.0,91.0,88.0,79.0,9.0,3.0,9.0,21.0,1.0,0.0,0.0,1.0,0.0,0.0,1.0,0.0,0.0,1.0,0.0,0.0,old20,37.5,61.86440677966102,37.5,61.86440677966102,32.5,53.389830508474574,59.03954802259887
opus,current_user,da-13-3,1,da-13-3--rep-001,13d1faa077f1168872dc928fe929fcfec5e2b5a7a004d404ecba57c1b0607a19,100.0,100.0,100.0,93.66666666666667,86.0,0.0,6.333333333333329,7.666666666666671,14.0,1.0,0.0,0.0,0.0,0.0,0.0,1.0,0.0,0.0,1.0,0.0,0.0,old20,16.5,26.271186440677965,47.0,77.96610169491525,29.0,47.45762711864407,50.56497175141243
opus,current_user,da-13-3,2,da-13-3--rep-002,844644e69962c5c8f40741d7e7e809c2f33007ecd3483f925f52af4c3c55b383,100.0,100.0,86.0,90.66666666666667,85.0,14.0,-4.666666666666671,5.666666666666671,15.0,0.0,0.0,0.0,0.0,0.0,0.0,0.0,0.0,0.0,0.0,0.0,0.0,old20,48.5,80.50847457627118,10.0,15.254237288135593,23.0,37.28813559322034,44.3502824858757
opus,current_user,da-13-3,3,da-13-3--rep-003,3b55f0efcc9addf6212ef1aea789ea400d6fdbd67280be554000a46a9fb72f40,100.0,100.0,91.0,86.0,85.0,9.0,5.0,1.0,15.0,0.0,0.0,0.0,0.0,0.0,0.0,1.0,0.0,0.0,0.0,0.0,0.0,old20,37.5,61.86440677966102,45.0,74.57627118644068,17.0,27.11864406779661,54.51977401129943
opus,current_user,da-13-5,1,da-13-5--rep-001,e8908a1509166c699c3c01f2743ccef1b0ca5b45ba7e04fc5ec4c7407c720211,100.0,100.0,90.0,70.0,85.0,10.0,20.0,-15.0,15.0,0.0,0.0,0.0,1.0,0.0,0.0,1.0,0.0,0.0,0.0,0.0,0.0,old20,41.5,68.64406779661017,60.0,100.0,5.0,6.779661016949152,58.47457627118644
opus,current_user,da-13-5,2,da-13-5--rep-002,34c7af044371da1b74591a96f6f536d2edc51341d276cd2c1ced555eb67b5bb3,95.0,95.0,70.0,80.0,85.0,25.0,-10.0,-5.0,10.0,1.0,0.0,0.0,0.0,0.0,0.0,1.0,0.0,0.0,2.0,0.0,0.0,old20,55.0,91.52542372881356,4.0,5.084745762711864,9.0,13.559322033898304,36.72316384180791
opus,current_user,da-13-5,3,da-13-5--rep-003,da45ed3657c57a505691d5a566d6bee40b749093aeb6f4c0e83249050a42da97,100.0,100.0,90.0,80.0,84.0,10.0,10.0,-4.0,16.0,1.0,0.0,0.0,1.0,0.0,0.0,3.0,0.0,0.0,1.0,0.0,0.0,old20,41.5,68.64406779661017,52.0,86.44067796610169,12.5,19.491525423728813,58.19209039548022
opus,current_user,da-13-6,1,da-13-6--rep-001,4b91801b7b3b3c0722d4138099e799e529db27a6ec410c7f895baf46b5b5260e,100.0,100.0,70.0,63.333333333333336,88.0,30.0,6.666666666666664,-24.666666666666664,12.0,1.0,0.0,0.0,1.0,0.0,0.0,0.0,0.0,0.0,0.0,0.0,0.0,old20,59.0,98.30508474576271,48.0,79.66101694915254,3.0,3.389830508474576,60.451977401129945
opus,current_user,da-13-6,2,da-13-6--rep-002,70781e72c0bd769898685277e2b00f3b58af60dd021f75dee121e9669d39c8b5,100.0,100.0,55.0,51.666666666666664,86.0,45.0,3.3333333333333357,-34.333333333333336,14.0,1.0,0.0,0.0,1.0,0.0,0.0,1.0,0.0,0.0,0.0,0.0,0.0,old20,60.0,100.0,41.5,68.64406779661017,1.0,0.0,56.21468926553673
opus,current_user,da-13-6,3,da-13-6--rep-003,8c39c24a1969119db9cb917eb6bb9b0d66834e1a2fe3e2dad56e988ed78d19bc,100.0,100.0,90.0,80.0,76.0,10.0,10.0,4.0,24.0,2.0,0.0,0.0,2.0,0.0,0.0,1.0,0.0,0.0,2.0,0.0,0.0,old20,41.5,68.64406779661017,52.0,86.44067796610169,20.0,32.20338983050848,62.429378531073446
opus,current_user,da-14-1,1,da-14-1--rep-001,c58870f887fa50980bfb0a72ef12a02de1d44513021245911166f54fb4ab8849,100.0,100.0,93.0,78.0,82.0,7.0,15.0,-4.0,18.0,1.0,0.0,0.0,1.0,0.0,0.0,0.0,0.0,0.0,1.0,0.0,0.0,old20,34.5,56.779661016949156,59.0,98.30508474576271,12.5,19.491525423728813,58.19209039548023
opus,current_user,da-14-1,2,da-14-1--rep-002,62a4f4e79c3ba40897079d2e4434524d0de6c7e9af55274bb103f10775894457,100.0,100.0,95.0,96.66666666666667,83.0,5.0,-1.6666666666666714,13.666666666666671,17.0,0.0,0.0,0.0,0.0,0.0,0.0,0.0,0.0,0.0,0.0,0.0,0.0,old20,31.0,50.847457627118644,16.5,26.271186440677965,37.5,61.86440677966102,46.32768361581921
opus,current_user,da-14-1,3,da-14-1--rep-003,910c3ad981337a49826a2db6a9dcfeae79e59eea300411fa02d21a728b30d313,100.0,100.0,73.0,86.33333333333333,81.0,27.0,-13.333333333333329,5.333333333333329,19.0,1.0,0.0,0.0,1.0,0.0,0.0,0.0,0.0,0.0,0.0,0.0,0.0,old20,57.0,94.91525423728814,1.0,0.0,22.0,35.59322033898305,43.502824858757066
opus,current_user,da-14-3,1,da-14-3--rep-001,443cef1315d563b38a073e85156b222064439a6e6924ece7a7cf696da81ca47d,100.0,100.0,100.0,100.0,86.0,0.0,0.0,14.0,14.0,2.0,0.0,0.0,1.0,0.0,0.0,1.0,0.0,0.0,1.0,0.0,0.0,old20,16.5,26.271186440677965,25.5,41.52542372881356,39.0,64.40677966101696,44.067796610169495
opus,current_user,da-14-3,2,da-14-3--rep-002,b6bcfb1759100fb5dccdc6a0c96b2e53512990979748023f4dd66d1dafdae449,100.0,100.0,75.0,84.0,84.0,25.0,-9.0,0.0,16.0,1.0,0.0,0.0,1.0,0.0,0.0,1.0,0.0,0.0,1.0,0.0,0.0,old20,55.0,91.52542372881356,5.0,6.779661016949152,15.0,23.728813559322035,40.67796610169492
opus,current_user,da-14-3,3,da-14-3--rep-003,f490cd7d9aac7dd334b16cc234b86a204fe25c9123914094231ef40a35bf9865,100.0,100.0,100.0,96.33333333333333,88.0,0.0,3.6666666666666714,8.333333333333329,12.0,1.0,0.0,0.0,1.0,0.0,0.0,1.0,0.0,0.0,1.0,0.0,0.0,old20,16.5,26.271186440677965,43.5,72.03389830508475,31.0,50.847457627118644,49.717514124293785
opus,current_user,da-14-8,1,da-14-8--rep-001,19e50d8f667891739f395ea6149e8c16e896b52239e2f28dc65435d959c044ea,93.0,93.0,78.0,80.33333333333333,56.0,15.0,-2.3333333333333286,24.33333333333333,37.0,4.0,0.0,0.0,3.0,0.0,0.0,1.0,0.0,0.0,1.0,0.0,0.0,old20,50.5,83.89830508474576,14.0,22.033898305084747,52.0,86.44067796610169,64.12429378531073
opus,current_user,da-14-8,2,da-14-8--rep-002,1854b3c78047ce70c8c201e764f7834984a12b87d1e80fa39c8cebb687eb324c,58.0,58.0,61.0,57.666666666666664,62.0,-3.0,3.3333333333333357,-4.333333333333336,-4.0,6.0,100.0,0.0,6.0,100.0,0.0,2.0,0.0,0.0,4.0,0.0,0.0,old20,4.0,5.084745762711864,41.5,68.64406779661017,11.0,16.949152542372882,30.225988700564972
opus,current_user,da-14-8,3,da-14-8--rep-003,1df4d0430e99e84f731048fd90fa72db44584ded655899682db950efc5095058,76.0,76.0,71.0,64.33333333333333,57.0,5.0,6.666666666666671,7.333333333333329,19.0,2.0,0.0,0.0,2.0,0.0,0.0,2.0,0.0,0.0,1.0,0.0,0.0,old20,31.0,50.847457627118644,49.0,81.35593220338983,28.0,45.76271186440678,59.32203389830509
opus,current_user,da-15-1,1,da-15-1--rep-001,49778b345951f612f87bb67536902d62c4213099dc7e29ff5944d6732e6b15a9,87.0,87.0,87.0,87.0,70.0,0.0,0.0,17.0,17.0,1.0,0.0,0.0,1.0,0.0,0.0,1.0,0.0,0.0,1.0,0.0,0.0,old20,16.5,26.271186440677965,25.5,41.52542372881356,44.5,73.72881355932203,47.175141242937855
opus,current_user,da-15-1,2,da-15-1--rep-002,d9e2dbdadadbc426045c351ebdf396cff880ef31da1dd828a4c565fa93d51ff1,87.0,87.0,87.0,91.33333333333333,78.0,0.0,-4.333333333333329,13.333333333333329,9.0,1.0,0.0,0.0,1.0,0.0,0.0,1.0,0.0,0.0,1.0,0.0,0.0,old20,16.5,26.271186440677965,12.5,19.491525423728813,36.0,59.32203389830509,35.02824858757062
opus,current_user,da-15-1,3,da-15-1--rep-003,2c9b91497ed94a70515f7042413c19b3bc0eae6ec6fd40c1c6f08cdadf998bb8,87.0,87.0,87.0,91.33333333333333,62.0,0.0,-4.333333333333329,29.33333333333333,25.0,3.0,0.0,0.0,2.0,0.0,0.0,1.0,0.0,0.0,1.0,0.0,0.0,old20,16.5,26.271186440677965,12.5,19.491525423728813,57.0,94.91525423728814,46.89265536723164
opus,current_user,da-15-2,1,da-15-2--rep-001,40eaa690bb269c30e6cb610f512a9ef7b79943582f2aa03760864a3f8c8fad8d,83.0,83.0,62.0,62.333333333333336,46.0,21.0,-0.3333333333333357,16.333333333333336,37.0,2.0,0.0,0.0,2.0,0.0,0.0,1.0,0.0,0.0,1.0,0.0,0.0,old20,52.0,86.44067796610169,19.0,30.508474576271187,42.0,69.49152542372882,62.14689265536723
opus,current_user,da-15-2,2,da-15-2--rep-002,e50e296231d880e0bc0d5c30f44a8a25b92dac2ef762823c03fd9998c0ac1ecf,83.0,78.0,83.0,83.0,44.0,0.0,0.0,39.0,39.0,3.0,0.0,0.0,2.0,0.0,0.0,2.0,0.0,0.0,2.0,0.0,0.0,old20,16.5,26.271186440677965,25.5,41.52542372881356,59.0,98.30508474576271,55.367231638418076
opus,current_user,da-15-2,3,da-15-2--rep-003,a47f7ea5c7ecc7ae88acd066c12e7174fac5d94cce460ba2da6d1b82c4d0c52e,63.0,63.0,35.0,45.333333333333336,41.0,28.0,-10.333333333333336,4.333333333333336,22.0,2.0,0.0,0.0,2.0,0.0,0.0,2.0,0.0,0.0,1.0,0.0,0.0,old20,58.0,96.61016949152543,3.0,3.389830508474576,21.0,33.898305084745765,44.632768361581924
opus,current_user,da-15-7,1,da-15-7--rep-001,59ab428e187341a7a1df7121482cccdd91c9b745d63cec3a741018c1e3e6be6f,100.0,100.0,77.0,74.66666666666667,76.0,23.0,2.3333333333333286,-1.3333333333333286,24.0,3.0,0.0,0.0,3.0,0.0,0.0,1.0,0.0,0.0,1.0,0.0,0.0,old20,53.0,88.13559322033899,35.0,57.6271186440678,14.0,22.033898305084747,55.93220338983051
opus,current_user,da-15-7,2,da-15-7--rep-002,e9c603185bbda601c1acd391f801e80efed3fe54741476906dab4ae86f8b3ef4,67.0,67.0,67.0,67.0,72.0,0.0,0.0,-5.0,-5.0,1.0,0.0,0.0,1.0,0.0,0.0,1.0,0.0,0.0,1.0,0.0,0.0,old20,16.5,26.271186440677965,25.5,41.52542372881356,9.0,13.559322033898304,27.11864406779661
opus,current_user,da-15-7,3,da-15-7--rep-003,d3e0e167a77afc7c478738b92f976e9c286ae93e2c1056f27de50c7472d08cb7,77.0,77.0,70.0,74.66666666666667,68.0,7.0,-4.666666666666671,6.666666666666671,9.0,3.0,0.0,0.0,4.0,0.0,0.0,1.0,0.0,0.0,2.0,0.0,0.0,old20,34.5,56.779661016949156,10.0,15.254237288135593,24.0,38.983050847457626,37.005649717514125
opus,current_user,da-15-8,1,da-15-8--rep-001,53a46b741b20fd7efb6942b743936da2713e7e4f7c0b7caca4c74840bd1c46b4,90.0,90.0,90.0,90.0,72.0,0.0,0.0,18.0,18.0,3.0,0.0,0.0,2.0,0.0,0.0,2.0,0.0,0.0,1.0,0.0,0.0,old20,16.5,26.271186440677965,25.5,41.52542372881356,46.0,76.27118644067797,48.0225988700565
opus,current_user,da-15-8,2,da-15-8--rep-002,c41efbccbdce487e284c6cca7437b761647c4c3bd324b82add821555cc3af6e5,100.0,90.0,100.0,88.66666666666667,85.0,0.0,11.333333333333329,3.6666666666666714,15.0,2.0,0.0,0.0,3.0,0.0,0.0,1.0,0.0,0.0,1.0,0.0,0.0,old20,16.5,26.271186440677965,55.0,91.52542372881356,19.0,30.508474576271187,49.43502824858757
opus,current_user,da-15-8,3,da-15-8--rep-003,88786bf677b29c911b61cc5e8508c231eceeaae998d287a14488a99cd07e8f59,90.0,90.0,77.0,90.0,58.0,13.0,-13.0,32.0,32.0,1.0,0.0,0.0,1.0,0.0,0.0,1.0,0.0,0.0,1.0,0.0,0.0,old20,46.0,76.27118644067797,2.0,1.694915254237288,58.0,96.61016949152543,58.19209039548023
opus,current_user,da-16-1,1,da-16-1--rep-001,03f392063162b1c738e767e709fe6f8588224063e90da612d8ace10d70f494d1,100.0,100.0,95.0,92.33333333333333,76.0,5.0,2.6666666666666714,16.33333333333333,24.0,1.0,0.0,0.0,1.0,0.0,0.0,1.0,0.0,0.0,1.0,0.0,0.0,old20,31.0,50.847457627118644,36.0,59.32203389830509,41.0,67.79661016949153,59.32203389830509
opus,current_user,da-16-1,2,da-16-1--rep-002,f77c2af700524b3b1395f9eadb91da37e3bb9804384000e7d9c0386190a55209,100.0,100.0,95.0,96.66666666666667,70.0,5.0,-1.6666666666666714,26.66666666666667,30.0,1.0,0.0,0.0,1.0,0.0,0.0,1.0,0.0,0.0,0.0,0.0,0.0,old20,31.0,50.847457627118644,16.5,26.271186440677965,56.0,93.22033898305085,56.779661016949156
opus,current_user,da-16-1,3,da-16-1--rep-003,73cdeed48bca0558d392c3dd44b39985a532fab27e0d15487cb91a54badcfe19,100.0,100.0,87.0,80.0,63.0,13.0,7.0,17.0,37.0,1.0,0.0,0.0,1.0,0.0,0.0,1.0,0.0,0.0,0.0,0.0,0.0,old20,46.0,76.27118644067797,50.0,83.05084745762711,44.5,73.72881355932203,77.68361581920904
opus,current_user,da-18-5,1,da-18-5--rep-001,e16aab443e445a25e328d42a825eafeb8dbce66b57e426a299c777841f64988a,100.0,100.0,100.0,96.66666666666667,72.0,0.0,3.3333333333333286,24.66666666666667,28.0,1.0,0.0,0.0,0.0,0.0,0.0,1.0,0.0,0.0,1.0,0.0,0.0,old20,16.5,26.271186440677965,39.5,65.2542372881356,53.5,88.98305084745763,60.16949152542373
opus,current_user,da-18-5,2,da-18-5--rep-002,7e7dc16cd6b5657189453d3b97525954e7848ca4c813a787d72773fb1187805d,100.0,100.0,100.0,96.66666666666667,72.0,0.0,3.3333333333333286,24.66666666666667,28.0,1.0,0.0,0.0,0.0,0.0,0.0,1.0,0.0,0.0,1.0,0.0,0.0,old20,16.5,26.271186440677965,39.5,65.2542372881356,53.5,88.98305084745763,60.16949152542373
opus,current_user,da-18-5,3,da-18-5--rep-003,2e3688af56b326420d8f1a14ef34853c0b6ebdec85e5c02ed7f3e51f35f97fcc,100.0,100.0,90.0,90.0,83.0,10.0,0.0,7.0,17.0,1.0,0.0,0.0,1.0,0.0,0.0,1.0,0.0,0.0,1.0,0.0,0.0,old20,41.5,68.64406779661017,25.5,41.52542372881356,26.0,42.3728813559322,50.847457627118644
opus,current_user,da-18-7,1,da-18-7--rep-001,7a0fcb964647f6592e3015cc4721de083d9eafd4fe2bb761f2e09e2c21ba0441,85.0,85.0,87.0,87.0,68.0,-2.0,0.0,19.0,17.0,1.0,0.0,0.0,1.0,0.0,0.0,1.0,0.0,0.0,0.0,0.0,0.0,old20,5.0,6.779661016949152,25.5,41.52542372881356,47.5,78.8135593220339,42.3728813559322
opus,current_user,da-18-7,2,da-18-7--rep-002,a68c6efb4d3088838ae3214b0eee1421242d79cd02b37205b52417718bb5d69c,92.0,87.0,100.0,100.0,74.0,-8.0,0.0,26.0,18.0,0.0,0.0,0.0,0.0,0.0,0.0,1.0,0.0,0.0,0.0,0.0,0.0,old20,1.0,0.0,25.5,41.52542372881356,55.0,91.52542372881356,44.35028248587571
opus,current_user,da-18-7,3,da-18-7--rep-003,c96906cd9bbe233732ab0a58f730d06d123b6b5000b55870f31665d7ff258a06,100.0,100.0,95.0,96.66666666666667,80.0,5.0,-1.6666666666666714,16.66666666666667,20.0,2.0,0.0,0.0,1.0,0.0,0.0,1.0,0.0,0.0,2.0,0.0,0.0,old20,31.0,50.847457627118644,16.5,26.271186440677965,43.0,71.1864406779661,49.43502824858757
opus,current_user,da-19-1,1,da-19-1--rep-001,af15ae0a8c740adecf79c1fd6c39ec42ffb0e25acb0e09ce361bdc13ac55e900,100.0,100.0,88.0,96.0,89.0,12.0,-8.0,7.0,11.0,1.0,0.0,0.0,1.0,0.0,0.0,1.0,0.0,0.0,1.0,0.0,0.0,old20,44.0,72.88135593220339,6.0,8.474576271186441,26.0,42.3728813559322,41.24293785310734
opus,current_user,da-19-1,2,da-19-1--rep-002,23950447b25a546d51126338de629eeaed3612b5bdefa5d02ada577f54cfae52,100.0,100.0,100.0,89.0,80.0,0.0,11.0,9.0,20.0,2.0,0.0,0.0,1.0,0.0,0.0,1.0,0.0,0.0,1.0,0.0,0.0,old20,16.5,26.271186440677965,54.0,89.83050847457628,32.5,53.389830508474574,56.49717514124294
opus,current_user,da-19-1,3,da-19-1--rep-003,ec091ad49126a85e8b26312e2934437bb668c437c5e91faae91f81b2a36fdadf,100.0,100.0,91.0,92.66666666666667,80.0,9.0,-1.6666666666666714,12.666666666666671,20.0,2.0,0.0,0.0,1.0,0.0,0.0,2.0,0.0,0.0,1.0,0.0,0.0,old20,37.5,61.86440677966102,16.5,26.271186440677965,35.0,57.6271186440678,48.58757062146893
opus,current_user,da-19-6,1,da-19-6--rep-001,9a16f1ca31dcfabe5b6d4310edb3ad148676155750fd8b6230e516edca849bd6,35.0,35.0,34.0,21.0,34.0,1.0,13.0,-13.0,1.0,2.0,0.0,0.0,1.0,0.0,0.0,1.0,0.0,0.0,1.0,0.0,0.0,old20,28.0,45.76271186440678,58.0,96.61016949152543,6.0,8.474576271186441,50.282485875706215
opus,current_user,da-19-6,2,da-19-6--rep-002,a8533f11a1771f2899ffade736efc0ba4d6cb1a19b394f02746cf72adcd38fac,47.0,47.0,22.0,20.333333333333332,29.0,25.0,1.6666666666666679,-8.666666666666668,18.0,1.0,0.0,0.0,1.0,0.0,0.0,1.0,0.0,0.0,1.0,0.0,0.0,old20,55.0,91.52542372881356,34.0,55.932203389830505,7.0,10.169491525423728,52.54237288135593
opus,current_user,da-19-6,3,da-19-6--rep-003,91657fa87314f79c5f92844f0ee7e9b3b09cd224fef7af8dc31a99a7a11b6312,30.0,30.0,17.0,17.0,46.0,13.0,0.0,-29.0,-16.0,0.0,0.0,0.0,1.0,0.0,0.0,1.0,0.0,0.0,1.0,0.0,0.0,old20,46.0,76.27118644067797,25.5,41.52542372881356,2.0,1.694915254237288,39.83050847457627
gemini,current_full,da-10-1,1,da-10-1--rep-001,8a59fa68dbcd5e8ae42ecd5148e7877fa04f672b4847eab901635ad0b0cfda04,100.0,100.0,100.0,100.0,96.0,0.0,0.0,4.0,4.0,0.0,0.0,0.0,0.0,0.0,0.0,0.0,0.0,0.0,0.0,0.0,0.0,old20,31.0,50.847457627118644,28.5,46.610169491525426,58.0,96.61016949152543,64.68926553672317
gemini,current_full,da-10-1,2,da-10-1--rep-002,28bb10a27cc5e7b0d29f2dee6658836679cca6dd5b1ee3c17e687f92b4a23d8e,100.0,100.0,100.0,100.0,100.0,0.0,0.0,0.0,0.0,0.0,0.0,0.0,0.0,0.0,0.0,0.0,0.0,0.0,0.0,0.0,0.0,old20,31.0,50.847457627118644,28.5,46.610169491525426,36.5,60.16949152542373,52.54237288135593
gemini,current_full,da-10-1,3,da-10-1--rep-003,d77c9832e24c0b1a42f91901e0a69c073ab4c04c89ef662ec0344e1f778444bb,100.0,100.0,100.0,100.0,100.0,0.0,0.0,0.0,0.0,0.0,0.0,0.0,0.0,0.0,0.0,0.0,0.0,0.0,0.0,0.0,0.0,old20,31.0,50.847457627118644,28.5,46.610169491525426,36.5,60.16949152542373,52.54237288135593
gemini,current_full,da-10-3,1,da-10-3--rep-001,bcc9f280eaf5bcc981ab99bfffb5b40d9bf3ea870b24454dfd3bf94e4ca26edf,100.0,100.0,100.0,100.0,100.0,0.0,0.0,0.0,0.0,0.0,0.0,0.0,0.0,0.0,0.0,0.0,0.0,0.0,0.0,0.0,0.0,old20,31.0,50.847457627118644,28.5,46.610169491525426,36.5,60.16949152542373,52.54237288135593
gemini,current_full,da-10-3,2,da-10-3--rep-002,af1ead73430659ec7567418ef500f3a14330b21ef20c93d4f9ea7f58374e325f,100.0,100.0,100.0,100.0,92.0,0.0,0.0,8.0,8.0,0.0,0.0,0.0,0.0,0.0,0.0,0.0,0.0,0.0,0.0,0.0,0.0,old20,31.0,50.847457627118644,28.5,46.610169491525426,59.0,98.30508474576271,65.2542372881356
gemini,current_full,da-10-3,3,da-10-3--rep-003,7eff9444a67bf46772b10655df63a85852ff1556f1b1f197c200e5344bc459b7,100.0,100.0,100.0,100.0,98.0,0.0,0.0,2.0,2.0,0.0,0.0,0.0,0.0,0.0,0.0,0.0,0.0,0.0,0.0,0.0,0.0,old20,31.0,50.847457627118644,28.5,46.610169491525426,57.0,94.91525423728814,64.12429378531074
gemini,current_full,da-12-2,1,da-12-2--rep-001,aa5558f0bc70c3c0056596c6f332961c6a28149e5403459ae069d38d1744d6c2,100.0,95.0,100.0,100.0,100.0,0.0,0.0,0.0,0.0,0.0,0.0,0.0,0.0,0.0,0.0,9.0,100.0,0.0,0.0,0.0,0.0,old20,31.0,50.847457627118644,28.5,46.610169491525426,36.5,60.16949152542373,52.54237288135593
gemini,current_full,da-12-2,2,da-12-2--rep-002,953bdb85e14b9bb90c6086aaf50e1ad561a2281b02055778d4ba60644119181b,70.0,70.0,75.0,75.0,100.0,-5.0,0.0,-25.0,-30.0,0.0,0.0,0.0,0.0,0.0,0.0,0.0,0.0,0.0,0.0,0.0,0.0,old20,6.5,9.322033898305085,28.5,46.610169491525426,2.5,2.542372881355932,19.491525423728813
gemini,current_full,da-12-2,3,da-12-2--rep-003,96658af61c93de4b8ed3e4d908009f3f76b8ddc8b0356d891fe518bda682c3e2,100.0,100.0,100.0,100.0,100.0,0.0,0.0,0.0,0.0,0.0,0.0,0.0,0.0,0.0,0.0,0.0,0.0,0.0,0.0,0.0,0.0,old20,31.0,50.847457627118644,28.5,46.610169491525426,36.5,60.16949152542373,52.54237288135593
gemini,current_full,da-12-4,1,da-12-4--rep-001,f7cc404237a9fc22cdd1af5841696b058537a33a726d77cb37368ca002f6162c,86.0,86.0,100.0,95.33333333333333,100.0,-14.0,4.666666666666671,-4.666666666666671,-14.0,0.0,0.0,0.0,0.0,0.0,0.0,0.0,0.0,0.0,0.0,0.0,0.0,old20,1.0,0.0,57.0,94.91525423728814,17.0,27.11864406779661,40.67796610169491
gemini,current_full,da-12-4,2,da-12-4--rep-002,d22048bbf9e9aeda018a6ef09192a2a3b59b0d996f764b8b241f87065d353eed,100.0,100.0,100.0,100.0,100.0,0.0,0.0,0.0,0.0,0.0,0.0,0.0,0.0,0.0,0.0,0.0,0.0,0.0,0.0,0.0,0.0,old20,31.0,50.847457627118644,28.5,46.610169491525426,36.5,60.16949152542373,52.54237288135593
gemini,current_full,da-12-4,3,da-12-4--rep-003,e631bcaaf0b93d7fac03c461e42334c064c26d702791dd8c34fe3da9ac47ce25,86.0,86.0,86.0,86.0,100.0,0.0,0.0,-14.0,-14.0,0.0,0.0,0.0,0.0,0.0,0.0,0.0,0.0,0.0,0.0,0.0,0.0,old20,31.0,50.847457627118644,28.5,46.610169491525426,10.0,15.254237288135593,37.570621468926554
gemini,current_full,da-13-1,1,da-13-1--rep-001,2687db1883433f202b5d8c4fa1eeb81260a954db4c9b219b9470ca88df6eb75a,100.0,100.0,100.0,100.0,100.0,0.0,0.0,0.0,0.0,0.0,0.0,0.0,0.0,0.0,0.0,0.0,0.0,0.0,0.0,0.0,0.0,old20,31.0,50.847457627118644,28.5,46.610169491525426,36.5,60.16949152542373,52.54237288135593
gemini,current_full,da-13-1,2,da-13-1--rep-002,cff05b668fee971c5af7a3bc1b18b31d9370768654b274ca8f88901252cba0b1,100.0,100.0,100.0,100.0,100.0,0.0,0.0,0.0,0.0,0.0,0.0,0.0,0.0,0.0,0.0,0.0,0.0,0.0,0.0,0.0,0.0,old20,31.0,50.847457627118644,28.5,46.610169491525426,36.5,60.16949152542373,52.54237288135593
gemini,current_full,da-13-1,3,da-13-1--rep-003,4872c95f9caa5c573f5e3056e2fc5bf40232784f95f8423cb777b3654cd139a1,100.0,100.0,100.0,100.0,100.0,0.0,0.0,0.0,0.0,0.0,0.0,0.0,0.0,0.0,0.0,0.0,0.0,0.0,0.0,0.0,0.0,old20,31.0,50.847457627118644,28.5,46.610169491525426,36.5,60.16949152542373,52.54237288135593
gemini,current_full,da-13-3,1,da-13-3--rep-001,13d1faa077f1168872dc928fe929fcfec5e2b5a7a004d404ecba57c1b0607a19,100.0,100.0,100.0,100.0,100.0,0.0,0.0,0.0,0.0,0.0,0.0,0.0,0.0,0.0,0.0,0.0,0.0,0.0,0.0,0.0,0.0,old20,31.0,50.847457627118644,28.5,46.610169491525426,36.5,60.16949152542373,52.54237288135593
gemini,current_full,da-13-3,2,da-13-3--rep-002,844644e69962c5c8f40741d7e7e809c2f33007ecd3483f925f52af4c3c55b383,100.0,100.0,100.0,100.0,100.0,0.0,0.0,0.0,0.0,0.0,0.0,0.0,0.0,0.0,0.0,0.0,0.0,0.0,0.0,0.0,0.0,old20,31.0,50.847457627118644,28.5,46.610169491525426,36.5,60.16949152542373,52.54237288135593
gemini,current_full,da-13-3,3,da-13-3--rep-003,3b55f0efcc9addf6212ef1aea789ea400d6fdbd67280be554000a46a9fb72f40,100.0,100.0,100.0,100.0,100.0,0.0,0.0,0.0,0.0,0.0,0.0,0.0,0.0,0.0,0.0,0.0,0.0,0.0,0.0,0.0,0.0,old20,31.0,50.847457627118644,28.5,46.610169491525426,36.5,60.16949152542373,52.54237288135593
gemini,current_full,da-13-5,1,da-13-5--rep-001,e8908a1509166c699c3c01f2743ccef1b0ca5b45ba7e04fc5ec4c7407c720211,100.0,100.0,100.0,100.0,100.0,0.0,0.0,0.0,0.0,0.0,0.0,0.0,0.0,0.0,0.0,0.0,0.0,0.0,0.0,0.0,0.0,old20,31.0,50.847457627118644,28.5,46.610169491525426,36.5,60.16949152542373,52.54237288135593
gemini,current_full,da-13-5,2,da-13-5--rep-002,34c7af044371da1b74591a96f6f536d2edc51341d276cd2c1ced555eb67b5bb3,100.0,100.0,100.0,100.0,100.0,0.0,0.0,0.0,0.0,0.0,0.0,0.0,0.0,0.0,0.0,0.0,0.0,0.0,0.0,0.0,0.0,old20,31.0,50.847457627118644,28.5,46.610169491525426,36.5,60.16949152542373,52.54237288135593
gemini,current_full,da-13-5,3,da-13-5--rep-003,da45ed3657c57a505691d5a566d6bee40b749093aeb6f4c0e83249050a42da97,100.0,100.0,100.0,100.0,100.0,0.0,0.0,0.0,0.0,0.0,0.0,0.0,0.0,0.0,0.0,0.0,0.0,0.0,0.0,0.0,0.0,old20,31.0,50.847457627118644,28.5,46.610169491525426,36.5,60.16949152542373,52.54237288135593
gemini,current_full,da-13-6,1,da-13-6--rep-001,4b91801b7b3b3c0722d4138099e799e529db27a6ec410c7f895baf46b5b5260e,100.0,100.0,100.0,100.0,100.0,0.0,0.0,0.0,0.0,0.0,0.0,0.0,0.0,0.0,0.0,0.0,0.0,0.0,0.0,0.0,0.0,old20,31.0,50.847457627118644,28.5,46.610169491525426,36.5,60.16949152542373,52.54237288135593
gemini,current_full,da-13-6,2,da-13-6--rep-002,70781e72c0bd769898685277e2b00f3b58af60dd021f75dee121e9669d39c8b5,100.0,100.0,90.0,90.0,100.0,10.0,0.0,-10.0,0.0,0.0,0.0,0.0,0.0,0.0,0.0,0.0,0.0,0.0,0.0,0.0,0.0,old20,57.5,95.76271186440678,28.5,46.610169491525426,13.5,21.1864406779661,54.51977401129943
gemini,current_full,da-13-6,3,da-13-6--rep-003,8c39c24a1969119db9cb917eb6bb9b0d66834e1a2fe3e2dad56e988ed78d19bc,100.0,100.0,90.0,90.0,100.0,10.0,0.0,-10.0,0.0,0.0,0.0,0.0,0.0,0.0,0.0,0.0,0.0,0.0,0.0,0.0,0.0,old20,57.5,95.76271186440678,28.5,46.610169491525426,13.5,21.1864406779661,54.51977401129943
gemini,current_full,da-14-1,1,da-14-1--rep-001,c58870f887fa50980bfb0a72ef12a02de1d44513021245911166f54fb4ab8849,100.0,100.0,100.0,100.0,100.0,0.0,0.0,0.0,0.0,0.0,0.0,0.0,0.0,0.0,0.0,0.0,0.0,0.0,0.0,0.0,0.0,old20,31.0,50.847457627118644,28.5,46.610169491525426,36.5,60.16949152542373,52.54237288135593
gemini,current_full,da-14-1,2,da-14-1--rep-002,62a4f4e79c3ba40897079d2e4434524d0de6c7e9af55274bb103f10775894457,100.0,100.0,100.0,100.0,100.0,0.0,0.0,0.0,0.0,0.0,0.0,0.0,0.0,0.0,0.0,0.0,0.0,0.0,0.0,0.0,0.0,old20,31.0,50.847457627118644,28.5,46.610169491525426,36.5,60.16949152542373,52.54237288135593
gemini,current_full,da-14-1,3,da-14-1--rep-003,910c3ad981337a49826a2db6a9dcfeae79e59eea300411fa02d21a728b30d313,100.0,100.0,100.0,100.0,100.0,0.0,0.0,0.0,0.0,0.0,0.0,0.0,0.0,0.0,0.0,0.0,0.0,0.0,0.0,0.0,0.0,old20,31.0,50.847457627118644,28.5,46.610169491525426,36.5,60.16949152542373,52.54237288135593
gemini,current_full,da-14-3,1,da-14-3--rep-001,443cef1315d563b38a073e85156b222064439a6e6924ece7a7cf696da81ca47d,100.0,100.0,100.0,100.0,100.0,0.0,0.0,0.0,0.0,0.0,0.0,0.0,0.0,0.0,0.0,0.0,0.0,0.0,0.0,0.0,0.0,old20,31.0,50.847457627118644,28.5,46.610169491525426,36.5,60.16949152542373,52.54237288135593
gemini,current_full,da-14-3,2,da-14-3--rep-002,b6bcfb1759100fb5dccdc6a0c96b2e53512990979748023f4dd66d1dafdae449,100.0,100.0,100.0,100.0,100.0,0.0,0.0,0.0,0.0,0.0,0.0,0.0,0.0,0.0,0.0,0.0,0.0,0.0,0.0,0.0,0.0,old20,31.0,50.847457627118644,28.5,46.610169491525426,36.5,60.16949152542373,52.54237288135593
gemini,current_full,da-14-3,3,da-14-3--rep-003,f490cd7d9aac7dd334b16cc234b86a204fe25c9123914094231ef40a35bf9865,100.0,100.0,100.0,100.0,100.0,0.0,0.0,0.0,0.0,0.0,0.0,0.0,0.0,0.0,0.0,0.0,0.0,0.0,0.0,0.0,0.0,old20,31.0,50.847457627118644,28.5,46.610169491525426,36.5,60.16949152542373,52.54237288135593
gemini,current_full,da-14-8,1,da-14-8--rep-001,19e50d8f667891739f395ea6149e8c16e896b52239e2f28dc65435d959c044ea,100.0,100.0,100.0,100.0,100.0,0.0,0.0,0.0,0.0,0.0,0.0,0.0,0.0,0.0,0.0,0.0,0.0,0.0,0.0,0.0,0.0,old20,31.0,50.847457627118644,28.5,46.610169491525426,36.5,60.16949152542373,52.54237288135593
gemini,current_full,da-14-8,2,da-14-8--rep-002,1854b3c78047ce70c8c201e764f7834984a12b87d1e80fa39c8cebb687eb324c,100.0,100.0,100.0,100.0,100.0,0.0,0.0,0.0,0.0,0.0,0.0,0.0,0.0,0.0,0.0,0.0,0.0,0.0,0.0,0.0,0.0,old20,31.0,50.847457627118644,28.5,46.610169491525426,36.5,60.16949152542373,52.54237288135593
gemini,current_full,da-14-8,3,da-14-8--rep-003,1df4d0430e99e84f731048fd90fa72db44584ded655899682db950efc5095058,100.0,100.0,100.0,100.0,100.0,0.0,0.0,0.0,0.0,0.0,0.0,0.0,0.0,0.0,0.0,0.0,0.0,0.0,0.0,0.0,0.0,old20,31.0,50.847457627118644,28.5,46.610169491525426,36.5,60.16949152542373,52.54237288135593
gemini,current_full,da-15-1,1,da-15-1--rep-001,49778b345951f612f87bb67536902d62c4213099dc7e29ff5944d6732e6b15a9,100.0,100.0,100.0,100.0,100.0,0.0,0.0,0.0,0.0,0.0,0.0,0.0,0.0,0.0,0.0,0.0,0.0,0.0,0.0,0.0,0.0,old20,31.0,50.847457627118644,28.5,46.610169491525426,36.5,60.16949152542373,52.54237288135593
gemini,current_full,da-15-1,2,da-15-1--rep-002,d9e2dbdadadbc426045c351ebdf396cff880ef31da1dd828a4c565fa93d51ff1,87.0,87.0,87.0,87.0,98.0,0.0,0.0,-11.0,-11.0,0.0,0.0,0.0,0.0,0.0,0.0,0.0,0.0,0.0,0.0,0.0,0.0,old20,31.0,50.847457627118644,28.5,46.610169491525426,12.0,18.64406779661017,38.70056497175141
gemini,current_full,da-15-1,3,da-15-1--rep-003,2c9b91497ed94a70515f7042413c19b3bc0eae6ec6fd40c1c6f08cdadf998bb8,87.0,87.0,87.0,87.0,96.0,0.0,0.0,-9.0,-9.0,0.0,0.0,0.0,0.0,0.0,0.0,0.0,0.0,0.0,0.0,0.0,0.0,old20,31.0,50.847457627118644,28.5,46.610169491525426,15.0,23.728813559322035,40.3954802259887
gemini,current_full,da-15-2,1,da-15-2--rep-001,40eaa690bb269c30e6cb610f512a9ef7b79943582f2aa03760864a3f8c8fad8d,73.0,73.0,83.0,76.33333333333333,92.0,-10.0,6.666666666666671,-15.666666666666671,-19.0,0.0,0.0,0.0,0.0,0.0,0.0,0.0,0.0,0.0,0.0,0.0,0.0,old20,3.0,3.389830508474576,59.0,98.30508474576271,9.0,13.559322033898304,38.4180790960452
gemini,current_full,da-15-2,2,da-15-2--rep-002,e50e296231d880e0bc0d5c30f44a8a25b92dac2ef762823c03fd9998c0ac1ecf,100.0,95.0,83.0,83.0,95.0,17.0,0.0,-12.0,5.0,0.0,0.0,0.0,0.0,0.0,0.0,0.0,0.0,0.0,0.0,0.0,0.0,old20,60.0,100.0,28.5,46.610169491525426,11.0,16.949152542372882,54.51977401129943
gemini,current_full,da-15-2,3,da-15-2--rep-003,a47f7ea5c7ecc7ae88acd066c12e7174fac5d94cce460ba2da6d1b82c4d0c52e,83.0,83.0,73.0,76.33333333333333,100.0,10.0,-3.3333333333333286,-23.66666666666667,-17.0,0.0,0.0,0.0,0.0,0.0,0.0,0.0,0.0,0.0,0.0,0.0,0.0,old20,57.5,95.76271186440678,1.5,0.847457627118644,4.0,5.084745762711864,33.898305084745765
gemini,current_full,da-15-7,1,da-15-7--rep-001,59ab428e187341a7a1df7121482cccdd91c9b745d63cec3a741018c1e3e6be6f,77.0,77.0,67.0,67.0,85.0,10.0,0.0,-18.0,-8.0,0.0,0.0,0.0,0.0,0.0,0.0,0.0,0.0,0.0,0.0,0.0,0.0,old20,57.5,95.76271186440678,28.5,46.610169491525426,8.0,11.864406779661017,51.41242937853107
gemini,current_full,da-15-7,2,da-15-7--rep-002,e9c603185bbda601c1acd391f801e80efed3fe54741476906dab4ae86f8b3ef4,77.0,77.0,77.0,77.0,96.0,0.0,0.0,-19.0,-19.0,0.0,0.0,0.0,0.0,0.0,0.0,0.0,0.0,0.0,0.0,0.0,0.0,old20,31.0,50.847457627118644,28.5,46.610169491525426,6.0,8.474576271186441,35.31073446327684
gemini,current_full,da-15-7,3,da-15-7--rep-003,d3e0e167a77afc7c478738b92f976e9c286ae93e2c1056f27de50c7472d08cb7,67.0,67.0,67.0,67.0,92.0,0.0,0.0,-25.0,-25.0,0.0,0.0,0.0,0.0,0.0,0.0,0.0,0.0,0.0,0.0,0.0,0.0,old20,31.0,50.847457627118644,28.5,46.610169491525426,2.5,2.542372881355932,33.333333333333336
gemini,current_full,da-15-8,1,da-15-8--rep-001,53a46b741b20fd7efb6942b743936da2713e7e4f7c0b7caca4c74840bd1c46b4,100.0,100.0,100.0,93.0,100.0,0.0,7.0,-7.0,0.0,0.0,0.0,0.0,0.0,0.0,0.0,0.0,0.0,0.0,0.0,0.0,0.0,old20,31.0,50.847457627118644,60.0,100.0,16.0,25.423728813559322,58.75706214689266
gemini,current_full,da-15-8,2,da-15-8--rep-002,c41efbccbdce487e284c6cca7437b761647c4c3bd324b82add821555cc3af6e5,100.0,100.0,100.0,100.0,45.0,0.0,0.0,55.0,55.0,0.0,0.0,0.0,0.0,0.0,0.0,0.0,0.0,0.0,0.0,0.0,0.0,old20,31.0,50.847457627118644,28.5,46.610169491525426,60.0,100.0,65.81920903954803
gemini,current_full,da-15-8,3,da-15-8--rep-003,88786bf677b29c911b61cc5e8508c231eceeaae998d287a14488a99cd07e8f59,100.0,100.0,100.0,100.0,100.0,0.0,0.0,0.0,0.0,0.0,0.0,0.0,0.0,0.0,0.0,0.0,0.0,0.0,0.0,0.0,0.0,old20,31.0,50.847457627118644,28.5,46.610169491525426,36.5,60.16949152542373,52.54237288135593
gemini,current_full,da-16-1,1,da-16-1--rep-001,03f392063162b1c738e767e709fe6f8588224063e90da612d8ace10d70f494d1,100.0,100.0,100.0,100.0,100.0,0.0,0.0,0.0,0.0,0.0,0.0,0.0,0.0,0.0,0.0,0.0,0.0,0.0,0.0,0.0,0.0,old20,31.0,50.847457627118644,28.5,46.610169491525426,36.5,60.16949152542373,52.54237288135593
gemini,current_full,da-16-1,2,da-16-1--rep-002,f77c2af700524b3b1395f9eadb91da37e3bb9804384000e7d9c0386190a55209,100.0,100.0,100.0,100.0,100.0,0.0,0.0,0.0,0.0,0.0,0.0,0.0,0.0,0.0,0.0,0.0,0.0,0.0,0.0,0.0,0.0,old20,31.0,50.847457627118644,28.5,46.610169491525426,36.5,60.16949152542373,52.54237288135593
gemini,current_full,da-16-1,3,da-16-1--rep-003,73cdeed48bca0558d392c3dd44b39985a532fab27e0d15487cb91a54badcfe19,100.0,100.0,95.0,98.33333333333333,98.0,5.0,-3.3333333333333286,0.3333333333333286,2.0,0.0,0.0,0.0,0.0,0.0,0.0,0.0,0.0,0.0,0.0,0.0,0.0,old20,55.0,91.52542372881356,1.5,0.847457627118644,56.0,93.22033898305085,61.86440677966102
gemini,current_full,da-18-5,1,da-18-5--rep-001,e16aab443e445a25e328d42a825eafeb8dbce66b57e426a299c777841f64988a,100.0,100.0,100.0,100.0,100.0,0.0,0.0,0.0,0.0,0.0,0.0,0.0,0.0,0.0,0.0,0.0,0.0,0.0,0.0,0.0,0.0,old20,31.0,50.847457627118644,28.5,46.610169491525426,36.5,60.16949152542373,52.54237288135593
gemini,current_full,da-18-5,2,da-18-5--rep-002,7e7dc16cd6b5657189453d3b97525954e7848ca4c813a787d72773fb1187805d,100.0,100.0,100.0,100.0,100.0,0.0,0.0,0.0,0.0,0.0,0.0,0.0,0.0,0.0,0.0,0.0,0.0,0.0,0.0,0.0,0.0,old20,31.0,50.847457627118644,28.5,46.610169491525426,36.5,60.16949152542373,52.54237288135593
gemini,current_full,da-18-5,3,da-18-5--rep-003,2e3688af56b326420d8f1a14ef34853c0b6ebdec85e5c02ed7f3e51f35f97fcc,100.0,100.0,100.0,100.0,100.0,0.0,0.0,0.0,0.0,0.0,0.0,0.0,0.0,0.0,0.0,0.0,0.0,0.0,0.0,0.0,0.0,old20,31.0,50.847457627118644,28.5,46.610169491525426,36.5,60.16949152542373,52.54237288135593
gemini,current_full,da-18-7,1,da-18-7--rep-001,7a0fcb964647f6592e3015cc4721de083d9eafd4fe2bb761f2e09e2c21ba0441,92.0,92.0,100.0,100.0,100.0,-8.0,0.0,0.0,-8.0,0.0,0.0,0.0,0.0,0.0,0.0,0.0,0.0,0.0,0.0,0.0,0.0,old20,4.5,5.932203389830509,28.5,46.610169491525426,36.5,60.16949152542373,37.570621468926554
gemini,current_full,da-18-7,2,da-18-7--rep-002,a68c6efb4d3088838ae3214b0eee1421242d79cd02b37205b52417718bb5d69c,100.0,100.0,100.0,100.0,100.0,0.0,0.0,0.0,0.0,0.0,0.0,0.0,0.0,0.0,0.0,0.0,0.0,0.0,0.0,0.0,0.0,old20,31.0,50.847457627118644,28.5,46.610169491525426,36.5,60.16949152542373,52.54237288135593
gemini,current_full,da-18-7,3,da-18-7--rep-003,c96906cd9bbe233732ab0a58f730d06d123b6b5000b55870f31665d7ff258a06,100.0,100.0,100.0,100.0,100.0,0.0,0.0,0.0,0.0,0.0,0.0,0.0,0.0,0.0,0.0,0.0,0.0,0.0,0.0,0.0,0.0,old20,31.0,50.847457627118644,28.5,46.610169491525426,36.5,60.16949152542373,52.54237288135593
gemini,current_full,da-19-1,1,da-19-1--rep-001,af15ae0a8c740adecf79c1fd6c39ec42ffb0e25acb0e09ce361bdc13ac55e900,100.0,100.0,100.0,100.0,100.0,0.0,0.0,0.0,0.0,0.0,0.0,0.0,0.0,0.0,0.0,0.0,0.0,0.0,0.0,0.0,0.0,old20,31.0,50.847457627118644,28.5,46.610169491525426,36.5,60.16949152542373,52.54237288135593
gemini,current_full,da-19-1,2,da-19-1--rep-002,23950447b25a546d51126338de629eeaed3612b5bdefa5d02ada577f54cfae52,100.0,100.0,100.0,100.0,100.0,0.0,0.0,0.0,0.0,0.0,0.0,0.0,0.0,0.0,0.0,0.0,0.0,0.0,0.0,0.0,0.0,old20,31.0,50.847457627118644,28.5,46.610169491525426,36.5,60.16949152542373,52.54237288135593
gemini,current_full,da-19-1,3,da-19-1--rep-003,ec091ad49126a85e8b26312e2934437bb668c437c5e91faae91f81b2a36fdadf,100.0,100.0,100.0,100.0,100.0,0.0,0.0,0.0,0.0,0.0,0.0,0.0,0.0,0.0,0.0,0.0,0.0,0.0,0.0,0.0,0.0,old20,31.0,50.847457627118644,28.5,46.610169491525426,36.5,60.16949152542373,52.54237288135593
gemini,current_full,da-19-6,1,da-19-6--rep-001,9a16f1ca31dcfabe5b6d4310edb3ad148676155750fd8b6230e516edca849bd6,71.0,71.0,79.0,73.66666666666667,92.0,-8.0,5.333333333333329,-18.33333333333333,-21.0,0.0,0.0,0.0,0.0,0.0,0.0,0.0,0.0,0.0,0.0,0.0,0.0,old20,4.5,5.932203389830509,58.0,96.61016949152543,7.0,10.169491525423728,37.570621468926554
gemini,current_full,da-19-6,2,da-19-6--rep-002,a8533f11a1771f2899ffade736efc0ba4d6cb1a19b394f02746cf72adcd38fac,34.0,34.0,46.0,42.0,90.0,-12.0,4.0,-48.0,-56.0,0.0,0.0,0.0,0.0,0.0,0.0,0.0,0.0,0.0,0.0,0.0,0.0,old20,2.0,1.694915254237288,55.0,91.52542372881356,1.0,0.0,31.073446327683616
gemini,current_full,da-19-6,3,da-19-6--rep-003,91657fa87314f79c5f92844f0ee7e9b3b09cd224fef7af8dc31a99a7a11b6312,74.0,74.0,79.0,74.66666666666667,98.0,-5.0,4.333333333333329,-23.33333333333333,-24.0,0.0,0.0,0.0,0.0,0.0,0.0,0.0,0.0,0.0,0.0,0.0,0.0,old20,6.5,9.322033898305085,56.0,93.22033898305085,5.0,6.779661016949152,36.440677966101696
gemini,current_user,da-10-1,1,da-10-1--rep-001,8a59fa68dbcd5e8ae42ecd5148e7877fa04f672b4847eab901635ad0b0cfda04,100.0,100.0,100.0,100.0,100.0,0.0,0.0,0.0,0.0,0.0,0.0,0.0,0.0,0.0,0.0,0.0,0.0,0.0,0.0,0.0,0.0,old20,33.0,54.23728813559322,30.5,50.0,33.0,54.23728813559322,52.824858757062145
gemini,current_user,da-10-1,2,da-10-1--rep-002,28bb10a27cc5e7b0d29f2dee6658836679cca6dd5b1ee3c17e687f92b4a23d8e,100.0,100.0,100.0,100.0,100.0,0.0,0.0,0.0,0.0,0.0,0.0,0.0,0.0,0.0,0.0,0.0,0.0,0.0,0.0,0.0,0.0,old20,33.0,54.23728813559322,30.5,50.0,33.0,54.23728813559322,52.824858757062145
gemini,current_user,da-10-1,3,da-10-1--rep-003,d77c9832e24c0b1a42f91901e0a69c073ab4c04c89ef662ec0344e1f778444bb,100.0,95.0,100.0,100.0,98.0,0.0,0.0,2.0,2.0,0.0,0.0,0.0,0.0,0.0,0.0,0.0,0.0,0.0,0.0,0.0,0.0,old20,33.0,54.23728813559322,30.5,50.0,50.5,83.89830508474576,62.71186440677966
gemini,current_user,da-10-3,1,da-10-3--rep-001,bcc9f280eaf5bcc981ab99bfffb5b40d9bf3ea870b24454dfd3bf94e4ca26edf,100.0,100.0,100.0,100.0,100.0,0.0,0.0,0.0,0.0,0.0,0.0,0.0,0.0,0.0,0.0,0.0,0.0,0.0,0.0,0.0,0.0,old20,33.0,54.23728813559322,30.5,50.0,33.0,54.23728813559322,52.824858757062145
gemini,current_user,da-10-3,2,da-10-3--rep-002,af1ead73430659ec7567418ef500f3a14330b21ef20c93d4f9ea7f58374e325f,100.0,100.0,100.0,100.0,92.0,0.0,0.0,8.0,8.0,0.0,0.0,0.0,0.0,0.0,0.0,0.0,0.0,0.0,0.0,0.0,0.0,old20,33.0,54.23728813559322,30.5,50.0,57.0,94.91525423728814,66.38418079096046
gemini,current_user,da-10-3,3,da-10-3--rep-003,7eff9444a67bf46772b10655df63a85852ff1556f1b1f197c200e5344bc459b7,90.0,90.0,100.0,96.66666666666667,92.0,-10.0,3.3333333333333286,4.666666666666671,-2.0,0.0,0.0,0.0,0.0,0.0,0.0,0.0,0.0,0.0,0.0,0.0,0.0,old20,11.5,17.796610169491526,57.5,95.76271186440678,53.5,88.98305084745763,67.51412429378531
gemini,current_user,da-12-2,1,da-12-2--rep-001,aa5558f0bc70c3c0056596c6f332961c6a28149e5403459ae069d38d1744d6c2,75.0,75.0,75.0,75.0,100.0,0.0,0.0,-25.0,-25.0,0.0,0.0,0.0,0.0,0.0,0.0,0.0,0.0,0.0,0.0,0.0,0.0,old20,33.0,54.23728813559322,30.5,50.0,6.0,8.474576271186441,37.570621468926554
gemini,current_user,da-12-2,2,da-12-2--rep-002,953bdb85e14b9bb90c6086aaf50e1ad561a2281b02055778d4ba60644119181b,60.0,60.0,75.0,75.0,100.0,-15.0,0.0,-25.0,-40.0,0.0,0.0,0.0,0.0,0.0,0.0,0.0,0.0,0.0,0.0,0.0,0.0,old20,3.5,4.237288135593221,30.5,50.0,6.0,8.474576271186441,20.903954802259886
gemini,current_user,da-12-2,3,da-12-2--rep-003,96658af61c93de4b8ed3e4d908009f3f76b8ddc8b0356d891fe518bda682c3e2,70.0,70.0,87.0,87.0,100.0,-17.0,0.0,-13.0,-30.0,0.0,0.0,0.0,0.0,0.0,0.0,0.0,0.0,0.0,0.0,0.0,0.0,old20,2.0,1.694915254237288,30.5,50.0,11.0,16.949152542372882,22.88135593220339
gemini,current_user,da-12-4,1,da-12-4--rep-001,f7cc404237a9fc22cdd1af5841696b058537a33a726d77cb37368ca002f6162c,86.0,86.0,100.0,100.0,100.0,-14.0,0.0,0.0,-14.0,0.0,0.0,0.0,0.0,0.0,0.0,0.0,0.0,0.0,0.0,0.0,0.0,old20,6.0,8.474576271186441,30.5,50.0,33.0,54.23728813559322,37.570621468926554
gemini,current_user,da-12-4,2,da-12-4--rep-002,d22048bbf9e9aeda018a6ef09192a2a3b59b0d996f764b8b241f87065d353eed,86.0,86.0,100.0,100.0,100.0,-14.0,0.0,0.0,-14.0,0.0,0.0,0.0,0.0,0.0,0.0,0.0,0.0,0.0,0.0,0.0,0.0,old20,6.0,8.474576271186441,30.5,50.0,33.0,54.23728813559322,37.570621468926554
gemini,current_user,da-12-4,3,da-12-4--rep-003,e631bcaaf0b93d7fac03c461e42334c064c26d702791dd8c34fe3da9ac47ce25,86.0,86.0,100.0,100.0,100.0,-14.0,0.0,0.0,-14.0,0.0,0.0,0.0,0.0,0.0,0.0,0.0,0.0,0.0,0.0,0.0,0.0,old20,6.0,8.474576271186441,30.5,50.0,33.0,54.23728813559322,37.570621468926554
gemini,current_user,da-13-1,1,da-13-1--rep-001,2687db1883433f202b5d8c4fa1eeb81260a954db4c9b219b9470ca88df6eb75a,100.0,100.0,100.0,100.0,100.0,0.0,0.0,0.0,0.0,0.0,0.0,0.0,0.0,0.0,0.0,0.0,0.0,0.0,0.0,0.0,0.0,old20,33.0,54.23728813559322,30.5,50.0,33.0,54.23728813559322,52.824858757062145
gemini,current_user,da-13-1,2,da-13-1--rep-002,cff05b668fee971c5af7a3bc1b18b31d9370768654b274ca8f88901252cba0b1,100.0,100.0,100.0,100.0,98.0,0.0,0.0,2.0,2.0,0.0,0.0,0.0,0.0,0.0,0.0,0.0,0.0,0.0,0.0,0.0,0.0,old20,33.0,54.23728813559322,30.5,50.0,50.5,83.89830508474576,62.71186440677966
gemini,current_user,da-13-1,3,da-13-1--rep-003,4872c95f9caa5c573f5e3056e2fc5bf40232784f95f8423cb777b3654cd139a1,100.0,100.0,100.0,100.0,100.0,0.0,0.0,0.0,0.0,0.0,0.0,0.0,0.0,0.0,0.0,0.0,0.0,0.0,0.0,0.0,0.0,old20,33.0,54.23728813559322,30.5,50.0,33.0,54.23728813559322,52.824858757062145
gemini,current_user,da-13-3,1,da-13-3--rep-001,13d1faa077f1168872dc928fe929fcfec5e2b5a7a004d404ecba57c1b0607a19,100.0,100.0,100.0,100.0,100.0,0.0,0.0,0.0,0.0,0.0,0.0,0.0,0.0,0.0,0.0,0.0,0.0,0.0,0.0,0.0,0.0,old20,33.0,54.23728813559322,30.5,50.0,33.0,54.23728813559322,52.824858757062145
gemini,current_user,da-13-3,2,da-13-3--rep-002,844644e69962c5c8f40741d7e7e809c2f33007ecd3483f925f52af4c3c55b383,100.0,100.0,100.0,100.0,100.0,0.0,0.0,0.0,0.0,0.0,0.0,0.0,0.0,0.0,0.0,0.0,0.0,0.0,0.0,0.0,0.0,old20,33.0,54.23728813559322,30.5,50.0,33.0,54.23728813559322,52.824858757062145
gemini,current_user,da-13-3,3,da-13-3--rep-003,3b55f0efcc9addf6212ef1aea789ea400d6fdbd67280be554000a46a9fb72f40,100.0,100.0,100.0,100.0,100.0,0.0,0.0,0.0,0.0,0.0,0.0,0.0,0.0,0.0,0.0,0.0,0.0,0.0,0.0,0.0,0.0,old20,33.0,54.23728813559322,30.5,50.0,33.0,54.23728813559322,52.824858757062145
gemini,current_user,da-13-5,1,da-13-5--rep-001,e8908a1509166c699c3c01f2743ccef1b0ca5b45ba7e04fc5ec4c7407c720211,100.0,100.0,100.0,96.66666666666667,100.0,0.0,3.3333333333333286,-3.3333333333333286,0.0,0.0,0.0,0.0,0.0,0.0,0.0,0.0,0.0,0.0,0.0,0.0,0.0,old20,33.0,54.23728813559322,57.5,95.76271186440678,17.0,27.11864406779661,59.03954802259887
gemini,current_user,da-13-5,2,da-13-5--rep-002,34c7af044371da1b74591a96f6f536d2edc51341d276cd2c1ced555eb67b5bb3,95.0,95.0,100.0,100.0,100.0,-5.0,0.0,0.0,-5.0,0.0,0.0,0.0,0.0,0.0,0.0,0.0,0.0,0.0,0.0,0.0,0.0,old20,14.0,22.033898305084747,30.5,50.0,33.0,54.23728813559322,42.090395480225986
gemini,current_user,da-13-5,3,da-13-5--rep-003,da45ed3657c57a505691d5a566d6bee40b749093aeb6f4c0e83249050a42da97,100.0,100.0,100.0,100.0,100.0,0.0,0.0,0.0,0.0,0.0,0.0,0.0,0.0,0.0,0.0,0.0,0.0,0.0,0.0,0.0,0.0,old20,33.0,54.23728813559322,30.5,50.0,33.0,54.23728813559322,52.824858757062145
gemini,current_user,da-13-6,1,da-13-6--rep-001,4b91801b7b3b3c0722d4138099e799e529db27a6ec410c7f895baf46b5b5260e,100.0,100.0,70.0,70.0,100.0,30.0,0.0,-30.0,0.0,0.0,0.0,0.0,0.0,0.0,0.0,0.0,0.0,0.0,0.0,0.0,0.0,old20,60.0,100.0,30.5,50.0,3.0,3.389830508474576,51.12994350282486
gemini,current_user,da-13-6,2,da-13-6--rep-002,70781e72c0bd769898685277e2b00f3b58af60dd021f75dee121e9669d39c8b5,100.0,100.0,90.0,90.0,100.0,10.0,0.0,-10.0,0.0,0.0,0.0,0.0,0.0,0.0,0.0,0.0,0.0,0.0,0.0,0.0,0.0,old20,55.5,92.37288135593221,30.5,50.0,12.0,18.64406779661017,53.67231638418079
gemini,current_user,da-13-6,3,da-13-6--rep-003,8c39c24a1969119db9cb917eb6bb9b0d66834e1a2fe3e2dad56e988ed78d19bc,100.0,100.0,100.0,100.0,100.0,0.0,0.0,0.0,0.0,0.0,0.0,0.0,0.0,0.0,0.0,0.0,0.0,0.0,0.0,0.0,0.0,old20,33.0,54.23728813559322,30.5,50.0,33.0,54.23728813559322,52.824858757062145
gemini,current_user,da-14-1,1,da-14-1--rep-001,c58870f887fa50980bfb0a72ef12a02de1d44513021245911166f54fb4ab8849,100.0,100.0,100.0,100.0,100.0,0.0,0.0,0.0,0.0,0.0,0.0,0.0,0.0,0.0,0.0,0.0,0.0,0.0,0.0,0.0,0.0,old20,33.0,54.23728813559322,30.5,50.0,33.0,54.23728813559322,52.824858757062145
gemini,current_user,da-14-1,2,da-14-1--rep-002,62a4f4e79c3ba40897079d2e4434524d0de6c7e9af55274bb103f10775894457,100.0,100.0,100.0,100.0,100.0,0.0,0.0,0.0,0.0,0.0,0.0,0.0,0.0,0.0,0.0,0.0,0.0,0.0,0.0,0.0,0.0,old20,33.0,54.23728813559322,30.5,50.0,33.0,54.23728813559322,52.824858757062145
gemini,current_user,da-14-1,3,da-14-1--rep-003,910c3ad981337a49826a2db6a9dcfeae79e59eea300411fa02d21a728b30d313,100.0,100.0,100.0,100.0,100.0,0.0,0.0,0.0,0.0,0.0,0.0,0.0,0.0,0.0,0.0,0.0,0.0,0.0,0.0,0.0,0.0,old20,33.0,54.23728813559322,30.5,50.0,33.0,54.23728813559322,52.824858757062145
gemini,current_user,da-14-3,1,da-14-3--rep-001,443cef1315d563b38a073e85156b222064439a6e6924ece7a7cf696da81ca47d,100.0,100.0,100.0,100.0,100.0,0.0,0.0,0.0,0.0,0.0,0.0,0.0,0.0,0.0,0.0,0.0,0.0,0.0,0.0,0.0,0.0,old20,33.0,54.23728813559322,30.5,50.0,33.0,54.23728813559322,52.824858757062145
gemini,current_user,da-14-3,2,da-14-3--rep-002,b6bcfb1759100fb5dccdc6a0c96b2e53512990979748023f4dd66d1dafdae449,100.0,100.0,100.0,100.0,100.0,0.0,0.0,0.0,0.0,0.0,0.0,0.0,0.0,0.0,0.0,0.0,0.0,0.0,0.0,0.0,0.0,old20,33.0,54.23728813559322,30.5,50.0,33.0,54.23728813559322,52.824858757062145
gemini,current_user,da-14-3,3,da-14-3--rep-003,f490cd7d9aac7dd334b16cc234b86a204fe25c9123914094231ef40a35bf9865,100.0,100.0,100.0,100.0,100.0,0.0,0.0,0.0,0.0,0.0,0.0,0.0,0.0,0.0,0.0,0.0,0.0,0.0,0.0,0.0,0.0,old20,33.0,54.23728813559322,30.5,50.0,33.0,54.23728813559322,52.824858757062145
gemini,current_user,da-14-8,1,da-14-8--rep-001,19e50d8f667891739f395ea6149e8c16e896b52239e2f28dc65435d959c044ea,93.0,93.0,93.0,95.33333333333333,100.0,0.0,-2.3333333333333286,-4.666666666666671,-7.0,0.0,0.0,0.0,0.0,0.0,0.0,0.0,0.0,0.0,0.0,0.0,0.0,old20,33.0,54.23728813559322,4.5,5.932203389830509,15.5,24.576271186440678,28.248587570621467
gemini,current_user,da-14-8,2,da-14-8--rep-002,1854b3c78047ce70c8c201e764f7834984a12b87d1e80fa39c8cebb687eb324c,58.0,58.0,76.0,71.0,100.0,-18.0,5.0,-29.0,-42.0,0.0,0.0,0.0,0.0,0.0,0.0,0.0,0.0,0.0,0.0,0.0,0.0,old20,1.0,0.0,60.0,100.0,4.0,5.084745762711864,35.02824858757062
gemini,current_user,da-14-8,3,da-14-8--rep-003,1df4d0430e99e84f731048fd90fa72db44584ded655899682db950efc5095058,76.0,76.0,71.0,71.0,95.0,5.0,0.0,-24.0,-19.0,0.0,0.0,0.0,0.0,0.0,0.0,0.0,0.0,0.0,0.0,0.0,0.0,old20,52.0,86.44067796610169,30.5,50.0,8.0,11.864406779661017,49.43502824858757
gemini,current_user,da-15-1,1,da-15-1--rep-001,49778b345951f612f87bb67536902d62c4213099dc7e29ff5944d6732e6b15a9,87.0,87.0,100.0,100.0,92.0,-13.0,0.0,8.0,-5.0,0.0,0.0,0.0,0.0,0.0,0.0,0.0,0.0,0.0,0.0,0.0,0.0,old20,9.0,13.559322033898304,30.5,50.0,57.0,94.91525423728814,52.824858757062145
gemini,current_user,da-15-1,2,da-15-1--rep-002,d9e2dbdadadbc426045c351ebdf396cff880ef31da1dd828a4c565fa93d51ff1,87.0,87.0,100.0,100.0,98.0,-13.0,0.0,2.0,-11.0,0.0,0.0,0.0,0.0,0.0,0.0,0.0,0.0,0.0,0.0,0.0,0.0,old20,9.0,13.559322033898304,30.5,50.0,50.5,83.89830508474576,49.152542372881356
gemini,current_user,da-15-1,3,da-15-1--rep-003,2c9b91497ed94a70515f7042413c19b3bc0eae6ec6fd40c1c6f08cdadf998bb8,87.0,87.0,100.0,100.0,95.0,-13.0,0.0,5.0,-8.0,0.0,0.0,0.0,0.0,0.0,0.0,0.0,0.0,0.0,0.0,0.0,0.0,old20,9.0,13.559322033898304,30.5,50.0,55.0,91.52542372881356,51.69491525423729
gemini,current_user,da-15-2,1,da-15-2--rep-001,40eaa690bb269c30e6cb610f512a9ef7b79943582f2aa03760864a3f8c8fad8d,83.0,83.0,73.0,79.66666666666667,75.0,10.0,-6.666666666666671,4.666666666666671,8.0,0.0,0.0,0.0,0.0,0.0,0.0,0.0,0.0,0.0,0.0,0.0,0.0,old20,55.5,92.37288135593221,3.0,3.389830508474576,53.5,88.98305084745763,61.5819209039548
gemini,current_user,da-15-2,2,da-15-2--rep-002,e50e296231d880e0bc0d5c30f44a8a25b92dac2ef762823c03fd9998c0ac1ecf,83.0,78.0,83.0,83.0,92.0,0.0,0.0,-9.0,-9.0,0.0,0.0,0.0,0.0,0.0,0.0,0.0,0.0,0.0,0.0,0.0,0.0,old20,33.0,54.23728813559322,30.5,50.0,13.0,20.338983050847457,41.52542372881356
gemini,current_user,da-15-2,3,da-15-2--rep-003,a47f7ea5c7ecc7ae88acd066c12e7174fac5d94cce460ba2da6d1b82c4d0c52e,63.0,63.0,63.0,73.0,65.0,0.0,-10.0,8.0,-2.0,0.0,0.0,0.0,0.0,0.0,0.0,0.0,0.0,0.0,0.0,0.0,0.0,old20,33.0,54.23728813559322,1.5,0.847457627118644,57.0,94.91525423728814,50.0
gemini,current_user,da-15-7,1,da-15-7--rep-001,59ab428e187341a7a1df7121482cccdd91c9b745d63cec3a741018c1e3e6be6f,100.0,100.0,100.0,100.0,98.0,0.0,0.0,2.0,2.0,0.0,0.0,0.0,0.0,0.0,0.0,0.0,0.0,0.0,0.0,0.0,0.0,old20,33.0,54.23728813559322,30.5,50.0,50.5,83.89830508474576,62.71186440677966
gemini,current_user,da-15-7,2,da-15-7--rep-002,e9c603185bbda601c1acd391f801e80efed3fe54741476906dab4ae86f8b3ef4,67.0,67.0,67.0,67.0,92.0,0.0,0.0,-25.0,-25.0,0.0,0.0,0.0,0.0,0.0,0.0,0.0,0.0,0.0,0.0,0.0,0.0,old20,33.0,54.23728813559322,30.5,50.0,6.0,8.474576271186441,37.570621468926554
gemini,current_user,da-15-7,3,da-15-7--rep-003,d3e0e167a77afc7c478738b92f976e9c286ae93e2c1056f27de50c7472d08cb7,77.0,77.0,77.0,77.0,95.0,0.0,0.0,-18.0,-18.0,0.0,0.0,0.0,0.0,0.0,0.0,0.0,0.0,0.0,0.0,0.0,0.0,old20,33.0,54.23728813559322,30.5,50.0,10.0,15.254237288135593,39.83050847457627
gemini,current_user,da-15-8,1,da-15-8--rep-001,53a46b741b20fd7efb6942b743936da2713e7e4f7c0b7caca4c74840bd1c46b4,90.0,90.0,90.0,100.0,100.0,0.0,-10.0,0.0,-10.0,0.0,0.0,0.0,0.0,0.0,0.0,0.0,0.0,0.0,0.0,0.0,0.0,old20,33.0,54.23728813559322,1.5,0.847457627118644,33.0,54.23728813559322,36.440677966101696
gemini,current_user,da-15-8,2,da-15-8--rep-002,c41efbccbdce487e284c6cca7437b761647c4c3bd324b82add821555cc3af6e5,100.0,90.0,93.0,95.33333333333333,100.0,7.0,-2.3333333333333286,-4.666666666666671,0.0,0.0,0.0,0.0,0.0,0.0,0.0,0.0,0.0,0.0,0.0,0.0,0.0,old20,53.0,88.13559322033899,4.5,5.932203389830509,15.5,24.576271186440678,39.54802259887006
gemini,current_user,da-15-8,3,da-15-8--rep-003,88786bf677b29c911b61cc5e8508c231eceeaae998d287a14488a99cd07e8f59,90.0,90.0,100.0,100.0,45.0,-10.0,0.0,55.0,45.0,0.0,0.0,0.0,0.0,0.0,0.0,0.0,0.0,0.0,0.0,0.0,0.0,old20,11.5,17.796610169491526,30.5,50.0,60.0,100.0,55.932203389830505
gemini,current_user,da-16-1,1,da-16-1--rep-001,03f392063162b1c738e767e709fe6f8588224063e90da612d8ace10d70f494d1,100.0,100.0,100.0,100.0,100.0,0.0,0.0,0.0,0.0,0.0,0.0,0.0,0.0,0.0,0.0,0.0,0.0,0.0,0.0,0.0,0.0,old20,33.0,54.23728813559322,30.5,50.0,33.0,54.23728813559322,52.824858757062145
gemini,current_user,da-16-1,2,da-16-1--rep-002,f77c2af700524b3b1395f9eadb91da37e3bb9804384000e7d9c0386190a55209,100.0,100.0,100.0,100.0,100.0,0.0,0.0,0.0,0.0,0.0,0.0,0.0,0.0,0.0,0.0,0.0,0.0,0.0,0.0,0.0,0.0,old20,33.0,54.23728813559322,30.5,50.0,33.0,54.23728813559322,52.824858757062145
gemini,current_user,da-16-1,3,da-16-1--rep-003,73cdeed48bca0558d392c3dd44b39985a532fab27e0d15487cb91a54badcfe19,100.0,100.0,87.0,87.66666666666667,96.0,13.0,-0.6666666666666714,-8.333333333333329,4.0,0.0,0.0,0.0,0.0,0.0,0.0,0.0,0.0,0.0,0.0,0.0,0.0,old20,57.5,95.76271186440678,6.0,8.474576271186441,14.0,22.033898305084747,42.09039548022599
gemini,current_user,da-18-5,1,da-18-5--rep-001,e16aab443e445a25e328d42a825eafeb8dbce66b57e426a299c777841f64988a,100.0,100.0,100.0,100.0,100.0,0.0,0.0,0.0,0.0,0.0,0.0,0.0,0.0,0.0,0.0,0.0,0.0,0.0,0.0,0.0,0.0,old20,33.0,54.23728813559322,30.5,50.0,33.0,54.23728813559322,52.824858757062145
gemini,current_user,da-18-5,2,da-18-5--rep-002,7e7dc16cd6b5657189453d3b97525954e7848ca4c813a787d72773fb1187805d,100.0,100.0,100.0,100.0,100.0,0.0,0.0,0.0,0.0,0.0,0.0,0.0,0.0,0.0,0.0,0.0,0.0,0.0,0.0,0.0,0.0,old20,33.0,54.23728813559322,30.5,50.0,33.0,54.23728813559322,52.824858757062145
gemini,current_user,da-18-5,3,da-18-5--rep-003,2e3688af56b326420d8f1a14ef34853c0b6ebdec85e5c02ed7f3e51f35f97fcc,100.0,100.0,100.0,100.0,100.0,0.0,0.0,0.0,0.0,0.0,0.0,0.0,0.0,0.0,0.0,0.0,0.0,0.0,0.0,0.0,0.0,old20,33.0,54.23728813559322,30.5,50.0,33.0,54.23728813559322,52.824858757062145
gemini,current_user,da-18-7,1,da-18-7--rep-001,7a0fcb964647f6592e3015cc4721de083d9eafd4fe2bb761f2e09e2c21ba0441,85.0,85.0,100.0,97.33333333333333,75.0,-15.0,2.6666666666666714,22.33333333333333,10.0,0.0,0.0,0.0,0.0,0.0,0.0,0.0,0.0,0.0,0.0,0.0,0.0,old20,3.5,4.237288135593221,56.0,93.22033898305085,59.0,98.30508474576271,65.2542372881356
gemini,current_user,da-18-7,2,da-18-7--rep-002,a68c6efb4d3088838ae3214b0eee1421242d79cd02b37205b52417718bb5d69c,92.0,87.0,100.0,100.0,100.0,-8.0,0.0,0.0,-8.0,0.0,0.0,0.0,0.0,0.0,0.0,0.0,0.0,0.0,0.0,0.0,0.0,old20,13.0,20.338983050847457,30.5,50.0,33.0,54.23728813559322,41.52542372881356
gemini,current_user,da-18-7,3,da-18-7--rep-003,c96906cd9bbe233732ab0a58f730d06d123b6b5000b55870f31665d7ff258a06,100.0,100.0,100.0,100.0,100.0,0.0,0.0,0.0,0.0,0.0,0.0,0.0,0.0,0.0,0.0,0.0,0.0,0.0,0.0,0.0,0.0,old20,33.0,54.23728813559322,30.5,50.0,33.0,54.23728813559322,52.824858757062145
gemini,current_user,da-19-1,1,da-19-1--rep-001,af15ae0a8c740adecf79c1fd6c39ec42ffb0e25acb0e09ce361bdc13ac55e900,100.0,100.0,100.0,100.0,100.0,0.0,0.0,0.0,0.0,0.0,0.0,0.0,0.0,0.0,0.0,0.0,0.0,0.0,0.0,0.0,0.0,old20,33.0,54.23728813559322,30.5,50.0,33.0,54.23728813559322,52.824858757062145
gemini,current_user,da-19-1,2,da-19-1--rep-002,23950447b25a546d51126338de629eeaed3612b5bdefa5d02ada577f54cfae52,100.0,100.0,100.0,100.0,100.0,0.0,0.0,0.0,0.0,0.0,0.0,0.0,0.0,0.0,0.0,0.0,0.0,0.0,0.0,0.0,0.0,old20,33.0,54.23728813559322,30.5,50.0,33.0,54.23728813559322,52.824858757062145
gemini,current_user,da-19-1,3,da-19-1--rep-003,ec091ad49126a85e8b26312e2934437bb668c437c5e91faae91f81b2a36fdadf,100.0,100.0,100.0,100.0,100.0,0.0,0.0,0.0,0.0,0.0,0.0,0.0,0.0,0.0,0.0,0.0,0.0,0.0,0.0,0.0,0.0,old20,33.0,54.23728813559322,30.5,50.0,33.0,54.23728813559322,52.824858757062145
gemini,current_user,da-19-6,1,da-19-6--rep-001,9a16f1ca31dcfabe5b6d4310edb3ad148676155750fd8b6230e516edca849bd6,35.0,35.0,22.0,19.333333333333332,60.0,13.0,2.666666666666668,-40.66666666666667,-25.0,0.0,0.0,0.0,0.0,0.0,0.0,0.0,0.0,0.0,0.0,0.0,0.0,old20,57.5,95.76271186440678,55.0,91.52542372881356,2.0,1.694915254237288,62.994350282485875
gemini,current_user,da-19-6,2,da-19-6--rep-002,a8533f11a1771f2899ffade736efc0ba4d6cb1a19b394f02746cf72adcd38fac,47.0,47.0,27.0,23.666666666666668,45.0,20.0,3.333333333333332,-21.333333333333332,2.0,0.0,0.0,0.0,0.0,0.0,0.0,0.0,0.0,0.0,0.0,0.0,0.0,old20,59.0,98.30508474576271,59.0,98.30508474576271,9.0,13.559322033898304,70.05649717514125
gemini,current_user,da-19-6,3,da-19-6--rep-003,91657fa87314f79c5f92844f0ee7e9b3b09cd224fef7af8dc31a99a7a11b6312,30.0,30.0,22.0,22.0,68.0,8.0,0.0,-46.0,-38.0,0.0,0.0,0.0,0.0,0.0,0.0,0.0,0.0,0.0,0.0,0.0,0.0,old20,54.0,89.83050847457628,30.5,50.0,1.0,0.0,46.610169491525426
sol_opus_gemini,current_full,da-10-1,1,da-10-1--rep-001,8a59fa68dbcd5e8ae42ecd5148e7877fa04f672b4847eab901635ad0b0cfda04,100.0,100.0,100.0,100.0,84.0,0.0,0.0,16.0,16.0,0.3333333333333333,0.0,0.0,0.0,0.0,0.0,0.3333333333333333,0.0,0.0,0.3333333333333333,0.0,0.0,old20,16.0,25.423728813559322,22.5,36.440677966101696,44.0,72.88135593220339,44.91525423728814
sol_opus_gemini,current_full,da-10-1,2,da-10-1--rep-002,28bb10a27cc5e7b0d29f2dee6658836679cca6dd5b1ee3c17e687f92b4a23d8e,100.0,100.0,97.33333333333333,97.33333333333333,86.0,2.6666666666666665,0.0,11.333333333333334,14.0,0.3333333333333333,0.0,0.0,0.3333333333333333,0.0,0.0,0.3333333333333333,0.0,0.0,0.3333333333333333,0.0,0.0,old20,40.5,66.94915254237289,22.5,36.440677966101696,37.0,61.016949152542374,54.802259887005654
sol_opus_gemini,current_full,da-10-1,3,da-10-1--rep-003,d77c9832e24c0b1a42f91901e0a69c073ab4c04c89ef662ec0344e1f778444bb,100.0,100.0,98.66666666666667,100.0,91.0,1.3333333333333333,-1.3333333333333333,9.0,9.0,0.3333333333333333,0.0,0.0,0.3333333333333333,0.0,0.0,0.3333333333333333,0.0,0.0,0.3333333333333333,0.0,0.0,old20,30.0,49.152542372881356,5.0,6.779661016949152,34.0,55.932203389830505,37.28813559322034
sol_opus_gemini,current_full,da-10-3,1,da-10-3--rep-001,bcc9f280eaf5bcc981ab99bfffb5b40d9bf3ea870b24454dfd3bf94e4ca26edf,100.0,100.0,100.0,100.0,87.0,0.0,0.0,13.0,13.0,0.3333333333333333,0.0,0.0,0.3333333333333333,0.0,0.0,0.3333333333333333,0.0,0.0,0.3333333333333333,0.0,0.0,old20,16.0,25.423728813559322,22.5,36.440677966101696,39.0,64.40677966101696,42.09039548022599
sol_opus_gemini,current_full,da-10-3,2,da-10-3--rep-002,af1ead73430659ec7567418ef500f3a14330b21ef20c93d4f9ea7f58374e325f,100.0,100.0,98.33333333333333,99.44444444444444,75.0,1.6666666666666667,-1.1111111111111096,24.444444444444443,25.0,0.3333333333333333,0.0,0.0,0.3333333333333333,0.0,0.0,0.3333333333333333,0.0,0.0,0.3333333333333333,0.0,0.0,old20,33.5,55.08474576271186,9.0,13.559322033898304,53.0,88.13559322033899,52.259887005649716
sol_opus_gemini,current_full,da-10-3,3,da-10-3--rep-003,7eff9444a67bf46772b10655df63a85852ff1556f1b1f197c200e5344bc459b7,100.0,100.0,100.0,98.77777777777777,78.33333333333333,0.0,1.2222222222222239,20.444444444444443,21.666666666666668,0.3333333333333333,0.0,0.0,0.3333333333333333,0.0,0.0,0.3333333333333333,0.0,0.0,0.3333333333333333,0.0,0.0,old20,16.0,25.423728813559322,41.0,67.79661016949153,50.0,83.05084745762711,58.75706214689266
sol_opus_gemini,current_full,da-12-2,1,da-12-2--rep-001,aa5558f0bc70c3c0056596c6f332961c6a28149e5403459ae069d38d1744d6c2,100.0,95.0,100.0,100.0,74.0,0.0,0.0,26.0,26.0,5.333333333333333,66.66666666666667,0.0,5.0,66.66666666666667,0.0,8.333333333333334,100.0,0.0,5.0,66.66666666666667,0.0,old20,16.0,25.423728813559322,22.5,36.440677966101696,54.0,89.83050847457628,50.56497175141243
sol_opus_gemini,current_full,da-12-2,2,da-12-2--rep-002,953bdb85e14b9bb90c6086aaf50e1ad561a2281b02055778d4ba60644119181b,70.0,70.0,70.0,71.66666666666667,87.0,0.0,-1.6666666666666667,-15.333333333333334,-17.0,0.3333333333333333,0.0,0.0,0.0,0.0,0.0,0.3333333333333333,0.0,0.0,0.6666666666666666,0.0,0.0,old20,16.0,25.423728813559322,4.0,5.084745762711864,4.0,5.084745762711864,11.864406779661017
sol_opus_gemini,current_full,da-12-2,3,da-12-2--rep-003,96658af61c93de4b8ed3e4d908009f3f76b8ddc8b0356d891fe518bda682c3e2,100.0,100.0,100.0,100.0,93.33333333333333,0.0,0.0,6.666666666666667,6.666666666666667,2.6666666666666665,0.0,33.333333333333336,1.0,0.0,0.0,1.0,0.0,0.0,0.6666666666666666,0.0,0.0,old20,16.0,25.423728813559322,22.5,36.440677966101696,29.5,48.30508474576271,36.72316384180791
sol_opus_gemini,current_full,da-12-4,1,da-12-4--rep-001,f7cc404237a9fc22cdd1af5841696b058537a33a726d77cb37368ca002f6162c,86.0,86.0,90.66666666666667,89.11111111111111,91.66666666666667,-4.666666666666667,1.5555555555555571,-2.555555555555557,-5.666666666666667,0.3333333333333333,0.0,0.0,0.3333333333333333,0.0,0.0,0.3333333333333333,0.0,0.0,0.3333333333333333,0.0,0.0,old20,2.0,1.694915254237288,45.0,74.57627118644068,12.5,19.491525423728813,31.92090395480226
sol_opus_gemini,current_full,da-12-4,2,da-12-4--rep-002,d22048bbf9e9aeda018a6ef09192a2a3b59b0d996f764b8b241f87065d353eed,100.0,100.0,100.0,100.0,78.0,0.0,0.0,22.0,22.0,5.0,66.66666666666667,0.0,0.3333333333333333,0.0,0.0,0.6666666666666666,0.0,0.0,0.3333333333333333,0.0,0.0,old20,16.0,25.423728813559322,22.5,36.440677966101696,51.0,84.7457627118644,48.87005649717514
sol_opus_gemini,current_full,da-12-4,3,da-12-4--rep-003,e631bcaaf0b93d7fac03c461e42334c064c26d702791dd8c34fe3da9ac47ce25,86.0,86.0,85.33333333333333,79.88888888888889,90.66666666666667,0.6666666666666666,5.444444444444443,-10.777777777777777,-4.666666666666667,2.3333333333333335,0.0,0.0,1.6666666666666667,0.0,0.0,0.3333333333333333,0.0,0.0,1.3333333333333333,0.0,0.0,old20,29.0,47.45762711864407,60.0,100.0,5.0,6.779661016949152,51.41242937853107
sol_opus_gemini,current_full,da-13-1,1,da-13-1--rep-001,2687db1883433f202b5d8c4fa1eeb81260a954db4c9b219b9470ca88df6eb75a,100.0,100.0,94.0,93.0,88.66666666666667,6.0,1.0,4.333333333333333,11.333333333333334,0.3333333333333333,0.0,0.0,0.3333333333333333,0.0,0.0,0.0,0.0,0.0,0.3333333333333333,0.0,0.0,old20,47.0,77.96610169491525,37.0,61.016949152542374,20.0,32.20338983050848,57.06214689265537
sol_opus_gemini,current_full,da-13-1,2,da-13-1--rep-002,cff05b668fee971c5af7a3bc1b18b31d9370768654b274ca8f88901252cba0b1,100.0,100.0,100.0,100.0,85.0,0.0,0.0,15.0,15.0,0.3333333333333333,0.0,0.0,0.3333333333333333,0.0,0.0,0.3333333333333333,0.0,0.0,0.3333333333333333,0.0,0.0,old20,16.0,25.423728813559322,22.5,36.440677966101696,42.0,69.49152542372882,43.78531073446328
sol_opus_gemini,current_full,da-13-1,3,da-13-1--rep-003,4872c95f9caa5c573f5e3056e2fc5bf40232784f95f8423cb777b3654cd139a1,100.0,100.0,91.0,88.77777777777777,81.33333333333333,9.0,2.2222222222222237,7.444444444444443,18.666666666666668,1.3333333333333333,0.0,0.0,0.3333333333333333,0.0,0.0,0.3333333333333333,0.0,0.0,0.3333333333333333,0.0,0.0,old20,51.0,84.7457627118644,50.5,83.89830508474576,32.0,52.54237288135593,73.72881355932203
sol_opus_gemini,current_full,da-13-3,1,da-13-3--rep-001,13d1faa077f1168872dc928fe929fcfec5e2b5a7a004d404ecba57c1b0607a19,100.0,100.0,100.0,100.0,93.0,0.0,0.0,7.0,7.0,0.3333333333333333,0.0,0.0,0.0,0.0,0.0,0.0,0.0,0.0,0.3333333333333333,0.0,0.0,old20,16.0,25.423728813559322,22.5,36.440677966101696,31.0,50.847457627118644,37.570621468926554
sol_opus_gemini,current_full,da-13-3,2,da-13-3--rep-002,844644e69962c5c8f40741d7e7e809c2f33007ecd3483f925f52af4c3c55b383,100.0,100.0,100.0,98.44444444444444,89.0,0.0,1.5555555555555571,9.444444444444443,11.0,0.3333333333333333,0.0,0.0,0.3333333333333333,0.0,0.0,0.3333333333333333,0.0,0.0,0.3333333333333333,0.0,0.0,old20,16.0,25.423728813559322,45.0,74.57627118644068,35.0,57.6271186440678,52.54237288135593
sol_opus_gemini,current_full,da-13-3,3,da-13-3--rep-003,3b55f0efcc9addf6212ef1aea789ea400d6fdbd67280be554000a46a9fb72f40,100.0,100.0,100.0,98.44444444444444,92.33333333333333,0.0,1.5555555555555571,6.11111111111111,7.666666666666667,0.3333333333333333,0.0,0.0,0.3333333333333333,0.0,0.0,0.3333333333333333,0.0,0.0,0.3333333333333333,0.0,0.0,old20,16.0,25.423728813559322,45.0,74.57627118644068,27.0,44.067796610169495,48.0225988700565
sol_opus_gemini,current_full,da-13-5,1,da-13-5--rep-001,e8908a1509166c699c3c01f2743ccef1b0ca5b45ba7e04fc5ec4c7407c720211,100.0,100.0,100.0,98.88888888888889,88.0,0.0,1.1111111111111096,10.888888888888891,12.0,0.6666666666666666,0.0,0.0,0.6666666666666666,0.0,0.0,0.3333333333333333,0.0,0.0,0.3333333333333333,0.0,0.0,old20,16.0,25.423728813559322,39.0,64.40677966101696,36.0,59.32203389830509,49.717514124293785
sol_opus_gemini,current_full,da-13-5,2,da-13-5--rep-002,34c7af044371da1b74591a96f6f536d2edc51341d276cd2c1ced555eb67b5bb3,100.0,100.0,93.33333333333333,90.55555555555556,90.33333333333333,6.666666666666667,2.777777777777781,0.22222222222221907,9.666666666666666,0.3333333333333333,0.0,0.0,0.0,0.0,0.0,0.0,0.0,0.0,0.3333333333333333,0.0,0.0,old20,48.0,79.66101694915254,52.0,86.44067796610169,17.0,27.11864406779661,64.40677966101694
sol_opus_gemini,current_full,da-13-5,3,da-13-5--rep-003,da45ed3657c57a505691d5a566d6bee40b749093aeb6f4c0e83249050a42da97,100.0,100.0,90.0,91.11111111111111,93.66666666666667,10.0,-1.1111111111111096,-2.555555555555557,6.333333333333333,0.6666666666666666,0.0,0.0,0.3333333333333333,0.0,0.0,0.3333333333333333,0.0,0.0,0.3333333333333333,0.0,0.0,old20,52.5,87.28813559322033,9.0,13.559322033898304,12.5,19.491525423728813,40.112994350282484
sol_opus_gemini,current_full,da-13-6,1,da-13-6--rep-001,4b91801b7b3b3c0722d4138099e799e529db27a6ec410c7f895baf46b5b5260e,100.0,100.0,100.0,97.77777777777777,79.0,0.0,2.2222222222222237,18.777777777777775,21.0,0.6666666666666666,0.0,0.0,0.3333333333333333,0.0,0.0,0.3333333333333333,0.0,0.0,0.3333333333333333,0.0,0.0,old20,16.0,25.423728813559322,50.5,83.89830508474576,48.0,79.66101694915254,62.994350282485875
sol_opus_gemini,current_full,da-13-6,2,da-13-6--rep-002,70781e72c0bd769898685277e2b00f3b58af60dd021f75dee121e9669d39c8b5,100.0,100.0,80.0,75.55555555555556,84.33333333333333,20.0,4.4444444444444455,-8.777777777777779,15.666666666666666,0.3333333333333333,0.0,0.0,0.3333333333333333,0.0,0.0,0.3333333333333333,0.0,0.0,0.0,0.0,0.0,old20,59.0,98.30508474576271,56.0,93.22033898305085,8.0,11.864406779661017,67.79661016949153
sol_opus_gemini,current_full,da-13-6,3,da-13-6--rep-003,8c39c24a1969119db9cb917eb6bb9b0d66834e1a2fe3e2dad56e988ed78d19bc,100.0,100.0,73.33333333333333,74.44444444444444,84.66666666666667,26.666666666666668,-1.1111111111111118,-10.222222222222221,15.333333333333334,0.3333333333333333,0.0,0.0,0.3333333333333333,0.0,0.0,0.3333333333333333,0.0,0.0,0.3333333333333333,0.0,0.0,old20,60.0,100.0,7.0,10.169491525423728,6.0,8.474576271186441,39.548022598870055
sol_opus_gemini,current_full,da-14-1,1,da-14-1--rep-001,c58870f887fa50980bfb0a72ef12a02de1d44513021245911166f54fb4ab8849,100.0,100.0,98.33333333333333,94.33333333333333,93.0,1.6666666666666667,4.0,1.3333333333333333,7.0,0.3333333333333333,0.0,0.0,0.3333333333333333,0.0,0.0,0.0,0.0,0.0,0.3333333333333333,0.0,0.0,old20,33.5,55.08474576271186,55.0,91.52542372881356,19.0,30.508474576271187,59.03954802259887
sol_opus_gemini,current_full,da-14-1,2,da-14-1--rep-002,62a4f4e79c3ba40897079d2e4434524d0de6c7e9af55274bb103f10775894457,100.0,100.0,92.66666666666667,89.33333333333333,92.33333333333333,7.333333333333333,3.3333333333333335,-3.0,7.666666666666667,0.3333333333333333,0.0,0.0,0.0,0.0,0.0,0.0,0.0,0.0,0.3333333333333333,0.0,0.0,old20,49.0,81.35593220338983,53.0,88.13559322033899,11.0,16.949152542372882,62.14689265536723
sol_opus_gemini,current_full,da-14-1,3,da-14-1--rep-003,910c3ad981337a49826a2db6a9dcfeae79e59eea300411fa02d21a728b30d313,100.0,100.0,97.66666666666667,96.55555555555556,91.33333333333333,2.3333333333333335,1.1111111111111096,5.222222222222224,8.666666666666666,0.3333333333333333,0.0,0.0,0.3333333333333333,0.0,0.0,0.0,0.0,0.0,0.3333333333333333,0.0,0.0,old20,38.5,63.559322033898304,39.0,64.40677966101696,21.0,33.898305084745765,53.95480225988701
sol_opus_gemini,current_full,da-14-3,1,da-14-3--rep-001,443cef1315d563b38a073e85156b222064439a6e6924ece7a7cf696da81ca47d,100.0,100.0,100.0,100.0,94.66666666666667,0.0,0.0,5.333333333333333,5.333333333333333,0.3333333333333333,0.0,0.0,0.3333333333333333,0.0,0.0,0.3333333333333333,0.0,0.0,0.3333333333333333,0.0,0.0,old20,16.0,25.423728813559322,22.5,36.440677966101696,23.0,37.28813559322034,33.05084745762712
sol_opus_gemini,current_full,da-14-3,2,da-14-3--rep-002,b6bcfb1759100fb5dccdc6a0c96b2e53512990979748023f4dd66d1dafdae449,100.0,100.0,100.0,100.0,94.66666666666667,0.0,0.0,5.333333333333333,5.333333333333333,0.6666666666666666,0.0,0.0,0.3333333333333333,0.0,0.0,0.3333333333333333,0.0,0.0,0.3333333333333333,0.0,0.0,old20,16.0,25.423728813559322,22.5,36.440677966101696,23.0,37.28813559322034,33.05084745762712
sol_opus_gemini,current_full,da-14-3,3,da-14-3--rep-003,f490cd7d9aac7dd334b16cc234b86a204fe25c9123914094231ef40a35bf9865,100.0,100.0,100.0,100.0,94.66666666666667,0.0,0.0,5.333333333333333,5.333333333333333,0.3333333333333333,0.0,0.0,0.3333333333333333,0.0,0.0,0.0,0.0,0.0,0.3333333333333333,0.0,0.0,old20,16.0,25.423728813559322,22.5,36.440677966101696,23.0,37.28813559322034,33.05084745762712
sol_opus_gemini,current_full,da-14-8,1,da-14-8--rep-001,19e50d8f667891739f395ea6149e8c16e896b52239e2f28dc65435d959c044ea,100.0,100.0,100.0,100.0,71.0,0.0,0.0,29.0,29.0,2.3333333333333335,0.0,0.0,0.3333333333333333,0.0,0.0,1.3333333333333333,0.0,0.0,0.3333333333333333,0.0,0.0,old20,16.0,25.423728813559322,22.5,36.440677966101696,57.0,94.91525423728814,52.259887005649716
sol_opus_gemini,current_full,da-14-8,2,da-14-8--rep-002,1854b3c78047ce70c8c201e764f7834984a12b87d1e80fa39c8cebb687eb324c,100.0,100.0,100.0,100.0,73.66666666666667,0.0,0.0,26.333333333333332,26.333333333333332,3.3333333333333335,33.333333333333336,0.0,2.0,0.0,33.333333333333336,0.3333333333333333,0.0,0.0,0.3333333333333333,0.0,0.0,old20,16.0,25.423728813559322,22.5,36.440677966101696,55.0,91.52542372881356,51.12994350282486
sol_opus_gemini,current_full,da-14-8,3,da-14-8--rep-003,1df4d0430e99e84f731048fd90fa72db44584ded655899682db950efc5095058,100.0,100.0,95.0,94.44444444444444,72.0,5.0,0.5555555555555571,22.444444444444443,28.0,2.6666666666666665,0.0,0.0,0.3333333333333333,0.0,0.0,1.0,0.0,0.0,0.6666666666666666,0.0,0.0,old20,45.0,74.57627118644068,34.5,56.779661016949156,52.0,86.44067796610169,72.59887005649718
sol_opus_gemini,current_full,da-15-1,1,da-15-1--rep-001,49778b345951f612f87bb67536902d62c4213099dc7e29ff5944d6732e6b15a9,100.0,100.0,98.33333333333333,98.33333333333333,82.0,1.6666666666666667,0.0,16.333333333333332,18.0,2.3333333333333335,33.333333333333336,0.0,0.0,0.0,0.0,0.3333333333333333,0.0,0.0,0.0,0.0,0.0,old20,33.5,55.08474576271186,22.5,36.440677966101696,45.0,74.57627118644068,55.367231638418076
sol_opus_gemini,current_full,da-15-1,2,da-15-1--rep-002,d9e2dbdadadbc426045c351ebdf396cff880ef31da1dd828a4c565fa93d51ff1,87.0,87.0,87.0,87.0,87.33333333333333,0.0,0.0,-0.3333333333333333,-0.3333333333333333,0.3333333333333333,0.0,0.0,0.0,0.0,0.0,0.3333333333333333,0.0,0.0,0.6666666666666666,0.0,0.0,old20,16.0,25.423728813559322,22.5,36.440677966101696,16.0,25.423728813559322,29.096045197740114
sol_opus_gemini,current_full,da-15-1,3,da-15-1--rep-003,2c9b91497ed94a70515f7042413c19b3bc0eae6ec6fd40c1c6f08cdadf998bb8,87.0,87.0,87.0,85.33333333333333,87.66666666666667,0.0,1.6666666666666667,-2.3333333333333335,-0.6666666666666666,1.3333333333333333,0.0,0.0,0.6666666666666666,0.0,0.0,0.0,0.0,0.0,0.0,0.0,0.0,old20,16.0,25.423728813559322,47.0,77.96610169491525,14.5,22.88135593220339,42.090395480225986
sol_opus_gemini,current_full,da-15-2,1,da-15-2--rep-001,40eaa690bb269c30e6cb610f512a9ef7b79943582f2aa03760864a3f8c8fad8d,73.0,73.0,71.0,69.44444444444444,68.33333333333333,2.0,1.5555555555555547,1.1111111111111118,4.666666666666667,2.0,0.0,0.0,3.0,33.333333333333336,0.0,1.3333333333333333,0.0,0.0,1.0,0.0,0.0,old20,37.0,61.016949152542374,43.0,71.1864406779661,18.0,28.8135593220339,53.67231638418079
sol_opus_gemini,current_full,da-15-2,2,da-15-2--rep-002,e50e296231d880e0bc0d5c30f44a8a25b92dac2ef762823c03fd9998c0ac1ecf,100.0,95.0,83.0,78.55555555555556,72.0,17.0,4.444444444444447,6.555555555555553,28.0,0.6666666666666666,0.0,0.0,0.6666666666666666,0.0,0.0,0.3333333333333333,0.0,0.0,0.3333333333333333,0.0,0.0,old20,57.0,94.91525423728814,57.5,95.76271186440678,28.0,45.76271186440678,78.8135593220339
sol_opus_gemini,current_full,da-15-2,3,da-15-2--rep-003,a47f7ea5c7ecc7ae88acd066c12e7174fac5d94cce460ba2da6d1b82c4d0c52e,83.0,83.0,73.0,75.22222222222221,84.66666666666667,10.0,-2.222222222222219,-9.444444444444448,-1.6666666666666667,0.6666666666666666,0.0,0.0,0.6666666666666666,0.0,0.0,0.6666666666666666,0.0,0.0,0.6666666666666666,0.0,0.0,old20,52.5,87.28813559322033,3.0,3.389830508474576,7.0,10.169491525423728,33.61581920903954
sol_opus_gemini,current_full,da-15-7,1,da-15-7--rep-001,59ab428e187341a7a1df7121482cccdd91c9b745d63cec3a741018c1e3e6be6f,77.0,77.0,62.0,65.33333333333333,57.666666666666664,15.0,-3.3333333333333335,7.666666666666667,19.333333333333332,1.3333333333333333,0.0,0.0,0.3333333333333333,0.0,0.0,0.6666666666666666,0.0,0.0,0.0,0.0,0.0,old20,56.0,93.22033898305085,1.0,0.0,33.0,54.23728813559322,49.152542372881356
sol_opus_gemini,current_full,da-15-7,2,da-15-7--rep-002,e9c603185bbda601c1acd391f801e80efed3fe54741476906dab4ae86f8b3ef4,77.0,77.0,74.66666666666667,74.66666666666667,78.66666666666667,2.3333333333333335,0.0,-4.0,-1.6666666666666667,1.6666666666666667,0.0,0.0,0.6666666666666666,0.0,0.0,0.0,0.0,0.0,0.6666666666666666,0.0,0.0,old20,38.5,63.559322033898304,22.5,36.440677966101696,10.0,15.254237288135593,38.4180790960452
sol_opus_gemini,current_full,da-15-7,3,da-15-7--rep-003,d3e0e167a77afc7c478738b92f976e9c286ae93e2c1056f27de50c7472d08cb7,67.0,67.0,65.33333333333333,64.77777777777777,73.0,1.6666666666666667,0.5555555555555548,-8.222222222222221,-6.0,1.6666666666666667,0.0,0.0,0.6666666666666666,0.0,0.0,0.6666666666666666,0.0,0.0,0.6666666666666666,0.0,0.0,old20,33.5,55.08474576271186,33.0,54.23728813559322,9.0,13.559322033898304,40.96045197740113
sol_opus_gemini,current_full,da-15-8,1,da-15-8--rep-001,53a46b741b20fd7efb6942b743936da2713e7e4f7c0b7caca4c74840bd1c46b4,100.0,100.0,80.33333333333333,81.33333333333333,83.66666666666667,19.666666666666668,-1.0,-2.3333333333333335,16.333333333333332,0.3333333333333333,0.0,0.0,0.3333333333333333,0.0,0.0,0.3333333333333333,0.0,0.0,0.3333333333333333,0.0,0.0,old20,58.0,96.61016949152543,11.0,16.949152542372882,14.5,22.88135593220339,45.48022598870057
sol_opus_gemini,current_full,da-15-8,2,da-15-8--rep-002,c41efbccbdce487e284c6cca7437b761647c4c3bd324b82add821555cc3af6e5,100.0,100.0,87.66666666666667,86.11111111111111,45.0,12.333333333333334,1.5555555555555525,41.111111111111114,55.0,0.3333333333333333,0.0,0.0,0.3333333333333333,0.0,0.0,1.0,0.0,0.0,0.3333333333333333,0.0,0.0,old20,54.5,90.67796610169492,42.0,69.49152542372882,60.0,100.0,86.72316384180792
sol_opus_gemini,current_full,da-15-8,3,da-15-8--rep-003,88786bf677b29c911b61cc5e8508c231eceeaae998d287a14488a99cd07e8f59,100.0,100.0,100.0,95.55555555555556,60.666666666666664,0.0,4.444444444444447,34.888888888888886,39.333333333333336,2.0,0.0,0.0,0.3333333333333333,0.0,0.0,0.6666666666666666,0.0,0.0,0.3333333333333333,0.0,0.0,old20,16.0,25.423728813559322,57.5,95.76271186440678,59.0,98.30508474576271,73.1638418079096
sol_opus_gemini,current_full,da-16-1,1,da-16-1--rep-001,03f392063162b1c738e767e709fe6f8588224063e90da612d8ace10d70f494d1,100.0,100.0,98.33333333333333,98.33333333333333,83.66666666666667,1.6666666666666667,0.0,14.666666666666666,16.333333333333332,0.6666666666666666,0.0,0.0,0.3333333333333333,0.0,0.0,0.0,0.0,0.0,0.0,0.0,0.0,old20,33.5,55.08474576271186,22.5,36.440677966101696,41.0,67.79661016949153,53.10734463276836
sol_opus_gemini,current_full,da-16-1,2,da-16-1--rep-002,f77c2af700524b3b1395f9eadb91da37e3bb9804384000e7d9c0386190a55209,100.0,100.0,98.33333333333333,97.77777777777777,86.0,1.6666666666666667,0.5555555555555571,11.777777777777777,14.0,0.3333333333333333,0.0,0.0,0.3333333333333333,0.0,0.0,0.0,0.0,0.0,0.3333333333333333,0.0,0.0,old20,33.5,55.08474576271186,34.5,56.779661016949156,38.0,62.71186440677966,58.19209039548023
sol_opus_gemini,current_full,da-16-1,3,da-16-1--rep-003,73cdeed48bca0558d392c3dd44b39985a532fab27e0d15487cb91a54badcfe19,100.0,100.0,96.66666666666667,97.77777777777777,82.66666666666667,3.3333333333333335,-1.1111111111111096,15.111111111111109,17.333333333333332,0.3333333333333333,0.0,0.0,0.3333333333333333,0.0,0.0,0.3333333333333333,0.0,0.0,0.3333333333333333,0.0,0.0,old20,43.0,71.1864406779661,9.0,13.559322033898304,43.0,71.1864406779661,51.9774011299435
sol_opus_gemini,current_full,da-18-5,1,da-18-5--rep-001,e16aab443e445a25e328d42a825eafeb8dbce66b57e426a299c777841f64988a,100.0,100.0,96.66666666666667,97.77777777777779,67.33333333333333,3.3333333333333335,-1.1111111111111143,30.444444444444446,32.666666666666664,0.6666666666666666,0.0,0.0,0.3333333333333333,0.0,0.0,0.3333333333333333,0.0,0.0,0.3333333333333333,0.0,0.0,old20,43.0,71.1864406779661,6.0,8.474576271186441,58.0,96.61016949152543,58.75706214689266
sol_opus_gemini,current_full,da-18-5,2,da-18-5--rep-002,7e7dc16cd6b5657189453d3b97525954e7848ca4c813a787d72773fb1187805d,100.0,100.0,96.66666666666667,95.55555555555556,67.66666666666667,3.3333333333333335,1.1111111111111096,27.88888888888889,32.333333333333336,0.6666666666666666,0.0,0.0,0.3333333333333333,0.0,0.0,0.6666666666666666,0.0,0.0,0.3333333333333333,0.0,0.0,old20,43.0,71.1864406779661,39.0,64.40677966101696,56.0,93.22033898305085,76.27118644067797
sol_opus_gemini,current_full,da-18-5,3,da-18-5--rep-003,2e3688af56b326420d8f1a14ef34853c0b6ebdec85e5c02ed7f3e51f35f97fcc,100.0,100.0,100.0,96.33333333333333,78.0,0.0,3.6666666666666665,18.333333333333332,22.0,0.3333333333333333,0.0,0.0,0.3333333333333333,0.0,0.0,0.3333333333333333,0.0,0.0,0.0,0.0,0.0,old20,16.0,25.423728813559322,54.0,89.83050847457628,47.0,77.96610169491525,64.40677966101696
sol_opus_gemini,current_full,da-18-7,1,da-18-7--rep-001,7a0fcb964647f6592e3015cc4721de083d9eafd4fe2bb761f2e09e2c21ba0441,92.0,92.0,95.0,97.33333333333333,77.0,-3.0,-2.3333333333333335,20.333333333333332,15.0,1.0,0.0,0.0,0.3333333333333333,0.0,0.0,0.6666666666666666,0.0,0.0,0.3333333333333333,0.0,0.0,old20,3.0,3.389830508474576,2.0,1.694915254237288,49.0,81.35593220338983,28.813559322033896
sol_opus_gemini,current_full,da-18-7,2,da-18-7--rep-002,a68c6efb4d3088838ae3214b0eee1421242d79cd02b37205b52417718bb5d69c,100.0,100.0,100.0,99.11111111111111,84.66666666666667,0.0,0.8888888888888905,14.444444444444443,15.333333333333334,0.6666666666666666,0.0,0.0,0.3333333333333333,0.0,0.0,0.6666666666666666,0.0,0.0,0.3333333333333333,0.0,0.0,old20,16.0,25.423728813559322,36.0,59.32203389830509,40.0,66.10169491525424,50.282485875706215
sol_opus_gemini,current_full,da-18-7,3,da-18-7--rep-003,c96906cd9bbe233732ab0a58f730d06d123b6b5000b55870f31665d7ff258a06,100.0,100.0,97.33333333333333,97.33333333333333,80.33333333333333,2.6666666666666665,0.0,17.0,19.666666666666668,0.6666666666666666,0.0,0.0,0.3333333333333333,0.0,0.0,0.0,0.0,0.0,0.3333333333333333,0.0,0.0,old20,40.5,66.94915254237289,22.5,36.440677966101696,46.0,76.27118644067797,59.887005649717516
sol_opus_gemini,current_full,da-19-1,1,da-19-1--rep-001,af15ae0a8c740adecf79c1fd6c39ec42ffb0e25acb0e09ce361bdc13ac55e900,100.0,100.0,94.66666666666667,95.55555555555556,90.0,5.333333333333333,-0.8888888888888905,5.555555555555557,10.0,0.3333333333333333,0.0,0.0,0.0,0.0,0.0,0.3333333333333333,0.0,0.0,0.3333333333333333,0.0,0.0,old20,46.0,76.27118644067797,12.0,18.64406779661017,25.0,40.67796610169491,45.19774011299435
sol_opus_gemini,current_full,da-19-1,2,da-19-1--rep-002,23950447b25a546d51126338de629eeaed3612b5bdefa5d02ada577f54cfae52,100.0,100.0,100.0,100.0,94.0,0.0,0.0,6.0,6.0,0.3333333333333333,0.0,0.0,0.0,0.0,0.0,0.0,0.0,0.0,0.3333333333333333,0.0,0.0,old20,16.0,25.423728813559322,22.5,36.440677966101696,26.0,42.3728813559322,34.74576271186441
sol_opus_gemini,current_full,da-19-1,3,da-19-1--rep-003,ec091ad49126a85e8b26312e2934437bb668c437c5e91faae91f81b2a36fdadf,100.0,100.0,100.0,100.0,93.33333333333333,0.0,0.0,6.666666666666667,6.666666666666667,0.3333333333333333,0.0,0.0,0.3333333333333333,0.0,0.0,0.0,0.0,0.0,0.3333333333333333,0.0,0.0,old20,16.0,25.423728813559322,22.5,36.440677966101696,29.5,48.30508474576271,36.72316384180791
sol_opus_gemini,current_full,da-19-6,1,da-19-6--rep-001,9a16f1ca31dcfabe5b6d4310edb3ad148676155750fd8b6230e516edca849bd6,71.0,71.0,58.666666666666664,54.0,77.33333333333333,12.333333333333334,4.666666666666664,-23.333333333333332,-6.333333333333333,1.3333333333333333,0.0,0.0,0.3333333333333333,0.0,0.0,0.3333333333333333,0.0,0.0,0.0,0.0,0.0,old20,54.5,90.67796610169492,59.0,98.30508474576271,2.0,1.694915254237288,63.559322033898304
sol_opus_gemini,current_full,da-19-6,2,da-19-6--rep-002,a8533f11a1771f2899ffade736efc0ba4d6cb1a19b394f02746cf72adcd38fac,34.0,34.0,40.666666666666664,38.77777777777778,70.33333333333333,-6.666666666666667,1.8888888888888893,-31.555555555555557,-36.333333333333336,0.3333333333333333,0.0,0.0,0.0,0.0,0.0,0.3333333333333333,0.0,0.0,0.0,0.0,0.0,old20,1.0,0.0,49.0,81.35593220338983,1.0,0.0,27.11864406779661
sol_opus_gemini,current_full,da-19-6,3,da-19-6--rep-003,91657fa87314f79c5f92844f0ee7e9b3b09cd224fef7af8dc31a99a7a11b6312,74.0,74.0,66.33333333333333,64.44444444444444,83.33333333333333,7.666666666666667,1.8888888888888857,-18.888888888888886,-9.333333333333334,0.6666666666666666,0.0,0.0,0.0,0.0,0.0,0.3333333333333333,0.0,0.0,0.3333333333333333,0.0,0.0,old20,50.0,83.05084745762711,48.0,79.66101694915254,3.0,3.389830508474576,55.367231638418076
sol_opus_gemini,current_user,da-10-1,1,da-10-1--rep-001,8a59fa68dbcd5e8ae42ecd5148e7877fa04f672b4847eab901635ad0b0cfda04,100.0,100.0,97.66666666666667,99.0,88.0,2.3333333333333335,-1.3333333333333333,11.0,12.0,0.3333333333333333,0.0,0.0,0.6666666666666666,0.0,0.0,0.3333333333333333,0.0,0.0,0.3333333333333333,0.0,0.0,old20,29.5,48.30508474576271,14.0,22.033898305084747,47.0,77.96610169491525,49.43502824858757
sol_opus_gemini,current_user,da-10-1,2,da-10-1--rep-002,28bb10a27cc5e7b0d29f2dee6658836679cca6dd5b1ee3c17e687f92b4a23d8e,100.0,100.0,95.66666666666667,97.77777777777777,90.0,4.333333333333333,-2.1111111111111094,7.777777777777776,10.0,0.6666666666666666,0.0,0.0,0.3333333333333333,0.0,0.0,0.3333333333333333,0.0,0.0,0.3333333333333333,0.0,0.0,old20,34.5,56.779661016949156,9.0,13.559322033898304,40.0,66.10169491525424,45.48022598870057
sol_opus_gemini,current_user,da-10-1,3,da-10-1--rep-003,d77c9832e24c0b1a42f91901e0a69c073ab4c04c89ef662ec0344e1f778444bb,100.0,95.0,99.0,98.66666666666667,88.33333333333333,1.0,0.3333333333333333,10.333333333333334,11.666666666666666,0.6666666666666666,0.0,0.0,1.0,0.0,0.0,0.3333333333333333,0.0,0.0,0.0,0.0,0.0,old20,21.0,33.898305084745765,27.0,44.067796610169495,46.0,76.27118644067797,51.41242937853107
sol_opus_gemini,current_user,da-10-3,1,da-10-3--rep-001,bcc9f280eaf5bcc981ab99bfffb5b40d9bf3ea870b24454dfd3bf94e4ca26edf,100.0,100.0,100.0,95.88888888888889,83.0,0.0,4.11111111111111,12.888888888888891,17.0,0.3333333333333333,0.0,0.0,0.3333333333333333,0.0,0.0,0.3333333333333333,0.0,0.0,0.3333333333333333,0.0,0.0,old20,15.0,23.728813559322035,54.0,89.83050847457628,50.0,83.05084745762711,65.53672316384181
sol_opus_gemini,current_user,da-10-3,2,da-10-3--rep-002,af1ead73430659ec7567418ef500f3a14330b21ef20c93d4f9ea7f58374e325f,100.0,100.0,91.66666666666667,97.22222222222223,75.66666666666667,8.333333333333334,-5.555555555555557,21.555555555555557,24.333333333333332,0.6666666666666666,0.0,0.0,0.6666666666666666,0.0,0.0,0.3333333333333333,0.0,0.0,0.0,0.0,0.0,old20,42.5,70.33898305084746,2.0,1.694915254237288,57.0,94.91525423728814,55.6497175141243
sol_opus_gemini,current_user,da-10-3,3,da-10-3--rep-003,7eff9444a67bf46772b10655df63a85852ff1556f1b1f197c200e5344bc459b7,90.0,90.0,88.66666666666667,87.44444444444444,59.0,1.3333333333333333,1.222222222222219,28.444444444444446,31.0,0.6666666666666666,0.0,0.0,0.6666666666666666,0.0,0.0,0.6666666666666666,0.0,0.0,0.3333333333333333,0.0,0.0,old20,23.0,37.28813559322034,34.5,56.779661016949156,59.0,98.30508474576271,64.12429378531074
sol_opus_gemini,current_user,da-12-2,1,da-12-2--rep-001,aa5558f0bc70c3c0056596c6f332961c6a28149e5403459ae069d38d1744d6c2,75.0,75.0,75.0,71.11111111111111,84.66666666666667,0.0,3.8888888888888906,-13.555555555555557,-9.666666666666666,3.3333333333333335,33.333333333333336,0.0,2.6666666666666665,33.333333333333336,0.0,0.6666666666666666,0.0,0.0,2.6666666666666665,33.333333333333336,0.0,old20,15.0,23.728813559322035,53.0,88.13559322033899,7.0,10.169491525423728,40.67796610169492
sol_opus_gemini,current_user,da-12-2,2,da-12-2--rep-002,953bdb85e14b9bb90c6086aaf50e1ad561a2281b02055778d4ba60644119181b,60.0,60.0,71.66666666666667,72.22222222222223,85.33333333333333,-11.666666666666666,-0.5555555555555571,-13.111111111111109,-25.333333333333332,1.0,0.0,0.0,0.3333333333333333,0.0,0.0,0.6666666666666666,0.0,0.0,0.3333333333333333,0.0,0.0,old20,1.0,0.0,17.0,27.11864406779661,8.0,11.864406779661017,12.994350282485875
sol_opus_gemini,current_user,da-12-2,3,da-12-2--rep-003,96658af61c93de4b8ed3e4d908009f3f76b8ddc8b0356d891fe518bda682c3e2,70.0,70.0,79.0,74.33333333333333,91.66666666666667,-9.0,4.666666666666669,-17.333333333333336,-21.666666666666668,2.0,0.0,33.333333333333336,1.0,0.0,0.0,0.6666666666666666,0.0,0.0,1.0,0.0,0.0,old20,2.0,1.694915254237288,56.0,93.22033898305085,6.0,8.474576271186441,34.463276836158194
sol_opus_gemini,current_user,da-12-4,1,da-12-4--rep-001,f7cc404237a9fc22cdd1af5841696b058537a33a726d77cb37368ca002f6162c,86.0,86.0,90.66666666666667,88.33333333333333,88.0,-4.666666666666667,2.3333333333333335,0.3333333333333333,-2.0,4.666666666666667,33.333333333333336,0.0,5.666666666666667,66.66666666666667,0.0,0.3333333333333333,0.0,0.0,4.333333333333333,33.333333333333336,33.333333333333336,old20,6.0,8.474576271186441,46.0,76.27118644067797,24.0,38.983050847457626,41.24293785310734
sol_opus_gemini,current_user,da-12-4,2,da-12-4--rep-002,d22048bbf9e9aeda018a6ef09192a2a3b59b0d996f764b8b241f87065d353eed,86.0,86.0,90.66666666666667,90.66666666666667,93.0,-4.666666666666667,0.0,-2.3333333333333335,-7.0,3.0,0.0,33.333333333333336,1.6666666666666667,0.0,0.0,0.3333333333333333,0.0,0.0,0.3333333333333333,0.0,0.0,old20,6.0,8.474576271186441,23.5,38.13559322033898,19.0,30.508474576271187,25.706214689265536
sol_opus_gemini,current_user,da-12-4,3,da-12-4--rep-003,e631bcaaf0b93d7fac03c461e42334c064c26d702791dd8c34fe3da9ac47ce25,86.0,86.0,90.66666666666667,89.66666666666667,90.0,-4.666666666666667,1.0,-0.3333333333333333,-4.0,1.6666666666666667,0.0,0.0,0.6666666666666666,0.0,0.0,0.0,0.0,0.0,0.0,0.0,0.0,old20,6.0,8.474576271186441,31.5,51.69491525423729,23.0,37.28813559322034,32.48587570621469
sol_opus_gemini,current_user,da-13-1,1,da-13-1--rep-001,2687db1883433f202b5d8c4fa1eeb81260a954db4c9b219b9470ca88df6eb75a,100.0,100.0,100.0,100.0,86.33333333333333,0.0,0.0,13.666666666666666,13.666666666666666,1.0,0.0,0.0,0.6666666666666666,0.0,0.0,0.3333333333333333,0.0,0.0,0.6666666666666666,0.0,0.0,old20,15.0,23.728813559322035,23.5,38.13559322033898,51.0,84.7457627118644,48.87005649717514
sol_opus_gemini,current_user,da-13-1,2,da-13-1--rep-002,cff05b668fee971c5af7a3bc1b18b31d9370768654b274ca8f88901252cba0b1,100.0,100.0,91.0,92.0,88.66666666666667,9.0,-1.0,3.3333333333333335,11.333333333333334,1.0,0.0,0.0,0.6666666666666666,0.0,0.0,0.3333333333333333,0.0,0.0,0.0,0.0,0.0,old20,44.5,73.72881355932203,15.0,23.728813559322035,30.0,49.152542372881356,48.87005649717514
sol_opus_gemini,current_user,da-13-1,3,da-13-1--rep-003,4872c95f9caa5c573f5e3056e2fc5bf40232784f95f8423cb777b3654cd139a1,100.0,100.0,91.0,90.0,85.66666666666667,9.0,1.0,4.333333333333333,14.333333333333334,0.6666666666666666,0.0,0.0,0.3333333333333333,0.0,0.0,0.3333333333333333,0.0,0.0,0.3333333333333333,0.0,0.0,old20,44.5,73.72881355932203,31.5,51.69491525423729,34.0,55.932203389830505,60.451977401129945
sol_opus_gemini,current_user,da-13-3,1,da-13-3--rep-001,13d1faa077f1168872dc928fe929fcfec5e2b5a7a004d404ecba57c1b0607a19,100.0,100.0,100.0,97.88888888888889,92.66666666666667,0.0,2.1111111111111094,5.222222222222224,7.333333333333333,0.3333333333333333,0.0,0.0,0.0,0.0,0.0,0.3333333333333333,0.0,0.0,0.3333333333333333,0.0,0.0,old20,15.0,23.728813559322035,39.5,65.2542372881356,37.0,61.016949152542374,50.0
sol_opus_gemini,current_user,da-13-3,2,da-13-3--rep-002,844644e69962c5c8f40741d7e7e809c2f33007ecd3483f925f52af4c3c55b383,100.0,100.0,95.33333333333333,95.33333333333333,89.66666666666667,4.666666666666667,0.0,5.666666666666667,10.333333333333334,0.0,0.0,0.0,0.0,0.0,0.0,0.0,0.0,0.0,0.0,0.0,0.0,old20,36.0,59.32203389830509,23.5,38.13559322033898,38.0,62.71186440677966,53.389830508474574
sol_opus_gemini,current_user,da-13-3,3,da-13-3--rep-003,3b55f0efcc9addf6212ef1aea789ea400d6fdbd67280be554000a46a9fb72f40,100.0,100.0,94.0,92.33333333333333,93.66666666666667,6.0,1.6666666666666667,-1.3333333333333333,6.333333333333333,0.0,0.0,0.0,0.0,0.0,0.0,0.3333333333333333,0.0,0.0,0.0,0.0,0.0,old20,38.0,62.71186440677966,37.5,61.86440677966102,22.0,35.59322033898305,53.389830508474574
sol_opus_gemini,current_user,da-13-5,1,da-13-5--rep-001,e8908a1509166c699c3c01f2743ccef1b0ca5b45ba7e04fc5ec4c7407c720211,100.0,100.0,90.0,82.22222222222223,85.66666666666667,10.0,7.777777777777776,-3.444444444444443,14.333333333333334,0.0,0.0,0.0,0.3333333333333333,0.0,0.0,0.3333333333333333,0.0,0.0,0.0,0.0,0.0,old20,46.0,76.27118644067797,60.0,100.0,18.0,28.8135593220339,68.36158192090396
sol_opus_gemini,current_user,da-13-5,2,da-13-5--rep-002,34c7af044371da1b74591a96f6f536d2edc51341d276cd2c1ced555eb67b5bb3,95.0,95.0,81.66666666666667,85.0,89.0,13.333333333333334,-3.3333333333333335,-4.0,6.0,0.3333333333333333,0.0,0.0,0.0,0.0,0.0,0.3333333333333333,0.0,0.0,0.6666666666666666,0.0,0.0,old20,51.5,85.59322033898304,4.0,5.084745762711864,16.5,26.271186440677965,38.983050847457626
sol_opus_gemini,current_user,da-13-5,3,da-13-5--rep-003,da45ed3657c57a505691d5a566d6bee40b749093aeb6f4c0e83249050a42da97,100.0,100.0,93.33333333333333,90.0,88.66666666666667,6.666666666666667,3.3333333333333335,1.3333333333333333,11.333333333333334,0.3333333333333333,0.0,0.0,0.3333333333333333,0.0,0.0,1.3333333333333333,0.0,0.0,0.3333333333333333,0.0,0.0,old20,39.5,65.2542372881356,49.5,82.20338983050847,25.0,40.67796610169491,62.71186440677966
sol_opus_gemini,current_user,da-13-6,1,da-13-6--rep-001,4b91801b7b3b3c0722d4138099e799e529db27a6ec410c7f895baf46b5b5260e,100.0,100.0,73.33333333333333,72.22222222222223,93.33333333333333,26.666666666666668,1.1111111111111118,-21.11111111111111,6.666666666666667,0.3333333333333333,0.0,0.0,0.3333333333333333,0.0,0.0,0.0,0.0,0.0,0.0,0.0,0.0,old20,59.5,99.15254237288136,33.0,54.23728813559322,5.0,6.779661016949152,53.389830508474574
sol_opus_gemini,current_user,da-13-6,2,da-13-6--rep-002,70781e72c0bd769898685277e2b00f3b58af60dd021f75dee121e9669d39c8b5,100.0,100.0,73.33333333333333,71.11111111111111,92.66666666666667,26.666666666666668,2.2222222222222214,-21.555555555555554,7.333333333333333,0.6666666666666666,0.0,0.0,0.6666666666666666,0.0,0.0,0.3333333333333333,0.0,0.0,0.0,0.0,0.0,old20,59.5,99.15254237288136,42.0,69.49152542372882,4.0,5.084745762711864,57.909604519774014
sol_opus_gemini,current_user,da-13-6,3,da-13-6--rep-003,8c39c24a1969119db9cb917eb6bb9b0d66834e1a2fe3e2dad56e988ed78d19bc,100.0,100.0,96.66666666666667,93.33333333333333,90.66666666666667,3.3333333333333335,3.3333333333333335,2.6666666666666665,9.333333333333334,1.3333333333333333,0.0,0.0,1.0,0.0,0.0,0.3333333333333333,0.0,0.0,0.6666666666666666,0.0,0.0,old20,32.0,52.54237288135593,49.5,82.20338983050847,29.0,47.45762711864407,60.73446327683616
sol_opus_gemini,current_user,da-14-1,1,da-14-1--rep-001,c58870f887fa50980bfb0a72ef12a02de1d44513021245911166f54fb4ab8849,100.0,100.0,84.66666666666667,80.44444444444444,92.0,15.333333333333334,4.222222222222221,-11.555555555555555,8.0,0.3333333333333333,0.0,0.0,0.3333333333333333,0.0,0.0,0.0,0.0,0.0,0.3333333333333333,0.0,0.0,old20,54.0,89.83050847457628,55.0,91.52542372881356,9.0,13.559322033898304,64.97175141242938
sol_opus_gemini,current_user,da-14-1,2,da-14-1--rep-002,62a4f4e79c3ba40897079d2e4434524d0de6c7e9af55274bb103f10775894457,100.0,100.0,98.33333333333333,90.66666666666667,92.66666666666667,1.6666666666666667,7.666666666666667,-2.0,7.333333333333333,0.0,0.0,0.0,0.0,0.0,0.0,0.0,0.0,0.0,0.0,0.0,0.0,old20,26.0,42.3728813559322,59.0,98.30508474576271,20.0,32.20338983050848,57.6271186440678
sol_opus_gemini,current_user,da-14-1,3,da-14-1--rep-003,910c3ad981337a49826a2db6a9dcfeae79e59eea300411fa02d21a728b30d313,100.0,100.0,83.0,83.55555555555556,91.66666666666667,17.0,-0.5555555555555524,-8.111111111111114,8.333333333333334,0.3333333333333333,0.0,0.0,0.3333333333333333,0.0,0.0,0.0,0.0,0.0,0.0,0.0,0.0,old20,56.0,93.22033898305085,20.0,32.20338983050848,11.0,16.949152542372882,47.45762711864407
sol_opus_gemini,current_user,da-14-3,1,da-14-3--rep-001,443cef1315d563b38a073e85156b222064439a6e6924ece7a7cf696da81ca47d,100.0,100.0,100.0,100.0,95.0,0.0,0.0,5.0,5.0,0.6666666666666666,0.0,0.0,0.3333333333333333,0.0,0.0,0.3333333333333333,0.0,0.0,0.3333333333333333,0.0,0.0,old20,15.0,23.728813559322035,23.5,38.13559322033898,36.0,59.32203389830509,40.3954802259887
sol_opus_gemini,current_user,da-14-3,2,da-14-3--rep-002,b6bcfb1759100fb5dccdc6a0c96b2e53512990979748023f4dd66d1dafdae449,100.0,100.0,88.0,86.33333333333333,92.0,12.0,1.6666666666666667,-5.666666666666667,8.0,0.3333333333333333,0.0,0.0,0.3333333333333333,0.0,0.0,0.3333333333333333,0.0,0.0,0.3333333333333333,0.0,0.0,old20,47.0,77.96610169491525,37.5,61.86440677966102,13.0,20.338983050847457,53.389830508474574
sol_opus_gemini,current_user,da-14-3,3,da-14-3--rep-003,f490cd7d9aac7dd334b16cc234b86a204fe25c9123914094231ef40a35bf9865,100.0,100.0,100.0,98.77777777777777,95.0,0.0,1.2222222222222239,3.7777777777777763,5.0,0.3333333333333333,0.0,0.0,0.3333333333333333,0.0,0.0,0.3333333333333333,0.0,0.0,0.3333333333333333,0.0,0.0,old20,15.0,23.728813559322035,36.0,59.32203389830509,31.0,50.847457627118644,44.632768361581924
sol_opus_gemini,current_user,da-14-8,1,da-14-8--rep-001,19e50d8f667891739f395ea6149e8c16e896b52239e2f28dc65435d959c044ea,93.0,93.0,79.66666666666667,81.22222222222221,82.66666666666667,13.333333333333334,-1.5555555555555525,-1.4444444444444475,10.333333333333334,2.3333333333333335,0.0,0.0,1.3333333333333333,0.0,0.0,0.3333333333333333,0.0,0.0,0.3333333333333333,0.0,0.0,old20,51.5,85.59322033898304,11.0,16.949152542372882,21.0,33.898305084745765,45.48022598870057
sol_opus_gemini,current_user,da-14-8,2,da-14-8--rep-002,1854b3c78047ce70c8c201e764f7834984a12b87d1e80fa39c8cebb687eb324c,58.0,58.0,66.0,65.44444444444444,73.33333333333333,-8.0,0.5555555555555548,-7.888888888888888,-15.333333333333334,3.3333333333333335,33.333333333333336,0.0,3.6666666666666665,33.333333333333336,33.333333333333336,1.0,0.0,0.0,2.0,0.0,0.0,old20,4.0,5.084745762711864,28.0,45.76271186440678,12.0,18.64406779661017,23.163841807909606
sol_opus_gemini,current_user,da-14-8,3,da-14-8--rep-003,1df4d0430e99e84f731048fd90fa72db44584ded655899682db950efc5095058,76.0,76.0,67.66666666666667,65.44444444444444,76.66666666666667,8.333333333333334,2.2222222222222237,-11.222222222222223,-0.6666666666666666,3.3333333333333335,33.333333333333336,0.0,3.3333333333333335,33.333333333333336,0.0,1.0,0.0,0.0,0.3333333333333333,0.0,0.0,old20,42.5,70.33898305084746,44.5,73.72881355932203,10.0,15.254237288135593,53.10734463276836
sol_opus_gemini,current_user,da-15-1,1,da-15-1--rep-001,49778b345951f612f87bb67536902d62c4213099dc7e29ff5944d6732e6b15a9,87.0,87.0,89.66666666666667,89.66666666666667,74.0,-2.6666666666666665,0.0,15.666666666666666,13.0,0.3333333333333333,0.0,0.0,0.3333333333333333,0.0,0.0,0.3333333333333333,0.0,0.0,0.3333333333333333,0.0,0.0,old20,10.0,15.254237288135593,23.5,38.13559322033898,54.0,89.83050847457628,47.740112994350284
sol_opus_gemini,current_user,da-15-1,2,da-15-1--rep-002,d9e2dbdadadbc426045c351ebdf396cff880ef31da1dd828a4c565fa93d51ff1,87.0,87.0,91.33333333333333,92.77777777777777,83.66666666666667,-4.333333333333333,-1.4444444444444429,9.111111111111109,3.3333333333333335,0.6666666666666666,0.0,0.0,0.3333333333333333,0.0,0.0,0.3333333333333333,0.0,0.0,0.3333333333333333,0.0,0.0,old20,8.0,11.864406779661017,12.5,19.491525423728813,43.0,71.1864406779661,34.18079096045198
sol_opus_gemini,current_user,da-15-1,3,da-15-1--rep-003,2c9b91497ed94a70515f7042413c19b3bc0eae6ec6fd40c1c6f08cdadf998bb8,87.0,87.0,95.66666666666667,97.11111111111111,74.0,-8.666666666666666,-1.4444444444444429,23.11111111111111,13.0,1.3333333333333333,0.0,0.0,1.3333333333333333,0.0,0.0,0.3333333333333333,0.0,0.0,0.6666666666666666,0.0,0.0,old20,3.0,3.389830508474576,12.5,19.491525423728813,58.0,96.61016949152543,39.83050847457627
sol_opus_gemini,current_user,da-15-2,1,da-15-2--rep-001,40eaa690bb269c30e6cb610f512a9ef7b79943582f2aa03760864a3f8c8fad8d,83.0,83.0,69.33333333333333,71.66666666666667,59.666666666666664,13.666666666666666,-2.3333333333333357,12.000000000000002,23.333333333333332,1.3333333333333333,0.0,0.0,1.3333333333333333,0.0,0.0,0.3333333333333333,0.0,0.0,0.3333333333333333,0.0,0.0,old20,53.0,88.13559322033899,6.0,8.474576271186441,49.0,81.35593220338983,59.32203389830509
sol_opus_gemini,current_user,da-15-2,2,da-15-2--rep-002,e50e296231d880e0bc0d5c30f44a8a25b92dac2ef762823c03fd9998c0ac1ecf,83.0,78.0,79.66666666666667,74.33333333333333,58.0,3.3333333333333335,5.333333333333333,16.333333333333332,25.0,1.6666666666666667,0.0,0.0,1.3333333333333333,0.0,0.0,1.0,0.0,0.0,1.3333333333333333,0.0,0.0,old20,32.0,52.54237288135593,57.0,94.91525423728814,55.0,91.52542372881356,79.66101694915254
sol_opus_gemini,current_user,da-15-2,3,da-15-2--rep-003,a47f7ea5c7ecc7ae88acd066c12e7174fac5d94cce460ba2da6d1b82c4d0c52e,63.0,63.0,46.666666666666664,53.44444444444444,49.333333333333336,16.333333333333332,-6.777777777777779,4.111111111111112,13.666666666666666,1.6666666666666667,0.0,0.0,1.0,0.0,0.0,1.0,0.0,0.0,0.6666666666666666,0.0,0.0,old20,55.0,91.52542372881356,1.0,0.0,33.0,54.23728813559322,48.58757062146893
sol_opus_gemini,current_user,da-15-7,1,da-15-7--rep-001,59ab428e187341a7a1df7121482cccdd91c9b745d63cec3a741018c1e3e6be6f,100.0,100.0,82.33333333333333,81.55555555555556,74.0,17.666666666666668,0.7777777777777762,7.555555555555557,26.0,1.6666666666666667,0.0,0.0,1.6666666666666667,0.0,0.0,0.3333333333333333,0.0,0.0,0.3333333333333333,0.0,0.0,old20,57.0,94.91525423728814,29.0,47.45762711864407,39.0,64.40677966101696,68.92655367231639
sol_opus_gemini,current_user,da-15-7,2,da-15-7--rep-002,e9c603185bbda601c1acd391f801e80efed3fe54741476906dab4ae86f8b3ef4,67.0,67.0,64.66666666666667,64.66666666666667,69.33333333333333,2.3333333333333335,0.0,-4.666666666666667,-2.3333333333333335,0.3333333333333333,0.0,0.0,0.6666666666666666,0.0,0.0,0.3333333333333333,0.0,0.0,0.3333333333333333,0.0,0.0,old20,29.5,48.30508474576271,23.5,38.13559322033898,15.0,23.728813559322035,36.72316384180791
sol_opus_gemini,current_user,da-15-7,3,da-15-7--rep-003,d3e0e167a77afc7c478738b92f976e9c286ae93e2c1056f27de50c7472d08cb7,77.0,77.0,71.33333333333333,72.88888888888889,78.33333333333333,5.666666666666667,-1.5555555555555571,-5.444444444444443,-1.3333333333333333,2.3333333333333335,0.0,0.0,2.0,0.0,0.0,1.0,0.0,0.0,1.3333333333333333,0.0,0.0,old20,37.0,61.016949152542374,10.0,15.254237288135593,14.0,22.033898305084747,32.76836158192091
sol_opus_gemini,current_user,da-15-8,1,da-15-8--rep-001,53a46b741b20fd7efb6942b743936da2713e7e4f7c0b7caca4c74840bd1c46b4,90.0,90.0,88.33333333333333,90.55555555555556,71.33333333333333,1.6666666666666667,-2.2222222222222237,19.222222222222225,18.666666666666668,2.0,0.0,0.0,1.0,0.0,0.0,1.0,0.0,0.0,0.3333333333333333,0.0,0.0,old20,26.0,42.3728813559322,8.0,11.864406779661017,56.0,93.22033898305085,49.152542372881356
sol_opus_gemini,current_user,da-15-8,2,da-15-8--rep-002,c41efbccbdce487e284c6cca7437b761647c4c3bd324b82add821555cc3af6e5,100.0,90.0,92.0,89.0,93.0,8.0,3.0,-4.0,7.0,1.0,0.0,0.0,1.3333333333333333,0.0,0.0,0.3333333333333333,0.0,0.0,0.3333333333333333,0.0,0.0,old20,41.0,67.79661016949153,47.0,77.96610169491525,16.5,26.271186440677965,57.344632768361585
sol_opus_gemini,current_user,da-15-8,3,da-15-8--rep-003,88786bf677b29c911b61cc5e8508c231eceeaae998d287a14488a99cd07e8f59,90.0,90.0,89.0,93.33333333333333,47.0,1.0,-4.333333333333333,46.333333333333336,43.0,0.6666666666666666,0.0,0.0,0.3333333333333333,0.0,0.0,0.3333333333333333,0.0,0.0,0.3333333333333333,0.0,0.0,old20,21.0,33.898305084745765,3.0,3.389830508474576,60.0,100.0,45.76271186440678
sol_opus_gemini,current_user,da-16-1,1,da-16-1--rep-001,03f392063162b1c738e767e709fe6f8588224063e90da612d8ace10d70f494d1,100.0,100.0,98.33333333333333,97.44444444444444,88.0,1.6666666666666667,0.8888888888888905,9.444444444444443,12.0,0.3333333333333333,0.0,0.0,0.3333333333333333,0.0,0.0,0.3333333333333333,0.0,0.0,0.3333333333333333,0.0,0.0,old20,26.0,42.3728813559322,30.0,49.152542372881356,44.0,72.88135593220339,54.80225988700565
sol_opus_gemini,current_user,da-16-1,2,da-16-1--rep-002,f77c2af700524b3b1395f9eadb91da37e3bb9804384000e7d9c0386190a55209,100.0,100.0,98.33333333333333,98.88888888888889,84.66666666666667,1.6666666666666667,-0.5555555555555571,14.222222222222223,15.333333333333334,0.3333333333333333,0.0,0.0,0.6666666666666666,0.0,0.0,0.3333333333333333,0.0,0.0,0.0,0.0,0.0,old20,26.0,42.3728813559322,17.0,27.11864406779661,52.0,86.44067796610169,51.9774011299435
sol_opus_gemini,current_user,da-16-1,3,da-16-1--rep-003,73cdeed48bca0558d392c3dd44b39985a532fab27e0d15487cb91a54badcfe19,100.0,100.0,87.0,84.88888888888889,80.33333333333333,13.0,2.1111111111111094,4.555555555555557,19.666666666666668,0.3333333333333333,0.0,0.0,0.3333333333333333,0.0,0.0,0.3333333333333333,0.0,0.0,0.0,0.0,0.0,old20,49.5,82.20338983050847,39.5,65.2542372881356,35.0,57.6271186440678,68.36158192090396
sol_opus_gemini,current_user,da-18-5,1,da-18-5--rep-001,e16aab443e445a25e328d42a825eafeb8dbce66b57e426a299c777841f64988a,100.0,100.0,100.0,96.33333333333333,86.33333333333333,0.0,3.6666666666666665,10.0,13.666666666666666,0.3333333333333333,0.0,0.0,0.0,0.0,0.0,0.3333333333333333,0.0,0.0,0.3333333333333333,0.0,0.0,old20,15.0,23.728813559322035,51.5,85.59322033898304,45.0,74.57627118644068,61.29943502824859
sol_opus_gemini,current_user,da-18-5,2,da-18-5--rep-002,7e7dc16cd6b5657189453d3b97525954e7848ca4c813a787d72773fb1187805d,100.0,100.0,100.0,97.77777777777779,89.0,0.0,2.222222222222219,8.77777777777778,11.0,0.3333333333333333,0.0,0.0,0.0,0.0,0.0,0.3333333333333333,0.0,0.0,0.3333333333333333,0.0,0.0,old20,15.0,23.728813559322035,41.0,67.79661016949153,42.0,69.49152542372882,53.672316384180796
sol_opus_gemini,current_user,da-18-5,3,da-18-5--rep-003,2e3688af56b326420d8f1a14ef34853c0b6ebdec85e5c02ed7f3e51f35f97fcc,100.0,100.0,96.66666666666667,94.44444444444444,93.0,3.3333333333333335,2.2222222222222237,1.4444444444444429,7.0,0.3333333333333333,0.0,0.0,0.3333333333333333,0.0,0.0,0.3333333333333333,0.0,0.0,0.3333333333333333,0.0,0.0,old20,32.0,52.54237288135593,44.5,73.72881355932203,26.0,42.3728813559322,56.21468926553672
sol_opus_gemini,current_user,da-18-7,1,da-18-7--rep-001,7a0fcb964647f6592e3015cc4721de083d9eafd4fe2bb761f2e09e2c21ba0441,85.0,85.0,84.0,80.88888888888889,69.33333333333333,1.0,3.111111111111112,11.555555555555555,15.666666666666666,0.6666666666666666,0.0,0.0,0.3333333333333333,0.0,0.0,0.3333333333333333,0.0,0.0,0.0,0.0,0.0,old20,21.0,33.898305084745765,48.0,79.66101694915254,48.0,79.66101694915254,64.40677966101694
sol_opus_gemini,current_user,da-18-7,2,da-18-7--rep-002,a68c6efb4d3088838ae3214b0eee1421242d79cd02b37205b52417718bb5d69c,92.0,87.0,95.0,97.33333333333333,82.0,-3.0,-2.3333333333333335,15.333333333333334,10.0,0.0,0.0,0.0,0.0,0.0,0.0,0.3333333333333333,0.0,0.0,0.0,0.0,0.0,old20,9.0,13.559322033898304,7.0,10.169491525423728,53.0,88.13559322033899,37.28813559322034
sol_opus_gemini,current_user,da-18-7,3,da-18-7--rep-003,c96906cd9bbe233732ab0a58f730d06d123b6b5000b55870f31665d7ff258a06,100.0,100.0,98.33333333333333,98.88888888888889,91.0,1.6666666666666667,-0.5555555555555571,7.88888888888889,9.0,0.6666666666666666,0.0,0.0,0.3333333333333333,0.0,0.0,0.3333333333333333,0.0,0.0,1.0,0.0,0.0,old20,26.0,42.3728813559322,17.0,27.11864406779661,41.0,67.79661016949153,45.76271186440678
sol_opus_gemini,current_user,da-19-1,1,da-19-1--rep-001,af15ae0a8c740adecf79c1fd6c39ec42ffb0e25acb0e09ce361bdc13ac55e900,100.0,100.0,93.33333333333333,96.0,94.33333333333333,6.666666666666667,-2.6666666666666665,1.6666666666666667,5.666666666666667,0.3333333333333333,0.0,0.0,0.3333333333333333,0.0,0.0,0.3333333333333333,0.0,0.0,0.3333333333333333,0.0,0.0,old20,39.5,65.2542372881356,5.0,6.779661016949152,27.0,44.067796610169495,38.70056497175142
sol_opus_gemini,current_user,da-19-1,2,da-19-1--rep-002,23950447b25a546d51126338de629eeaed3612b5bdefa5d02ada577f54cfae52,100.0,100.0,100.0,96.33333333333333,92.33333333333333,0.0,3.6666666666666665,4.0,7.666666666666667,0.6666666666666666,0.0,0.0,0.3333333333333333,0.0,0.0,0.3333333333333333,0.0,0.0,0.3333333333333333,0.0,0.0,old20,15.0,23.728813559322035,51.5,85.59322033898304,32.0,52.54237288135593,53.954802259887
sol_opus_gemini,current_user,da-19-1,3,da-19-1--rep-003,ec091ad49126a85e8b26312e2934437bb668c437c5e91faae91f81b2a36fdadf,100.0,100.0,95.66666666666667,94.44444444444444,92.33333333333333,4.333333333333333,1.222222222222219,2.1111111111111143,7.666666666666667,0.6666666666666666,0.0,0.0,0.3333333333333333,0.0,0.0,1.0,0.0,0.0,0.3333333333333333,0.0,0.0,old20,34.5,56.779661016949156,34.5,56.779661016949156,28.0,45.76271186440678,53.10734463276837
sol_opus_gemini,current_user,da-19-6,1,da-19-6--rep-001,9a16f1ca31dcfabe5b6d4310edb3ad148676155750fd8b6230e516edca849bd6,35.0,35.0,22.666666666666668,16.88888888888889,55.333333333333336,12.333333333333334,5.777777777777778,-38.44444444444444,-20.333333333333332,1.0,0.0,0.0,0.3333333333333333,0.0,0.0,0.3333333333333333,0.0,0.0,0.3333333333333333,0.0,0.0,old20,48.0,79.66101694915254,58.0,96.61016949152543,2.0,1.694915254237288,59.32203389830509
sol_opus_gemini,current_user,da-19-6,2,da-19-6--rep-002,a8533f11a1771f2899ffade736efc0ba4d6cb1a19b394f02746cf72adcd38fac,47.0,47.0,22.0,19.77777777777778,44.0,25.0,2.222222222222222,-24.22222222222222,3.0,0.3333333333333333,0.0,0.0,0.3333333333333333,0.0,0.0,0.3333333333333333,0.0,0.0,0.3333333333333333,0.0,0.0,old20,58.0,96.61016949152543,43.0,71.1864406779661,3.0,3.389830508474576,57.06214689265537
sol_opus_gemini,current_user,da-19-6,3,da-19-6--rep-003,91657fa87314f79c5f92844f0ee7e9b3b09cd224fef7af8dc31a99a7a11b6312,30.0,30.0,17.0,17.555555555555557,66.0,13.0,-0.5555555555555554,-48.44444444444444,-36.0,0.0,0.0,0.0,0.3333333333333333,0.0,0.0,0.3333333333333333,0.0,0.0,0.3333333333333333,0.0,0.0,old20,49.5,82.20338983050847,19.0,30.508474576271187,1.0,0.0,37.570621468926554
sol_opus,current_full,da-1-3,1,da-1-3--rep-001,5d3ef64216240a0b1df0133b1835ab72e2bab2d1a31f9acbdd11f9c35f20bb47,100.0,100.0,97.5,97.5,83.5,2.5,0.0,14.0,16.5,0.5,0.0,0.0,0.5,0.0,0.0,0.5,0.0,0.0,0.5,0.0,0.0,new20,21.0,33.898305084745765,23.0,37.28813559322034,24.0,38.983050847457626,36.72316384180791
sol_opus,current_full,da-1-3,2,da-1-3--rep-002,31177b6bf749aa9955327185f9607c4c0290659aae41c44b65448ddff613b8ae,100.0,100.0,100.0,98.33333333333334,86.5,0.0,1.6666666666666643,11.833333333333336,13.5,1.0,0.0,0.0,0.5,0.0,0.0,0.5,0.0,0.0,0.5,0.0,0.0,new20,8.0,11.864406779661017,40.0,66.10169491525424,21.0,33.898305084745765,37.28813559322034
sol_opus,current_full,da-1-3,3,da-1-3--rep-003,831ad3c7154ae1a059582999abac0191237eaf9b72aed0dddccd784299cc861f,100.0,100.0,89.5,86.66666666666666,55.0,10.5,2.8333333333333357,31.666666666666664,45.0,1.0,0.0,0.0,0.5,0.0,0.0,1.0,0.0,0.0,0.5,0.0,0.0,new20,39.5,65.2542372881356,50.0,83.05084745762711,50.0,83.05084745762711,77.11864406779661
sol_opus,current_full,da-1-4,1,da-1-4--rep-001,8579f1d69821d8f95467324681e5de48dc9b533437b308282872bc828b2f3f12,100.0,100.0,97.5,98.33333333333334,78.5,2.5,-0.8333333333333357,19.833333333333336,21.5,1.0,0.0,0.0,0.5,0.0,0.0,0.5,0.0,0.0,0.5,0.0,0.0,new20,21.0,33.898305084745765,12.5,19.491525423728813,35.0,57.6271186440678,37.005649717514125
sol_opus,current_full,da-1-4,2,da-1-4--rep-002,16cc9e2d573864e05955a3fcacf526cb3b7f6fe9278bdf5ef17ad88a084562b5,100.0,100.0,100.0,100.0,85.0,0.0,0.0,15.0,15.0,1.0,0.0,0.0,0.5,0.0,0.0,0.5,0.0,0.0,1.0,0.0,0.0,new20,8.0,11.864406779661017,23.0,37.28813559322034,25.0,40.67796610169491,29.943502824858758
sol_opus,current_full,da-1-4,3,da-1-4--rep-003,60154c27e2ab3ff3bc19f636dc862c2a62a671934f29e94a788238946ea54b61,100.0,100.0,93.5,93.5,83.0,6.5,0.0,10.5,17.0,0.5,0.0,0.0,0.5,0.0,0.0,0.5,0.0,0.0,0.5,0.0,0.0,new20,35.5,58.47457627118644,23.0,37.28813559322034,19.0,30.508474576271187,42.09039548022599
sol_opus,current_full,da-17-1,1,da-17-1--rep-001,3a56cdb61ae0719d9193a75a6324c276717d48d5b909f473aeea1db823071664,90.0,90.0,87.0,84.66666666666666,81.0,3.0,2.3333333333333357,3.6666666666666643,9.0,3.5,0.0,0.0,0.0,0.0,0.0,0.5,0.0,0.0,1.0,0.0,0.0,new20,27.0,44.067796610169495,44.0,72.88135593220339,12.0,18.64406779661017,45.19774011299435
sol_opus,current_full,da-17-1,2,da-17-1--rep-002,c18b5fb1f06017d423bdb0e846f6c0aa380be15a5d2b59825a95b97933b6d655,90.0,90.0,87.5,86.16666666666666,75.0,2.5,1.3333333333333357,11.166666666666664,15.0,1.0,0.0,0.0,0.0,0.0,0.0,0.5,0.0,0.0,0.5,0.0,0.0,new20,21.0,33.898305084745765,37.0,61.016949152542374,20.0,32.20338983050848,42.37288135593221
sol_opus,current_full,da-17-1,3,da-17-1--rep-003,75e9a1196d77215c4c97eb668131739ec5c76d0135c82fd2fff693ae81d382e5,90.0,90.0,79.5,77.83333333333334,84.0,10.5,1.6666666666666643,-6.166666666666664,6.0,5.5,50.0,0.0,0.0,0.0,0.0,0.5,0.0,0.0,0.0,0.0,0.0,new20,39.5,65.2542372881356,40.0,66.10169491525424,3.0,3.389830508474576,44.91525423728814
sol_opus,current_full,da-17-3,1,da-17-3--rep-001,0f523220dc1cf46b2b8b8311258233a9d91daed3f3c20ccdaa93be77451a79a2,100.0,100.0,64.0,75.66666666666667,55.0,36.0,-11.666666666666671,20.66666666666667,45.0,1.0,0.0,0.0,0.5,0.0,0.0,3.5,50.0,0.0,2.0,0.0,0.0,new20,59.0,98.30508474576271,1.0,0.0,39.0,64.40677966101696,54.237288135593225
sol_opus,current_full,da-17-3,2,da-17-3--rep-002,3cb2307c0fe0a04eb1cebca83ba04c0ea03bfa6618daecae4cd0e71020bdd75f,56.0,51.0,23.0,18.833333333333336,20.0,33.0,4.166666666666666,-1.166666666666666,36.0,0.0,0.0,0.0,0.5,0.0,0.0,0.5,0.0,0.0,0.5,0.0,0.0,new20,58.0,96.61016949152543,53.0,88.13559322033899,7.0,10.169491525423728,64.97175141242938
sol_opus,current_full,da-17-3,3,da-17-3--rep-003,920bba4d837f25ef9bee6dedaac8d6a2ab425f159ed5c57a0c9a8b16188358be,30.0,30.0,16.0,14.833333333333332,15.0,14.0,1.166666666666667,-0.16666666666666696,15.0,1.0,0.0,0.0,1.0,0.0,0.0,0.5,0.0,0.0,0.5,0.0,0.0,new20,45.0,74.57627118644068,36.0,59.32203389830509,8.0,11.864406779661017,48.58757062146893
sol_opus,current_full,da-17-5,1,da-17-5--rep-001,6fd9cf0814ce9b2e53274edfc83e64e9f7f2683eb8909c5180393a5c5857344e,90.0,90.0,90.0,90.0,86.5,0.0,0.0,3.5,3.5,1.0,0.0,0.0,0.0,0.0,0.0,0.5,0.0,0.0,0.0,0.0,0.0,new20,8.0,11.864406779661017,23.0,37.28813559322034,11.0,16.949152542372882,22.033898305084747
sol_opus,current_full,da-17-5,2,da-17-5--rep-002,4eeb59cd6397fc912888a0d0ca2c1b1b5d9b008f1b82f2d0eef0eb130b6f98b7,90.0,90.0,86.0,88.66666666666666,84.0,4.0,-2.6666666666666643,4.666666666666664,6.0,1.0,0.0,0.0,1.0,0.0,0.0,0.5,0.0,0.0,0.5,0.0,0.0,new20,32.0,52.54237288135593,8.0,11.864406779661017,13.0,20.338983050847457,28.248587570621467
sol_opus,current_full,da-17-5,3,da-17-5--rep-003,2489e5ff53145ddcd4e05c088183921a9cdc4e8e3cb24e7f9cd0b7b7b06437c3,90.0,90.0,86.0,83.33333333333334,74.0,4.0,2.6666666666666643,9.333333333333336,16.0,3.0,0.0,0.0,2.0,0.0,0.0,2.0,0.0,0.0,0.0,0.0,0.0,new20,32.0,52.54237288135593,49.0,81.35593220338983,17.0,27.11864406779661,53.67231638418079
sol_opus,current_full,da-19-3,1,da-19-3--rep-001,71621ae228a547058abce0bb3162089a4709b0f092eab36a0b208b47a2ecc454,100.0,100.0,97.5,98.33333333333334,63.0,2.5,-0.8333333333333357,35.333333333333336,37.0,7.5,100.0,0.0,0.5,0.0,0.0,0.5,0.0,0.0,0.5,0.0,0.0,new20,21.0,33.898305084745765,12.5,19.491525423728813,54.0,89.83050847457628,47.740112994350284
sol_opus,current_full,da-19-3,2,da-19-3--rep-002,4d3b1ab1e95978cf8c45396e1807af6c161ccc964081843d7b5ae23488b7ea11,100.0,100.0,100.0,98.33333333333334,79.5,0.0,1.6666666666666643,18.833333333333336,20.5,0.5,0.0,0.0,0.5,0.0,0.0,0.5,0.0,0.0,0.5,0.0,0.0,new20,8.0,11.864406779661017,40.0,66.10169491525424,33.5,55.08474576271186,44.35028248587571
sol_opus,current_full,da-19-3,3,da-19-3--rep-003,205f21c0a39e966e073f859acac41bfd84fe8712855dcd9ea27a6fda0dac3977,100.0,100.0,100.0,98.33333333333334,73.0,0.0,1.6666666666666643,25.333333333333336,27.0,0.5,0.0,0.0,0.5,0.0,0.0,0.5,0.0,0.0,0.5,0.0,0.0,new20,8.0,11.864406779661017,40.0,66.10169491525424,44.0,72.88135593220339,50.282485875706215
sol_opus,current_full,da-20-1,1,da-20-1--rep-001,ac5bc1975bea03b52142fb9d96b87eee16c2e7932b624241b92093a670009a34,100.0,100.0,83.0,83.83333333333334,65.0,17.0,-0.8333333333333357,18.833333333333336,35.0,1.5,0.0,0.0,1.0,0.0,0.0,2.0,0.0,0.0,0.5,0.0,0.0,new20,50.0,83.05084745762711,12.5,19.491525423728813,33.5,55.08474576271186,52.54237288135593
sol_opus,current_full,da-20-1,2,da-20-1--rep-002,f89dfdcd5ba5a9a7eb53afb28fb814752fb5f0939a7a11b52df372b18f33a4cc,83.0,83.0,27.5,31.833333333333336,21.5,55.5,-4.333333333333334,10.333333333333334,61.5,1.5,0.0,0.0,1.0,0.0,0.0,1.5,0.0,0.0,0.5,0.0,0.0,new20,60.0,100.0,3.0,3.389830508474576,18.0,28.8135593220339,44.067796610169495
sol_opus,current_full,da-20-1,3,da-20-1--rep-003,cb8e213b6078b0aaece482f9edcdecff47e14757fff259382ba1302949f6d81b,100.0,100.0,97.5,96.66666666666666,74.0,2.5,0.8333333333333357,22.666666666666664,26.0,2.0,0.0,0.0,1.0,0.0,0.0,0.5,0.0,0.0,0.5,0.0,0.0,new20,21.0,33.898305084745765,35.0,57.6271186440678,41.0,67.79661016949153,53.10734463276837
sol_opus,current_full,da-20-4,1,da-20-4--rep-001,a59cb4449436be572741e57207c0b8349d4af3cec4b7a11624e5232452656a1b,10.0,10.0,7.5,7.5,12.0,2.5,0.0,-4.5,-2.0,9.5,100.0,0.0,6.0,50.0,50.0,1.5,0.0,0.0,1.0,0.0,0.0,new20,21.0,33.898305084745765,23.0,37.28813559322034,6.0,8.474576271186441,26.55367231638418
sol_opus,current_full,da-20-4,2,da-20-4--rep-002,93e7a748c785a09b6468dee524aafb1c6a3a772cad5c82b0a7a40cf92c8c88cd,25.0,25.0,10.0,9.166666666666668,20.0,15.0,0.833333333333333,-10.833333333333332,5.0,10.0,100.0,0.0,0.5,0.0,0.0,1.5,0.0,0.0,0.0,0.0,0.0,new20,47.5,78.8135593220339,34.0,55.932203389830505,1.0,0.0,44.91525423728813
sol_opus,current_full,da-20-4,3,da-20-4--rep-003,7a46c3791f7cda1ba6ce754b2c0b78db4e5cb43c70dbfd46f182b464ea81ec96,10.0,10.0,7.5,5.0,11.0,2.5,2.5,-6.0,-1.0,1.5,0.0,0.0,0.0,0.0,0.0,0.5,0.0,0.0,0.0,0.0,0.0,new20,21.0,33.898305084745765,46.5,77.11864406779661,4.0,5.084745762711864,38.70056497175141
sol_opus,current_full,da-24-3,1,da-24-3--rep-001,f42a0cd151b82c3a74b7b662a0359972fd9674cdfba3795d430a44cc44ba7c1f,100.0,100.0,85.0,76.66666666666667,43.5,15.0,8.333333333333332,33.16666666666667,56.5,2.0,0.0,0.0,1.0,0.0,0.0,1.0,0.0,0.0,1.0,0.0,0.0,new20,47.5,78.8135593220339,60.0,100.0,52.0,86.44067796610169,88.41807909604519
sol_opus,current_full,da-24-3,2,da-24-3--rep-002,c5a98e2998fb1a3f97e55aaae028dd156508894a55d4435d0a332c3f12009cbd,100.0,100.0,90.0,85.83333333333334,63.0,10.0,4.166666666666664,22.833333333333336,37.0,3.5,0.0,50.0,0.5,0.0,0.0,0.5,0.0,0.0,2.0,0.0,0.0,new20,38.0,62.71186440677966,51.5,85.59322033898304,42.0,69.49152542372882,72.59887005649718
sol_opus,current_full,da-24-3,3,da-24-3--rep-003,6f5fc7228728d8064939b62a52560d39ab1953d3a88485e4d7b579645d589e4c,85.0,85.0,65.0,68.33333333333333,41.0,20.0,-3.333333333333332,27.333333333333332,44.0,4.0,50.0,0.0,1.5,0.0,0.0,0.5,0.0,0.0,0.5,0.0,0.0,new20,54.0,89.83050847457628,6.0,8.474576271186441,46.0,76.27118644067797,58.19209039548023
sol_opus,current_full,da-26-2,1,da-26-2--rep-001,2a8b04e8c8b437605e2cd228425284166426486a42f851f4703c1abb58a9b77f,76.0,76.0,76.0,75.5,45.5,0.0,0.5,30.0,30.5,2.0,0.0,0.0,0.0,0.0,0.0,1.0,0.0,0.0,0.0,0.0,0.0,new20,8.0,11.864406779661017,31.0,50.847457627118644,49.0,81.35593220338983,48.0225988700565
sol_opus,current_full,da-26-2,2,da-26-2--rep-002,58874b5fe68471f4ecced1cee4e5de3ce39aaee5be34a1ad4bfa6218ed542d26,100.0,100.0,78.0,81.5,38.0,22.0,-3.5,43.5,62.0,4.0,0.0,50.0,0.5,0.0,0.0,0.5,0.0,0.0,0.5,0.0,0.0,new20,55.0,91.52542372881356,5.0,6.779661016949152,57.0,94.91525423728814,64.40677966101696
sol_opus,current_full,da-26-2,3,da-26-2--rep-003,952ad828727e8f15834dc02aaea754dd9cd678ba9bbab0521a1144fc06501cc9,76.0,76.0,76.0,73.5,44.0,0.0,2.5,29.5,32.0,1.5,0.0,0.0,0.5,0.0,0.0,1.0,0.0,0.0,0.5,0.0,0.0,new20,8.0,11.864406779661017,46.5,77.11864406779661,48.0,79.66101694915254,56.21468926553672
sol_opus,current_full,da-26-4,1,da-26-4--rep-001,74b79ff61d02b55681536fad0edac3c09ef1c45af43a38aa5e3f0438ec0251db,95.0,95.0,84.0,79.83333333333334,29.0,11.0,4.166666666666664,50.833333333333336,66.0,5.5,50.0,0.0,2.0,0.0,0.0,2.0,0.0,0.0,2.0,0.0,0.0,new20,42.0,69.49152542372882,51.5,85.59322033898304,59.0,98.30508474576271,84.46327683615819
sol_opus,current_full,da-26-4,2,da-26-4--rep-002,698fe49708e2fa2dc8af5971682c794c63e9ac6c309ded101c26b0cd01005939,63.0,63.0,37.0,39.5,27.5,26.0,-2.5,12.0,35.5,6.0,50.0,0.0,2.0,0.0,0.0,2.5,0.0,0.0,2.0,0.0,0.0,new20,56.0,93.22033898305085,9.0,13.559322033898304,22.0,35.59322033898305,47.45762711864407
sol_opus,current_full,da-26-4,3,da-26-4--rep-003,12c91b4047c0caadaa2cb1762b837e99fb9a7a6d446b69dd083ca104de67ccf4,81.0,81.0,77.0,72.33333333333334,22.0,4.0,4.666666666666664,50.333333333333336,59.0,4.5,50.0,0.0,1.5,0.0,0.0,1.5,0.0,0.0,1.5,0.0,0.0,new20,32.0,52.54237288135593,54.0,89.83050847457628,58.0,96.61016949152543,79.66101694915254
sol_opus,current_full,da-3-5,1,da-3-5--rep-001,2185ac6e96a5a87d7c8e3a9f5829f4593e61601ae86651971102e3d923328ae9,100.0,100.0,100.0,100.0,72.0,0.0,0.0,28.0,28.0,1.0,0.0,0.0,0.5,0.0,0.0,1.5,0.0,0.0,0.5,0.0,0.0,new20,8.0,11.864406779661017,23.0,37.28813559322034,47.0,77.96610169491525,42.3728813559322
sol_opus,current_full,da-3-5,2,da-3-5--rep-002,feaf90a8d7b2d3f52289ac777233d0518445a3e647c26eb6fc230c1c000c1780,100.0,100.0,100.0,100.0,84.0,0.0,0.0,16.0,16.0,1.0,0.0,0.0,0.5,0.0,0.0,1.0,0.0,0.0,0.5,0.0,0.0,new20,8.0,11.864406779661017,23.0,37.28813559322034,29.0,47.45762711864407,32.20338983050848
sol_opus,current_full,da-3-5,3,da-3-5--rep-003,999f2c16809f8bba8130a006d8d304d37847e3c21f87cca78c2db08953e29947,100.0,100.0,93.5,93.5,73.0,6.5,0.0,20.5,27.0,0.5,0.0,0.0,0.5,0.0,0.0,1.0,0.0,0.0,0.5,0.0,0.0,new20,35.5,58.47457627118644,23.0,37.28813559322034,37.5,61.86440677966102,52.54237288135593
sol_opus,current_full,da-4-1,1,da-4-1--rep-001,057f7a527956349d8e253766ccc333b25228f0214c7e702e4ebf01de87b2307d,100.0,100.0,94.5,95.16666666666666,80.0,5.5,-0.6666666666666643,15.166666666666664,20.0,1.0,0.0,0.0,0.5,0.0,0.0,0.5,0.0,0.0,0.5,0.0,0.0,new20,34.0,55.932203389830505,15.0,23.728813559322035,26.0,42.3728813559322,40.67796610169491
sol_opus,current_full,da-4-1,2,da-4-1--rep-002,9c53b773849793077259d4e4789c8a60a846b489413644588ffdff4ccc703068,100.0,100.0,96.5,91.66666666666667,76.0,3.5,4.833333333333329,15.666666666666671,24.0,1.0,0.0,0.0,0.5,0.0,0.0,0.5,0.0,0.0,0.5,0.0,0.0,new20,29.0,47.45762711864407,55.0,91.52542372881356,28.0,45.76271186440678,61.5819209039548
sol_opus,current_full,da-4-1,3,da-4-1--rep-003,12bc3f0f681d221a15606bd1ce516f1379b00f4435c10022d511d369313b541f,100.0,100.0,86.5,79.83333333333334,86.5,13.5,6.666666666666664,-6.666666666666664,13.5,1.0,0.0,0.0,0.5,0.0,0.0,0.5,0.0,0.0,0.5,0.0,0.0,new20,44.0,72.88135593220339,59.0,98.30508474576271,2.0,1.694915254237288,57.6271186440678
sol_opus,current_full,da-4-6,1,da-4-6--rep-001,0f0c825028bfe48de9f7e71ca6d6c9e30ae4444a8d3e2245e6ee5822799c7574,100.0,100.0,89.0,94.5,88.0,11.0,-5.5,6.5,12.0,0.5,0.0,0.0,0.5,0.0,0.0,0.0,0.0,0.0,0.5,0.0,0.0,new20,42.0,69.49152542372882,2.0,1.694915254237288,15.0,23.728813559322035,31.638418079096045
sol_opus,current_full,da-4-6,2,da-4-6--rep-002,39b590a763de4b215ab3d3357d2fa8abeab53e8a5389223f3c85a536b87974f0,100.0,100.0,81.5,85.16666666666666,67.0,18.5,-3.6666666666666643,18.166666666666664,33.0,2.0,0.0,0.0,1.0,0.0,0.0,0.5,0.0,0.0,0.5,0.0,0.0,new20,52.0,86.44067796610169,4.0,5.084745762711864,31.0,50.847457627118644,47.45762711864406
sol_opus,current_full,da-4-6,3,da-4-6--rep-003,4985a712df5c5253cfdc26000c68dd9533e7b619c638623d724eccf4af188d57,100.0,100.0,73.5,75.16666666666666,73.0,26.5,-1.6666666666666643,2.1666666666666643,27.0,0.5,0.0,0.0,0.5,0.0,0.0,0.5,0.0,0.0,0.5,0.0,0.0,new20,57.0,94.91525423728814,10.0,15.254237288135593,10.0,15.254237288135593,41.80790960451978
sol_opus,current_full,da-5-1,1,da-5-1--rep-001,0e9ecb6785a00f2a6404ebd5c22505a29aa7869e70a17f799e44688006b1fca9,100.0,100.0,96.5,91.0,84.0,3.5,5.5,7.0,16.0,2.0,0.0,0.0,0.5,0.0,0.0,0.5,0.0,0.0,0.5,0.0,0.0,new20,29.0,47.45762711864407,58.0,96.61016949152543,16.0,25.423728813559322,56.49717514124294
sol_opus,current_full,da-5-1,2,da-5-1--rep-002,447f6841feba72a1c7305fd5f4694e3b89ebaf80b324b00ee30e47c9f1cd2e72,100.0,100.0,91.0,90.16666666666667,88.5,9.0,0.8333333333333286,1.6666666666666714,11.5,1.5,0.0,0.0,0.5,0.0,0.0,1.0,0.0,0.0,1.0,0.0,0.0,new20,37.0,61.016949152542374,33.0,54.23728813559322,9.0,13.559322033898304,42.93785310734463
sol_opus,current_full,da-5-1,3,da-5-1--rep-003,50dcd82522cb2a7e033864a427abff94011794f0525d055aa3bf2649aac4d7d6,100.0,100.0,100.0,100.0,83.0,0.0,0.0,17.0,17.0,1.5,0.0,0.0,0.5,0.0,0.0,1.0,0.0,0.0,0.5,0.0,0.0,new20,8.0,11.864406779661017,23.0,37.28813559322034,30.0,49.152542372881356,32.76836158192091
sol_opus,current_full,da-6-5,1,da-6-5--rep-001,204ec4c9b9d59a0ac9aa0262bd576f273abbe802751636d502bf3e6e440e093b,100.0,100.0,97.5,92.33333333333334,27.0,2.5,5.166666666666664,65.33333333333334,73.0,0.5,0.0,0.0,0.5,0.0,0.0,0.5,0.0,0.0,1.0,0.0,0.0,new20,21.0,33.898305084745765,56.0,93.22033898305085,60.0,100.0,75.70621468926554
sol_opus,current_full,da-6-5,2,da-6-5--rep-002,1a87d8d001b31de9f609ac7ab62adede44ffc345b61e8305473fdb1f3ebd4359,100.0,100.0,100.0,100.0,66.0,0.0,0.0,34.0,34.0,0.5,0.0,0.0,0.5,0.0,0.0,0.5,0.0,0.0,0.5,0.0,0.0,new20,8.0,11.864406779661017,23.0,37.28813559322034,53.0,88.13559322033899,45.76271186440678
sol_opus,current_full,da-6-5,3,da-6-5--rep-003,8af52c49619255fa187ee348f500b22219597585f823d52ccd37cd870abc3d2e,100.0,100.0,100.0,100.0,80.0,0.0,0.0,20.0,20.0,0.5,0.0,0.0,0.5,0.0,0.0,0.0,0.0,0.0,0.5,0.0,0.0,new20,8.0,11.864406779661017,23.0,37.28813559322034,36.0,59.32203389830509,36.15819209039548
sol_opus,current_full,da-8-1,1,da-8-1--rep-001,12b660169831b7d224b4965ac0c46aa7ed8d9ea94d4e86eb570e6fc48dd7df27,100.0,100.0,100.0,100.0,81.5,0.0,0.0,18.5,18.5,0.5,0.0,0.0,0.5,0.0,0.0,0.5,0.0,0.0,0.5,0.0,0.0,new20,8.0,11.864406779661017,23.0,37.28813559322034,32.0,52.54237288135593,33.898305084745765
sol_opus,current_full,da-8-1,2,da-8-1--rep-002,366823a759f2cd52c6f0192ce41284a997e69ddd99c70aab6cf92e02b30ac9ad,100.0,100.0,100.0,97.5,77.0,0.0,2.5,20.5,23.0,0.5,0.0,0.0,0.5,0.0,0.0,0.5,0.0,0.0,0.5,0.0,0.0,new20,8.0,11.864406779661017,46.5,77.11864406779661,37.5,61.86440677966102,50.282485875706215
sol_opus,current_full,da-8-1,3,da-8-1--rep-003,4c4f2ff267fd6679892b6e1496a8558f7d0faf229ae460aeb5326b3900847a04,100.0,100.0,89.0,92.0,52.5,11.0,-3.0,39.5,47.5,1.5,0.0,0.0,0.5,0.0,0.0,0.5,0.0,0.0,0.0,0.0,0.0,new20,42.0,69.49152542372882,7.0,10.169491525423728,55.0,91.52542372881356,57.06214689265537
sol_opus,current_full,da-8-3,1,da-8-3--rep-001,7d8e335f91a45848411b998c1a5cb1e115fd1bedd3088bd1a168c5753fe63bd3,100.0,100.0,85.5,83.33333333333333,58.5,14.5,2.1666666666666714,24.83333333333333,41.5,0.0,0.0,0.0,0.5,0.0,0.0,1.0,0.0,0.0,0.5,0.0,0.0,new20,46.0,76.27118644067797,43.0,71.1864406779661,43.0,71.1864406779661,72.88135593220339
sol_opus,current_full,da-8-3,2,da-8-3--rep-002,0a30c0f00519fd449b9f5a56c6be7d93456e18f43041e52c1fbba34ab2a6c9c9,100.0,100.0,84.0,84.0,41.0,16.0,0.0,43.0,59.0,0.5,0.0,0.0,0.5,0.0,0.0,1.0,0.0,0.0,0.0,0.0,0.0,new20,49.0,81.35593220338983,23.0,37.28813559322034,56.0,93.22033898305085,70.62146892655367
sol_opus,current_full,da-8-3,3,da-8-3--rep-003,8f08bf1a373529a65fc062e76eda747144d6180f37330377e0168e932ef9723e,100.0,100.0,81.5,80.83333333333334,48.5,18.5,0.6666666666666643,32.333333333333336,51.5,2.0,0.0,0.0,3.0,0.0,0.0,0.5,0.0,0.0,0.5,0.0,0.0,new20,52.0,86.44067796610169,32.0,52.54237288135593,51.0,84.7457627118644,74.57627118644068
sol_opus,current_full,da-9-1,1,da-9-1--rep-001,03df4078648b486b92503b2b6f0f3c5a8d7adf29720b8c6981634f2cc6d4ce4f,100.0,100.0,97.5,98.33333333333334,71.5,2.5,-0.8333333333333357,26.833333333333336,28.5,1.5,0.0,0.0,0.5,0.0,0.0,0.5,0.0,0.0,1.0,0.0,0.0,new20,21.0,33.898305084745765,12.5,19.491525423728813,45.0,74.57627118644068,42.65536723163842
sol_opus,current_full,da-9-1,2,da-9-1--rep-002,5e6269a054e2ba527a66a7f2b568da3cd3763b853ec88db9d626e4b5e6e66170,100.0,100.0,97.5,95.0,74.0,2.5,2.5,21.0,26.0,6.0,50.0,0.0,0.5,0.0,0.0,0.5,0.0,0.0,0.5,0.0,0.0,new20,21.0,33.898305084745765,46.5,77.11864406779661,40.0,66.10169491525424,59.03954802259887
sol_opus,current_full,da-9-1,3,da-9-1--rep-003,341dec816c312ddeb50bc186c59bdecc547e7568e20bcc64e7ed381f0a0be05c,100.0,100.0,97.5,97.5,82.0,2.5,0.0,15.5,18.0,1.0,0.0,0.0,0.5,0.0,0.0,0.5,0.0,0.0,0.5,0.0,0.0,new20,21.0,33.898305084745765,23.0,37.28813559322034,27.0,44.067796610169495,38.4180790960452
sol_opus,current_full,da-9-7,1,da-9-7--rep-001,0a628d405fd5de3e7f3c2095bec2cdd70dcaf101770947b4f6d1595fb70bfa8a,100.0,100.0,100.0,100.0,87.0,0.0,0.0,13.0,13.0,0.5,0.0,0.0,0.5,0.0,0.0,0.5,0.0,0.0,0.5,0.0,0.0,new20,8.0,11.864406779661017,23.0,37.28813559322034,23.0,37.28813559322034,28.8135593220339
sol_opus,current_full,da-9-7,2,da-9-7--rep-002,a48d5584d1cda0f414be705fb4ffa0ac4708fa19d2013b3b9ca4ef4c69c32de4,100.0,100.0,81.5,79.83333333333334,85.0,18.5,1.6666666666666643,-5.166666666666664,15.0,1.5,0.0,0.0,1.0,0.0,0.0,0.5,0.0,0.0,1.0,0.0,0.0,new20,52.0,86.44067796610169,40.0,66.10169491525424,5.0,6.779661016949152,53.10734463276836
sol_opus,current_full,da-9-7,3,da-9-7--rep-003,99e00800ef6d12badf8dff8274ce657323e98b12bd2973f1c4bb9e3dda6a13d6,93.0,93.0,89.5,84.16666666666666,79.0,3.5,5.333333333333336,5.166666666666664,14.0,3.0,0.0,50.0,3.5,0.0,0.0,2.5,0.0,0.0,4.5,0.0,50.0,new20,29.0,47.45762711864407,57.0,94.91525423728814,14.0,22.033898305084747,54.802259887005654
sol_opus,current_user,da-1-3,1,da-1-3--rep-001,5d3ef64216240a0b1df0133b1835ab72e2bab2d1a31f9acbdd11f9c35f20bb47,100.0,100.0,100.0,99.0,88.0,0.0,1.0,11.0,12.0,1.0,0.0,0.0,1.0,0.0,0.0,0.5,0.0,0.0,0.5,0.0,0.0,new20,9.0,13.559322033898304,30.5,50.0,36.0,59.32203389830509,40.96045197740113
sol_opus,current_user,da-1-3,2,da-1-3--rep-002,31177b6bf749aa9955327185f9607c4c0290659aae41c44b65448ddff613b8ae,100.0,100.0,97.5,93.83333333333334,91.0,2.5,3.6666666666666643,2.8333333333333357,9.0,3.0,0.0,0.0,2.5,0.0,0.0,0.5,0.0,0.0,0.5,0.0,0.0,new20,19.0,30.508474576271187,45.5,75.42372881355932,19.0,30.508474576271187,45.48022598870057
sol_opus,current_user,da-1-3,3,da-1-3--rep-003,831ad3c7154ae1a059582999abac0191237eaf9b72aed0dddccd784299cc861f,100.0,100.0,95.0,91.33333333333334,84.0,5.0,3.6666666666666643,7.333333333333336,16.0,1.0,0.0,0.0,1.0,0.0,0.0,0.5,0.0,0.0,1.0,0.0,0.0,new20,29.0,47.45762711864407,45.5,75.42372881355932,26.0,42.3728813559322,55.08474576271186
sol_opus,current_user,da-1-4,1,da-1-4--rep-001,8579f1d69821d8f95467324681e5de48dc9b533437b308282872bc828b2f3f12,91.0,91.0,93.5,89.5,90.5,-2.5,4.0,-1.0,0.5,0.5,0.0,0.0,0.5,0.0,0.0,0.5,0.0,0.0,0.5,0.0,0.0,new20,2.0,1.694915254237288,49.5,82.20338983050847,17.0,27.11864406779661,37.005649717514125
sol_opus,current_user,da-1-4,2,da-1-4--rep-002,16cc9e2d573864e05955a3fcacf526cb3b7f6fe9278bdf5ef17ad88a084562b5,100.0,100.0,100.0,99.0,88.5,0.0,1.0,10.5,11.5,1.0,0.0,0.0,0.5,0.0,0.0,1.0,0.0,0.0,0.5,0.0,0.0,new20,9.0,13.559322033898304,30.5,50.0,35.0,57.6271186440678,40.3954802259887
sol_opus,current_user,da-1-4,3,da-1-4--rep-003,60154c27e2ab3ff3bc19f636dc862c2a62a671934f29e94a788238946ea54b61,100.0,100.0,100.0,99.16666666666666,71.5,0.0,0.8333333333333357,27.666666666666664,28.5,0.5,0.0,0.0,0.5,0.0,0.0,0.5,0.0,0.0,0.5,0.0,0.0,new20,9.0,13.559322033898304,28.0,45.76271186440678,52.0,86.44067796610169,48.58757062146893
sol_opus,current_user,da-17-1,1,da-17-1--rep-001,3a56cdb61ae0719d9193a75a6324c276717d48d5b909f473aeea1db823071664,90.0,90.0,90.0,90.0,82.0,0.0,0.0,8.0,8.0,1.5,0.0,0.0,4.0,50.0,0.0,1.0,0.0,0.0,2.0,0.0,0.0,new20,9.0,13.559322033898304,17.0,27.11864406779661,27.5,44.91525423728814,28.531073446327685
sol_opus,current_user,da-17-1,2,da-17-1--rep-002,c18b5fb1f06017d423bdb0e846f6c0aa380be15a5d2b59825a95b97933b6d655,90.0,90.0,81.5,75.5,78.5,8.5,6.0,-3.0,11.5,3.0,0.0,0.0,3.5,0.0,50.0,0.5,0.0,0.0,2.5,0.0,0.0,new20,38.5,63.559322033898304,55.0,91.52542372881356,11.5,17.796610169491526,57.6271186440678
sol_opus,current_user,da-17-1,3,da-17-1--rep-003,75e9a1196d77215c4c97eb668131739ec5c76d0135c82fd2fff693ae81d382e5,90.0,90.0,85.5,83.0,86.0,4.5,2.5,-3.0,4.0,6.0,50.0,0.0,1.5,0.0,0.0,0.5,0.0,0.0,0.5,0.0,0.0,new20,26.5,43.220338983050844,41.0,67.79661016949153,11.5,17.796610169491526,42.93785310734464
sol_opus,current_user,da-17-3,1,da-17-3--rep-001,0f523220dc1cf46b2b8b8311258233a9d91daed3f3c20ccdaa93be77451a79a2,39.0,39.0,10.5,11.333333333333334,17.0,28.5,-0.8333333333333335,-5.666666666666667,22.0,0.0,0.0,0.0,0.5,0.0,0.0,0.5,0.0,0.0,0.5,0.0,0.0,new20,60.0,100.0,10.5,16.10169491525424,10.0,15.254237288135593,43.78531073446328
sol_opus,current_user,da-17-3,2,da-17-3--rep-002,3cb2307c0fe0a04eb1cebca83ba04c0ea03bfa6618daecae4cd0e71020bdd75f,22.0,22.0,7.0,5.833333333333334,12.0,15.0,1.1666666666666665,-6.166666666666666,10.0,0.5,0.0,0.0,0.5,0.0,0.0,0.5,0.0,0.0,0.0,0.0,0.0,new20,47.5,78.8135593220339,32.0,52.54237288135593,9.0,13.559322033898304,48.30508474576271
sol_opus,current_user,da-17-3,3,da-17-3--rep-003,920bba4d837f25ef9bee6dedaac8d6a2ab425f159ed5c57a0c9a8b16188358be,100.0,100.0,77.0,69.0,69.5,23.0,8.000000000000004,-0.5000000000000036,30.5,2.5,0.0,0.0,2.0,0.0,0.0,0.5,0.0,0.0,1.0,0.0,0.0,new20,58.0,96.61016949152543,57.0,94.91525423728814,18.0,28.8135593220339,73.44632768361582
sol_opus,current_user,da-17-5,1,da-17-5--rep-001,6fd9cf0814ce9b2e53274edfc83e64e9f7f2683eb8909c5180393a5c5857344e,90.0,90.0,90.0,88.66666666666666,83.0,0.0,1.3333333333333357,5.666666666666664,7.0,1.5,0.0,0.0,2.0,0.0,0.0,0.5,0.0,0.0,0.0,0.0,0.0,new20,9.0,13.559322033898304,34.5,56.779661016949156,24.0,38.983050847457626,36.440677966101696
sol_opus,current_user,da-17-5,2,da-17-5--rep-002,4eeb59cd6397fc912888a0d0ca2c1b1b5d9b008f1b82f2d0eef0eb130b6f98b7,77.0,77.0,82.5,72.0,36.0,-5.5,10.5,36.0,41.0,1.5,0.0,0.0,1.0,0.0,0.0,1.0,0.0,0.0,0.5,0.0,0.0,new20,1.0,0.0,59.0,98.30508474576271,57.0,94.91525423728814,64.40677966101696
sol_opus,current_user,da-17-5,3,da-17-5--rep-003,2489e5ff53145ddcd4e05c088183921a9cdc4e8e3cb24e7f9cd0b7b7b06437c3,90.0,90.0,86.0,82.0,84.0,4.0,4.0,-2.0,6.0,1.0,0.0,0.0,0.5,0.0,0.0,0.5,0.0,0.0,1.5,0.0,0.0,new20,25.0,40.67796610169491,49.5,82.20338983050847,13.5,21.1864406779661,48.0225988700565
sol_opus,current_user,da-19-3,1,da-19-3--rep-001,71621ae228a547058abce0bb3162089a4709b0f092eab36a0b208b47a2ecc454,100.0,100.0,97.5,96.16666666666666,82.0,2.5,1.3333333333333357,14.166666666666664,18.0,1.0,0.0,0.0,0.5,0.0,0.0,0.5,0.0,0.0,1.0,0.0,0.0,new20,19.0,30.508474576271187,34.5,56.779661016949156,40.0,66.10169491525424,51.12994350282486
sol_opus,current_user,da-19-3,2,da-19-3--rep-002,4d3b1ab1e95978cf8c45396e1807af6c161ccc964081843d7b5ae23488b7ea11,100.0,100.0,100.0,100.0,71.0,0.0,0.0,29.0,29.0,0.5,0.0,0.0,0.0,0.0,0.0,0.0,0.0,0.0,0.5,0.0,0.0,new20,9.0,13.559322033898304,17.0,27.11864406779661,53.0,88.13559322033899,42.93785310734464
sol_opus,current_user,da-19-3,3,da-19-3--rep-003,205f21c0a39e966e073f859acac41bfd84fe8712855dcd9ea27a6fda0dac3977,100.0,100.0,97.5,93.33333333333334,74.0,2.5,4.166666666666664,19.333333333333336,26.0,1.0,0.0,0.0,0.5,0.0,0.0,0.5,0.0,0.0,0.5,0.0,0.0,new20,19.0,30.508474576271187,51.0,84.7457627118644,47.0,77.96610169491525,64.40677966101694
sol_opus,current_user,da-20-1,1,da-20-1--rep-001,ac5bc1975bea03b52142fb9d96b87eee16c2e7932b624241b92093a670009a34,90.0,90.0,68.0,66.33333333333333,67.5,22.0,1.6666666666666679,-1.1666666666666679,22.5,2.0,0.0,0.0,1.5,0.0,0.0,0.5,0.0,0.0,0.5,0.0,0.0,new20,57.0,94.91525423728814,40.0,66.10169491525424,16.0,25.423728813559322,62.14689265536723
sol_opus,current_user,da-20-1,2,da-20-1--rep-002,f89dfdcd5ba5a9a7eb53afb28fb814752fb5f0939a7a11b52df372b18f33a4cc,100.0,100.0,83.0,81.33333333333334,90.0,17.0,1.6666666666666643,-8.666666666666664,10.0,2.5,0.0,0.0,3.5,0.0,0.0,0.5,0.0,0.0,0.5,0.0,0.0,new20,52.5,87.28813559322033,38.0,62.71186440677966,7.0,10.169491525423728,53.389830508474574
sol_opus,current_user,da-20-1,3,da-20-1--rep-003,cb8e213b6078b0aaece482f9edcdecff47e14757fff259382ba1302949f6d81b,95.0,95.0,78.0,70.5,62.0,17.0,7.5,8.5,33.0,1.0,0.0,0.0,1.0,0.0,0.0,1.5,0.0,0.0,1.0,0.0,0.0,new20,52.5,87.28813559322033,56.0,93.22033898305085,29.0,47.45762711864407,75.98870056497175
sol_opus,current_user,da-20-4,1,da-20-4--rep-001,a59cb4449436be572741e57207c0b8349d4af3cec4b7a11624e5232452656a1b,10.0,10.0,2.5,3.3333333333333335,17.0,7.5,-0.8333333333333335,-13.666666666666666,-7.0,1.0,0.0,0.0,0.0,0.0,0.0,0.0,0.0,0.0,0.0,0.0,0.0,new20,35.0,57.6271186440678,10.5,16.10169491525424,3.0,3.389830508474576,25.706214689265536
sol_opus,current_user,da-20-4,2,da-20-4--rep-002,93e7a748c785a09b6468dee524aafb1c6a3a772cad5c82b0a7a40cf92c8c88cd,10.0,10.0,7.5,7.5,17.0,2.5,0.0,-9.5,-7.0,1.0,0.0,0.0,0.0,0.0,0.0,0.5,0.0,0.0,0.0,0.0,0.0,new20,19.0,30.508474576271187,17.0,27.11864406779661,5.0,6.779661016949152,21.468926553672315
sol_opus,current_user,da-20-4,3,da-20-4--rep-003,7a46c3791f7cda1ba6ce754b2c0b78db4e5cb43c70dbfd46f182b464ea81ec96,20.0,20.0,15.0,14.166666666666668,38.0,5.0,0.833333333333333,-23.833333333333332,-18.0,0.5,0.0,0.0,1.0,0.0,0.0,0.5,0.0,0.0,0.5,0.0,0.0,new20,29.0,47.45762711864407,26.0,42.3728813559322,1.0,0.0,29.943502824858758
sol_opus,current_user,da-24-3,1,da-24-3--rep-001,f42a0cd151b82c3a74b7b662a0359972fd9674cdfba3795d430a44cc44ba7c1f,60.0,60.0,46.5,47.666666666666664,56.5,13.5,-1.1666666666666643,-8.833333333333336,3.5,1.5,0.0,0.0,2.0,0.0,0.0,1.0,0.0,0.0,0.5,0.0,0.0,new20,45.0,74.57627118644068,7.5,11.016949152542374,6.0,8.474576271186441,31.35593220338983
sol_opus,current_user,da-24-3,2,da-24-3--rep-002,c5a98e2998fb1a3f97e55aaae028dd156508894a55d4435d0a332c3f12009cbd,100.0,100.0,87.5,87.5,55.0,12.5,0.0,32.5,45.0,1.0,0.0,0.0,0.5,0.0,0.0,0.5,0.0,0.0,0.0,0.0,0.0,new20,43.5,72.03389830508475,17.0,27.11864406779661,54.0,89.83050847457628,62.994350282485875
sol_opus,current_user,da-24-3,3,da-24-3--rep-003,6f5fc7228728d8064939b62a52560d39ab1953d3a88485e4d7b579645d589e4c,80.0,80.0,75.0,70.0,54.5,5.0,5.0,15.5,25.5,2.0,0.0,0.0,1.5,0.0,0.0,0.5,0.0,0.0,0.0,0.0,0.0,new20,29.0,47.45762711864407,54.0,89.83050847457628,42.0,69.49152542372882,68.92655367231639
sol_opus,current_user,da-26-2,1,da-26-2--rep-001,2a8b04e8c8b437605e2cd228425284166426486a42f851f4703c1abb58a9b77f,71.0,71.0,64.0,63.16666666666667,47.0,7.0,0.8333333333333321,16.166666666666668,24.0,1.5,0.0,0.0,1.0,0.0,0.0,1.0,0.0,0.0,0.5,0.0,0.0,new20,34.0,55.932203389830505,25.0,40.67796610169491,45.0,74.57627118644068,57.06214689265536
sol_opus,current_user,da-26-2,2,da-26-2--rep-002,58874b5fe68471f4ecced1cee4e5de3ce39aaee5be34a1ad4bfa6218ed542d26,71.0,71.0,68.5,71.33333333333334,38.5,2.5,-2.8333333333333357,32.833333333333336,32.5,1.5,0.0,0.0,0.0,0.0,0.0,1.0,0.0,0.0,0.0,0.0,0.0,new20,19.0,30.508474576271187,3.0,3.389830508474576,55.5,92.37288135593221,42.09039548022599
sol_opus,current_user,da-26-2,3,da-26-2--rep-003,952ad828727e8f15834dc02aaea754dd9cd678ba9bbab0521a1144fc06501cc9,71.0,71.0,51.0,41.0,33.0,20.0,10.0,8.0,38.0,2.0,0.0,0.0,1.0,0.0,0.0,1.0,0.0,0.0,0.5,0.0,0.0,new20,55.0,91.52542372881356,58.0,96.61016949152543,27.5,44.91525423728814,77.68361581920904
sol_opus,current_user,da-26-4,1,da-26-4--rep-001,74b79ff61d02b55681536fad0edac3c09ef1c45af43a38aa5e3f0438ec0251db,57.0,57.0,57.0,57.0,34.0,0.0,0.0,23.0,23.0,6.0,50.0,0.0,3.0,0.0,0.0,2.0,0.0,0.0,0.5,0.0,0.0,new20,9.0,13.559322033898304,17.0,27.11864406779661,50.0,83.05084745762711,41.24293785310734
sol_opus,current_user,da-26-4,2,da-26-4--rep-002,698fe49708e2fa2dc8af5971682c794c63e9ac6c309ded101c26b0cd01005939,95.0,95.0,79.5,76.0,38.0,15.5,3.5,38.0,57.0,7.5,100.0,0.0,3.0,0.0,0.0,2.0,0.0,0.0,1.0,0.0,0.0,new20,49.0,81.35593220338983,42.5,70.33898305084746,58.0,96.61016949152543,82.7683615819209
sol_opus,current_user,da-26-4,3,da-26-4--rep-003,12c91b4047c0caadaa2cb1762b837e99fb9a7a6d446b69dd083ca104de67ccf4,30.0,30.0,27.5,22.833333333333336,18.0,2.5,4.666666666666666,4.833333333333334,12.0,2.5,0.0,0.0,1.5,0.0,0.0,1.0,0.0,0.0,2.0,0.0,0.0,new20,19.0,30.508474576271187,52.0,86.44067796610169,22.0,35.59322033898305,50.847457627118644
sol_opus,current_user,da-3-5,1,da-3-5--rep-001,2185ac6e96a5a87d7c8e3a9f5829f4593e61601ae86651971102e3d923328ae9,100.0,100.0,89.5,88.16666666666666,72.0,10.5,1.3333333333333357,16.166666666666664,28.0,1.0,0.0,0.0,1.0,0.0,0.0,1.0,0.0,0.0,1.0,0.0,0.0,new20,41.0,67.79661016949153,34.5,56.779661016949156,44.0,72.88135593220339,65.81920903954803
sol_opus,current_user,da-3-5,2,da-3-5--rep-002,feaf90a8d7b2d3f52289ac777233d0518445a3e647c26eb6fc230c1c000c1780,100.0,100.0,100.0,100.0,90.0,0.0,0.0,10.0,10.0,1.0,0.0,0.0,1.0,0.0,0.0,1.0,0.0,0.0,0.5,0.0,0.0,new20,9.0,13.559322033898304,17.0,27.11864406779661,32.5,53.389830508474574,31.35593220338983
sol_opus,current_user,da-3-5,3,da-3-5--rep-003,999f2c16809f8bba8130a006d8d304d37847e3c21f87cca78c2db08953e29947,100.0,100.0,92.0,94.66666666666666,79.0,8.0,-2.6666666666666643,15.666666666666664,21.0,0.5,0.0,0.0,0.5,0.0,0.0,1.0,0.0,0.0,0.5,0.0,0.0,new20,36.5,60.16949152542373,4.0,5.084745762711864,43.0,71.1864406779661,45.48022598870057
sol_opus,current_user,da-4-1,1,da-4-1--rep-001,057f7a527956349d8e253766ccc333b25228f0214c7e702e4ebf01de87b2307d,86.0,86.0,86.0,82.16666666666667,68.0,0.0,3.8333333333333286,14.166666666666671,18.0,0.5,0.0,0.0,0.5,0.0,0.0,0.5,0.0,0.0,0.5,0.0,0.0,new20,9.0,13.559322033898304,48.0,79.66101694915254,41.0,67.79661016949153,53.67231638418079
sol_opus,current_user,da-4-1,2,da-4-1--rep-002,9c53b773849793077259d4e4789c8a60a846b489413644588ffdff4ccc703068,100.0,100.0,84.0,88.16666666666666,79.0,16.0,-4.166666666666664,9.166666666666664,21.0,1.5,0.0,0.0,1.0,0.0,0.0,0.5,0.0,0.0,0.5,0.0,0.0,new20,50.0,83.05084745762711,1.0,0.0,31.0,50.847457627118644,44.63276836158192
sol_opus,current_user,da-4-1,3,da-4-1--rep-003,12bc3f0f681d221a15606bd1ce516f1379b00f4435c10022d511d369313b541f,93.0,93.0,88.5,87.66666666666667,70.5,4.5,0.8333333333333286,17.16666666666667,22.5,2.0,0.0,0.0,1.0,0.0,0.0,0.5,0.0,0.0,1.0,0.0,0.0,new20,26.5,43.220338983050844,24.0,38.983050847457626,46.0,76.27118644067797,52.824858757062145
sol_opus,current_user,da-4-6,1,da-4-6--rep-001,0f0c825028bfe48de9f7e71ca6d6c9e30ae4444a8d3e2245e6ee5822799c7574,100.0,100.0,100.0,96.33333333333334,90.5,0.0,3.6666666666666643,5.833333333333336,9.5,0.5,0.0,0.0,0.5,0.0,0.0,0.0,0.0,0.0,0.0,0.0,0.0,new20,9.0,13.559322033898304,45.5,75.42372881355932,25.0,40.67796610169491,43.220338983050844
sol_opus,current_user,da-4-6,2,da-4-6--rep-002,39b590a763de4b215ab3d3357d2fa8abeab53e8a5389223f3c85a536b87974f0,100.0,100.0,93.5,95.66666666666666,92.0,6.5,-2.1666666666666643,3.6666666666666643,8.0,1.5,0.0,0.0,1.5,0.0,0.0,0.5,0.0,0.0,0.5,0.0,0.0,new20,32.5,53.389830508474574,5.0,6.779661016949152,21.0,33.898305084745765,31.35593220338983
sol_opus,current_user,da-4-6,3,da-4-6--rep-003,4985a712df5c5253cfdc26000c68dd9533e7b619c638623d724eccf4af188d57,100.0,100.0,76.0,76.0,90.0,24.0,0.0,-14.0,10.0,0.5,0.0,0.0,0.5,0.0,0.0,0.0,0.0,0.0,0.5,0.0,0.0,new20,59.0,98.30508474576271,17.0,27.11864406779661,2.0,1.694915254237288,42.3728813559322
sol_opus,current_user,da-5-1,1,da-5-1--rep-001,0e9ecb6785a00f2a6404ebd5c22505a29aa7869e70a17f799e44688006b1fca9,100.0,100.0,85.0,84.16666666666666,81.0,15.0,0.8333333333333357,3.1666666666666643,19.0,1.0,0.0,0.0,1.0,0.0,0.0,1.5,0.0,0.0,0.5,0.0,0.0,new20,47.5,78.8135593220339,28.0,45.76271186440678,20.0,32.20338983050848,52.259887005649716
sol_opus,current_user,da-5-1,2,da-5-1--rep-002,447f6841feba72a1c7305fd5f4694e3b89ebaf80b324b00ee30e47c9f1cd2e72,100.0,100.0,86.0,87.16666666666666,88.5,14.0,-1.1666666666666643,-1.3333333333333357,11.5,0.5,0.0,0.0,0.5,0.0,0.0,0.5,0.0,0.0,0.5,0.0,0.0,new20,46.0,76.27118644067797,7.5,11.016949152542374,15.0,23.728813559322035,37.005649717514125
sol_opus,current_user,da-5-1,3,da-5-1--rep-003,50dcd82522cb2a7e033864a427abff94011794f0525d055aa3bf2649aac4d7d6,100.0,100.0,78.5,78.0,80.0,21.5,0.5,-2.0,20.0,1.5,0.0,0.0,1.0,0.0,0.0,1.0,0.0,0.0,1.0,0.0,0.0,new20,56.0,93.22033898305085,23.0,37.28813559322034,13.5,21.1864406779661,50.56497175141243
sol_opus,current_user,da-6-5,1,da-6-5--rep-001,204ec4c9b9d59a0ac9aa0262bd576f273abbe802751636d502bf3e6e440e093b,100.0,100.0,93.5,97.5,32.5,6.5,-4.0,65.0,67.5,1.5,0.0,0.0,1.0,0.0,0.0,2.5,0.0,0.0,0.5,0.0,0.0,new20,32.5,53.389830508474574,2.0,1.694915254237288,60.0,100.0,51.69491525423729
sol_opus,current_user,da-6-5,2,da-6-5--rep-002,1a87d8d001b31de9f609ac7ab62adede44ffc345b61e8305473fdb1f3ebd4359,100.0,100.0,100.0,100.0,78.5,0.0,0.0,21.5,21.5,1.5,0.0,0.0,0.5,0.0,0.0,0.5,0.0,0.0,0.5,0.0,0.0,new20,9.0,13.559322033898304,17.0,27.11864406779661,49.0,81.35593220338983,40.67796610169491
sol_opus,current_user,da-6-5,3,da-6-5--rep-003,8af52c49619255fa187ee348f500b22219597585f823d52ccd37cd870abc3d2e,100.0,100.0,100.0,98.66666666666666,85.5,0.0,1.3333333333333357,13.166666666666664,14.5,1.0,0.0,0.0,0.0,0.0,0.0,1.0,0.0,0.0,0.5,0.0,0.0,new20,9.0,13.559322033898304,34.5,56.779661016949156,38.5,63.559322033898304,44.632768361581924
sol_opus,current_user,da-8-1,1,da-8-1--rep-001,12b660169831b7d224b4965ac0c46aa7ed8d9ea94d4e86eb570e6fc48dd7df27,100.0,100.0,92.0,93.33333333333334,81.0,8.0,-1.3333333333333357,12.333333333333336,19.0,1.5,0.0,0.0,1.5,0.0,0.0,0.5,0.0,0.0,0.0,0.0,0.0,new20,36.5,60.16949152542373,6.0,8.474576271186441,37.0,61.016949152542374,43.22033898305085
sol_opus,current_user,da-8-1,2,da-8-1--rep-002,366823a759f2cd52c6f0192ce41284a997e69ddd99c70aab6cf92e02b30ac9ad,92.0,92.0,89.5,87.83333333333334,55.0,2.5,1.6666666666666643,32.833333333333336,37.0,2.5,0.0,0.0,2.5,0.0,0.0,0.5,0.0,0.0,1.0,0.0,0.0,new20,19.0,30.508474576271187,38.0,62.71186440677966,55.5,92.37288135593221,61.86440677966102
sol_opus,current_user,da-8-1,3,da-8-1--rep-003,4c4f2ff267fd6679892b6e1496a8558f7d0faf229ae460aeb5326b3900847a04,100.0,100.0,100.0,100.0,79.0,0.0,0.0,21.0,21.0,0.5,0.0,0.0,0.5,0.0,0.0,0.5,0.0,0.0,0.5,0.0,0.0,new20,9.0,13.559322033898304,17.0,27.11864406779661,48.0,79.66101694915254,40.112994350282484
sol_opus,current_user,da-8-3,1,da-8-3--rep-001,7d8e335f91a45848411b998c1a5cb1e115fd1bedd3088bd1a168c5753fe63bd3,100.0,100.0,91.5,80.66666666666666,56.0,8.5,10.833333333333336,24.666666666666664,44.0,1.5,0.0,0.0,2.0,0.0,0.0,1.0,0.0,0.0,2.0,0.0,0.0,new20,38.5,63.559322033898304,60.0,100.0,51.0,84.7457627118644,82.7683615819209
sol_opus,current_user,da-8-3,2,da-8-3--rep-002,0a30c0f00519fd449b9f5a56c6be7d93456e18f43041e52c1fbba34ab2a6c9c9,92.0,92.0,72.5,71.66666666666666,61.5,19.5,0.8333333333333357,10.166666666666664,30.5,1.5,0.0,0.0,1.5,0.0,0.0,1.0,0.0,0.0,1.5,0.0,0.0,new20,54.0,89.83050847457628,28.0,45.76271186440678,34.0,55.932203389830505,63.84180790960452
sol_opus,current_user,da-8-3,3,da-8-3--rep-003,8f08bf1a373529a65fc062e76eda747144d6180f37330377e0168e932ef9723e,100.0,100.0,88.0,89.0,50.5,12.0,-1.0,38.5,49.5,6.0,50.0,0.0,6.5,50.0,0.0,1.0,0.0,0.0,1.5,0.0,0.0,new20,42.0,69.49152542372882,9.0,13.559322033898304,59.0,98.30508474576271,60.451977401129945
sol_opus,current_user,da-9-1,1,da-9-1--rep-001,03df4078648b486b92503b2b6f0f3c5a8d7adf29720b8c6981634f2cc6d4ce4f,100.0,100.0,96.5,91.66666666666666,78.5,3.5,4.833333333333336,13.166666666666664,21.5,1.0,0.0,0.0,1.0,0.0,0.0,1.0,0.0,0.0,0.5,0.0,0.0,new20,23.5,38.13559322033898,53.0,88.13559322033899,38.5,63.559322033898304,63.27683615819209
sol_opus,current_user,da-9-1,2,da-9-1--rep-002,5e6269a054e2ba527a66a7f2b568da3cd3763b853ec88db9d626e4b5e6e66170,100.0,100.0,83.5,81.83333333333334,73.0,16.5,1.6666666666666643,8.833333333333336,27.0,0.5,0.0,0.0,0.5,0.0,0.0,0.5,0.0,0.0,0.5,0.0,0.0,new20,51.0,84.7457627118644,38.0,62.71186440677966,30.0,49.152542372881356,65.5367231638418
sol_opus,current_user,da-9-1,3,da-9-1--rep-003,341dec816c312ddeb50bc186c59bdecc547e7568e20bcc64e7ed381f0a0be05c,100.0,100.0,90.5,90.5,85.0,9.5,0.0,5.5,15.0,1.5,0.0,0.0,1.0,0.0,0.0,0.5,0.0,0.0,0.5,0.0,0.0,new20,40.0,66.10169491525424,17.0,27.11864406779661,23.0,37.28813559322034,43.502824858757066
sol_opus,current_user,da-9-7,1,da-9-7--rep-001,0a628d405fd5de3e7f3c2095bec2cdd70dcaf101770947b4f6d1595fb70bfa8a,93.0,93.0,89.5,86.0,93.0,3.5,3.5,-7.0,0.0,6.0,100.0,0.0,5.5,50.0,0.0,0.5,0.0,0.0,1.5,0.0,0.0,new20,23.5,38.13559322033898,42.5,70.33898305084746,8.0,11.864406779661017,40.112994350282484
sol_opus,current_user,da-9-7,2,da-9-7--rep-002,a48d5584d1cda0f414be705fb4ffa0ac4708fa19d2013b3b9ca4ef4c69c32de4,100.0,100.0,94.5,94.5,84.5,5.5,0.0,10.0,15.5,2.0,0.0,0.0,0.5,0.0,0.0,1.0,0.0,0.0,0.0,0.0,0.0,new20,31.0,50.847457627118644,17.0,27.11864406779661,32.5,53.389830508474574,43.78531073446327
sol_opus,current_user,da-9-7,3,da-9-7--rep-003,99e00800ef6d12badf8dff8274ce657323e98b12bd2973f1c4bb9e3dda6a13d6,93.0,93.0,80.5,76.83333333333334,89.5,12.5,3.6666666666666643,-12.666666666666664,3.5,0.5,0.0,0.0,0.5,0.0,0.0,0.5,0.0,0.0,0.0,0.0,0.0,new20,43.5,72.03389830508475,45.5,75.42372881355932,4.0,5.084745762711864,50.847457627118644
sol,current_full,da-1-3,1,da-1-3--rep-001,5d3ef64216240a0b1df0133b1835ab72e2bab2d1a31f9acbdd11f9c35f20bb47,100.0,100.0,100.0,100.0,84.0,0.0,0.0,16.0,16.0,0.0,0.0,0.0,0.0,0.0,0.0,0.0,0.0,0.0,0.0,0.0,0.0,new20,13.5,21.1864406779661,26.5,43.220338983050844,36.0,59.32203389830509,41.24293785310734
sol,current_full,da-1-3,2,da-1-3--rep-002,31177b6bf749aa9955327185f9607c4c0290659aae41c44b65448ddff613b8ae,100.0,100.0,100.0,98.66666666666667,88.0,0.0,1.3333333333333286,10.666666666666671,12.0,1.0,0.0,0.0,0.0,0.0,0.0,0.0,0.0,0.0,0.0,0.0,0.0,new20,13.5,21.1864406779661,43.0,71.1864406779661,25.5,41.52542372881356,44.632768361581924
sol,current_full,da-1-3,3,da-1-3--rep-003,831ad3c7154ae1a059582999abac0191237eaf9b72aed0dddccd784299cc861f,100.0,100.0,92.0,85.33333333333333,48.0,8.0,6.666666666666671,37.33333333333333,52.0,1.0,0.0,0.0,0.0,0.0,0.0,1.0,0.0,0.0,0.0,0.0,0.0,new20,36.0,59.32203389830509,57.0,94.91525423728814,51.0,84.7457627118644,79.66101694915254
sol,current_full,da-1-4,1,da-1-4--rep-001,8579f1d69821d8f95467324681e5de48dc9b533437b308282872bc828b2f3f12,100.0,100.0,95.0,96.66666666666667,72.0,5.0,-1.6666666666666714,24.66666666666667,28.0,1.0,0.0,0.0,0.0,0.0,0.0,0.0,0.0,0.0,0.0,0.0,0.0,new20,28.0,45.76271186440678,8.5,12.711864406779661,48.0,79.66101694915254,46.045197740113
sol,current_full,da-1-4,2,da-1-4--rep-002,16cc9e2d573864e05955a3fcacf526cb3b7f6fe9278bdf5ef17ad88a084562b5,100.0,100.0,100.0,100.0,85.0,0.0,0.0,15.0,15.0,0.0,0.0,0.0,0.0,0.0,0.0,0.0,0.0,0.0,0.0,0.0,0.0,new20,13.5,21.1864406779661,26.5,43.220338983050844,34.0,55.932203389830505,40.112994350282484
sol,current_full,da-1-4,3,da-1-4--rep-003,60154c27e2ab3ff3bc19f636dc862c2a62a671934f29e94a788238946ea54b61,100.0,100.0,91.0,91.0,82.0,9.0,0.0,9.0,18.0,0.0,0.0,0.0,0.0,0.0,0.0,0.0,0.0,0.0,0.0,0.0,0.0,new20,39.5,65.2542372881356,26.5,43.220338983050844,23.5,38.13559322033898,48.87005649717514
sol,current_full,da-17-1,1,da-17-1--rep-001,3a56cdb61ae0719d9193a75a6324c276717d48d5b909f473aeea1db823071664,90.0,90.0,84.0,79.33333333333333,80.0,6.0,4.666666666666671,-0.6666666666666714,10.0,4.0,0.0,0.0,0.0,0.0,0.0,0.0,0.0,0.0,0.0,0.0,0.0,new20,30.0,49.152542372881356,53.0,88.13559322033899,10.0,15.254237288135593,50.847457627118644
sol,current_full,da-17-1,2,da-17-1--rep-002,c18b5fb1f06017d423bdb0e846f6c0aa380be15a5d2b59825a95b97933b6d655,90.0,90.0,85.0,85.0,76.0,5.0,0.0,9.0,14.0,1.0,0.0,0.0,0.0,0.0,0.0,0.0,0.0,0.0,1.0,0.0,0.0,new20,28.0,45.76271186440678,26.5,43.220338983050844,23.5,38.13559322033898,42.3728813559322
sol,current_full,da-17-1,3,da-17-1--rep-003,75e9a1196d77215c4c97eb668131739ec5c76d0135c82fd2fff693ae81d382e5,90.0,90.0,82.0,78.66666666666667,84.0,8.0,3.3333333333333286,-5.333333333333329,6.0,9.0,100.0,0.0,0.0,0.0,0.0,0.0,0.0,0.0,0.0,0.0,0.0,new20,36.0,59.32203389830509,49.5,82.20338983050847,4.5,5.932203389830509,49.152542372881356
sol,current_full,da-17-3,1,da-17-3--rep-001,0f523220dc1cf46b2b8b8311258233a9d91daed3f3c20ccdaa93be77451a79a2,100.0,100.0,55.0,78.66666666666667,72.0,45.0,-23.66666666666667,6.666666666666671,28.0,1.0,0.0,0.0,0.0,0.0,0.0,1.0,0.0,0.0,2.0,0.0,0.0,new20,59.0,98.30508474576271,1.0,0.0,21.0,33.898305084745765,44.067796610169495
sol,current_full,da-17-3,2,da-17-3--rep-002,3cb2307c0fe0a04eb1cebca83ba04c0ea03bfa6618daecae4cd0e71020bdd75f,56.0,51.0,15.0,15.0,18.0,41.0,0.0,-3.0,38.0,0.0,0.0,0.0,0.0,0.0,0.0,0.0,0.0,0.0,0.0,0.0,0.0,new20,57.5,95.76271186440678,26.5,43.220338983050844,7.0,10.169491525423728,49.717514124293785
sol,current_full,da-17-3,3,da-17-3--rep-003,920bba4d837f25ef9bee6dedaac8d6a2ab425f159ed5c57a0c9a8b16188358be,30.0,30.0,15.0,13.333333333333334,14.0,15.0,1.666666666666666,-0.6666666666666661,16.0,1.0,0.0,0.0,1.0,0.0,0.0,0.0,0.0,0.0,0.0,0.0,0.0,new20,46.5,77.11864406779661,45.5,75.42372881355932,11.0,16.949152542372882,56.497175141242934
sol,current_full,da-17-5,1,da-17-5--rep-001,6fd9cf0814ce9b2e53274edfc83e64e9f7f2683eb8909c5180393a5c5857344e,90.0,90.0,90.0,90.0,88.0,0.0,0.0,2.0,2.0,1.0,0.0,0.0,0.0,0.0,0.0,0.0,0.0,0.0,0.0,0.0,0.0,new20,13.5,21.1864406779661,26.5,43.220338983050844,15.5,24.576271186440678,29.66101694915254
sol,current_full,da-17-5,2,da-17-5--rep-002,4eeb59cd6397fc912888a0d0ca2c1b1b5d9b008f1b82f2d0eef0eb130b6f98b7,90.0,90.0,90.0,90.0,88.0,0.0,0.0,2.0,2.0,1.0,0.0,0.0,1.0,0.0,0.0,0.0,0.0,0.0,0.0,0.0,0.0,new20,13.5,21.1864406779661,26.5,43.220338983050844,15.5,24.576271186440678,29.66101694915254
sol,current_full,da-17-5,3,da-17-5--rep-003,2489e5ff53145ddcd4e05c088183921a9cdc4e8e3cb24e7f9cd0b7b7b06437c3,90.0,90.0,82.0,82.0,74.0,8.0,0.0,8.0,16.0,4.0,0.0,0.0,2.0,0.0,0.0,2.0,0.0,0.0,0.0,0.0,0.0,new20,36.0,59.32203389830509,26.5,43.220338983050844,22.0,35.59322033898305,46.045197740113
sol,current_full,da-19-3,1,da-19-3--rep-001,71621ae228a547058abce0bb3162089a4709b0f092eab36a0b208b47a2ecc454,100.0,100.0,100.0,100.0,55.0,0.0,0.0,45.0,45.0,8.0,100.0,0.0,0.0,0.0,0.0,0.0,0.0,0.0,0.0,0.0,0.0,new20,13.5,21.1864406779661,26.5,43.220338983050844,55.0,91.52542372881356,51.9774011299435
sol,current_full,da-19-3,2,da-19-3--rep-002,4d3b1ab1e95978cf8c45396e1807af6c161ccc964081843d7b5ae23488b7ea11,100.0,100.0,100.0,96.66666666666667,86.0,0.0,3.3333333333333286,10.666666666666671,14.0,0.0,0.0,0.0,0.0,0.0,0.0,0.0,0.0,0.0,0.0,0.0,0.0,new20,13.5,21.1864406779661,49.5,82.20338983050847,25.5,41.52542372881356,48.30508474576271
sol,current_full,da-19-3,3,da-19-3--rep-003,205f21c0a39e966e073f859acac41bfd84fe8712855dcd9ea27a6fda0dac3977,100.0,100.0,100.0,100.0,78.0,0.0,0.0,22.0,22.0,0.0,0.0,0.0,0.0,0.0,0.0,0.0,0.0,0.0,0.0,0.0,0.0,new20,13.5,21.1864406779661,26.5,43.220338983050844,45.5,75.42372881355932,46.610169491525426
sol,current_full,da-20-1,1,da-20-1--rep-001,ac5bc1975bea03b52142fb9d96b87eee16c2e7932b624241b92093a670009a34,100.0,100.0,88.0,88.0,67.0,12.0,0.0,21.0,33.0,1.0,0.0,0.0,0.0,0.0,0.0,2.0,0.0,0.0,0.0,0.0,0.0,new20,42.5,70.33898305084746,26.5,43.220338983050844,42.0,69.49152542372882,61.016949152542374
sol,current_full,da-20-1,2,da-20-1--rep-002,f89dfdcd5ba5a9a7eb53afb28fb814752fb5f0939a7a11b52df372b18f33a4cc,83.0,83.0,30.0,26.666666666666668,25.0,53.0,3.333333333333332,1.6666666666666679,58.0,1.0,0.0,0.0,0.0,0.0,0.0,1.0,0.0,0.0,0.0,0.0,0.0,new20,60.0,100.0,51.0,84.7457627118644,14.0,22.033898305084747,68.92655367231639
sol,current_full,da-20-1,3,da-20-1--rep-003,cb8e213b6078b0aaece482f9edcdecff47e14757fff259382ba1302949f6d81b,100.0,100.0,100.0,98.33333333333333,74.0,0.0,1.6666666666666714,24.33333333333333,26.0,1.0,0.0,0.0,1.0,0.0,0.0,0.0,0.0,0.0,0.0,0.0,0.0,new20,13.5,21.1864406779661,47.0,77.96610169491525,47.0,77.96610169491525,59.039548022598865
sol,current_full,da-20-4,1,da-20-4--rep-001,a59cb4449436be572741e57207c0b8349d4af3cec4b7a11624e5232452656a1b,10.0,10.0,10.0,10.0,12.0,0.0,0.0,-2.0,-2.0,10.0,100.0,0.0,7.0,100.0,0.0,1.0,0.0,0.0,0.0,0.0,0.0,new20,13.5,21.1864406779661,26.5,43.220338983050844,8.5,12.711864406779661,25.706214689265536
sol,current_full,da-20-4,2,da-20-4--rep-002,93e7a748c785a09b6468dee524aafb1c6a3a772cad5c82b0a7a40cf92c8c88cd,25.0,25.0,10.0,8.333333333333334,24.0,15.0,1.666666666666666,-15.666666666666666,1.0,10.0,100.0,0.0,0.0,0.0,0.0,1.0,0.0,0.0,0.0,0.0,0.0,new20,46.5,77.11864406779661,45.5,75.42372881355932,2.0,1.694915254237288,51.41242937853107
sol,current_full,da-20-4,3,da-20-4--rep-003,7a46c3791f7cda1ba6ce754b2c0b78db4e5cb43c70dbfd46f182b464ea81ec96,10.0,10.0,10.0,5.0,10.0,0.0,5.0,-5.0,0.0,1.0,0.0,0.0,0.0,0.0,0.0,0.0,0.0,0.0,0.0,0.0,0.0,new20,13.5,21.1864406779661,54.5,90.67796610169492,6.0,8.474576271186441,40.112994350282484
sol,current_full,da-24-3,1,da-24-3--rep-001,f42a0cd151b82c3a74b7b662a0359972fd9674cdfba3795d430a44cc44ba7c1f,100.0,100.0,80.0,63.333333333333336,42.0,20.0,16.666666666666664,21.333333333333336,58.0,2.0,0.0,0.0,0.0,0.0,0.0,1.0,0.0,0.0,0.0,0.0,0.0,new20,48.5,80.50847457627118,60.0,100.0,44.0,72.88135593220339,84.46327683615819
sol,current_full,da-24-3,2,da-24-3--rep-002,c5a98e2998fb1a3f97e55aaae028dd156508894a55d4435d0a332c3f12009cbd,100.0,100.0,80.0,80.0,62.0,20.0,0.0,18.0,38.0,5.0,0.0,100.0,0.0,0.0,0.0,0.0,0.0,0.0,3.0,0.0,0.0,new20,48.5,80.50847457627118,26.5,43.220338983050844,40.0,66.10169491525424,63.27683615819209
sol,current_full,da-24-3,3,da-24-3--rep-003,6f5fc7228728d8064939b62a52560d39ab1953d3a88485e4d7b579645d589e4c,85.0,85.0,60.0,56.666666666666664,42.0,25.0,3.3333333333333357,14.666666666666664,43.0,6.0,100.0,0.0,1.0,0.0,0.0,0.0,0.0,0.0,0.0,0.0,0.0,new20,52.5,87.28813559322033,52.0,86.44067796610169,33.0,54.23728813559322,75.98870056497175
sol,current_full,da-26-2,1,da-26-2--rep-001,2a8b04e8c8b437605e2cd228425284166426486a42f851f4703c1abb58a9b77f,76.0,76.0,76.0,76.0,58.0,0.0,0.0,18.0,18.0,1.0,0.0,0.0,0.0,0.0,0.0,0.0,0.0,0.0,0.0,0.0,0.0,new20,13.5,21.1864406779661,26.5,43.220338983050844,40.0,66.10169491525424,43.502824858757066
sol,current_full,da-26-2,2,da-26-2--rep-002,58874b5fe68471f4ecced1cee4e5de3ce39aaee5be34a1ad4bfa6218ed542d26,100.0,100.0,59.0,64.0,38.0,41.0,-5.0,26.0,62.0,3.0,0.0,0.0,0.0,0.0,0.0,0.0,0.0,0.0,0.0,0.0,0.0,new20,57.5,95.76271186440678,4.0,5.084745762711864,49.0,81.35593220338983,60.73446327683616
sol,current_full,da-26-2,3,da-26-2--rep-003,952ad828727e8f15834dc02aaea754dd9cd678ba9bbab0521a1144fc06501cc9,76.0,76.0,76.0,76.0,62.0,0.0,0.0,14.0,14.0,1.0,0.0,0.0,0.0,0.0,0.0,1.0,0.0,0.0,0.0,0.0,0.0,new20,13.5,21.1864406779661,26.5,43.220338983050844,31.5,51.69491525423729,38.70056497175141
sol,current_full,da-26-4,1,da-26-4--rep-001,74b79ff61d02b55681536fad0edac3c09ef1c45af43a38aa5e3f0438ec0251db,95.0,95.0,83.0,83.0,28.0,12.0,0.0,55.0,67.0,8.0,100.0,0.0,2.0,0.0,0.0,2.0,0.0,0.0,2.0,0.0,0.0,new20,42.5,70.33898305084746,26.5,43.220338983050844,58.0,96.61016949152543,70.05649717514125
sol,current_full,da-26-4,2,da-26-4--rep-002,698fe49708e2fa2dc8af5971682c794c63e9ac6c309ded101c26b0cd01005939,63.0,63.0,38.0,36.666666666666664,24.0,25.0,1.3333333333333357,12.666666666666664,39.0,8.0,100.0,0.0,2.0,0.0,0.0,3.0,0.0,0.0,2.0,0.0,0.0,new20,52.5,87.28813559322033,44.0,72.88135593220339,29.0,47.45762711864407,69.2090395480226
sol,current_full,da-26-4,3,da-26-4--rep-003,12c91b4047c0caadaa2cb1762b837e99fb9a7a6d446b69dd083ca104de67ccf4,81.0,81.0,81.0,73.66666666666667,22.0,0.0,7.333333333333329,51.66666666666667,59.0,3.0,0.0,0.0,1.0,0.0,0.0,2.0,0.0,0.0,1.0,0.0,0.0,new20,13.5,21.1864406779661,58.5,97.45762711864407,56.0,93.22033898305085,70.62146892655367
sol,current_full,da-3-5,1,da-3-5--rep-001,2185ac6e96a5a87d7c8e3a9f5829f4593e61601ae86651971102e3d923328ae9,100.0,100.0,100.0,100.0,86.0,0.0,0.0,14.0,14.0,0.0,0.0,0.0,0.0,0.0,0.0,0.0,0.0,0.0,0.0,0.0,0.0,new20,13.5,21.1864406779661,26.5,43.220338983050844,31.5,51.69491525423729,38.70056497175141
sol,current_full,da-3-5,2,da-3-5--rep-002,feaf90a8d7b2d3f52289ac777233d0518445a3e647c26eb6fc230c1c000c1780,100.0,100.0,100.0,100.0,94.0,0.0,0.0,6.0,6.0,1.0,0.0,0.0,0.0,0.0,0.0,0.0,0.0,0.0,0.0,0.0,0.0,new20,13.5,21.1864406779661,26.5,43.220338983050844,19.5,31.35593220338983,31.92090395480226
sol,current_full,da-3-5,3,da-3-5--rep-003,999f2c16809f8bba8130a006d8d304d37847e3c21f87cca78c2db08953e29947,100.0,100.0,87.0,87.0,84.0,13.0,0.0,3.0,16.0,0.0,0.0,0.0,0.0,0.0,0.0,0.0,0.0,0.0,0.0,0.0,0.0,new20,44.5,73.72881355932203,26.5,43.220338983050844,18.0,28.8135593220339,48.58757062146893
sol,current_full,da-4-1,1,da-4-1--rep-001,057f7a527956349d8e253766ccc333b25228f0214c7e702e4ebf01de87b2307d,100.0,100.0,89.0,90.33333333333333,78.0,11.0,-1.3333333333333286,12.333333333333329,22.0,1.0,0.0,0.0,0.0,0.0,0.0,0.0,0.0,0.0,0.0,0.0,0.0,new20,41.0,67.79661016949153,10.0,15.254237288135593,28.0,45.76271186440678,42.93785310734464
sol,current_full,da-4-1,2,da-4-1--rep-002,9c53b773849793077259d4e4789c8a60a846b489413644588ffdff4ccc703068,100.0,100.0,93.0,85.66666666666667,68.0,7.0,7.333333333333329,17.66666666666667,32.0,1.0,0.0,0.0,0.0,0.0,0.0,0.0,0.0,0.0,0.0,0.0,0.0,new20,32.0,52.54237288135593,58.5,97.45762711864407,38.0,62.71186440677966,70.90395480225989
sol,current_full,da-4-1,3,da-4-1--rep-003,12bc3f0f681d221a15606bd1ce516f1379b00f4435c10022d511d369313b541f,100.0,100.0,73.0,76.0,88.0,27.0,-3.0,-12.0,12.0,0.0,0.0,0.0,0.0,0.0,0.0,0.0,0.0,0.0,0.0,0.0,0.0,new20,54.0,89.83050847457628,7.0,10.169491525423728,3.0,3.389830508474576,34.463276836158194
sol,current_full,da-4-6,1,da-4-6--rep-001,0f0c825028bfe48de9f7e71ca6d6c9e30ae4444a8d3e2245e6ee5822799c7574,100.0,100.0,78.0,89.0,91.0,22.0,-11.0,-2.0,9.0,0.0,0.0,0.0,0.0,0.0,0.0,0.0,0.0,0.0,0.0,0.0,0.0,new20,50.0,83.05084745762711,2.0,1.694915254237288,8.5,12.711864406779661,32.485875706214685
sol,current_full,da-4-6,2,da-4-6--rep-002,39b590a763de4b215ab3d3357d2fa8abeab53e8a5389223f3c85a536b87974f0,100.0,100.0,76.0,83.33333333333333,62.0,24.0,-7.333333333333329,21.33333333333333,38.0,2.0,0.0,0.0,1.0,0.0,0.0,0.0,0.0,0.0,0.0,0.0,0.0,new20,51.0,84.7457627118644,3.0,3.389830508474576,43.0,71.1864406779661,53.10734463276836
sol,current_full,da-4-6,3,da-4-6--rep-003,4985a712df5c5253cfdc26000c68dd9533e7b619c638623d724eccf4af188d57,100.0,100.0,71.0,74.33333333333333,72.0,29.0,-3.3333333333333286,2.3333333333333286,28.0,0.0,0.0,0.0,0.0,0.0,0.0,0.0,0.0,0.0,0.0,0.0,0.0,new20,55.0,91.52542372881356,5.5,7.627118644067797,17.0,27.11864406779661,42.09039548022599
sol,current_full,da-5-1,1,da-5-1--rep-001,0e9ecb6785a00f2a6404ebd5c22505a29aa7869e70a17f799e44688006b1fca9,100.0,100.0,93.0,86.66666666666667,86.0,7.0,6.333333333333329,0.6666666666666714,14.0,1.0,0.0,0.0,0.0,0.0,0.0,0.0,0.0,0.0,0.0,0.0,0.0,new20,32.0,52.54237288135593,56.0,93.22033898305085,13.0,20.338983050847457,55.367231638418076
sol,current_full,da-5-1,2,da-5-1--rep-002,447f6841feba72a1c7305fd5f4694e3b89ebaf80b324b00ee30e47c9f1cd2e72,100.0,100.0,91.0,88.66666666666667,94.0,9.0,2.3333333333333286,-5.333333333333329,6.0,1.0,0.0,0.0,0.0,0.0,0.0,0.0,0.0,0.0,0.0,0.0,0.0,new20,39.5,65.2542372881356,48.0,79.66101694915254,4.5,5.932203389830509,50.282485875706215
sol,current_full,da-5-1,3,da-5-1--rep-003,50dcd82522cb2a7e033864a427abff94011794f0525d055aa3bf2649aac4d7d6,100.0,100.0,100.0,100.0,84.0,0.0,0.0,16.0,16.0,1.0,0.0,0.0,0.0,0.0,0.0,0.0,0.0,0.0,0.0,0.0,0.0,new20,13.5,21.1864406779661,26.5,43.220338983050844,36.0,59.32203389830509,41.24293785310734
sol,current_full,da-6-5,1,da-6-5--rep-001,204ec4c9b9d59a0ac9aa0262bd576f273abbe802751636d502bf3e6e440e093b,100.0,100.0,100.0,100.0,32.0,0.0,0.0,68.0,68.0,0.0,0.0,0.0,0.0,0.0,0.0,0.0,0.0,0.0,0.0,0.0,0.0,new20,13.5,21.1864406779661,26.5,43.220338983050844,60.0,100.0,54.80225988700565
sol,current_full,da-6-5,2,da-6-5--rep-002,1a87d8d001b31de9f609ac7ab62adede44ffc345b61e8305473fdb1f3ebd4359,100.0,100.0,100.0,100.0,58.0,0.0,0.0,42.0,42.0,0.0,0.0,0.0,0.0,0.0,0.0,0.0,0.0,0.0,0.0,0.0,0.0,new20,13.5,21.1864406779661,26.5,43.220338983050844,52.0,86.44067796610169,50.282485875706215
sol,current_full,da-6-5,3,da-6-5--rep-003,8af52c49619255fa187ee348f500b22219597585f823d52ccd37cd870abc3d2e,100.0,100.0,100.0,100.0,82.0,0.0,0.0,18.0,18.0,0.0,0.0,0.0,0.0,0.0,0.0,0.0,0.0,0.0,0.0,0.0,0.0,new20,13.5,21.1864406779661,26.5,43.220338983050844,40.0,66.10169491525424,43.502824858757066
sol,current_full,da-8-1,1,da-8-1--rep-001,12b660169831b7d224b4965ac0c46aa7ed8d9ea94d4e86eb570e6fc48dd7df27,100.0,100.0,100.0,100.0,84.0,0.0,0.0,16.0,16.0,0.0,0.0,0.0,0.0,0.0,0.0,0.0,0.0,0.0,0.0,0.0,0.0,new20,13.5,21.1864406779661,26.5,43.220338983050844,36.0,59.32203389830509,41.24293785310734
sol,current_full,da-8-1,2,da-8-1--rep-002,366823a759f2cd52c6f0192ce41284a997e69ddd99c70aab6cf92e02b30ac9ad,100.0,100.0,100.0,95.0,82.0,0.0,5.0,13.0,18.0,0.0,0.0,0.0,0.0,0.0,0.0,0.0,0.0,0.0,0.0,0.0,0.0,new20,13.5,21.1864406779661,54.5,90.67796610169492,30.0,49.152542372881356,53.67231638418079
sol,current_full,da-8-1,3,da-8-1--rep-003,4c4f2ff267fd6679892b6e1496a8558f7d0faf229ae460aeb5326b3900847a04,100.0,100.0,92.0,92.0,48.0,8.0,0.0,44.0,52.0,1.0,0.0,0.0,0.0,0.0,0.0,0.0,0.0,0.0,0.0,0.0,0.0,new20,36.0,59.32203389830509,26.5,43.220338983050844,54.0,89.83050847457628,64.12429378531074
sol,current_full,da-8-3,1,da-8-3--rep-001,7d8e335f91a45848411b998c1a5cb1e115fd1bedd3088bd1a168c5753fe63bd3,100.0,100.0,95.0,98.33333333333333,55.0,5.0,-3.3333333333333286,43.33333333333333,45.0,0.0,0.0,0.0,0.0,0.0,0.0,1.0,0.0,0.0,0.0,0.0,0.0,new20,28.0,45.76271186440678,5.5,7.627118644067797,53.0,88.13559322033899,47.175141242937855
sol,current_full,da-8-3,2,da-8-3--rep-002,0a30c0f00519fd449b9f5a56c6be7d93456e18f43041e52c1fbba34ab2a6c9c9,100.0,100.0,92.0,92.0,28.0,8.0,0.0,64.0,72.0,0.0,0.0,0.0,0.0,0.0,0.0,1.0,0.0,0.0,0.0,0.0,0.0,new20,36.0,59.32203389830509,26.5,43.220338983050844,59.0,98.30508474576271,66.94915254237289
sol,current_full,da-8-3,3,da-8-3--rep-003,8f08bf1a373529a65fc062e76eda747144d6180f37330377e0168e932ef9723e,100.0,100.0,87.0,88.66666666666667,35.0,13.0,-1.6666666666666714,53.66666666666667,65.0,2.0,0.0,0.0,4.0,0.0,0.0,0.0,0.0,0.0,0.0,0.0,0.0,new20,44.5,73.72881355932203,8.5,12.711864406779661,57.0,94.91525423728814,60.451977401129945
sol,current_full,da-9-1,1,da-9-1--rep-001,03df4078648b486b92503b2b6f0f3c5a8d7adf29720b8c6981634f2cc6d4ce4f,100.0,100.0,100.0,100.0,71.0,0.0,0.0,29.0,29.0,1.0,0.0,0.0,0.0,0.0,0.0,0.0,0.0,0.0,0.0,0.0,0.0,new20,13.5,21.1864406779661,26.5,43.220338983050844,50.0,83.05084745762711,49.152542372881356
sol,current_full,da-9-1,2,da-9-1--rep-002,5e6269a054e2ba527a66a7f2b568da3cd3763b853ec88db9d626e4b5e6e66170,100.0,100.0,100.0,100.0,78.0,0.0,0.0,22.0,22.0,9.0,100.0,0.0,0.0,0.0,0.0,0.0,0.0,0.0,0.0,0.0,0.0,new20,13.5,21.1864406779661,26.5,43.220338983050844,45.5,75.42372881355932,46.610169491525426
sol,current_full,da-9-1,3,da-9-1--rep-003,341dec816c312ddeb50bc186c59bdecc547e7568e20bcc64e7ed381f0a0be05c,100.0,100.0,100.0,100.0,88.0,0.0,0.0,12.0,12.0,0.0,0.0,0.0,0.0,0.0,0.0,0.0,0.0,0.0,0.0,0.0,0.0,new20,13.5,21.1864406779661,26.5,43.220338983050844,27.0,44.067796610169495,36.15819209039548
sol,current_full,da-9-7,1,da-9-7--rep-001,0a628d405fd5de3e7f3c2095bec2cdd70dcaf101770947b4f6d1595fb70bfa8a,100.0,100.0,100.0,100.0,94.0,0.0,0.0,6.0,6.0,0.0,0.0,0.0,0.0,0.0,0.0,0.0,0.0,0.0,0.0,0.0,0.0,new20,13.5,21.1864406779661,26.5,43.220338983050844,19.5,31.35593220338983,31.92090395480226
sol,current_full,da-9-7,2,da-9-7--rep-002,a48d5584d1cda0f414be705fb4ffa0ac4708fa19d2013b3b9ca4ef4c69c32de4,100.0,100.0,70.0,70.0,94.0,30.0,0.0,-24.0,6.0,1.0,0.0,0.0,0.0,0.0,0.0,0.0,0.0,0.0,0.0,0.0,0.0,new20,56.0,93.22033898305085,26.5,43.220338983050844,1.0,0.0,45.48022598870057
sol,current_full,da-9-7,3,da-9-7--rep-003,99e00800ef6d12badf8dff8274ce657323e98b12bd2973f1c4bb9e3dda6a13d6,93.0,93.0,86.0,86.0,86.0,7.0,0.0,0.0,7.0,1.0,0.0,0.0,3.0,0.0,0.0,1.0,0.0,0.0,4.0,0.0,0.0,new20,32.0,52.54237288135593,26.5,43.220338983050844,12.0,18.64406779661017,38.13559322033898
sol,current_user,da-1-3,1,da-1-3--rep-001,5d3ef64216240a0b1df0133b1835ab72e2bab2d1a31f9acbdd11f9c35f20bb47,100.0,100.0,100.0,99.0,94.0,0.0,1.0,5.0,6.0,0.0,0.0,0.0,0.0,0.0,0.0,0.0,0.0,0.0,0.0,0.0,0.0,new20,11.5,17.796610169491526,38.0,62.71186440677966,32.5,53.389830508474574,44.632768361581924
sol,current_user,da-1-3,2,da-1-3--rep-002,31177b6bf749aa9955327185f9607c4c0290659aae41c44b65448ddff613b8ae,100.0,100.0,100.0,94.0,93.0,0.0,6.0,1.0,7.0,3.0,0.0,0.0,2.0,0.0,0.0,0.0,0.0,0.0,0.0,0.0,0.0,new20,11.5,17.796610169491526,52.5,87.28813559322033,28.0,45.76271186440678,50.282485875706215
sol,current_user,da-1-3,3,da-1-3--rep-003,831ad3c7154ae1a059582999abac0191237eaf9b72aed0dddccd784299cc861f,100.0,100.0,97.0,95.66666666666667,84.0,3.0,1.3333333333333286,11.666666666666671,16.0,1.0,0.0,0.0,1.0,0.0,0.0,0.0,0.0,0.0,0.0,0.0,0.0,new20,22.0,35.59322033898305,39.0,64.40677966101696,42.0,69.49152542372882,56.49717514124294
sol,current_user,da-1-4,1,da-1-4--rep-001,8579f1d69821d8f95467324681e5de48dc9b533437b308282872bc828b2f3f12,91.0,91.0,96.0,90.33333333333333,96.0,-5.0,5.666666666666671,-5.666666666666671,-5.0,0.0,0.0,0.0,0.0,0.0,0.0,0.0,0.0,0.0,0.0,0.0,0.0,new20,2.0,1.694915254237288,51.0,84.7457627118644,18.0,28.8135593220339,38.4180790960452
sol,current_user,da-1-4,2,da-1-4--rep-002,16cc9e2d573864e05955a3fcacf526cb3b7f6fe9278bdf5ef17ad88a084562b5,100.0,100.0,100.0,100.0,92.0,0.0,0.0,8.0,8.0,1.0,0.0,0.0,0.0,0.0,0.0,1.0,0.0,0.0,0.0,0.0,0.0,new20,11.5,17.796610169491526,22.0,35.59322033898305,36.0,59.32203389830509,37.570621468926554
sol,current_user,da-1-4,3,da-1-4--rep-003,60154c27e2ab3ff3bc19f636dc862c2a62a671934f29e94a788238946ea54b61,100.0,100.0,100.0,100.0,58.0,0.0,0.0,42.0,42.0,0.0,0.0,0.0,0.0,0.0,0.0,0.0,0.0,0.0,0.0,0.0,0.0,new20,11.5,17.796610169491526,22.0,35.59322033898305,58.0,96.61016949152543,50.0
sol,current_user,da-17-1,1,da-17-1--rep-001,3a56cdb61ae0719d9193a75a6324c276717d48d5b909f473aeea1db823071664,90.0,90.0,90.0,90.0,82.0,0.0,0.0,8.0,8.0,2.0,0.0,0.0,6.0,100.0,0.0,0.0,0.0,0.0,1.0,0.0,0.0,new20,11.5,17.796610169491526,22.0,35.59322033898305,36.0,59.32203389830509,37.570621468926554
sol,current_user,da-17-1,2,da-17-1--rep-002,c18b5fb1f06017d423bdb0e846f6c0aa380be15a5d2b59825a95b97933b6d655,90.0,90.0,81.0,75.66666666666667,72.0,9.0,5.333333333333329,3.6666666666666714,18.0,4.0,0.0,0.0,5.0,0.0,100.0,0.0,0.0,0.0,3.0,0.0,0.0,new20,34.0,55.932203389830505,49.5,82.20338983050847,30.0,49.152542372881356,62.429378531073446
sol,current_user,da-17-1,3,da-17-1--rep-003,75e9a1196d77215c4c97eb668131739ec5c76d0135c82fd2fff693ae81d382e5,90.0,90.0,81.0,81.0,92.0,9.0,0.0,-11.0,-2.0,8.0,100.0,0.0,1.0,0.0,0.0,0.0,0.0,0.0,0.0,0.0,0.0,new20,34.0,55.932203389830505,22.0,35.59322033898305,12.0,18.64406779661017,36.72316384180791
sol,current_user,da-17-3,1,da-17-3--rep-001,0f523220dc1cf46b2b8b8311258233a9d91daed3f3c20ccdaa93be77451a79a2,39.0,39.0,7.0,7.333333333333333,18.0,32.0,-0.33333333333333304,-10.666666666666668,21.0,0.0,0.0,0.0,0.0,0.0,0.0,0.0,0.0,0.0,0.0,0.0,0.0,new20,58.5,97.45762711864407,7.0,10.169491525423728,13.0,20.338983050847457,42.655367231638415
sol,current_user,da-17-3,2,da-17-3--rep-002,3cb2307c0fe0a04eb1cebca83ba04c0ea03bfa6618daecae4cd0e71020bdd75f,22.0,22.0,7.0,7.0,12.0,15.0,0.0,-5.0,10.0,0.0,0.0,0.0,0.0,0.0,0.0,0.0,0.0,0.0,0.0,0.0,0.0,new20,43.5,72.03389830508475,22.0,35.59322033898305,19.0,30.508474576271187,46.045197740113
sol,current_user,da-17-3,3,da-17-3--rep-003,920bba4d837f25ef9bee6dedaac8d6a2ab425f159ed5c57a0c9a8b16188358be,100.0,100.0,72.0,63.666666666666664,71.0,28.0,8.333333333333336,-7.333333333333336,29.0,3.0,0.0,0.0,2.0,0.0,0.0,0.0,0.0,0.0,1.0,0.0,0.0,new20,57.0,94.91525423728814,59.0,98.30508474576271,15.0,23.728813559322035,72.31638418079096
sol,current_user,da-17-5,1,da-17-5--rep-001,6fd9cf0814ce9b2e53274edfc83e64e9f7f2683eb8909c5180393a5c5857344e,90.0,90.0,90.0,87.33333333333333,88.0,0.0,2.6666666666666714,-0.6666666666666714,2.0,2.0,0.0,0.0,2.0,0.0,0.0,0.0,0.0,0.0,0.0,0.0,0.0,new20,11.5,17.796610169491526,42.0,69.49152542372882,26.0,42.3728813559322,43.22033898305085
sol,current_user,da-17-5,2,da-17-5--rep-002,4eeb59cd6397fc912888a0d0ca2c1b1b5d9b008f1b82f2d0eef0eb130b6f98b7,77.0,77.0,75.0,67.66666666666667,42.0,2.0,7.333333333333329,25.66666666666667,35.0,2.0,0.0,0.0,1.0,0.0,0.0,0.0,0.0,0.0,0.0,0.0,0.0,new20,21.0,33.898305084745765,55.5,92.37288135593221,51.5,85.59322033898304,70.62146892655367
sol,current_user,da-17-5,3,da-17-5--rep-003,2489e5ff53145ddcd4e05c088183921a9cdc4e8e3cb24e7f9cd0b7b7b06437c3,90.0,90.0,82.0,74.0,92.0,8.0,8.0,-18.0,-2.0,1.0,0.0,0.0,0.0,0.0,0.0,0.0,0.0,0.0,1.0,0.0,0.0,new20,31.0,50.847457627118644,57.5,95.76271186440678,4.5,5.932203389830509,50.847457627118644
sol,current_user,da-19-3,1,da-19-3--rep-001,71621ae228a547058abce0bb3162089a4709b0f092eab36a0b208b47a2ecc454,100.0,100.0,100.0,100.0,86.0,0.0,0.0,14.0,14.0,0.0,0.0,0.0,0.0,0.0,0.0,0.0,0.0,0.0,1.0,0.0,0.0,new20,11.5,17.796610169491526,22.0,35.59322033898305,43.0,71.1864406779661,41.525423728813564
sol,current_user,da-19-3,2,da-19-3--rep-002,4d3b1ab1e95978cf8c45396e1807af6c161ccc964081843d7b5ae23488b7ea11,100.0,100.0,100.0,100.0,62.0,0.0,0.0,38.0,38.0,0.0,0.0,0.0,0.0,0.0,0.0,0.0,0.0,0.0,0.0,0.0,0.0,new20,11.5,17.796610169491526,22.0,35.59322033898305,57.0,94.91525423728814,49.43502824858757
sol,current_user,da-19-3,3,da-19-3--rep-003,205f21c0a39e966e073f859acac41bfd84fe8712855dcd9ea27a6fda0dac3977,100.0,100.0,95.0,90.0,68.0,5.0,5.0,22.0,32.0,1.0,0.0,0.0,0.0,0.0,0.0,0.0,0.0,0.0,0.0,0.0,0.0,new20,25.5,41.52542372881356,47.0,77.96610169491525,48.0,79.66101694915254,66.38418079096044
sol,current_user,da-20-1,1,da-20-1--rep-001,ac5bc1975bea03b52142fb9d96b87eee16c2e7932b624241b92093a670009a34,90.0,90.0,58.0,61.333333333333336,73.0,32.0,-3.3333333333333357,-11.666666666666664,17.0,2.0,0.0,0.0,2.0,0.0,0.0,0.0,0.0,0.0,1.0,0.0,0.0,new20,58.5,97.45762711864407,4.0,5.084745762711864,11.0,16.949152542372882,39.83050847457627
sol,current_user,da-20-1,2,da-20-1--rep-002,f89dfdcd5ba5a9a7eb53afb28fb814752fb5f0939a7a11b52df372b18f33a4cc,100.0,100.0,78.0,78.0,94.0,22.0,0.0,-16.0,6.0,3.0,0.0,0.0,4.0,0.0,0.0,0.0,0.0,0.0,0.0,0.0,0.0,new20,51.5,85.59322033898304,22.0,35.59322033898305,6.0,8.474576271186441,43.220338983050844
sol,current_user,da-20-1,3,da-20-1--rep-003,cb8e213b6078b0aaece482f9edcdecff47e14757fff259382ba1302949f6d81b,95.0,95.0,73.0,76.33333333333333,62.0,22.0,-3.3333333333333286,14.333333333333329,33.0,1.0,0.0,0.0,1.0,0.0,0.0,2.0,0.0,0.0,1.0,0.0,0.0,new20,51.5,85.59322033898304,6.0,8.474576271186441,44.0,72.88135593220339,55.64971751412429
sol,current_user,da-20-4,1,da-20-4--rep-001,a59cb4449436be572741e57207c0b8349d4af3cec4b7a11624e5232452656a1b,10.0,10.0,0.0,3.3333333333333335,18.0,10.0,-3.3333333333333335,-14.666666666666666,-8.0,1.0,0.0,0.0,0.0,0.0,0.0,0.0,0.0,0.0,0.0,0.0,0.0,new20,36.5,60.16949152542373,5.0,6.779661016949152,7.0,10.169491525423728,25.706214689265536
sol,current_user,da-20-4,2,da-20-4--rep-002,93e7a748c785a09b6468dee524aafb1c6a3a772cad5c82b0a7a40cf92c8c88cd,10.0,10.0,10.0,5.0,18.0,0.0,5.0,-13.0,-8.0,1.0,0.0,0.0,0.0,0.0,0.0,0.0,0.0,0.0,0.0,0.0,0.0,new20,11.5,17.796610169491526,47.0,77.96610169491525,8.5,12.711864406779661,36.15819209039548
sol,current_user,da-20-4,3,da-20-4--rep-003,7a46c3791f7cda1ba6ce754b2c0b78db4e5cb43c70dbfd46f182b464ea81ec96,20.0,20.0,15.0,15.0,34.0,5.0,0.0,-19.0,-14.0,0.0,0.0,0.0,1.0,0.0,0.0,0.0,0.0,0.0,0.0,0.0,0.0,new20,25.5,41.52542372881356,22.0,35.59322033898305,3.0,3.389830508474576,26.836158192090394
sol,current_user,da-24-3,1,da-24-3--rep-001,f42a0cd151b82c3a74b7b662a0359972fd9674cdfba3795d430a44cc44ba7c1f,60.0,60.0,45.0,41.666666666666664,45.0,15.0,3.3333333333333357,-3.3333333333333357,15.0,1.0,0.0,0.0,1.0,0.0,0.0,1.0,0.0,0.0,0.0,0.0,0.0,new20,43.5,72.03389830508475,45.0,74.57627118644068,20.0,32.20338983050848,59.6045197740113
sol,current_user,da-24-3,2,da-24-3--rep-002,c5a98e2998fb1a3f97e55aaae028dd156508894a55d4435d0a332c3f12009cbd,100.0,100.0,80.0,80.0,52.0,20.0,0.0,28.0,48.0,1.0,0.0,0.0,0.0,0.0,0.0,0.0,0.0,0.0,0.0,0.0,0.0,new20,49.0,81.35593220338983,22.0,35.59322033898305,53.5,88.98305084745763,68.64406779661017
sol,current_user,da-24-3,3,da-24-3--rep-003,6f5fc7228728d8064939b62a52560d39ab1953d3a88485e4d7b579645d589e4c,80.0,80.0,70.0,70.0,42.0,10.0,0.0,28.0,38.0,2.0,0.0,0.0,2.0,0.0,0.0,0.0,0.0,0.0,0.0,0.0,0.0,new20,36.5,60.16949152542373,22.0,35.59322033898305,53.5,88.98305084745763,61.5819209039548
sol,current_user,da-26-2,1,da-26-2--rep-001,2a8b04e8c8b437605e2cd228425284166426486a42f851f4703c1abb58a9b77f,71.0,71.0,57.0,56.333333333333336,58.0,14.0,0.6666666666666643,-1.6666666666666643,13.0,1.0,0.0,0.0,1.0,0.0,0.0,1.0,0.0,0.0,0.0,0.0,0.0,new20,42.0,69.49152542372882,37.0,61.016949152542374,24.0,38.983050847457626,56.49717514124294
sol,current_user,da-26-2,2,da-26-2--rep-002,58874b5fe68471f4ecced1cee4e5de3ce39aaee5be34a1ad4bfa6218ed542d26,71.0,71.0,71.0,71.0,48.0,0.0,0.0,23.0,23.0,1.0,0.0,0.0,0.0,0.0,0.0,1.0,0.0,0.0,0.0,0.0,0.0,new20,11.5,17.796610169491526,22.0,35.59322033898305,50.0,83.05084745762711,45.48022598870057
sol,current_user,da-26-2,3,da-26-2--rep-003,952ad828727e8f15834dc02aaea754dd9cd678ba9bbab0521a1144fc06501cc9,71.0,71.0,44.0,24.0,42.0,27.0,20.0,-18.0,29.0,2.0,0.0,0.0,1.0,0.0,0.0,1.0,0.0,0.0,0.0,0.0,0.0,new20,55.5,92.37288135593221,60.0,100.0,4.5,5.932203389830509,66.10169491525424
sol,current_user,da-26-4,1,da-26-4--rep-001,74b79ff61d02b55681536fad0edac3c09ef1c45af43a38aa5e3f0438ec0251db,57.0,57.0,57.0,57.0,35.0,0.0,0.0,22.0,22.0,9.0,100.0,0.0,4.0,0.0,0.0,2.0,0.0,0.0,0.0,0.0,0.0,new20,11.5,17.796610169491526,22.0,35.59322033898305,48.0,79.66101694915254,44.35028248587571
sol,current_user,da-26-4,2,da-26-4--rep-002,698fe49708e2fa2dc8af5971682c794c63e9ac6c309ded101c26b0cd01005939,95.0,95.0,76.0,76.0,42.0,19.0,0.0,34.0,53.0,9.0,100.0,0.0,4.0,0.0,0.0,2.0,0.0,0.0,1.0,0.0,0.0,new20,47.5,78.8135593220339,22.0,35.59322033898305,56.0,93.22033898305085,69.2090395480226
sol,current_user,da-26-4,3,da-26-4--rep-003,12c91b4047c0caadaa2cb1762b837e99fb9a7a6d446b69dd083ca104de67ccf4,30.0,30.0,25.0,22.666666666666668,18.0,5.0,2.333333333333332,4.666666666666668,12.0,3.0,0.0,0.0,1.0,0.0,0.0,1.0,0.0,0.0,2.0,0.0,0.0,new20,25.5,41.52542372881356,41.0,67.79661016949153,31.0,50.847457627118644,53.389830508474574
sol,current_user,da-3-5,1,da-3-5--rep-001,2185ac6e96a5a87d7c8e3a9f5829f4593e61601ae86651971102e3d923328ae9,100.0,100.0,79.0,79.0,86.0,21.0,0.0,-7.0,14.0,0.0,0.0,0.0,0.0,0.0,0.0,0.0,0.0,0.0,0.0,0.0,0.0,new20,50.0,83.05084745762711,22.0,35.59322033898305,16.0,25.423728813559322,48.0225988700565
sol,current_user,da-3-5,2,da-3-5--rep-002,feaf90a8d7b2d3f52289ac777233d0518445a3e647c26eb6fc230c1c000c1780,100.0,100.0,100.0,100.0,98.0,0.0,0.0,2.0,2.0,0.0,0.0,0.0,0.0,0.0,0.0,0.0,0.0,0.0,0.0,0.0,0.0,new20,11.5,17.796610169491526,22.0,35.59322033898305,29.0,47.45762711864407,33.61581920903955
sol,current_user,da-3-5,3,da-3-5--rep-003,999f2c16809f8bba8130a006d8d304d37847e3c21f87cca78c2db08953e29947,100.0,100.0,92.0,92.0,82.0,8.0,0.0,10.0,18.0,0.0,0.0,0.0,0.0,0.0,0.0,0.0,0.0,0.0,0.0,0.0,0.0,new20,31.0,50.847457627118644,22.0,35.59322033898305,39.5,65.2542372881356,50.56497175141243
sol,current_user,da-4-1,1,da-4-1--rep-001,057f7a527956349d8e253766ccc333b25228f0214c7e702e4ebf01de87b2307d,86.0,86.0,93.0,87.66666666666667,70.0,-7.0,5.333333333333329,17.66666666666667,16.0,0.0,0.0,0.0,0.0,0.0,0.0,0.0,0.0,0.0,0.0,0.0,0.0,new20,1.0,0.0,49.5,82.20338983050847,45.0,74.57627118644068,52.259887005649716
sol,current_user,da-4-1,2,da-4-1--rep-002,9c53b773849793077259d4e4789c8a60a846b489413644588ffdff4ccc703068,100.0,100.0,84.0,84.0,76.0,16.0,0.0,8.0,24.0,1.0,0.0,0.0,1.0,0.0,0.0,0.0,0.0,0.0,0.0,0.0,0.0,new20,45.0,74.57627118644068,22.0,35.59322033898305,36.0,59.32203389830509,56.49717514124294
sol,current_user,da-4-1,3,da-4-1--rep-003,12bc3f0f681d221a15606bd1ce516f1379b00f4435c10022d511d369313b541f,93.0,93.0,84.0,87.66666666666667,78.0,9.0,-3.6666666666666714,9.666666666666671,15.0,2.0,0.0,0.0,1.0,0.0,0.0,0.0,0.0,0.0,1.0,0.0,0.0,new20,34.0,55.932203389830505,3.0,3.389830508474576,38.0,62.71186440677966,40.67796610169491
sol,current_user,da-4-6,1,da-4-6--rep-001,0f0c825028bfe48de9f7e71ca6d6c9e30ae4444a8d3e2245e6ee5822799c7574,100.0,100.0,100.0,92.66666666666667,95.0,0.0,7.333333333333329,-2.3333333333333286,5.0,0.0,0.0,0.0,0.0,0.0,0.0,0.0,0.0,0.0,0.0,0.0,0.0,new20,11.5,17.796610169491526,55.5,92.37288135593221,21.0,33.898305084745765,48.0225988700565
sol,current_user,da-4-6,2,da-4-6--rep-002,39b590a763de4b215ab3d3357d2fa8abeab53e8a5389223f3c85a536b87974f0,100.0,100.0,87.0,91.33333333333333,98.0,13.0,-4.333333333333329,-6.666666666666671,2.0,1.0,0.0,0.0,1.0,0.0,0.0,0.0,0.0,0.0,0.0,0.0,0.0,new20,41.0,67.79661016949153,2.0,1.694915254237288,17.0,27.11864406779661,32.20338983050848
sol,current_user,da-4-6,3,da-4-6--rep-003,4985a712df5c5253cfdc26000c68dd9533e7b619c638623d724eccf4af188d57,100.0,100.0,65.0,65.0,92.0,35.0,0.0,-27.0,8.0,0.0,0.0,0.0,0.0,0.0,0.0,0.0,0.0,0.0,0.0,0.0,0.0,new20,60.0,100.0,22.0,35.59322033898305,1.0,0.0,45.19774011299435
sol,current_user,da-5-1,1,da-5-1--rep-001,0e9ecb6785a00f2a6404ebd5c22505a29aa7869e70a17f799e44688006b1fca9,100.0,100.0,75.0,81.0,82.0,25.0,-6.0,-1.0,18.0,0.0,0.0,0.0,0.0,0.0,0.0,0.0,0.0,0.0,0.0,0.0,0.0,new20,54.0,89.83050847457628,1.0,0.0,25.0,40.67796610169491,43.502824858757066
sol,current_user,da-5-1,2,da-5-1--rep-002,447f6841feba72a1c7305fd5f4694e3b89ebaf80b324b00ee30e47c9f1cd2e72,100.0,100.0,88.0,82.0,95.0,12.0,6.0,-13.0,5.0,0.0,0.0,0.0,0.0,0.0,0.0,0.0,0.0,0.0,0.0,0.0,0.0,new20,39.5,65.2542372881356,52.5,87.28813559322033,8.5,12.711864406779661,55.08474576271186
sol,current_user,da-5-1,3,da-5-1--rep-003,50dcd82522cb2a7e033864a427abff94011794f0525d055aa3bf2649aac4d7d6,100.0,100.0,73.0,69.66666666666667,78.0,27.0,3.3333333333333286,-8.333333333333329,22.0,1.0,0.0,0.0,0.0,0.0,0.0,0.0,0.0,0.0,0.0,0.0,0.0,new20,55.5,92.37288135593221,43.5,72.03389830508475,14.0,22.033898305084747,62.14689265536723
sol,current_user,da-6-5,1,da-6-5--rep-001,204ec4c9b9d59a0ac9aa0262bd576f273abbe802751636d502bf3e6e440e093b,100.0,100.0,100.0,100.0,38.0,0.0,0.0,62.0,62.0,1.0,0.0,0.0,1.0,0.0,0.0,3.0,0.0,0.0,0.0,0.0,0.0,new20,11.5,17.796610169491526,22.0,35.59322033898305,60.0,100.0,51.12994350282486
sol,current_user,da-6-5,2,da-6-5--rep-002,1a87d8d001b31de9f609ac7ab62adede44ffc345b61e8305473fdb1f3ebd4359,100.0,100.0,100.0,100.0,78.0,0.0,0.0,22.0,22.0,2.0,0.0,0.0,0.0,0.0,0.0,0.0,0.0,0.0,0.0,0.0,0.0,new20,11.5,17.796610169491526,22.0,35.59322033898305,48.0,79.66101694915254,44.35028248587571
sol,current_user,da-6-5,3,da-6-5--rep-003,8af52c49619255fa187ee348f500b22219597585f823d52ccd37cd870abc3d2e,100.0,100.0,100.0,100.0,89.0,0.0,0.0,11.0,11.0,1.0,0.0,0.0,0.0,0.0,0.0,1.0,0.0,0.0,0.0,0.0,0.0,new20,11.5,17.796610169491526,22.0,35.59322033898305,41.0,67.79661016949153,40.395480225988706
sol,current_user,da-8-1,1,da-8-1--rep-001,12b660169831b7d224b4965ac0c46aa7ed8d9ea94d4e86eb570e6fc48dd7df27,100.0,100.0,92.0,92.0,82.0,8.0,0.0,10.0,18.0,1.0,0.0,0.0,1.0,0.0,0.0,0.0,0.0,0.0,0.0,0.0,0.0,new20,31.0,50.847457627118644,22.0,35.59322033898305,39.5,65.2542372881356,50.56497175141243
sol,current_user,da-8-1,2,da-8-1--rep-002,366823a759f2cd52c6f0192ce41284a997e69ddd99c70aab6cf92e02b30ac9ad,92.0,92.0,87.0,83.66666666666667,58.0,5.0,3.3333333333333286,25.66666666666667,34.0,2.0,0.0,0.0,2.0,0.0,0.0,0.0,0.0,0.0,0.0,0.0,0.0,new20,25.5,41.52542372881356,43.5,72.03389830508475,51.5,85.59322033898304,66.38418079096044
sol,current_user,da-8-1,3,da-8-1--rep-003,4c4f2ff267fd6679892b6e1496a8558f7d0faf229ae460aeb5326b3900847a04,100.0,100.0,100.0,100.0,82.0,0.0,0.0,18.0,18.0,0.0,0.0,0.0,0.0,0.0,0.0,0.0,0.0,0.0,0.0,0.0,0.0,new20,11.5,17.796610169491526,22.0,35.59322033898305,46.0,76.27118644067797,43.22033898305085
sol,current_user,da-8-3,1,da-8-3--rep-001,7d8e335f91a45848411b998c1a5cb1e115fd1bedd3088bd1a168c5753fe63bd3,100.0,100.0,96.0,88.0,57.0,4.0,8.0,31.0,43.0,2.0,0.0,0.0,1.0,0.0,0.0,1.0,0.0,0.0,2.0,0.0,0.0,new20,23.0,37.28813559322034,57.5,95.76271186440678,55.0,91.52542372881356,74.85875706214689
sol,current_user,da-8-3,2,da-8-3--rep-002,0a30c0f00519fd449b9f5a56c6be7d93456e18f43041e52c1fbba34ab2a6c9c9,92.0,92.0,68.0,66.33333333333333,68.0,24.0,1.6666666666666714,-1.6666666666666714,24.0,2.0,0.0,0.0,2.0,0.0,0.0,1.0,0.0,0.0,2.0,0.0,0.0,new20,53.0,88.13559322033899,40.0,66.10169491525424,23.0,37.28813559322034,63.841807909604526
sol,current_user,da-8-3,3,da-8-3--rep-003,8f08bf1a373529a65fc062e76eda747144d6180f37330377e0168e932ef9723e,100.0,100.0,100.0,93.0,43.0,0.0,7.0,50.0,57.0,9.0,100.0,0.0,9.0,100.0,0.0,1.0,0.0,0.0,1.0,0.0,0.0,new20,11.5,17.796610169491526,54.0,89.83050847457628,59.0,98.30508474576271,68.64406779661017
sol,current_user,da-9-1,1,da-9-1--rep-001,03df4078648b486b92503b2b6f0f3c5a8d7adf29720b8c6981634f2cc6d4ce4f,100.0,100.0,93.0,88.0,83.0,7.0,5.0,5.0,17.0,0.0,0.0,0.0,0.0,0.0,0.0,0.0,0.0,0.0,0.0,0.0,0.0,new20,28.5,46.610169491525426,47.0,77.96610169491525,32.5,53.389830508474574,59.32203389830509
sol,current_user,da-9-1,2,da-9-1--rep-002,5e6269a054e2ba527a66a7f2b568da3cd3763b853ec88db9d626e4b5e6e66170,100.0,100.0,81.0,81.0,74.0,19.0,0.0,7.0,26.0,0.0,0.0,0.0,0.0,0.0,0.0,0.0,0.0,0.0,0.0,0.0,0.0,new20,47.5,78.8135593220339,22.0,35.59322033898305,34.0,55.932203389830505,56.77966101694915
sol,current_user,da-9-1,3,da-9-1--rep-003,341dec816c312ddeb50bc186c59bdecc547e7568e20bcc64e7ed381f0a0be05c,100.0,100.0,88.0,88.0,88.0,12.0,0.0,0.0,12.0,1.0,0.0,0.0,1.0,0.0,0.0,0.0,0.0,0.0,0.0,0.0,0.0,new20,39.5,65.2542372881356,22.0,35.59322033898305,27.0,44.067796610169495,48.30508474576271
sol,current_user,da-9-7,1,da-9-7--rep-001,0a628d405fd5de3e7f3c2095bec2cdd70dcaf101770947b4f6d1595fb70bfa8a,93.0,93.0,86.0,86.0,98.0,7.0,0.0,-12.0,-5.0,6.0,100.0,0.0,7.0,100.0,0.0,0.0,0.0,0.0,1.0,0.0,0.0,new20,28.5,46.610169491525426,22.0,35.59322033898305,10.0,15.254237288135593,32.48587570621469
sol,current_user,da-9-7,2,da-9-7--rep-002,a48d5584d1cda0f414be705fb4ffa0ac4708fa19d2013b3b9ca4ef4c69c32de4,100.0,100.0,89.0,89.0,91.0,11.0,0.0,-2.0,9.0,2.0,0.0,0.0,0.0,0.0,0.0,1.0,0.0,0.0,0.0,0.0,0.0,new20,38.0,62.71186440677966,22.0,35.59322033898305,22.0,35.59322033898305,44.632768361581924
sol,current_user,da-9-7,3,da-9-7--rep-003,99e00800ef6d12badf8dff8274ce657323e98b12bd2973f1c4bb9e3dda6a13d6,93.0,93.0,75.0,75.0,97.0,18.0,0.0,-22.0,-4.0,0.0,0.0,0.0,0.0,0.0,0.0,0.0,0.0,0.0,0.0,0.0,0.0,new20,46.0,76.27118644067797,22.0,35.59322033898305,2.0,1.694915254237288,37.85310734463277
opus,current_full,da-1-3,1,da-1-3--rep-001,5d3ef64216240a0b1df0133b1835ab72e2bab2d1a31f9acbdd11f9c35f20bb47,100.0,100.0,95.0,95.0,83.0,5.0,0.0,12.0,17.0,1.0,0.0,0.0,1.0,0.0,0.0,1.0,0.0,0.0,1.0,0.0,0.0,new20,34.0,55.932203389830505,25.5,41.52542372881356,18.5,29.661016949152543,42.3728813559322
opus,current_full,da-1-3,2,da-1-3--rep-002,31177b6bf749aa9955327185f9607c4c0290659aae41c44b65448ddff613b8ae,100.0,100.0,100.0,98.0,85.0,0.0,2.0,13.0,15.0,1.0,0.0,0.0,1.0,0.0,0.0,1.0,0.0,0.0,1.0,0.0,0.0,new20,14.0,22.033898305084747,43.5,72.03389830508475,20.0,32.20338983050848,42.09039548022599
opus,current_full,da-1-3,3,da-1-3--rep-003,831ad3c7154ae1a059582999abac0191237eaf9b72aed0dddccd784299cc861f,100.0,100.0,87.0,88.0,62.0,13.0,-1.0,26.0,38.0,1.0,0.0,0.0,1.0,0.0,0.0,1.0,0.0,0.0,1.0,0.0,0.0,new20,46.5,77.11864406779661,10.0,15.254237288135593,43.0,71.1864406779661,54.51977401129943
opus,current_full,da-1-4,1,da-1-4--rep-001,8579f1d69821d8f95467324681e5de48dc9b533437b308282872bc828b2f3f12,100.0,100.0,100.0,100.0,85.0,0.0,0.0,15.0,15.0,1.0,0.0,0.0,1.0,0.0,0.0,1.0,0.0,0.0,1.0,0.0,0.0,new20,14.0,22.033898305084747,25.5,41.52542372881356,26.5,43.220338983050844,35.59322033898305
opus,current_full,da-1-4,2,da-1-4--rep-002,16cc9e2d573864e05955a3fcacf526cb3b7f6fe9278bdf5ef17ad88a084562b5,100.0,100.0,100.0,100.0,85.0,0.0,0.0,15.0,15.0,2.0,0.0,0.0,1.0,0.0,0.0,1.0,0.0,0.0,2.0,0.0,0.0,new20,14.0,22.033898305084747,25.5,41.52542372881356,26.5,43.220338983050844,35.59322033898305
opus,current_full,da-1-4,3,da-1-4--rep-003,60154c27e2ab3ff3bc19f636dc862c2a62a671934f29e94a788238946ea54b61,100.0,100.0,96.0,96.0,84.0,4.0,0.0,12.0,16.0,1.0,0.0,0.0,1.0,0.0,0.0,1.0,0.0,0.0,1.0,0.0,0.0,new20,29.0,47.45762711864407,25.5,41.52542372881356,18.5,29.661016949152543,39.548022598870055
opus,current_full,da-17-1,1,da-17-1--rep-001,3a56cdb61ae0719d9193a75a6324c276717d48d5b909f473aeea1db823071664,90.0,90.0,90.0,90.0,82.0,0.0,0.0,8.0,8.0,3.0,0.0,0.0,0.0,0.0,0.0,1.0,0.0,0.0,2.0,0.0,0.0,new20,14.0,22.033898305084747,25.5,41.52542372881356,12.0,18.64406779661017,27.401129943502823
opus,current_full,da-17-1,2,da-17-1--rep-002,c18b5fb1f06017d423bdb0e846f6c0aa380be15a5d2b59825a95b97933b6d655,90.0,90.0,90.0,87.33333333333333,74.0,0.0,2.6666666666666714,13.333333333333329,16.0,1.0,0.0,0.0,0.0,0.0,0.0,1.0,0.0,0.0,0.0,0.0,0.0,new20,14.0,22.033898305084747,46.0,76.27118644067797,21.5,34.74576271186441,44.35028248587571
opus,current_full,da-17-1,3,da-17-1--rep-003,75e9a1196d77215c4c97eb668131739ec5c76d0135c82fd2fff693ae81d382e5,90.0,90.0,77.0,77.0,84.0,13.0,0.0,-7.0,6.0,2.0,0.0,0.0,0.0,0.0,0.0,1.0,0.0,0.0,0.0,0.0,0.0,new20,46.5,77.11864406779661,25.5,41.52542372881356,2.0,1.694915254237288,40.112994350282484
opus,current_full,da-17-3,1,da-17-3--rep-001,0f523220dc1cf46b2b8b8311258233a9d91daed3f3c20ccdaa93be77451a79a2,100.0,100.0,73.0,72.66666666666667,38.0,27.0,0.3333333333333286,34.66666666666667,62.0,1.0,0.0,0.0,1.0,0.0,0.0,6.0,100.0,0.0,2.0,0.0,0.0,new20,58.5,97.45762711864407,40.0,66.10169491525424,49.0,81.35593220338983,81.63841807909604
opus,current_full,da-17-3,2,da-17-3--rep-002,3cb2307c0fe0a04eb1cebca83ba04c0ea03bfa6618daecae4cd0e71020bdd75f,56.0,51.0,31.0,22.666666666666668,22.0,25.0,8.333333333333332,0.6666666666666679,34.0,0.0,0.0,0.0,1.0,0.0,0.0,1.0,0.0,0.0,1.0,0.0,0.0,new20,57.0,94.91525423728814,57.0,94.91525423728814,7.0,10.169491525423728,66.66666666666667
opus,current_full,da-17-3,3,da-17-3--rep-003,920bba4d837f25ef9bee6dedaac8d6a2ab425f159ed5c57a0c9a8b16188358be,30.0,30.0,17.0,16.333333333333332,16.0,13.0,0.6666666666666679,0.33333333333333215,14.0,1.0,0.0,0.0,1.0,0.0,0.0,1.0,0.0,0.0,1.0,0.0,0.0,new20,46.5,77.11864406779661,41.0,67.79661016949153,6.0,8.474576271186441,51.12994350282486
opus,current_full,da-17-5,1,da-17-5--rep-001,6fd9cf0814ce9b2e53274edfc83e64e9f7f2683eb8909c5180393a5c5857344e,90.0,90.0,90.0,90.0,85.0,0.0,0.0,5.0,5.0,1.0,0.0,0.0,0.0,0.0,0.0,1.0,0.0,0.0,0.0,0.0,0.0,new20,14.0,22.033898305084747,25.5,41.52542372881356,9.0,13.559322033898304,25.706214689265536
opus,current_full,da-17-5,2,da-17-5--rep-002,4eeb59cd6397fc912888a0d0ca2c1b1b5d9b008f1b82f2d0eef0eb130b6f98b7,90.0,90.0,82.0,87.33333333333333,80.0,8.0,-5.333333333333329,7.333333333333329,10.0,1.0,0.0,0.0,1.0,0.0,0.0,1.0,0.0,0.0,1.0,0.0,0.0,new20,40.5,66.94915254237289,5.0,6.779661016949152,11.0,16.949152542372882,30.225988700564972
opus,current_full,da-17-5,3,da-17-5--rep-003,2489e5ff53145ddcd4e05c088183921a9cdc4e8e3cb24e7f9cd0b7b7b06437c3,90.0,90.0,90.0,84.66666666666667,74.0,0.0,5.333333333333329,10.666666666666671,16.0,2.0,0.0,0.0,2.0,0.0,0.0,2.0,0.0,0.0,0.0,0.0,0.0,new20,14.0,22.033898305084747,53.0,88.13559322033899,15.0,23.728813559322035,44.632768361581924
opus,current_full,da-19-3,1,da-19-3--rep-001,71621ae228a547058abce0bb3162089a4709b0f092eab36a0b208b47a2ecc454,100.0,100.0,95.0,96.66666666666667,71.0,5.0,-1.6666666666666714,25.66666666666667,29.0,7.0,100.0,0.0,1.0,0.0,0.0,1.0,0.0,0.0,1.0,0.0,0.0,new20,34.0,55.932203389830505,8.0,11.864406779661017,41.0,67.79661016949153,45.19774011299435
opus,current_full,da-19-3,2,da-19-3--rep-002,4d3b1ab1e95978cf8c45396e1807af6c161ccc964081843d7b5ae23488b7ea11,100.0,100.0,100.0,100.0,73.0,0.0,0.0,27.0,27.0,1.0,0.0,0.0,1.0,0.0,0.0,1.0,0.0,0.0,1.0,0.0,0.0,new20,14.0,22.033898305084747,25.5,41.52542372881356,45.0,74.57627118644068,46.045197740113
opus,current_full,da-19-3,3,da-19-3--rep-003,205f21c0a39e966e073f859acac41bfd84fe8712855dcd9ea27a6fda0dac3977,100.0,100.0,100.0,96.66666666666667,68.0,0.0,3.3333333333333286,28.66666666666667,32.0,1.0,0.0,0.0,1.0,0.0,0.0,1.0,0.0,0.0,1.0,0.0,0.0,new20,14.0,22.033898305084747,48.5,80.50847457627118,48.0,79.66101694915254,60.73446327683616
opus,current_full,da-20-1,1,da-20-1--rep-001,ac5bc1975bea03b52142fb9d96b87eee16c2e7932b624241b92093a670009a34,100.0,100.0,78.0,79.66666666666667,63.0,22.0,-1.6666666666666714,16.66666666666667,37.0,2.0,0.0,0.0,2.0,0.0,0.0,2.0,0.0,0.0,1.0,0.0,0.0,new20,52.0,86.44067796610169,8.0,11.864406779661017,29.0,47.45762711864407,48.58757062146893
opus,current_full,da-20-1,2,da-20-1--rep-002,f89dfdcd5ba5a9a7eb53afb28fb814752fb5f0939a7a11b52df372b18f33a4cc,83.0,83.0,25.0,37.0,18.0,58.0,-12.0,19.0,65.0,2.0,0.0,0.0,2.0,0.0,0.0,2.0,0.0,0.0,1.0,0.0,0.0,new20,60.0,100.0,1.0,0.0,32.5,53.389830508474574,51.12994350282486
opus,current_full,da-20-1,3,da-20-1--rep-003,cb8e213b6078b0aaece482f9edcdecff47e14757fff259382ba1302949f6d81b,100.0,100.0,95.0,95.0,74.0,5.0,0.0,21.0,26.0,3.0,0.0,0.0,1.0,0.0,0.0,1.0,0.0,0.0,1.0,0.0,0.0,new20,34.0,55.932203389830505,25.5,41.52542372881356,36.5,60.16949152542373,52.54237288135593
opus,current_full,da-20-4,1,da-20-4--rep-001,a59cb4449436be572741e57207c0b8349d4af3cec4b7a11624e5232452656a1b,10.0,10.0,5.0,5.0,12.0,5.0,0.0,-7.0,-2.0,9.0,100.0,0.0,5.0,0.0,100.0,2.0,0.0,0.0,2.0,0.0,0.0,new20,34.0,55.932203389830505,25.5,41.52542372881356,2.0,1.694915254237288,33.050847457627114
opus,current_full,da-20-4,2,da-20-4--rep-002,93e7a748c785a09b6468dee524aafb1c6a3a772cad5c82b0a7a40cf92c8c88cd,25.0,25.0,10.0,10.0,16.0,15.0,0.0,-6.0,9.0,10.0,100.0,0.0,1.0,0.0,0.0,2.0,0.0,0.0,0.0,0.0,0.0,new20,50.5,83.89830508474576,25.5,41.52542372881356,4.0,5.084745762711864,43.50282485875706
opus,current_full,da-20-4,3,da-20-4--rep-003,7a46c3791f7cda1ba6ce754b2c0b78db4e5cb43c70dbfd46f182b464ea81ec96,10.0,10.0,5.0,5.0,12.0,5.0,0.0,-7.0,-2.0,2.0,0.0,0.0,0.0,0.0,0.0,1.0,0.0,0.0,0.0,0.0,0.0,new20,34.0,55.932203389830505,25.5,41.52542372881356,2.0,1.694915254237288,33.050847457627114
opus,current_full,da-24-3,1,da-24-3--rep-001,f42a0cd151b82c3a74b7b662a0359972fd9674cdfba3795d430a44cc44ba7c1f,100.0,100.0,90.0,90.0,45.0,10.0,0.0,45.0,55.0,2.0,0.0,0.0,2.0,0.0,0.0,1.0,0.0,0.0,2.0,0.0,0.0,new20,43.5,72.03389830508475,25.5,41.52542372881356,55.5,92.37288135593221,68.64406779661017
opus,current_full,da-24-3,2,da-24-3--rep-002,c5a98e2998fb1a3f97e55aaae028dd156508894a55d4435d0a332c3f12009cbd,100.0,100.0,100.0,91.66666666666667,64.0,0.0,8.333333333333329,27.66666666666667,36.0,2.0,0.0,0.0,1.0,0.0,0.0,1.0,0.0,0.0,1.0,0.0,0.0,new20,14.0,22.033898305084747,55.5,92.37288135593221,46.0,76.27118644067797,63.559322033898304
opus,current_full,da-24-3,3,da-24-3--rep-003,6f5fc7228728d8064939b62a52560d39ab1953d3a88485e4d7b579645d589e4c,85.0,85.0,70.0,80.0,40.0,15.0,-10.0,40.0,45.0,2.0,0.0,0.0,2.0,0.0,0.0,1.0,0.0,0.0,1.0,0.0,0.0,new20,50.5,83.89830508474576,2.0,1.694915254237288,52.0,86.44067796610169,57.34463276836158
opus,current_full,da-26-2,1,da-26-2--rep-001,2a8b04e8c8b437605e2cd228425284166426486a42f851f4703c1abb58a9b77f,76.0,76.0,76.0,75.0,33.0,0.0,1.0,42.0,43.0,3.0,0.0,0.0,0.0,0.0,0.0,2.0,0.0,0.0,0.0,0.0,0.0,new20,14.0,22.033898305084747,42.0,69.49152542372882,53.5,88.98305084745763,60.16949152542373
opus,current_full,da-26-2,2,da-26-2--rep-002,58874b5fe68471f4ecced1cee4e5de3ce39aaee5be34a1ad4bfa6218ed542d26,100.0,100.0,97.0,99.0,38.0,3.0,-2.0,61.0,62.0,5.0,0.0,100.0,1.0,0.0,0.0,1.0,0.0,0.0,1.0,0.0,0.0,new20,28.0,45.76271186440678,6.0,8.474576271186441,59.0,98.30508474576271,50.847457627118644
opus,current_full,da-26-2,3,da-26-2--rep-003,952ad828727e8f15834dc02aaea754dd9cd678ba9bbab0521a1144fc06501cc9,76.0,76.0,76.0,71.0,26.0,0.0,5.0,45.0,50.0,2.0,0.0,0.0,1.0,0.0,0.0,1.0,0.0,0.0,1.0,0.0,0.0,new20,14.0,22.033898305084747,51.5,85.59322033898304,55.5,92.37288135593221,66.66666666666667
opus,current_full,da-26-4,1,da-26-4--rep-001,74b79ff61d02b55681536fad0edac3c09ef1c45af43a38aa5e3f0438ec0251db,95.0,95.0,85.0,76.66666666666667,30.0,10.0,8.333333333333329,46.66666666666667,65.0,3.0,0.0,0.0,2.0,0.0,0.0,2.0,0.0,0.0,2.0,0.0,0.0,new20,43.5,72.03389830508475,55.5,92.37288135593221,57.0,94.91525423728814,86.4406779661017
opus,current_full,da-26-4,2,da-26-4--rep-002,698fe49708e2fa2dc8af5971682c794c63e9ac6c309ded101c26b0cd01005939,63.0,63.0,36.0,42.333333333333336,31.0,27.0,-6.333333333333336,11.333333333333336,32.0,4.0,0.0,0.0,2.0,0.0,0.0,2.0,0.0,0.0,2.0,0.0,0.0,new20,58.5,97.45762711864407,3.0,3.389830508474576,17.0,27.11864406779661,42.655367231638415
opus,current_full,da-26-4,3,da-26-4--rep-003,12c91b4047c0caadaa2cb1762b837e99fb9a7a6d446b69dd083ca104de67ccf4,81.0,81.0,73.0,71.0,22.0,8.0,2.0,49.0,59.0,6.0,100.0,0.0,2.0,0.0,0.0,1.0,0.0,0.0,2.0,0.0,0.0,new20,40.5,66.94915254237289,43.5,72.03389830508475,58.0,96.61016949152543,78.53107344632768
opus,current_full,da-3-5,1,da-3-5--rep-001,2185ac6e96a5a87d7c8e3a9f5829f4593e61601ae86651971102e3d923328ae9,100.0,100.0,100.0,100.0,58.0,0.0,0.0,42.0,42.0,2.0,0.0,0.0,1.0,0.0,0.0,3.0,0.0,0.0,1.0,0.0,0.0,new20,14.0,22.033898305084747,25.5,41.52542372881356,53.5,88.98305084745763,50.847457627118644
opus,current_full,da-3-5,2,da-3-5--rep-002,feaf90a8d7b2d3f52289ac777233d0518445a3e647c26eb6fc230c1c000c1780,100.0,100.0,100.0,100.0,74.0,0.0,0.0,26.0,26.0,1.0,0.0,0.0,1.0,0.0,0.0,2.0,0.0,0.0,1.0,0.0,0.0,new20,14.0,22.033898305084747,25.5,41.52542372881356,43.0,71.1864406779661,44.91525423728814
opus,current_full,da-3-5,3,da-3-5--rep-003,999f2c16809f8bba8130a006d8d304d37847e3c21f87cca78c2db08953e29947,100.0,100.0,100.0,100.0,62.0,0.0,0.0,38.0,38.0,1.0,0.0,0.0,1.0,0.0,0.0,2.0,0.0,0.0,1.0,0.0,0.0,new20,14.0,22.033898305084747,25.5,41.52542372881356,51.0,84.7457627118644,49.43502824858757
opus,current_full,da-4-1,1,da-4-1--rep-001,057f7a527956349d8e253766ccc333b25228f0214c7e702e4ebf01de87b2307d,100.0,100.0,100.0,100.0,82.0,0.0,0.0,18.0,18.0,1.0,0.0,0.0,1.0,0.0,0.0,1.0,0.0,0.0,1.0,0.0,0.0,new20,14.0,22.033898305084747,25.5,41.52542372881356,30.5,50.0,37.85310734463277
opus,current_full,da-4-1,2,da-4-1--rep-002,9c53b773849793077259d4e4789c8a60a846b489413644588ffdff4ccc703068,100.0,100.0,100.0,97.66666666666667,84.0,0.0,2.3333333333333286,13.666666666666671,16.0,1.0,0.0,0.0,1.0,0.0,0.0,1.0,0.0,0.0,1.0,0.0,0.0,new20,14.0,22.033898305084747,45.0,74.57627118644068,23.5,38.13559322033898,44.91525423728814
opus,current_full,da-4-1,3,da-4-1--rep-003,12bc3f0f681d221a15606bd1ce516f1379b00f4435c10022d511d369313b541f,100.0,100.0,100.0,83.66666666666667,85.0,0.0,16.33333333333333,-1.3333333333333286,15.0,2.0,0.0,0.0,1.0,0.0,0.0,1.0,0.0,0.0,1.0,0.0,0.0,new20,14.0,22.033898305084747,60.0,100.0,5.0,6.779661016949152,42.93785310734464
opus,current_full,da-4-6,1,da-4-6--rep-001,0f0c825028bfe48de9f7e71ca6d6c9e30ae4444a8d3e2245e6ee5822799c7574,100.0,100.0,100.0,100.0,85.0,0.0,0.0,15.0,15.0,1.0,0.0,0.0,1.0,0.0,0.0,0.0,0.0,0.0,1.0,0.0,0.0,new20,14.0,22.033898305084747,25.5,41.52542372881356,26.5,43.220338983050844,35.59322033898305
opus,current_full,da-4-6,2,da-4-6--rep-002,39b590a763de4b215ab3d3357d2fa8abeab53e8a5389223f3c85a536b87974f0,100.0,100.0,87.0,87.0,72.0,13.0,0.0,15.0,28.0,2.0,0.0,0.0,1.0,0.0,0.0,1.0,0.0,0.0,1.0,0.0,0.0,new20,46.5,77.11864406779661,25.5,41.52542372881356,26.5,43.220338983050844,53.954802259887
opus,current_full,da-4-6,3,da-4-6--rep-003,4985a712df5c5253cfdc26000c68dd9533e7b619c638623d724eccf4af188d57,100.0,100.0,76.0,76.0,74.0,24.0,0.0,2.0,26.0,1.0,0.0,0.0,1.0,0.0,0.0,1.0,0.0,0.0,1.0,0.0,0.0,new20,54.5,90.67796610169492,25.5,41.52542372881356,8.0,11.864406779661017,48.0225988700565
opus,current_full,da-5-1,1,da-5-1--rep-001,0e9ecb6785a00f2a6404ebd5c22505a29aa7869e70a17f799e44688006b1fca9,100.0,100.0,100.0,95.33333333333333,82.0,0.0,4.666666666666671,13.333333333333329,18.0,3.0,0.0,0.0,1.0,0.0,0.0,1.0,0.0,0.0,1.0,0.0,0.0,new20,14.0,22.033898305084747,50.0,83.05084745762711,21.5,34.74576271186441,46.610169491525426
opus,current_full,da-5-1,2,da-5-1--rep-002,447f6841feba72a1c7305fd5f4694e3b89ebaf80b324b00ee30e47c9f1cd2e72,100.0,100.0,91.0,91.66666666666667,83.0,9.0,-0.6666666666666714,8.666666666666671,17.0,2.0,0.0,0.0,1.0,0.0,0.0,2.0,0.0,0.0,2.0,0.0,0.0,new20,42.0,69.49152542372882,11.0,16.949152542372882,13.0,20.338983050847457,35.59322033898305
opus,current_full,da-5-1,3,da-5-1--rep-003,50dcd82522cb2a7e033864a427abff94011794f0525d055aa3bf2649aac4d7d6,100.0,100.0,100.0,100.0,82.0,0.0,0.0,18.0,18.0,2.0,0.0,0.0,1.0,0.0,0.0,2.0,0.0,0.0,1.0,0.0,0.0,new20,14.0,22.033898305084747,25.5,41.52542372881356,30.5,50.0,37.85310734463277
opus,current_full,da-6-5,1,da-6-5--rep-001,204ec4c9b9d59a0ac9aa0262bd576f273abbe802751636d502bf3e6e440e093b,100.0,100.0,95.0,84.66666666666667,22.0,5.0,10.333333333333329,62.66666666666667,78.0,1.0,0.0,0.0,1.0,0.0,0.0,1.0,0.0,0.0,2.0,0.0,0.0,new20,34.0,55.932203389830505,58.0,96.61016949152543,60.0,100.0,84.18079096045197
opus,current_full,da-6-5,2,da-6-5--rep-002,1a87d8d001b31de9f609ac7ab62adede44ffc345b61e8305473fdb1f3ebd4359,100.0,100.0,100.0,100.0,74.0,0.0,0.0,26.0,26.0,1.0,0.0,0.0,1.0,0.0,0.0,1.0,0.0,0.0,1.0,0.0,0.0,new20,14.0,22.033898305084747,25.5,41.52542372881356,43.0,71.1864406779661,44.91525423728814
opus,current_full,da-6-5,3,da-6-5--rep-003,8af52c49619255fa187ee348f500b22219597585f823d52ccd37cd870abc3d2e,100.0,100.0,100.0,100.0,78.0,0.0,0.0,22.0,22.0,1.0,0.0,0.0,1.0,0.0,0.0,0.0,0.0,0.0,1.0,0.0,0.0,new20,14.0,22.033898305084747,25.5,41.52542372881356,38.5,63.559322033898304,42.3728813559322
opus,current_full,da-8-1,1,da-8-1--rep-001,12b660169831b7d224b4965ac0c46aa7ed8d9ea94d4e86eb570e6fc48dd7df27,100.0,100.0,100.0,100.0,79.0,0.0,0.0,21.0,21.0,1.0,0.0,0.0,1.0,0.0,0.0,1.0,0.0,0.0,1.0,0.0,0.0,new20,14.0,22.033898305084747,25.5,41.52542372881356,36.5,60.16949152542373,41.24293785310734
opus,current_full,da-8-1,2,da-8-1--rep-002,366823a759f2cd52c6f0192ce41284a997e69ddd99c70aab6cf92e02b30ac9ad,100.0,100.0,100.0,100.0,72.0,0.0,0.0,28.0,28.0,1.0,0.0,0.0,1.0,0.0,0.0,1.0,0.0,0.0,1.0,0.0,0.0,new20,14.0,22.033898305084747,25.5,41.52542372881356,47.0,77.96610169491525,47.175141242937855
opus,current_full,da-8-1,3,da-8-1--rep-003,4c4f2ff267fd6679892b6e1496a8558f7d0faf229ae460aeb5326b3900847a04,100.0,100.0,86.0,92.0,57.0,14.0,-6.0,35.0,43.0,2.0,0.0,0.0,1.0,0.0,0.0,1.0,0.0,0.0,0.0,0.0,0.0,new20,49.0,81.35593220338983,4.0,5.084745762711864,50.0,83.05084745762711,56.497175141242934
opus,current_full,da-8-3,1,da-8-3--rep-001,7d8e335f91a45848411b998c1a5cb1e115fd1bedd3088bd1a168c5753fe63bd3,100.0,100.0,76.0,68.33333333333333,62.0,24.0,7.666666666666671,6.333333333333329,38.0,0.0,0.0,0.0,1.0,0.0,0.0,1.0,0.0,0.0,1.0,0.0,0.0,new20,54.5,90.67796610169492,54.0,89.83050847457628,10.0,15.254237288135593,65.2542372881356
opus,current_full,da-8-3,2,da-8-3--rep-002,0a30c0f00519fd449b9f5a56c6be7d93456e18f43041e52c1fbba34ab2a6c9c9,100.0,100.0,76.0,76.0,54.0,24.0,0.0,22.0,46.0,1.0,0.0,0.0,1.0,0.0,0.0,1.0,0.0,0.0,0.0,0.0,0.0,new20,54.5,90.67796610169492,25.5,41.52542372881356,38.5,63.559322033898304,65.2542372881356
opus,current_full,da-8-3,3,da-8-3--rep-003,8f08bf1a373529a65fc062e76eda747144d6180f37330377e0168e932ef9723e,100.0,100.0,76.0,73.0,62.0,24.0,3.0,11.0,38.0,2.0,0.0,0.0,2.0,0.0,0.0,1.0,0.0,0.0,1.0,0.0,0.0,new20,54.5,90.67796610169492,47.0,77.96610169491525,16.0,25.423728813559322,64.68926553672317
opus,current_full,da-9-1,1,da-9-1--rep-001,03df4078648b486b92503b2b6f0f3c5a8d7adf29720b8c6981634f2cc6d4ce4f,100.0,100.0,95.0,96.66666666666667,72.0,5.0,-1.6666666666666714,24.66666666666667,28.0,2.0,0.0,0.0,1.0,0.0,0.0,1.0,0.0,0.0,2.0,0.0,0.0,new20,34.0,55.932203389830505,8.0,11.864406779661017,40.0,66.10169491525424,44.632768361581924
opus,current_full,da-9-1,2,da-9-1--rep-002,5e6269a054e2ba527a66a7f2b568da3cd3763b853ec88db9d626e4b5e6e66170,100.0,100.0,95.0,90.0,70.0,5.0,5.0,20.0,30.0,3.0,0.0,0.0,1.0,0.0,0.0,1.0,0.0,0.0,1.0,0.0,0.0,new20,34.0,55.932203389830505,51.5,85.59322033898304,34.5,56.779661016949156,66.10169491525423
opus,current_full,da-9-1,3,da-9-1--rep-003,341dec816c312ddeb50bc186c59bdecc547e7568e20bcc64e7ed381f0a0be05c,100.0,100.0,95.0,95.0,76.0,5.0,0.0,19.0,24.0,2.0,0.0,0.0,1.0,0.0,0.0,1.0,0.0,0.0,1.0,0.0,0.0,new20,34.0,55.932203389830505,25.5,41.52542372881356,32.5,53.389830508474574,50.282485875706215
opus,current_full,da-9-7,1,da-9-7--rep-001,0a628d405fd5de3e7f3c2095bec2cdd70dcaf101770947b4f6d1595fb70bfa8a,100.0,100.0,100.0,100.0,80.0,0.0,0.0,20.0,20.0,1.0,0.0,0.0,1.0,0.0,0.0,1.0,0.0,0.0,1.0,0.0,0.0,new20,14.0,22.033898305084747,25.5,41.52542372881356,34.5,56.779661016949156,40.112994350282484
opus,current_full,da-9-7,2,da-9-7--rep-002,a48d5584d1cda0f414be705fb4ffa0ac4708fa19d2013b3b9ca4ef4c69c32de4,100.0,100.0,93.0,89.66666666666667,76.0,7.0,3.3333333333333286,13.666666666666671,24.0,2.0,0.0,0.0,2.0,0.0,0.0,1.0,0.0,0.0,2.0,0.0,0.0,new20,39.0,64.40677966101696,48.5,80.50847457627118,23.5,38.13559322033898,61.016949152542374
opus,current_full,da-9-7,3,da-9-7--rep-003,99e00800ef6d12badf8dff8274ce657323e98b12bd2973f1c4bb9e3dda6a13d6,93.0,93.0,93.0,82.33333333333333,72.0,0.0,10.666666666666671,10.333333333333329,21.0,5.0,0.0,100.0,4.0,0.0,0.0,4.0,0.0,0.0,5.0,0.0,100.0,new20,14.0,22.033898305084747,59.0,98.30508474576271,14.0,22.033898305084747,47.45762711864407
opus,current_user,da-1-3,1,da-1-3--rep-001,5d3ef64216240a0b1df0133b1835ab72e2bab2d1a31f9acbdd11f9c35f20bb47,100.0,100.0,100.0,99.0,82.0,0.0,1.0,17.0,18.0,2.0,0.0,0.0,2.0,0.0,0.0,1.0,0.0,0.0,1.0,0.0,0.0,new20,14.5,22.88135593220339,29.5,48.30508474576271,39.0,64.40677966101696,45.19774011299435
opus,current_user,da-1-3,2,da-1-3--rep-002,31177b6bf749aa9955327185f9607c4c0290659aae41c44b65448ddff613b8ae,100.0,100.0,95.0,93.66666666666667,89.0,5.0,1.3333333333333286,4.666666666666671,11.0,3.0,0.0,0.0,3.0,0.0,0.0,1.0,0.0,0.0,1.0,0.0,0.0,new20,31.5,51.69491525423729,31.0,50.847457627118644,17.0,27.11864406779661,43.220338983050844
opus,current_user,da-1-3,3,da-1-3--rep-003,831ad3c7154ae1a059582999abac0191237eaf9b72aed0dddccd784299cc861f,100.0,100.0,93.0,87.0,84.0,7.0,6.0,3.0,16.0,1.0,0.0,0.0,1.0,0.0,0.0,1.0,0.0,0.0,2.0,0.0,0.0,new20,37.5,61.86440677966102,48.0,79.66101694915254,13.5,21.1864406779661,54.23728813559322
opus,current_user,da-1-4,1,da-1-4--rep-001,8579f1d69821d8f95467324681e5de48dc9b533437b308282872bc828b2f3f12,91.0,91.0,91.0,88.66666666666667,85.0,0.0,2.3333333333333286,3.6666666666666714,6.0,1.0,0.0,0.0,1.0,0.0,0.0,1.0,0.0,0.0,1.0,0.0,0.0,new20,14.5,22.88135593220339,36.5,60.16949152542373,15.0,23.728813559322035,35.59322033898305
opus,current_user,da-1-4,2,da-1-4--rep-002,16cc9e2d573864e05955a3fcacf526cb3b7f6fe9278bdf5ef17ad88a084562b5,100.0,100.0,100.0,98.0,85.0,0.0,2.0,13.0,15.0,1.0,0.0,0.0,1.0,0.0,0.0,1.0,0.0,0.0,1.0,0.0,0.0,new20,14.5,22.88135593220339,35.0,57.6271186440678,30.0,49.152542372881356,43.22033898305085
opus,current_user,da-1-4,3,da-1-4--rep-003,60154c27e2ab3ff3bc19f636dc862c2a62a671934f29e94a788238946ea54b61,100.0,100.0,100.0,98.33333333333333,85.0,0.0,1.6666666666666714,13.333333333333329,15.0,1.0,0.0,0.0,1.0,0.0,0.0,1.0,0.0,0.0,1.0,0.0,0.0,new20,14.5,22.88135593220339,34.0,55.932203389830505,31.0,50.847457627118644,43.220338983050844
opus,current_user,da-17-1,1,da-17-1--rep-001,3a56cdb61ae0719d9193a75a6324c276717d48d5b909f473aeea1db823071664,90.0,90.0,90.0,90.0,82.0,0.0,0.0,8.0,8.0,1.0,0.0,0.0,2.0,0.0,0.0,2.0,0.0,0.0,3.0,0.0,0.0,new20,14.5,22.88135593220339,20.0,32.20338983050848,22.0,35.59322033898305,30.225988700564972
opus,current_user,da-17-1,2,da-17-1--rep-002,c18b5fb1f06017d423bdb0e846f6c0aa380be15a5d2b59825a95b97933b6d655,90.0,90.0,82.0,75.33333333333333,85.0,8.0,6.666666666666671,-9.666666666666671,5.0,2.0,0.0,0.0,2.0,0.0,0.0,1.0,0.0,0.0,2.0,0.0,0.0,new20,41.0,67.79661016949153,49.5,82.20338983050847,4.0,5.084745762711864,51.69491525423729
opus,current_user,da-17-1,3,da-17-1--rep-003,75e9a1196d77215c4c97eb668131739ec5c76d0135c82fd2fff693ae81d382e5,90.0,90.0,90.0,85.0,80.0,0.0,5.0,5.0,10.0,4.0,0.0,0.0,2.0,0.0,0.0,1.0,0.0,0.0,1.0,0.0,0.0,new20,14.5,22.88135593220339,46.0,76.27118644067797,18.5,29.661016949152543,42.93785310734464
opus,current_user,da-17-3,1,da-17-3--rep-001,0f523220dc1cf46b2b8b8311258233a9d91daed3f3c20ccdaa93be77451a79a2,39.0,39.0,14.0,15.333333333333334,16.0,25.0,-1.333333333333334,-0.6666666666666661,23.0,0.0,0.0,0.0,1.0,0.0,0.0,1.0,0.0,0.0,1.0,0.0,0.0,new20,60.0,100.0,11.0,16.949152542372882,11.0,16.949152542372882,44.632768361581924
opus,current_user,da-17-3,2,da-17-3--rep-002,3cb2307c0fe0a04eb1cebca83ba04c0ea03bfa6618daecae4cd0e71020bdd75f,22.0,22.0,7.0,4.666666666666667,12.0,15.0,2.333333333333333,-7.333333333333333,10.0,1.0,0.0,0.0,1.0,0.0,0.0,1.0,0.0,0.0,0.0,0.0,0.0,new20,53.5,88.98305084745763,38.0,62.71186440677966,5.0,6.779661016949152,52.824858757062145
opus,current_user,da-17-3,3,da-17-3--rep-003,920bba4d837f25ef9bee6dedaac8d6a2ab425f159ed5c57a0c9a8b16188358be,100.0,100.0,82.0,74.33333333333333,68.0,18.0,7.666666666666671,6.333333333333329,32.0,2.0,0.0,0.0,2.0,0.0,0.0,1.0,0.0,0.0,1.0,0.0,0.0,new20,58.0,96.61016949152543,55.5,92.37288135593221,20.0,32.20338983050848,73.72881355932203
opus,current_user,da-17-5,1,da-17-5--rep-001,6fd9cf0814ce9b2e53274edfc83e64e9f7f2683eb8909c5180393a5c5857344e,90.0,90.0,90.0,90.0,78.0,0.0,0.0,12.0,12.0,1.0,0.0,0.0,2.0,0.0,0.0,1.0,0.0,0.0,0.0,0.0,0.0,new20,14.5,22.88135593220339,20.0,32.20338983050848,29.0,47.45762711864407,34.18079096045198
opus,current_user,da-17-5,2,da-17-5--rep-002,4eeb59cd6397fc912888a0d0ca2c1b1b5d9b008f1b82f2d0eef0eb130b6f98b7,77.0,77.0,90.0,76.33333333333333,30.0,-13.0,13.666666666666671,46.33333333333333,47.0,1.0,0.0,0.0,1.0,0.0,0.0,2.0,0.0,0.0,1.0,0.0,0.0,new20,1.0,0.0,58.5,97.45762711864407,59.0,98.30508474576271,65.2542372881356
opus,current_user,da-17-5,3,da-17-5--rep-003,2489e5ff53145ddcd4e05c088183921a9cdc4e8e3cb24e7f9cd0b7b7b06437c3,90.0,90.0,90.0,90.0,76.0,0.0,0.0,14.0,14.0,1.0,0.0,0.0,1.0,0.0,0.0,1.0,0.0,0.0,2.0,0.0,0.0,new20,14.5,22.88135593220339,20.0,32.20338983050848,33.0,54.23728813559322,36.440677966101696
opus,current_user,da-19-3,1,da-19-3--rep-001,71621ae228a547058abce0bb3162089a4709b0f092eab36a0b208b47a2ecc454,100.0,100.0,95.0,92.33333333333333,78.0,5.0,2.6666666666666714,14.333333333333329,22.0,2.0,0.0,0.0,1.0,0.0,0.0,1.0,0.0,0.0,1.0,0.0,0.0,new20,31.5,51.69491525423729,40.0,66.10169491525424,35.0,57.6271186440678,58.47457627118644
opus,current_user,da-19-3,2,da-19-3--rep-002,4d3b1ab1e95978cf8c45396e1807af6c161ccc964081843d7b5ae23488b7ea11,100.0,100.0,100.0,100.0,80.0,0.0,0.0,20.0,20.0,1.0,0.0,0.0,0.0,0.0,0.0,0.0,0.0,0.0,1.0,0.0,0.0,new20,14.5,22.88135593220339,20.0,32.20338983050848,42.0,69.49152542372882,41.525423728813564
opus,current_user,da-19-3,3,da-19-3--rep-003,205f21c0a39e966e073f859acac41bfd84fe8712855dcd9ea27a6fda0dac3977,100.0,100.0,100.0,96.66666666666667,80.0,0.0,3.3333333333333286,16.66666666666667,20.0,1.0,0.0,0.0,1.0,0.0,0.0,1.0,0.0,0.0,1.0,0.0,0.0,new20,14.5,22.88135593220339,43.0,71.1864406779661,38.0,62.71186440677966,52.259887005649716
opus,current_user,da-20-1,1,da-20-1--rep-001,ac5bc1975bea03b52142fb9d96b87eee16c2e7932b624241b92093a670009a34,90.0,90.0,78.0,71.33333333333333,62.0,12.0,6.666666666666671,9.333333333333329,28.0,2.0,0.0,0.0,1.0,0.0,0.0,1.0,0.0,0.0,0.0,0.0,0.0,new20,45.0,74.57627118644068,49.5,82.20338983050847,23.0,37.28813559322034,64.68926553672316
opus,current_user,da-20-1,2,da-20-1--rep-002,f89dfdcd5ba5a9a7eb53afb28fb814752fb5f0939a7a11b52df372b18f33a4cc,100.0,100.0,88.0,84.66666666666667,86.0,12.0,3.3333333333333286,-1.3333333333333286,14.0,2.0,0.0,0.0,3.0,0.0,0.0,1.0,0.0,0.0,1.0,0.0,0.0,new20,45.0,74.57627118644068,43.0,71.1864406779661,9.0,13.559322033898304,53.10734463276836
opus,current_user,da-20-1,3,da-20-1--rep-003,cb8e213b6078b0aaece482f9edcdecff47e14757fff259382ba1302949f6d81b,95.0,95.0,83.0,64.66666666666667,62.0,12.0,18.33333333333333,2.6666666666666714,33.0,1.0,0.0,0.0,1.0,0.0,0.0,1.0,0.0,0.0,1.0,0.0,0.0,new20,45.0,74.57627118644068,60.0,100.0,12.0,18.64406779661017,64.40677966101696
opus,current_user,da-20-4,1,da-20-4--rep-001,a59cb4449436be572741e57207c0b8349d4af3cec4b7a11624e5232452656a1b,10.0,10.0,5.0,3.3333333333333335,16.0,5.0,1.6666666666666665,-12.666666666666666,-6.0,1.0,0.0,0.0,0.0,0.0,0.0,0.0,0.0,0.0,0.0,0.0,0.0,new20,31.5,51.69491525423729,33.0,54.23728813559322,3.0,3.389830508474576,36.440677966101696
opus,current_user,da-20-4,2,da-20-4--rep-002,93e7a748c785a09b6468dee524aafb1c6a3a772cad5c82b0a7a40cf92c8c88cd,10.0,10.0,5.0,10.0,16.0,5.0,-5.0,-6.0,-6.0,1.0,0.0,0.0,0.0,0.0,0.0,1.0,0.0,0.0,0.0,0.0,0.0,new20,31.5,51.69491525423729,8.0,11.864406779661017,6.0,8.474576271186441,24.01129943502825
opus,current_user,da-20-4,3,da-20-4--rep-003,7a46c3791f7cda1ba6ce754b2c0b78db4e5cb43c70dbfd46f182b464ea81ec96,20.0,20.0,15.0,13.333333333333334,42.0,5.0,1.666666666666666,-28.666666666666664,-22.0,1.0,0.0,0.0,1.0,0.0,0.0,1.0,0.0,0.0,1.0,0.0,0.0,new20,31.5,51.69491525423729,32.0,52.54237288135593,1.0,0.0,34.74576271186441
opus,current_user,da-24-3,1,da-24-3--rep-001,f42a0cd151b82c3a74b7b662a0359972fd9674cdfba3795d430a44cc44ba7c1f,60.0,60.0,48.0,53.666666666666664,68.0,12.0,-5.666666666666664,-14.333333333333336,-8.0,2.0,0.0,0.0,3.0,0.0,0.0,1.0,0.0,0.0,1.0,0.0,0.0,new20,45.0,74.57627118644068,6.0,8.474576271186441,2.0,1.694915254237288,28.24858757062147
opus,current_user,da-24-3,2,da-24-3--rep-002,c5a98e2998fb1a3f97e55aaae028dd156508894a55d4435d0a332c3f12009cbd,100.0,100.0,95.0,95.0,58.0,5.0,0.0,37.0,42.0,1.0,0.0,0.0,1.0,0.0,0.0,1.0,0.0,0.0,0.0,0.0,0.0,new20,31.5,51.69491525423729,20.0,32.20338983050848,54.0,89.83050847457628,57.909604519774014
opus,current_user,da-24-3,3,da-24-3--rep-003,6f5fc7228728d8064939b62a52560d39ab1953d3a88485e4d7b579645d589e4c,80.0,80.0,80.0,70.0,67.0,0.0,10.0,3.0,13.0,2.0,0.0,0.0,1.0,0.0,0.0,1.0,0.0,0.0,0.0,0.0,0.0,new20,14.5,22.88135593220339,57.0,94.91525423728814,13.5,21.1864406779661,46.32768361581921
opus,current_user,da-26-2,1,da-26-2--rep-001,2a8b04e8c8b437605e2cd228425284166426486a42f851f4703c1abb58a9b77f,71.0,71.0,71.0,70.0,36.0,0.0,1.0,34.0,35.0,2.0,0.0,0.0,1.0,0.0,0.0,1.0,0.0,0.0,1.0,0.0,0.0,new20,14.5,22.88135593220339,29.5,48.30508474576271,52.5,87.28813559322033,52.824858757062145
opus,current_user,da-26-2,2,da-26-2--rep-002,58874b5fe68471f4ecced1cee4e5de3ce39aaee5be34a1ad4bfa6218ed542d26,71.0,71.0,66.0,71.66666666666667,29.0,5.0,-5.666666666666671,42.66666666666667,42.0,2.0,0.0,0.0,0.0,0.0,0.0,1.0,0.0,0.0,0.0,0.0,0.0,new20,31.5,51.69491525423729,5.0,6.779661016949152,58.0,96.61016949152543,51.69491525423729
opus,current_user,da-26-2,3,da-26-2--rep-003,952ad828727e8f15834dc02aaea754dd9cd678ba9bbab0521a1144fc06501cc9,71.0,71.0,58.0,58.0,24.0,13.0,0.0,34.0,47.0,2.0,0.0,0.0,1.0,0.0,0.0,1.0,0.0,0.0,1.0,0.0,0.0,new20,49.5,82.20338983050847,20.0,32.20338983050848,52.5,87.28813559322033,67.23163841807909
opus,current_user,da-26-4,1,da-26-4--rep-001,74b79ff61d02b55681536fad0edac3c09ef1c45af43a38aa5e3f0438ec0251db,57.0,57.0,57.0,57.0,33.0,0.0,0.0,24.0,24.0,3.0,0.0,0.0,2.0,0.0,0.0,2.0,0.0,0.0,1.0,0.0,0.0,new20,14.5,22.88135593220339,20.0,32.20338983050848,48.5,80.50847457627118,45.19774011299435
opus,current_user,da-26-4,2,da-26-4--rep-002,698fe49708e2fa2dc8af5971682c794c63e9ac6c309ded101c26b0cd01005939,95.0,95.0,83.0,76.0,34.0,12.0,7.0,42.0,61.0,6.0,100.0,0.0,2.0,0.0,0.0,2.0,0.0,0.0,1.0,0.0,0.0,new20,45.0,74.57627118644068,52.0,86.44067796610169,57.0,94.91525423728814,85.31073446327683
opus,current_user,da-26-4,3,da-26-4--rep-003,12c91b4047c0caadaa2cb1762b837e99fb9a7a6d446b69dd083ca104de67ccf4,30.0,30.0,30.0,23.0,18.0,0.0,7.0,5.0,12.0,2.0,0.0,0.0,2.0,0.0,0.0,1.0,0.0,0.0,2.0,0.0,0.0,new20,14.5,22.88135593220339,52.0,86.44067796610169,18.5,29.661016949152543,46.32768361581921
opus,current_user,da-3-5,1,da-3-5--rep-001,2185ac6e96a5a87d7c8e3a9f5829f4593e61601ae86651971102e3d923328ae9,100.0,100.0,100.0,97.33333333333333,58.0,0.0,2.6666666666666714,39.33333333333333,42.0,2.0,0.0,0.0,2.0,0.0,0.0,2.0,0.0,0.0,2.0,0.0,0.0,new20,14.5,22.88135593220339,40.0,66.10169491525424,55.0,91.52542372881356,60.16949152542373
opus,current_user,da-3-5,2,da-3-5--rep-002,feaf90a8d7b2d3f52289ac777233d0518445a3e647c26eb6fc230c1c000c1780,100.0,100.0,100.0,100.0,82.0,0.0,0.0,18.0,18.0,2.0,0.0,0.0,2.0,0.0,0.0,2.0,0.0,0.0,1.0,0.0,0.0,new20,14.5,22.88135593220339,20.0,32.20338983050848,40.0,66.10169491525424,40.395480225988706
opus,current_user,da-3-5,3,da-3-5--rep-003,999f2c16809f8bba8130a006d8d304d37847e3c21f87cca78c2db08953e29947,100.0,100.0,92.0,97.33333333333333,76.0,8.0,-5.333333333333329,21.33333333333333,24.0,1.0,0.0,0.0,1.0,0.0,0.0,2.0,0.0,0.0,1.0,0.0,0.0,new20,41.0,67.79661016949153,7.0,10.169491525423728,44.5,73.72881355932203,50.56497175141243
opus,current_user,da-4-1,1,da-4-1--rep-001,057f7a527956349d8e253766ccc333b25228f0214c7e702e4ebf01de87b2307d,86.0,86.0,79.0,76.66666666666667,66.0,7.0,2.3333333333333286,10.666666666666671,20.0,1.0,0.0,0.0,1.0,0.0,0.0,1.0,0.0,0.0,1.0,0.0,0.0,new20,37.5,61.86440677966102,36.5,60.16949152542373,26.5,43.220338983050844,55.08474576271186
opus,current_user,da-4-1,2,da-4-1--rep-002,9c53b773849793077259d4e4789c8a60a846b489413644588ffdff4ccc703068,100.0,100.0,84.0,92.33333333333333,82.0,16.0,-8.333333333333329,10.333333333333329,18.0,2.0,0.0,0.0,1.0,0.0,0.0,1.0,0.0,0.0,1.0,0.0,0.0,new20,56.0,93.22033898305085,2.5,2.542372881355932,24.5,39.83050847457627,45.19774011299435
opus,current_user,da-4-1,3,da-4-1--rep-003,12bc3f0f681d221a15606bd1ce516f1379b00f4435c10022d511d369313b541f,93.0,93.0,93.0,87.66666666666667,63.0,0.0,5.333333333333329,24.66666666666667,30.0,2.0,0.0,0.0,1.0,0.0,0.0,1.0,0.0,0.0,1.0,0.0,0.0,new20,14.5,22.88135593220339,47.0,77.96610169491525,50.0,83.05084745762711,61.29943502824859
opus,current_user,da-4-6,1,da-4-6--rep-001,0f0c825028bfe48de9f7e71ca6d6c9e30ae4444a8d3e2245e6ee5822799c7574,100.0,100.0,100.0,100.0,86.0,0.0,0.0,14.0,14.0,1.0,0.0,0.0,1.0,0.0,0.0,0.0,0.0,0.0,0.0,0.0,0.0,new20,14.5,22.88135593220339,20.0,32.20338983050848,33.0,54.23728813559322,36.440677966101696
opus,current_user,da-4-6,2,da-4-6--rep-002,39b590a763de4b215ab3d3357d2fa8abeab53e8a5389223f3c85a536b87974f0,100.0,100.0,100.0,100.0,86.0,0.0,0.0,14.0,14.0,2.0,0.0,0.0,2.0,0.0,0.0,1.0,0.0,0.0,1.0,0.0,0.0,new20,14.5,22.88135593220339,20.0,32.20338983050848,33.0,54.23728813559322,36.440677966101696
opus,current_user,da-4-6,3,da-4-6--rep-003,4985a712df5c5253cfdc26000c68dd9533e7b619c638623d724eccf4af188d57,100.0,100.0,87.0,87.0,88.0,13.0,0.0,-1.0,12.0,1.0,0.0,0.0,1.0,0.0,0.0,0.0,0.0,0.0,1.0,0.0,0.0,new20,49.5,82.20338983050847,20.0,32.20338983050848,10.0,15.254237288135593,43.220338983050844
opus,current_user,da-5-1,1,da-5-1--rep-001,0e9ecb6785a00f2a6404ebd5c22505a29aa7869e70a17f799e44688006b1fca9,100.0,100.0,95.0,87.33333333333333,80.0,5.0,7.666666666666671,7.333333333333329,20.0,2.0,0.0,0.0,2.0,0.0,0.0,3.0,0.0,0.0,1.0,0.0,0.0,new20,31.5,51.69491525423729,55.5,92.37288135593221,21.0,33.898305084745765,59.32203389830509
opus,current_user,da-5-1,2,da-5-1--rep-002,447f6841feba72a1c7305fd5f4694e3b89ebaf80b324b00ee30e47c9f1cd2e72,100.0,100.0,84.0,92.33333333333333,82.0,16.0,-8.333333333333329,10.333333333333329,18.0,1.0,0.0,0.0,1.0,0.0,0.0,1.0,0.0,0.0,1.0,0.0,0.0,new20,56.0,93.22033898305085,2.5,2.542372881355932,24.5,39.83050847457627,45.19774011299435
opus,current_user,da-5-1,3,da-5-1--rep-003,50dcd82522cb2a7e033864a427abff94011794f0525d055aa3bf2649aac4d7d6,100.0,100.0,84.0,86.33333333333333,82.0,16.0,-2.3333333333333286,4.333333333333329,18.0,2.0,0.0,0.0,2.0,0.0,0.0,2.0,0.0,0.0,2.0,0.0,0.0,new20,56.0,93.22033898305085,10.0,15.254237288135593,16.0,25.423728813559322,44.632768361581924
opus,current_user,da-6-5,1,da-6-5--rep-001,204ec4c9b9d59a0ac9aa0262bd576f273abbe802751636d502bf3e6e440e093b,100.0,100.0,87.0,95.0,27.0,13.0,-8.0,68.0,73.0,2.0,0.0,0.0,1.0,0.0,0.0,2.0,0.0,0.0,1.0,0.0,0.0,new20,49.5,82.20338983050847,4.0,5.084745762711864,60.0,100.0,62.429378531073446
opus,current_user,da-6-5,2,da-6-5--rep-002,1a87d8d001b31de9f609ac7ab62adede44ffc345b61e8305473fdb1f3ebd4359,100.0,100.0,100.0,100.0,79.0,0.0,0.0,21.0,21.0,1.0,0.0,0.0,1.0,0.0,0.0,1.0,0.0,0.0,1.0,0.0,0.0,new20,14.5,22.88135593220339,20.0,32.20338983050848,43.0,71.1864406779661,42.09039548022599
opus,current_user,da-6-5,3,da-6-5--rep-003,8af52c49619255fa187ee348f500b22219597585f823d52ccd37cd870abc3d2e,100.0,100.0,100.0,97.33333333333333,82.0,0.0,2.6666666666666714,15.333333333333329,18.0,1.0,0.0,0.0,0.0,0.0,0.0,1.0,0.0,0.0,1.0,0.0,0.0,new20,14.5,22.88135593220339,40.0,66.10169491525424,37.0,61.016949152542374,50.0
opus,current_user,da-8-1,1,da-8-1--rep-001,12b660169831b7d224b4965ac0c46aa7ed8d9ea94d4e86eb570e6fc48dd7df27,100.0,100.0,92.0,94.66666666666667,80.0,8.0,-2.6666666666666714,14.666666666666671,20.0,2.0,0.0,0.0,2.0,0.0,0.0,1.0,0.0,0.0,0.0,0.0,0.0,new20,41.0,67.79661016949153,9.0,13.559322033898304,36.0,59.32203389830509,46.89265536723164
opus,current_user,da-8-1,2,da-8-1--rep-002,366823a759f2cd52c6f0192ce41284a997e69ddd99c70aab6cf92e02b30ac9ad,92.0,92.0,92.0,92.0,52.0,0.0,0.0,40.0,40.0,3.0,0.0,0.0,3.0,0.0,0.0,1.0,0.0,0.0,2.0,0.0,0.0,new20,14.5,22.88135593220339,20.0,32.20338983050848,56.0,93.22033898305085,49.43502824858757
opus,current_user,da-8-1,3,da-8-1--rep-003,4c4f2ff267fd6679892b6e1496a8558f7d0faf229ae460aeb5326b3900847a04,100.0,100.0,100.0,100.0,76.0,0.0,0.0,24.0,24.0,1.0,0.0,0.0,1.0,0.0,0.0,1.0,0.0,0.0,1.0,0.0,0.0,new20,14.5,22.88135593220339,20.0,32.20338983050848,48.5,80.50847457627118,45.19774011299435
opus,current_user,da-8-3,1,da-8-3--rep-001,7d8e335f91a45848411b998c1a5cb1e115fd1bedd3088bd1a168c5753fe63bd3,100.0,100.0,87.0,73.33333333333333,55.0,13.0,13.666666666666671,18.33333333333333,45.0,1.0,0.0,0.0,3.0,0.0,0.0,1.0,0.0,0.0,2.0,0.0,0.0,new20,49.5,82.20338983050847,58.5,97.45762711864407,41.0,67.79661016949153,82.48587570621469
opus,current_user,da-8-3,2,da-8-3--rep-002,0a30c0f00519fd449b9f5a56c6be7d93456e18f43041e52c1fbba34ab2a6c9c9,92.0,92.0,77.0,77.0,55.0,15.0,0.0,22.0,37.0,1.0,0.0,0.0,1.0,0.0,0.0,1.0,0.0,0.0,1.0,0.0,0.0,new20,53.5,88.98305084745763,20.0,32.20338983050848,46.5,77.11864406779661,66.10169491525424
opus,current_user,da-8-3,3,da-8-3--rep-003,8f08bf1a373529a65fc062e76eda747144d6180f37330377e0168e932ef9723e,100.0,100.0,76.0,85.0,58.0,24.0,-9.0,27.0,42.0,3.0,0.0,0.0,4.0,0.0,0.0,1.0,0.0,0.0,2.0,0.0,0.0,new20,59.0,98.30508474576271,1.0,0.0,51.0,84.7457627118644,61.016949152542374
opus,current_user,da-9-1,1,da-9-1--rep-001,03df4078648b486b92503b2b6f0f3c5a8d7adf29720b8c6981634f2cc6d4ce4f,100.0,100.0,100.0,95.33333333333333,74.0,0.0,4.666666666666671,21.33333333333333,26.0,2.0,0.0,0.0,2.0,0.0,0.0,2.0,0.0,0.0,1.0,0.0,0.0,new20,14.5,22.88135593220339,45.0,74.57627118644068,44.5,73.72881355932203,57.06214689265537
opus,current_user,da-9-1,2,da-9-1--rep-002,5e6269a054e2ba527a66a7f2b568da3cd3763b853ec88db9d626e4b5e6e66170,100.0,100.0,86.0,82.66666666666667,72.0,14.0,3.3333333333333286,10.666666666666671,28.0,1.0,0.0,0.0,1.0,0.0,0.0,1.0,0.0,0.0,1.0,0.0,0.0,new20,52.0,86.44067796610169,43.0,71.1864406779661,26.5,43.220338983050844,66.94915254237287
opus,current_user,da-9-1,3,da-9-1--rep-003,341dec816c312ddeb50bc186c59bdecc547e7568e20bcc64e7ed381f0a0be05c,100.0,100.0,93.0,93.0,82.0,7.0,0.0,11.0,18.0,2.0,0.0,0.0,1.0,0.0,0.0,1.0,0.0,0.0,1.0,0.0,0.0,new20,37.5,61.86440677966102,20.0,32.20338983050848,28.0,45.76271186440678,46.610169491525426
opus,current_user,da-9-7,1,da-9-7--rep-001,0a628d405fd5de3e7f3c2095bec2cdd70dcaf101770947b4f6d1595fb70bfa8a,93.0,93.0,93.0,86.0,88.0,0.0,7.0,-2.0,5.0,6.0,100.0,0.0,4.0,0.0,0.0,1.0,0.0,0.0,2.0,0.0,0.0,new20,14.5,22.88135593220339,52.0,86.44067796610169,8.0,11.864406779661017,40.3954802259887
opus,current_user,da-9-7,2,da-9-7--rep-002,a48d5584d1cda0f414be705fb4ffa0ac4708fa19d2013b3b9ca4ef4c69c32de4,100.0,100.0,100.0,100.0,78.0,0.0,0.0,22.0,22.0,2.0,0.0,0.0,1.0,0.0,0.0,1.0,0.0,0.0,0.0,0.0,0.0,new20,14.5,22.88135593220339,20.0,32.20338983050848,46.5,77.11864406779661,44.067796610169495
opus,current_user,da-9-7,3,da-9-7--rep-003,99e00800ef6d12badf8dff8274ce657323e98b12bd2973f1c4bb9e3dda6a13d6,93.0,93.0,86.0,78.66666666666667,82.0,7.0,7.333333333333329,-3.3333333333333286,11.0,1.0,0.0,0.0,1.0,0.0,0.0,1.0,0.0,0.0,0.0,0.0,0.0,new20,37.5,61.86440677966102,54.0,89.83050847457628,7.0,10.169491525423728,53.95480225988701
gemini,current_full,da-1-3,1,da-1-3--rep-001,5d3ef64216240a0b1df0133b1835ab72e2bab2d1a31f9acbdd11f9c35f20bb47,100.0,100.0,100.0,100.0,100.0,0.0,0.0,0.0,0.0,0.0,0.0,0.0,0.0,0.0,0.0,0.0,0.0,0.0,0.0,0.0,0.0,new20,29.0,47.45762711864407,28.0,45.76271186440678,27.0,44.067796610169495,45.76271186440678
gemini,current_full,da-1-3,2,da-1-3--rep-002,31177b6bf749aa9955327185f9607c4c0290659aae41c44b65448ddff613b8ae,100.0,100.0,100.0,100.0,100.0,0.0,0.0,0.0,0.0,0.0,0.0,0.0,0.0,0.0,0.0,0.0,0.0,0.0,0.0,0.0,0.0,new20,29.0,47.45762711864407,28.0,45.76271186440678,27.0,44.067796610169495,45.76271186440678
gemini,current_full,da-1-3,3,da-1-3--rep-003,831ad3c7154ae1a059582999abac0191237eaf9b72aed0dddccd784299cc861f,100.0,100.0,100.0,100.0,92.0,0.0,0.0,8.0,8.0,0.0,0.0,0.0,0.0,0.0,0.0,0.0,0.0,0.0,0.0,0.0,0.0,new20,29.0,47.45762711864407,28.0,45.76271186440678,54.0,89.83050847457628,61.016949152542374
gemini,current_full,da-1-4,1,da-1-4--rep-001,8579f1d69821d8f95467324681e5de48dc9b533437b308282872bc828b2f3f12,100.0,100.0,100.0,100.0,100.0,0.0,0.0,0.0,0.0,0.0,0.0,0.0,0.0,0.0,0.0,0.0,0.0,0.0,0.0,0.0,0.0,new20,29.0,47.45762711864407,28.0,45.76271186440678,27.0,44.067796610169495,45.76271186440678
gemini,current_full,da-1-4,2,da-1-4--rep-002,16cc9e2d573864e05955a3fcacf526cb3b7f6fe9278bdf5ef17ad88a084562b5,100.0,100.0,100.0,100.0,100.0,0.0,0.0,0.0,0.0,0.0,0.0,0.0,0.0,0.0,0.0,0.0,0.0,0.0,0.0,0.0,0.0,new20,29.0,47.45762711864407,28.0,45.76271186440678,27.0,44.067796610169495,45.76271186440678
gemini,current_full,da-1-4,3,da-1-4--rep-003,60154c27e2ab3ff3bc19f636dc862c2a62a671934f29e94a788238946ea54b61,100.0,100.0,100.0,100.0,100.0,0.0,0.0,0.0,0.0,0.0,0.0,0.0,0.0,0.0,0.0,0.0,0.0,0.0,0.0,0.0,0.0,new20,29.0,47.45762711864407,28.0,45.76271186440678,27.0,44.067796610169495,45.76271186440678
gemini,current_full,da-17-1,1,da-17-1--rep-001,3a56cdb61ae0719d9193a75a6324c276717d48d5b909f473aeea1db823071664,90.0,90.0,90.0,90.0,92.0,0.0,0.0,-2.0,-2.0,0.0,0.0,0.0,0.0,0.0,0.0,0.0,0.0,0.0,0.0,0.0,0.0,new20,29.0,47.45762711864407,28.0,45.76271186440678,13.5,21.1864406779661,38.13559322033898
gemini,current_full,da-17-1,2,da-17-1--rep-002,c18b5fb1f06017d423bdb0e846f6c0aa380be15a5d2b59825a95b97933b6d655,90.0,90.0,90.0,90.0,92.0,0.0,0.0,-2.0,-2.0,0.0,0.0,0.0,0.0,0.0,0.0,0.0,0.0,0.0,0.0,0.0,0.0,new20,29.0,47.45762711864407,28.0,45.76271186440678,13.5,21.1864406779661,38.13559322033898
gemini,current_full,da-17-1,3,da-17-1--rep-003,75e9a1196d77215c4c97eb668131739ec5c76d0135c82fd2fff693ae81d382e5,90.0,90.0,90.0,93.33333333333333,100.0,0.0,-3.3333333333333286,-6.666666666666671,-10.0,0.0,0.0,0.0,0.0,0.0,0.0,0.0,0.0,0.0,0.0,0.0,0.0,new20,29.0,47.45762711864407,2.0,1.694915254237288,7.5,11.016949152542374,20.056497175141242
gemini,current_full,da-17-3,1,da-17-3--rep-001,0f523220dc1cf46b2b8b8311258233a9d91daed3f3c20ccdaa93be77451a79a2,100.0,100.0,100.0,96.66666666666667,95.0,0.0,3.3333333333333286,1.6666666666666714,5.0,0.0,0.0,0.0,0.0,0.0,0.0,0.0,0.0,0.0,0.0,0.0,0.0,new20,29.0,47.45762711864407,54.0,89.83050847457628,41.5,68.64406779661017,68.64406779661017
gemini,current_full,da-17-3,2,da-17-3--rep-002,3cb2307c0fe0a04eb1cebca83ba04c0ea03bfa6618daecae4cd0e71020bdd75f,56.0,51.0,15.0,15.0,12.0,41.0,0.0,3.0,44.0,0.0,0.0,0.0,0.0,0.0,0.0,0.0,0.0,0.0,0.0,0.0,0.0,new20,60.0,100.0,28.0,45.76271186440678,45.5,75.42372881355932,73.72881355932203
gemini,current_full,da-17-3,3,da-17-3--rep-003,920bba4d837f25ef9bee6dedaac8d6a2ab425f159ed5c57a0c9a8b16188358be,30.0,30.0,22.0,17.333333333333332,15.0,8.0,4.666666666666668,2.333333333333332,15.0,0.0,0.0,0.0,0.0,0.0,0.0,0.0,0.0,0.0,0.0,0.0,0.0,new20,55.5,92.37288135593221,55.0,91.52542372881356,44.0,72.88135593220339,85.59322033898306
gemini,current_full,da-17-5,1,da-17-5--rep-001,6fd9cf0814ce9b2e53274edfc83e64e9f7f2683eb8909c5180393a5c5857344e,90.0,90.0,100.0,93.33333333333333,100.0,-10.0,6.666666666666671,-6.666666666666671,-10.0,0.0,0.0,0.0,0.0,0.0,0.0,0.0,0.0,0.0,0.0,0.0,0.0,new20,1.0,0.0,58.0,96.61016949152543,7.5,11.016949152542374,35.87570621468927
gemini,current_full,da-17-5,2,da-17-5--rep-002,4eeb59cd6397fc912888a0d0ca2c1b1b5d9b008f1b82f2d0eef0eb130b6f98b7,90.0,90.0,90.0,90.0,100.0,0.0,0.0,-10.0,-10.0,0.0,0.0,0.0,0.0,0.0,0.0,0.0,0.0,0.0,0.0,0.0,0.0,new20,29.0,47.45762711864407,28.0,45.76271186440678,4.0,5.084745762711864,32.76836158192091
gemini,current_full,da-17-5,3,da-17-5--rep-003,2489e5ff53145ddcd4e05c088183921a9cdc4e8e3cb24e7f9cd0b7b7b06437c3,90.0,90.0,90.0,90.0,95.0,0.0,0.0,-5.0,-5.0,0.0,0.0,0.0,0.0,0.0,0.0,0.0,0.0,0.0,0.0,0.0,0.0,new20,29.0,47.45762711864407,28.0,45.76271186440678,10.0,15.254237288135593,36.15819209039548
gemini,current_full,da-19-3,1,da-19-3--rep-001,71621ae228a547058abce0bb3162089a4709b0f092eab36a0b208b47a2ecc454,100.0,100.0,100.0,100.0,100.0,0.0,0.0,0.0,0.0,0.0,0.0,0.0,0.0,0.0,0.0,0.0,0.0,0.0,0.0,0.0,0.0,new20,29.0,47.45762711864407,28.0,45.76271186440678,27.0,44.067796610169495,45.76271186440678
gemini,current_full,da-19-3,2,da-19-3--rep-002,4d3b1ab1e95978cf8c45396e1807af6c161ccc964081843d7b5ae23488b7ea11,100.0,100.0,100.0,100.0,100.0,0.0,0.0,0.0,0.0,0.0,0.0,0.0,0.0,0.0,0.0,0.0,0.0,0.0,0.0,0.0,0.0,new20,29.0,47.45762711864407,28.0,45.76271186440678,27.0,44.067796610169495,45.76271186440678
gemini,current_full,da-19-3,3,da-19-3--rep-003,205f21c0a39e966e073f859acac41bfd84fe8712855dcd9ea27a6fda0dac3977,100.0,100.0,100.0,100.0,100.0,0.0,0.0,0.0,0.0,0.0,0.0,0.0,0.0,0.0,0.0,0.0,0.0,0.0,0.0,0.0,0.0,new20,29.0,47.45762711864407,28.0,45.76271186440678,27.0,44.067796610169495,45.76271186440678
gemini,current_full,da-20-1,1,da-20-1--rep-001,ac5bc1975bea03b52142fb9d96b87eee16c2e7932b624241b92093a670009a34,100.0,100.0,88.0,88.0,100.0,12.0,0.0,-12.0,0.0,0.0,0.0,0.0,0.0,0.0,0.0,0.0,0.0,0.0,0.0,0.0,0.0,new20,57.0,94.91525423728814,28.0,45.76271186440678,3.0,3.389830508474576,48.0225988700565
gemini,current_full,da-20-1,2,da-20-1--rep-002,f89dfdcd5ba5a9a7eb53afb28fb814752fb5f0939a7a11b52df372b18f33a4cc,83.0,83.0,65.0,59.333333333333336,35.0,18.0,5.666666666666664,24.333333333333336,48.0,0.0,0.0,0.0,0.0,0.0,0.0,0.0,0.0,0.0,0.0,0.0,0.0,new20,58.0,96.61016949152543,57.0,94.91525423728814,58.0,96.61016949152543,96.045197740113
gemini,current_full,da-20-1,3,da-20-1--rep-003,cb8e213b6078b0aaece482f9edcdecff47e14757fff259382ba1302949f6d81b,100.0,100.0,100.0,100.0,100.0,0.0,0.0,0.0,0.0,0.0,0.0,0.0,0.0,0.0,0.0,0.0,0.0,0.0,0.0,0.0,0.0,new20,29.0,47.45762711864407,28.0,45.76271186440678,27.0,44.067796610169495,45.76271186440678
gemini,current_full,da-20-4,1,da-20-4--rep-001,a59cb4449436be572741e57207c0b8349d4af3cec4b7a11624e5232452656a1b,10.0,10.0,10.0,10.0,10.0,0.0,0.0,0.0,0.0,7.0,100.0,0.0,0.0,0.0,0.0,0.0,0.0,0.0,0.0,0.0,0.0,new20,29.0,47.45762711864407,28.0,45.76271186440678,27.0,44.067796610169495,45.76271186440678
gemini,current_full,da-20-4,2,da-20-4--rep-002,93e7a748c785a09b6468dee524aafb1c6a3a772cad5c82b0a7a40cf92c8c88cd,25.0,25.0,5.0,10.0,15.0,20.0,-5.0,-5.0,10.0,9.0,100.0,0.0,0.0,0.0,0.0,0.0,0.0,0.0,0.0,0.0,0.0,new20,59.0,98.30508474576271,1.0,0.0,10.0,15.254237288135593,37.85310734463277
gemini,current_full,da-20-4,3,da-20-4--rep-003,7a46c3791f7cda1ba6ce754b2c0b78db4e5cb43c70dbfd46f182b464ea81ec96,10.0,10.0,10.0,10.0,10.0,0.0,0.0,0.0,0.0,0.0,0.0,0.0,0.0,0.0,0.0,0.0,0.0,0.0,0.0,0.0,0.0,new20,29.0,47.45762711864407,28.0,45.76271186440678,27.0,44.067796610169495,45.76271186440678
gemini,current_full,da-24-3,1,da-24-3--rep-001,f42a0cd151b82c3a74b7b662a0359972fd9674cdfba3795d430a44cc44ba7c1f,100.0,100.0,100.0,95.33333333333333,95.0,0.0,4.666666666666671,0.3333333333333286,5.0,0.0,0.0,0.0,0.0,0.0,0.0,0.0,0.0,0.0,0.0,0.0,0.0,new20,29.0,47.45762711864407,56.0,93.22033898305085,40.0,66.10169491525424,68.92655367231639
gemini,current_full,da-24-3,2,da-24-3--rep-002,c5a98e2998fb1a3f97e55aaae028dd156508894a55d4435d0a332c3f12009cbd,100.0,100.0,95.0,96.66666666666667,95.0,5.0,-1.6666666666666714,1.6666666666666714,5.0,0.0,0.0,0.0,0.0,0.0,0.0,0.0,0.0,0.0,0.0,0.0,0.0,new20,54.0,89.83050847457628,3.0,3.389830508474576,41.5,68.64406779661017,53.95480225988701
gemini,current_full,da-24-3,3,da-24-3--rep-003,6f5fc7228728d8064939b62a52560d39ab1953d3a88485e4d7b579645d589e4c,85.0,85.0,85.0,85.0,92.0,0.0,0.0,-7.0,-7.0,0.0,0.0,0.0,0.0,0.0,0.0,0.0,0.0,0.0,0.0,0.0,0.0,new20,29.0,47.45762711864407,28.0,45.76271186440678,6.0,8.474576271186441,33.898305084745765
gemini,current_full,da-26-2,1,da-26-2--rep-001,2a8b04e8c8b437605e2cd228425284166426486a42f851f4703c1abb58a9b77f,76.0,76.0,76.0,76.0,92.0,0.0,0.0,-16.0,-16.0,0.0,0.0,0.0,0.0,0.0,0.0,0.0,0.0,0.0,0.0,0.0,0.0,new20,29.0,47.45762711864407,28.0,45.76271186440678,2.0,1.694915254237288,31.638418079096045
gemini,current_full,da-26-2,2,da-26-2--rep-002,58874b5fe68471f4ecced1cee4e5de3ce39aaee5be34a1ad4bfa6218ed542d26,100.0,100.0,100.0,100.0,92.0,0.0,0.0,8.0,8.0,0.0,0.0,0.0,0.0,0.0,0.0,0.0,0.0,0.0,0.0,0.0,0.0,new20,29.0,47.45762711864407,28.0,45.76271186440678,54.0,89.83050847457628,61.016949152542374
gemini,current_full,da-26-2,3,da-26-2--rep-003,952ad828727e8f15834dc02aaea754dd9cd678ba9bbab0521a1144fc06501cc9,76.0,76.0,79.0,79.0,100.0,-3.0,0.0,-21.0,-24.0,0.0,0.0,0.0,0.0,0.0,0.0,0.0,0.0,0.0,0.0,0.0,0.0,new20,4.0,5.084745762711864,28.0,45.76271186440678,1.0,0.0,16.949152542372882
gemini,current_full,da-26-4,1,da-26-4--rep-001,74b79ff61d02b55681536fad0edac3c09ef1c45af43a38aa5e3f0438ec0251db,95.0,95.0,95.0,95.0,92.0,0.0,0.0,3.0,3.0,0.0,0.0,0.0,0.0,0.0,0.0,0.0,0.0,0.0,0.0,0.0,0.0,new20,29.0,47.45762711864407,28.0,45.76271186440678,45.5,75.42372881355932,56.21468926553673
gemini,current_full,da-26-4,2,da-26-4--rep-002,698fe49708e2fa2dc8af5971682c794c63e9ac6c309ded101c26b0cd01005939,63.0,63.0,63.0,43.0,48.0,0.0,20.0,-5.0,15.0,0.0,0.0,0.0,0.0,0.0,0.0,0.0,0.0,0.0,0.0,0.0,0.0,new20,29.0,47.45762711864407,60.0,100.0,10.0,15.254237288135593,54.23728813559322
gemini,current_full,da-26-4,3,da-26-4--rep-003,12c91b4047c0caadaa2cb1762b837e99fb9a7a6d446b69dd083ca104de67ccf4,81.0,81.0,88.0,81.0,45.0,-7.0,7.0,36.0,36.0,7.0,100.0,0.0,0.0,0.0,0.0,0.0,0.0,0.0,0.0,0.0,0.0,new20,2.5,2.542372881355932,59.0,98.30508474576271,59.0,98.30508474576271,66.38418079096046
gemini,current_full,da-3-5,1,da-3-5--rep-001,2185ac6e96a5a87d7c8e3a9f5829f4593e61601ae86651971102e3d923328ae9,100.0,100.0,100.0,100.0,60.0,0.0,0.0,40.0,40.0,0.0,0.0,0.0,0.0,0.0,0.0,0.0,0.0,0.0,0.0,0.0,0.0,new20,29.0,47.45762711864407,28.0,45.76271186440678,60.0,100.0,64.40677966101696
gemini,current_full,da-3-5,2,da-3-5--rep-002,feaf90a8d7b2d3f52289ac777233d0518445a3e647c26eb6fc230c1c000c1780,100.0,100.0,100.0,100.0,95.0,0.0,0.0,5.0,5.0,0.0,0.0,0.0,0.0,0.0,0.0,0.0,0.0,0.0,0.0,0.0,0.0,new20,29.0,47.45762711864407,28.0,45.76271186440678,49.5,82.20338983050847,58.47457627118644
gemini,current_full,da-3-5,3,da-3-5--rep-003,999f2c16809f8bba8130a006d8d304d37847e3c21f87cca78c2db08953e29947,100.0,100.0,100.0,100.0,92.0,0.0,0.0,8.0,8.0,0.0,0.0,0.0,0.0,0.0,0.0,0.0,0.0,0.0,0.0,0.0,0.0,new20,29.0,47.45762711864407,28.0,45.76271186440678,54.0,89.83050847457628,61.016949152542374
gemini,current_full,da-4-1,1,da-4-1--rep-001,057f7a527956349d8e253766ccc333b25228f0214c7e702e4ebf01de87b2307d,100.0,100.0,100.0,100.0,100.0,0.0,0.0,0.0,0.0,0.0,0.0,0.0,0.0,0.0,0.0,0.0,0.0,0.0,0.0,0.0,0.0,new20,29.0,47.45762711864407,28.0,45.76271186440678,27.0,44.067796610169495,45.76271186440678
gemini,current_full,da-4-1,2,da-4-1--rep-002,9c53b773849793077259d4e4789c8a60a846b489413644588ffdff4ccc703068,100.0,100.0,100.0,97.66666666666667,100.0,0.0,2.3333333333333286,-2.3333333333333286,0.0,0.0,0.0,0.0,0.0,0.0,0.0,0.0,0.0,0.0,0.0,0.0,0.0,new20,29.0,47.45762711864407,53.0,88.13559322033899,12.0,18.64406779661017,51.41242937853107
gemini,current_full,da-4-1,3,da-4-1--rep-003,12bc3f0f681d221a15606bd1ce516f1379b00f4435c10022d511d369313b541f,100.0,100.0,100.0,100.0,100.0,0.0,0.0,0.0,0.0,0.0,0.0,0.0,0.0,0.0,0.0,0.0,0.0,0.0,0.0,0.0,0.0,new20,29.0,47.45762711864407,28.0,45.76271186440678,27.0,44.067796610169495,45.76271186440678
gemini,current_full,da-4-6,1,da-4-6--rep-001,0f0c825028bfe48de9f7e71ca6d6c9e30ae4444a8d3e2245e6ee5822799c7574,100.0,100.0,100.0,100.0,100.0,0.0,0.0,0.0,0.0,0.0,0.0,0.0,0.0,0.0,0.0,0.0,0.0,0.0,0.0,0.0,0.0,new20,29.0,47.45762711864407,28.0,45.76271186440678,27.0,44.067796610169495,45.76271186440678
gemini,current_full,da-4-6,2,da-4-6--rep-002,39b590a763de4b215ab3d3357d2fa8abeab53e8a5389223f3c85a536b87974f0,100.0,100.0,100.0,100.0,100.0,0.0,0.0,0.0,0.0,0.0,0.0,0.0,0.0,0.0,0.0,0.0,0.0,0.0,0.0,0.0,0.0,new20,29.0,47.45762711864407,28.0,45.76271186440678,27.0,44.067796610169495,45.76271186440678
gemini,current_full,da-4-6,3,da-4-6--rep-003,4985a712df5c5253cfdc26000c68dd9533e7b619c638623d724eccf4af188d57,100.0,100.0,100.0,100.0,100.0,0.0,0.0,0.0,0.0,0.0,0.0,0.0,0.0,0.0,0.0,0.0,0.0,0.0,0.0,0.0,0.0,new20,29.0,47.45762711864407,28.0,45.76271186440678,27.0,44.067796610169495,45.76271186440678
gemini,current_full,da-5-1,1,da-5-1--rep-001,0e9ecb6785a00f2a6404ebd5c22505a29aa7869e70a17f799e44688006b1fca9,100.0,100.0,100.0,100.0,100.0,0.0,0.0,0.0,0.0,0.0,0.0,0.0,0.0,0.0,0.0,0.0,0.0,0.0,0.0,0.0,0.0,new20,29.0,47.45762711864407,28.0,45.76271186440678,27.0,44.067796610169495,45.76271186440678
gemini,current_full,da-5-1,2,da-5-1--rep-002,447f6841feba72a1c7305fd5f4694e3b89ebaf80b324b00ee30e47c9f1cd2e72,100.0,100.0,100.0,100.0,100.0,0.0,0.0,0.0,0.0,0.0,0.0,0.0,0.0,0.0,0.0,0.0,0.0,0.0,0.0,0.0,0.0,new20,29.0,47.45762711864407,28.0,45.76271186440678,27.0,44.067796610169495,45.76271186440678
gemini,current_full,da-5-1,3,da-5-1--rep-003,50dcd82522cb2a7e033864a427abff94011794f0525d055aa3bf2649aac4d7d6,100.0,100.0,100.0,100.0,100.0,0.0,0.0,0.0,0.0,0.0,0.0,0.0,0.0,0.0,0.0,0.0,0.0,0.0,0.0,0.0,0.0,new20,29.0,47.45762711864407,28.0,45.76271186440678,27.0,44.067796610169495,45.76271186440678
gemini,current_full,da-6-5,1,da-6-5--rep-001,204ec4c9b9d59a0ac9aa0262bd576f273abbe802751636d502bf3e6e440e093b,100.0,100.0,100.0,100.0,85.0,0.0,0.0,15.0,15.0,0.0,0.0,0.0,0.0,0.0,0.0,0.0,0.0,0.0,0.0,0.0,0.0,new20,29.0,47.45762711864407,28.0,45.76271186440678,57.0,94.91525423728814,62.71186440677966
gemini,current_full,da-6-5,2,da-6-5--rep-002,1a87d8d001b31de9f609ac7ab62adede44ffc345b61e8305473fdb1f3ebd4359,100.0,100.0,100.0,100.0,95.0,0.0,0.0,5.0,5.0,0.0,0.0,0.0,0.0,0.0,0.0,0.0,0.0,0.0,0.0,0.0,0.0,new20,29.0,47.45762711864407,28.0,45.76271186440678,49.5,82.20338983050847,58.47457627118644
gemini,current_full,da-6-5,3,da-6-5--rep-003,8af52c49619255fa187ee348f500b22219597585f823d52ccd37cd870abc3d2e,100.0,100.0,100.0,100.0,100.0,0.0,0.0,0.0,0.0,0.0,0.0,0.0,0.0,0.0,0.0,0.0,0.0,0.0,0.0,0.0,0.0,new20,29.0,47.45762711864407,28.0,45.76271186440678,27.0,44.067796610169495,45.76271186440678
gemini,current_full,da-8-1,1,da-8-1--rep-001,12b660169831b7d224b4965ac0c46aa7ed8d9ea94d4e86eb570e6fc48dd7df27,100.0,100.0,100.0,100.0,100.0,0.0,0.0,0.0,0.0,0.0,0.0,0.0,0.0,0.0,0.0,0.0,0.0,0.0,0.0,0.0,0.0,new20,29.0,47.45762711864407,28.0,45.76271186440678,27.0,44.067796610169495,45.76271186440678
gemini,current_full,da-8-1,2,da-8-1--rep-002,366823a759f2cd52c6f0192ce41284a997e69ddd99c70aab6cf92e02b30ac9ad,100.0,100.0,100.0,100.0,100.0,0.0,0.0,0.0,0.0,0.0,0.0,0.0,0.0,0.0,0.0,0.0,0.0,0.0,0.0,0.0,0.0,new20,29.0,47.45762711864407,28.0,45.76271186440678,27.0,44.067796610169495,45.76271186440678
gemini,current_full,da-8-1,3,da-8-1--rep-003,4c4f2ff267fd6679892b6e1496a8558f7d0faf229ae460aeb5326b3900847a04,100.0,100.0,92.0,92.0,100.0,8.0,0.0,-8.0,0.0,0.0,0.0,0.0,0.0,0.0,0.0,0.0,0.0,0.0,0.0,0.0,0.0,new20,55.5,92.37288135593221,28.0,45.76271186440678,5.0,6.779661016949152,48.30508474576271
gemini,current_full,da-8-3,1,da-8-3--rep-001,7d8e335f91a45848411b998c1a5cb1e115fd1bedd3088bd1a168c5753fe63bd3,100.0,100.0,100.0,100.0,96.0,0.0,0.0,4.0,4.0,0.0,0.0,0.0,0.0,0.0,0.0,0.0,0.0,0.0,0.0,0.0,0.0,new20,29.0,47.45762711864407,28.0,45.76271186440678,47.0,77.96610169491525,57.06214689265537
gemini,current_full,da-8-3,2,da-8-3--rep-002,0a30c0f00519fd449b9f5a56c6be7d93456e18f43041e52c1fbba34ab2a6c9c9,100.0,100.0,100.0,100.0,92.0,0.0,0.0,8.0,8.0,0.0,0.0,0.0,0.0,0.0,0.0,0.0,0.0,0.0,0.0,0.0,0.0,new20,29.0,47.45762711864407,28.0,45.76271186440678,54.0,89.83050847457628,61.016949152542374
gemini,current_full,da-8-3,3,da-8-3--rep-003,8f08bf1a373529a65fc062e76eda747144d6180f37330377e0168e932ef9723e,100.0,100.0,100.0,100.0,92.0,0.0,0.0,8.0,8.0,0.0,0.0,0.0,0.0,0.0,0.0,0.0,0.0,0.0,0.0,0.0,0.0,new20,29.0,47.45762711864407,28.0,45.76271186440678,54.0,89.83050847457628,61.016949152542374
gemini,current_full,da-9-1,1,da-9-1--rep-001,03df4078648b486b92503b2b6f0f3c5a8d7adf29720b8c6981634f2cc6d4ce4f,100.0,100.0,100.0,100.0,100.0,0.0,0.0,0.0,0.0,0.0,0.0,0.0,0.0,0.0,0.0,0.0,0.0,0.0,0.0,0.0,0.0,new20,29.0,47.45762711864407,28.0,45.76271186440678,27.0,44.067796610169495,45.76271186440678
gemini,current_full,da-9-1,2,da-9-1--rep-002,5e6269a054e2ba527a66a7f2b568da3cd3763b853ec88db9d626e4b5e6e66170,100.0,100.0,100.0,100.0,95.0,0.0,0.0,5.0,5.0,0.0,0.0,0.0,0.0,0.0,0.0,0.0,0.0,0.0,0.0,0.0,0.0,new20,29.0,47.45762711864407,28.0,45.76271186440678,49.5,82.20338983050847,58.47457627118644
gemini,current_full,da-9-1,3,da-9-1--rep-003,341dec816c312ddeb50bc186c59bdecc547e7568e20bcc64e7ed381f0a0be05c,100.0,100.0,100.0,100.0,98.0,0.0,0.0,2.0,2.0,0.0,0.0,0.0,0.0,0.0,0.0,0.0,0.0,0.0,0.0,0.0,0.0,new20,29.0,47.45762711864407,28.0,45.76271186440678,43.0,71.1864406779661,54.802259887005654
gemini,current_full,da-9-7,1,da-9-7--rep-001,0a628d405fd5de3e7f3c2095bec2cdd70dcaf101770947b4f6d1595fb70bfa8a,100.0,100.0,100.0,100.0,100.0,0.0,0.0,0.0,0.0,0.0,0.0,0.0,0.0,0.0,0.0,0.0,0.0,0.0,0.0,0.0,0.0,new20,29.0,47.45762711864407,28.0,45.76271186440678,27.0,44.067796610169495,45.76271186440678
gemini,current_full,da-9-7,2,da-9-7--rep-002,a48d5584d1cda0f414be705fb4ffa0ac4708fa19d2013b3b9ca4ef4c69c32de4,100.0,100.0,100.0,100.0,100.0,0.0,0.0,0.0,0.0,0.0,0.0,0.0,0.0,0.0,0.0,0.0,0.0,0.0,0.0,0.0,0.0,new20,29.0,47.45762711864407,28.0,45.76271186440678,27.0,44.067796610169495,45.76271186440678
gemini,current_full,da-9-7,3,da-9-7--rep-003,99e00800ef6d12badf8dff8274ce657323e98b12bd2973f1c4bb9e3dda6a13d6,93.0,93.0,100.0,100.0,95.0,-7.0,0.0,5.0,-2.0,0.0,0.0,0.0,0.0,0.0,0.0,0.0,0.0,0.0,0.0,0.0,0.0,new20,2.5,2.542372881355932,28.0,45.76271186440678,49.5,82.20338983050847,43.50282485875706
gemini,current_user,da-1-3,1,da-1-3--rep-001,5d3ef64216240a0b1df0133b1835ab72e2bab2d1a31f9acbdd11f9c35f20bb47,100.0,100.0,100.0,100.0,100.0,0.0,0.0,0.0,0.0,0.0,0.0,0.0,0.0,0.0,0.0,0.0,0.0,0.0,0.0,0.0,0.0,new20,29.0,47.45762711864407,27.0,44.067796610169495,36.5,60.16949152542373,50.56497175141243
gemini,current_user,da-1-3,2,da-1-3--rep-002,31177b6bf749aa9955327185f9607c4c0290659aae41c44b65448ddff613b8ae,100.0,100.0,100.0,100.0,100.0,0.0,0.0,0.0,0.0,0.0,0.0,0.0,0.0,0.0,0.0,0.0,0.0,0.0,0.0,0.0,0.0,new20,29.0,47.45762711864407,27.0,44.067796610169495,36.5,60.16949152542373,50.56497175141243
gemini,current_user,da-1-3,3,da-1-3--rep-003,831ad3c7154ae1a059582999abac0191237eaf9b72aed0dddccd784299cc861f,100.0,100.0,100.0,100.0,100.0,0.0,0.0,0.0,0.0,0.0,0.0,0.0,0.0,0.0,0.0,0.0,0.0,0.0,0.0,0.0,0.0,new20,29.0,47.45762711864407,27.0,44.067796610169495,36.5,60.16949152542373,50.56497175141243
gemini,current_user,da-1-4,1,da-1-4--rep-001,8579f1d69821d8f95467324681e5de48dc9b533437b308282872bc828b2f3f12,91.0,91.0,96.0,96.0,100.0,-5.0,0.0,-4.0,-9.0,0.0,0.0,0.0,0.0,0.0,0.0,0.0,0.0,0.0,0.0,0.0,0.0,new20,7.5,11.016949152542374,27.0,44.067796610169495,18.0,28.8135593220339,27.966101694915256
gemini,current_user,da-1-4,2,da-1-4--rep-002,16cc9e2d573864e05955a3fcacf526cb3b7f6fe9278bdf5ef17ad88a084562b5,100.0,100.0,100.0,100.0,100.0,0.0,0.0,0.0,0.0,0.0,0.0,0.0,0.0,0.0,0.0,0.0,0.0,0.0,0.0,0.0,0.0,new20,29.0,47.45762711864407,27.0,44.067796610169495,36.5,60.16949152542373,50.56497175141243
gemini,current_user,da-1-4,3,da-1-4--rep-003,60154c27e2ab3ff3bc19f636dc862c2a62a671934f29e94a788238946ea54b61,100.0,100.0,100.0,100.0,100.0,0.0,0.0,0.0,0.0,0.0,0.0,0.0,0.0,0.0,0.0,0.0,0.0,0.0,0.0,0.0,0.0,new20,29.0,47.45762711864407,27.0,44.067796610169495,36.5,60.16949152542373,50.56497175141243
gemini,current_user,da-17-1,1,da-17-1--rep-001,3a56cdb61ae0719d9193a75a6324c276717d48d5b909f473aeea1db823071664,90.0,90.0,90.0,93.33333333333333,100.0,0.0,-3.3333333333333286,-6.666666666666671,-10.0,0.0,0.0,0.0,0.0,0.0,0.0,0.0,0.0,0.0,0.0,0.0,0.0,new20,29.0,47.45762711864407,2.5,2.542372881355932,13.0,20.338983050847457,23.44632768361582
gemini,current_user,da-17-1,2,da-17-1--rep-002,c18b5fb1f06017d423bdb0e846f6c0aa380be15a5d2b59825a95b97933b6d655,90.0,90.0,90.0,90.0,100.0,0.0,0.0,-10.0,-10.0,0.0,0.0,0.0,0.0,0.0,0.0,0.0,0.0,0.0,0.0,0.0,0.0,new20,29.0,47.45762711864407,27.0,44.067796610169495,9.0,13.559322033898304,35.02824858757062
gemini,current_user,da-17-1,3,da-17-1--rep-003,75e9a1196d77215c4c97eb668131739ec5c76d0135c82fd2fff693ae81d382e5,90.0,90.0,100.0,93.33333333333333,96.0,-10.0,6.666666666666671,-2.6666666666666714,-6.0,0.0,0.0,0.0,0.0,0.0,0.0,0.0,0.0,0.0,0.0,0.0,0.0,new20,2.0,1.694915254237288,56.5,94.0677966101695,20.5,33.05084745762712,42.93785310734464
gemini,current_user,da-17-3,1,da-17-3--rep-001,0f523220dc1cf46b2b8b8311258233a9d91daed3f3c20ccdaa93be77451a79a2,39.0,39.0,0.0,0.0,8.0,39.0,0.0,-8.0,31.0,0.0,0.0,0.0,0.0,0.0,0.0,0.0,0.0,0.0,0.0,0.0,0.0,new20,60.0,100.0,27.0,44.067796610169495,12.0,18.64406779661017,54.23728813559322
gemini,current_user,da-17-3,2,da-17-3--rep-002,3cb2307c0fe0a04eb1cebca83ba04c0ea03bfa6618daecae4cd0e71020bdd75f,22.0,22.0,0.0,0.0,10.0,22.0,0.0,-10.0,12.0,0.0,0.0,0.0,0.0,0.0,0.0,0.0,0.0,0.0,0.0,0.0,0.0,new20,59.0,98.30508474576271,27.0,44.067796610169495,9.0,13.559322033898304,51.9774011299435
gemini,current_user,da-17-3,3,da-17-3--rep-003,920bba4d837f25ef9bee6dedaac8d6a2ab425f159ed5c57a0c9a8b16188358be,100.0,100.0,100.0,93.33333333333333,95.0,0.0,6.666666666666671,-1.6666666666666714,5.0,0.0,0.0,0.0,0.0,0.0,0.0,0.0,0.0,0.0,0.0,0.0,0.0,new20,29.0,47.45762711864407,56.5,94.0677966101695,22.0,35.59322033898305,59.03954802259887
gemini,current_user,da-17-5,1,da-17-5--rep-001,6fd9cf0814ce9b2e53274edfc83e64e9f7f2683eb8909c5180393a5c5857344e,90.0,90.0,90.0,90.0,95.0,0.0,0.0,-5.0,-5.0,0.0,0.0,0.0,0.0,0.0,0.0,0.0,0.0,0.0,0.0,0.0,0.0,new20,29.0,47.45762711864407,27.0,44.067796610169495,16.0,25.423728813559322,38.983050847457626
gemini,current_user,da-17-5,2,da-17-5--rep-002,4eeb59cd6397fc912888a0d0ca2c1b1b5d9b008f1b82f2d0eef0eb130b6f98b7,77.0,77.0,83.0,83.0,100.0,-6.0,0.0,-17.0,-23.0,0.0,0.0,0.0,0.0,0.0,0.0,0.0,0.0,0.0,0.0,0.0,0.0,new20,6.0,8.474576271186441,27.0,44.067796610169495,5.0,6.779661016949152,19.77401129943503
gemini,current_user,da-17-5,3,da-17-5--rep-003,2489e5ff53145ddcd4e05c088183921a9cdc4e8e3cb24e7f9cd0b7b7b06437c3,90.0,90.0,90.0,90.0,100.0,0.0,0.0,-10.0,-10.0,0.0,0.0,0.0,0.0,0.0,0.0,0.0,0.0,0.0,0.0,0.0,0.0,new20,29.0,47.45762711864407,27.0,44.067796610169495,9.0,13.559322033898304,35.02824858757062
gemini,current_user,da-19-3,1,da-19-3--rep-001,71621ae228a547058abce0bb3162089a4709b0f092eab36a0b208b47a2ecc454,100.0,100.0,100.0,100.0,100.0,0.0,0.0,0.0,0.0,0.0,0.0,0.0,0.0,0.0,0.0,0.0,0.0,0.0,0.0,0.0,0.0,new20,29.0,47.45762711864407,27.0,44.067796610169495,36.5,60.16949152542373,50.56497175141243
gemini,current_user,da-19-3,2,da-19-3--rep-002,4d3b1ab1e95978cf8c45396e1807af6c161ccc964081843d7b5ae23488b7ea11,100.0,100.0,100.0,100.0,100.0,0.0,0.0,0.0,0.0,0.0,0.0,0.0,0.0,0.0,0.0,0.0,0.0,0.0,0.0,0.0,0.0,new20,29.0,47.45762711864407,27.0,44.067796610169495,36.5,60.16949152542373,50.56497175141243
gemini,current_user,da-19-3,3,da-19-3--rep-003,205f21c0a39e966e073f859acac41bfd84fe8712855dcd9ea27a6fda0dac3977,100.0,100.0,95.0,95.0,100.0,5.0,0.0,-5.0,0.0,0.0,0.0,0.0,0.0,0.0,0.0,0.0,0.0,0.0,0.0,0.0,0.0,new20,54.0,89.83050847457628,27.0,44.067796610169495,16.0,25.423728813559322,53.10734463276837
gemini,current_user,da-20-1,1,da-20-1--rep-001,ac5bc1975bea03b52142fb9d96b87eee16c2e7932b624241b92093a670009a34,90.0,90.0,78.0,78.0,75.0,12.0,0.0,3.0,15.0,0.0,0.0,0.0,0.0,0.0,0.0,0.0,0.0,0.0,0.0,0.0,0.0,new20,57.0,94.91525423728814,27.0,44.067796610169495,53.5,88.98305084745763,75.98870056497175
gemini,current_user,da-20-1,2,da-20-1--rep-002,f89dfdcd5ba5a9a7eb53afb28fb814752fb5f0939a7a11b52df372b18f33a4cc,100.0,100.0,100.0,89.33333333333333,100.0,0.0,10.666666666666671,-10.666666666666671,0.0,0.0,0.0,0.0,0.0,0.0,0.0,0.0,0.0,0.0,0.0,0.0,0.0,new20,29.0,47.45762711864407,59.0,98.30508474576271,7.0,10.169491525423728,51.9774011299435
gemini,current_user,da-20-1,3,da-20-1--rep-003,cb8e213b6078b0aaece482f9edcdecff47e14757fff259382ba1302949f6d81b,95.0,95.0,100.0,87.0,92.0,-5.0,13.0,-5.0,3.0,0.0,0.0,0.0,0.0,0.0,0.0,0.0,0.0,0.0,0.0,0.0,0.0,new20,7.5,11.016949152542374,60.0,100.0,16.0,25.423728813559322,45.48022598870057
gemini,current_user,da-20-4,1,da-20-4--rep-001,a59cb4449436be572741e57207c0b8349d4af3cec4b7a11624e5232452656a1b,10.0,10.0,10.0,8.333333333333334,10.0,0.0,1.666666666666666,-1.666666666666666,0.0,0.0,0.0,0.0,0.0,0.0,0.0,0.0,0.0,0.0,0.0,0.0,0.0,new20,29.0,47.45762711864407,49.5,82.20338983050847,23.0,37.28813559322034,55.64971751412429
gemini,current_user,da-20-4,2,da-20-4--rep-002,93e7a748c785a09b6468dee524aafb1c6a3a772cad5c82b0a7a40cf92c8c88cd,10.0,10.0,10.0,8.333333333333334,12.0,0.0,1.666666666666666,-3.666666666666666,-2.0,0.0,0.0,0.0,0.0,0.0,0.0,0.0,0.0,0.0,0.0,0.0,0.0,new20,29.0,47.45762711864407,49.5,82.20338983050847,19.0,30.508474576271187,53.389830508474574
gemini,current_user,da-20-4,3,da-20-4--rep-003,7a46c3791f7cda1ba6ce754b2c0b78db4e5cb43c70dbfd46f182b464ea81ec96,20.0,20.0,20.0,20.0,45.0,0.0,0.0,-25.0,-25.0,0.0,0.0,0.0,0.0,0.0,0.0,0.0,0.0,0.0,0.0,0.0,0.0,new20,29.0,47.45762711864407,27.0,44.067796610169495,2.0,1.694915254237288,31.073446327683616
gemini,current_user,da-24-3,1,da-24-3--rep-001,f42a0cd151b82c3a74b7b662a0359972fd9674cdfba3795d430a44cc44ba7c1f,60.0,60.0,55.0,58.333333333333336,90.0,5.0,-3.3333333333333357,-31.666666666666664,-30.0,0.0,0.0,0.0,0.0,0.0,0.0,0.0,0.0,0.0,0.0,0.0,0.0,new20,54.0,89.83050847457628,1.0,0.0,1.0,0.0,29.943502824858758
gemini,current_user,da-24-3,2,da-24-3--rep-002,c5a98e2998fb1a3f97e55aaae028dd156508894a55d4435d0a332c3f12009cbd,100.0,100.0,95.0,96.66666666666667,95.0,5.0,-1.6666666666666714,1.6666666666666714,5.0,0.0,0.0,0.0,0.0,0.0,0.0,0.0,0.0,0.0,0.0,0.0,0.0,new20,54.0,89.83050847457628,4.0,5.084745762711864,50.0,83.05084745762711,59.32203389830509
gemini,current_user,da-24-3,3,da-24-3--rep-003,6f5fc7228728d8064939b62a52560d39ab1953d3a88485e4d7b579645d589e4c,80.0,80.0,95.0,95.0,92.0,-15.0,0.0,3.0,-12.0,0.0,0.0,0.0,0.0,0.0,0.0,0.0,0.0,0.0,0.0,0.0,0.0,new20,1.0,0.0,27.0,44.067796610169495,53.5,88.98305084745763,44.35028248587571
gemini,current_user,da-26-2,1,da-26-2--rep-001,2a8b04e8c8b437605e2cd228425284166426486a42f851f4703c1abb58a9b77f,71.0,71.0,71.0,71.0,92.0,0.0,0.0,-21.0,-21.0,0.0,0.0,0.0,0.0,0.0,0.0,0.0,0.0,0.0,0.0,0.0,0.0,new20,29.0,47.45762711864407,27.0,44.067796610169495,4.0,5.084745762711864,32.20338983050848
gemini,current_user,da-26-2,2,da-26-2--rep-002,58874b5fe68471f4ecced1cee4e5de3ce39aaee5be34a1ad4bfa6218ed542d26,71.0,71.0,71.0,74.33333333333333,65.0,0.0,-3.3333333333333286,9.333333333333329,6.0,0.0,0.0,0.0,0.0,0.0,0.0,0.0,0.0,0.0,0.0,0.0,0.0,new20,29.0,47.45762711864407,2.5,2.542372881355932,56.0,93.22033898305085,47.740112994350284
gemini,current_user,da-26-2,3,da-26-2--rep-003,952ad828727e8f15834dc02aaea754dd9cd678ba9bbab0521a1144fc06501cc9,71.0,71.0,68.0,64.66666666666667,30.0,3.0,3.3333333333333286,34.66666666666667,41.0,0.0,0.0,0.0,0.0,0.0,0.0,0.0,0.0,0.0,0.0,0.0,0.0,new20,51.0,84.7457627118644,54.0,89.83050847457628,58.0,96.61016949152543,90.3954802259887
gemini,current_user,da-26-4,1,da-26-4--rep-001,74b79ff61d02b55681536fad0edac3c09ef1c45af43a38aa5e3f0438ec0251db,57.0,57.0,57.0,57.0,45.0,0.0,0.0,12.0,12.0,0.0,0.0,0.0,0.0,0.0,0.0,0.0,0.0,0.0,0.0,0.0,0.0,new20,29.0,47.45762711864407,27.0,44.067796610169495,57.0,94.91525423728814,62.14689265536723
gemini,current_user,da-26-4,2,da-26-4--rep-002,698fe49708e2fa2dc8af5971682c794c63e9ac6c309ded101c26b0cd01005939,95.0,95.0,95.0,87.0,38.0,0.0,8.0,49.0,57.0,0.0,0.0,0.0,0.0,0.0,0.0,0.0,0.0,0.0,0.0,0.0,0.0,new20,29.0,47.45762711864407,58.0,96.61016949152543,59.0,98.30508474576271,80.7909604519774
gemini,current_user,da-26-4,3,da-26-4--rep-003,12c91b4047c0caadaa2cb1762b837e99fb9a7a6d446b69dd083ca104de67ccf4,30.0,30.0,29.0,24.666666666666668,30.0,1.0,4.333333333333332,-5.333333333333332,0.0,0.0,0.0,0.0,0.0,0.0,0.0,0.0,0.0,0.0,0.0,0.0,0.0,new20,50.0,83.05084745762711,55.0,91.52542372881356,14.0,22.033898305084747,65.53672316384181
gemini,current_user,da-3-5,1,da-3-5--rep-001,2185ac6e96a5a87d7c8e3a9f5829f4593e61601ae86651971102e3d923328ae9,100.0,100.0,100.0,100.0,100.0,0.0,0.0,0.0,0.0,0.0,0.0,0.0,0.0,0.0,0.0,0.0,0.0,0.0,0.0,0.0,0.0,new20,29.0,47.45762711864407,27.0,44.067796610169495,36.5,60.16949152542373,50.56497175141243
gemini,current_user,da-3-5,2,da-3-5--rep-002,feaf90a8d7b2d3f52289ac777233d0518445a3e647c26eb6fc230c1c000c1780,100.0,100.0,100.0,100.0,100.0,0.0,0.0,0.0,0.0,0.0,0.0,0.0,0.0,0.0,0.0,0.0,0.0,0.0,0.0,0.0,0.0,new20,29.0,47.45762711864407,27.0,44.067796610169495,36.5,60.16949152542373,50.56497175141243
gemini,current_user,da-3-5,3,da-3-5--rep-003,999f2c16809f8bba8130a006d8d304d37847e3c21f87cca78c2db08953e29947,100.0,100.0,100.0,100.0,100.0,0.0,0.0,0.0,0.0,0.0,0.0,0.0,0.0,0.0,0.0,0.0,0.0,0.0,0.0,0.0,0.0,new20,29.0,47.45762711864407,27.0,44.067796610169495,36.5,60.16949152542373,50.56497175141243
gemini,current_user,da-4-1,1,da-4-1--rep-001,057f7a527956349d8e253766ccc333b25228f0214c7e702e4ebf01de87b2307d,86.0,86.0,93.0,90.66666666666667,100.0,-7.0,2.3333333333333286,-9.333333333333329,-14.0,0.0,0.0,0.0,0.0,0.0,0.0,0.0,0.0,0.0,0.0,0.0,0.0,new20,4.5,5.932203389830509,51.5,85.59322033898304,11.0,16.949152542372882,36.15819209039548
gemini,current_user,da-4-1,2,da-4-1--rep-002,9c53b773849793077259d4e4789c8a60a846b489413644588ffdff4ccc703068,100.0,100.0,100.0,100.0,100.0,0.0,0.0,0.0,0.0,0.0,0.0,0.0,0.0,0.0,0.0,0.0,0.0,0.0,0.0,0.0,0.0,new20,29.0,47.45762711864407,27.0,44.067796610169495,36.5,60.16949152542373,50.56497175141243
gemini,current_user,da-4-1,3,da-4-1--rep-003,12bc3f0f681d221a15606bd1ce516f1379b00f4435c10022d511d369313b541f,93.0,93.0,79.0,76.66666666666667,98.0,14.0,2.3333333333333286,-21.33333333333333,-5.0,0.0,0.0,0.0,0.0,0.0,0.0,0.0,0.0,0.0,0.0,0.0,0.0,new20,58.0,96.61016949152543,51.5,85.59322033898304,3.0,3.389830508474576,61.86440677966102
gemini,current_user,da-4-6,1,da-4-6--rep-001,0f0c825028bfe48de9f7e71ca6d6c9e30ae4444a8d3e2245e6ee5822799c7574,100.0,100.0,100.0,100.0,100.0,0.0,0.0,0.0,0.0,0.0,0.0,0.0,0.0,0.0,0.0,0.0,0.0,0.0,0.0,0.0,0.0,new20,29.0,47.45762711864407,27.0,44.067796610169495,36.5,60.16949152542373,50.56497175141243
gemini,current_user,da-4-6,2,da-4-6--rep-002,39b590a763de4b215ab3d3357d2fa8abeab53e8a5389223f3c85a536b87974f0,100.0,100.0,100.0,100.0,100.0,0.0,0.0,0.0,0.0,0.0,0.0,0.0,0.0,0.0,0.0,0.0,0.0,0.0,0.0,0.0,0.0,new20,29.0,47.45762711864407,27.0,44.067796610169495,36.5,60.16949152542373,50.56497175141243
gemini,current_user,da-4-6,3,da-4-6--rep-003,4985a712df5c5253cfdc26000c68dd9533e7b619c638623d724eccf4af188d57,100.0,100.0,100.0,100.0,100.0,0.0,0.0,0.0,0.0,0.0,0.0,0.0,0.0,0.0,0.0,0.0,0.0,0.0,0.0,0.0,0.0,new20,29.0,47.45762711864407,27.0,44.067796610169495,36.5,60.16949152542373,50.56497175141243
gemini,current_user,da-5-1,1,da-5-1--rep-001,0e9ecb6785a00f2a6404ebd5c22505a29aa7869e70a17f799e44688006b1fca9,100.0,100.0,100.0,100.0,100.0,0.0,0.0,0.0,0.0,0.0,0.0,0.0,0.0,0.0,0.0,0.0,0.0,0.0,0.0,0.0,0.0,new20,29.0,47.45762711864407,27.0,44.067796610169495,36.5,60.16949152542373,50.56497175141243
gemini,current_user,da-5-1,2,da-5-1--rep-002,447f6841feba72a1c7305fd5f4694e3b89ebaf80b324b00ee30e47c9f1cd2e72,100.0,100.0,100.0,100.0,100.0,0.0,0.0,0.0,0.0,0.0,0.0,0.0,0.0,0.0,0.0,0.0,0.0,0.0,0.0,0.0,0.0,new20,29.0,47.45762711864407,27.0,44.067796610169495,36.5,60.16949152542373,50.56497175141243
gemini,current_user,da-5-1,3,da-5-1--rep-003,50dcd82522cb2a7e033864a427abff94011794f0525d055aa3bf2649aac4d7d6,100.0,100.0,100.0,100.0,100.0,0.0,0.0,0.0,0.0,0.0,0.0,0.0,0.0,0.0,0.0,0.0,0.0,0.0,0.0,0.0,0.0,new20,29.0,47.45762711864407,27.0,44.067796610169495,36.5,60.16949152542373,50.56497175141243
gemini,current_user,da-6-5,1,da-6-5--rep-001,204ec4c9b9d59a0ac9aa0262bd576f273abbe802751636d502bf3e6e440e093b,100.0,100.0,100.0,100.0,38.0,0.0,0.0,62.0,62.0,0.0,0.0,0.0,0.0,0.0,0.0,0.0,0.0,0.0,0.0,0.0,0.0,new20,29.0,47.45762711864407,27.0,44.067796610169495,60.0,100.0,63.84180790960452
gemini,current_user,da-6-5,2,da-6-5--rep-002,1a87d8d001b31de9f609ac7ab62adede44ffc345b61e8305473fdb1f3ebd4359,100.0,100.0,100.0,100.0,100.0,0.0,0.0,0.0,0.0,0.0,0.0,0.0,0.0,0.0,0.0,0.0,0.0,0.0,0.0,0.0,0.0,new20,29.0,47.45762711864407,27.0,44.067796610169495,36.5,60.16949152542373,50.56497175141243
gemini,current_user,da-6-5,3,da-6-5--rep-003,8af52c49619255fa187ee348f500b22219597585f823d52ccd37cd870abc3d2e,100.0,100.0,100.0,100.0,100.0,0.0,0.0,0.0,0.0,0.0,0.0,0.0,0.0,0.0,0.0,0.0,0.0,0.0,0.0,0.0,0.0,new20,29.0,47.45762711864407,27.0,44.067796610169495,36.5,60.16949152542373,50.56497175141243
gemini,current_user,da-8-1,1,da-8-1--rep-001,12b660169831b7d224b4965ac0c46aa7ed8d9ea94d4e86eb570e6fc48dd7df27,100.0,100.0,100.0,100.0,100.0,0.0,0.0,0.0,0.0,0.0,0.0,0.0,0.0,0.0,0.0,0.0,0.0,0.0,0.0,0.0,0.0,new20,29.0,47.45762711864407,27.0,44.067796610169495,36.5,60.16949152542373,50.56497175141243
gemini,current_user,da-8-1,2,da-8-1--rep-002,366823a759f2cd52c6f0192ce41284a997e69ddd99c70aab6cf92e02b30ac9ad,92.0,92.0,92.0,92.0,90.0,0.0,0.0,2.0,2.0,0.0,0.0,0.0,0.0,0.0,0.0,0.0,0.0,0.0,0.0,0.0,0.0,new20,29.0,47.45762711864407,27.0,44.067796610169495,51.0,84.7457627118644,58.75706214689266
gemini,current_user,da-8-1,3,da-8-1--rep-003,4c4f2ff267fd6679892b6e1496a8558f7d0faf229ae460aeb5326b3900847a04,100.0,100.0,100.0,100.0,100.0,0.0,0.0,0.0,0.0,0.0,0.0,0.0,0.0,0.0,0.0,0.0,0.0,0.0,0.0,0.0,0.0,new20,29.0,47.45762711864407,27.0,44.067796610169495,36.5,60.16949152542373,50.56497175141243
gemini,current_user,da-8-3,1,da-8-3--rep-001,7d8e335f91a45848411b998c1a5cb1e115fd1bedd3088bd1a168c5753fe63bd3,100.0,100.0,96.0,97.33333333333333,95.0,4.0,-1.3333333333333286,2.3333333333333286,5.0,0.0,0.0,0.0,0.0,0.0,0.0,0.0,0.0,0.0,0.0,0.0,0.0,new20,52.0,86.44067796610169,5.0,6.779661016949152,52.0,86.44067796610169,59.88700564971751
gemini,current_user,da-8-3,2,da-8-3--rep-002,0a30c0f00519fd449b9f5a56c6be7d93456e18f43041e52c1fbba34ab2a6c9c9,92.0,92.0,100.0,97.33333333333333,100.0,-8.0,2.6666666666666714,-2.6666666666666714,-8.0,0.0,0.0,0.0,0.0,0.0,0.0,0.0,0.0,0.0,0.0,0.0,0.0,new20,3.0,3.389830508474576,53.0,88.13559322033899,20.5,33.05084745762712,41.525423728813564
gemini,current_user,da-8-3,3,da-8-3--rep-003,8f08bf1a373529a65fc062e76eda747144d6180f37330377e0168e932ef9723e,100.0,100.0,100.0,100.0,96.0,0.0,0.0,4.0,4.0,0.0,0.0,0.0,0.0,0.0,0.0,0.0,0.0,0.0,0.0,0.0,0.0,new20,29.0,47.45762711864407,27.0,44.067796610169495,55.0,91.52542372881356,61.016949152542374
gemini,current_user,da-9-1,1,da-9-1--rep-001,03df4078648b486b92503b2b6f0f3c5a8d7adf29720b8c6981634f2cc6d4ce4f,100.0,100.0,100.0,100.0,100.0,0.0,0.0,0.0,0.0,0.0,0.0,0.0,0.0,0.0,0.0,0.0,0.0,0.0,0.0,0.0,0.0,new20,29.0,47.45762711864407,27.0,44.067796610169495,36.5,60.16949152542373,50.56497175141243
gemini,current_user,da-9-1,2,da-9-1--rep-002,5e6269a054e2ba527a66a7f2b568da3cd3763b853ec88db9d626e4b5e6e66170,100.0,100.0,100.0,100.0,100.0,0.0,0.0,0.0,0.0,0.0,0.0,0.0,0.0,0.0,0.0,0.0,0.0,0.0,0.0,0.0,0.0,new20,29.0,47.45762711864407,27.0,44.067796610169495,36.5,60.16949152542373,50.56497175141243
gemini,current_user,da-9-1,3,da-9-1--rep-003,341dec816c312ddeb50bc186c59bdecc547e7568e20bcc64e7ed381f0a0be05c,100.0,100.0,100.0,100.0,100.0,0.0,0.0,0.0,0.0,0.0,0.0,0.0,0.0,0.0,0.0,0.0,0.0,0.0,0.0,0.0,0.0,new20,29.0,47.45762711864407,27.0,44.067796610169495,36.5,60.16949152542373,50.56497175141243
gemini,current_user,da-9-7,1,da-9-7--rep-001,0a628d405fd5de3e7f3c2095bec2cdd70dcaf101770947b4f6d1595fb70bfa8a,93.0,93.0,100.0,100.0,100.0,-7.0,0.0,0.0,-7.0,0.0,0.0,0.0,0.0,0.0,0.0,0.0,0.0,0.0,0.0,0.0,0.0,new20,4.5,5.932203389830509,27.0,44.067796610169495,36.5,60.16949152542373,36.72316384180791
gemini,current_user,da-9-7,2,da-9-7--rep-002,a48d5584d1cda0f414be705fb4ffa0ac4708fa19d2013b3b9ca4ef4c69c32de4,100.0,100.0,100.0,100.0,100.0,0.0,0.0,0.0,0.0,0.0,0.0,0.0,0.0,0.0,0.0,0.0,0.0,0.0,0.0,0.0,0.0,new20,29.0,47.45762711864407,27.0,44.067796610169495,36.5,60.16949152542373,50.56497175141243
gemini,current_user,da-9-7,3,da-9-7--rep-003,99e00800ef6d12badf8dff8274ce657323e98b12bd2973f1c4bb9e3dda6a13d6,93.0,93.0,86.0,86.0,100.0,7.0,0.0,-14.0,-7.0,0.0,0.0,0.0,0.0,0.0,0.0,0.0,0.0,0.0,0.0,0.0,0.0,new20,56.0,93.22033898305085,27.0,44.067796610169495,6.0,8.474576271186441,48.58757062146893
sol_opus_gemini,current_full,da-1-3,1,da-1-3--rep-001,5d3ef64216240a0b1df0133b1835ab72e2bab2d1a31f9acbdd11f9c35f20bb47,100.0,100.0,98.33333333333333,98.33333333333333,89.0,1.6666666666666667,0.0,9.333333333333334,11.0,0.3333333333333333,0.0,0.0,0.3333333333333333,0.0,0.0,0.3333333333333333,0.0,0.0,0.3333333333333333,0.0,0.0,new20,23.0,37.28813559322034,23.0,37.28813559322034,24.0,38.983050847457626,37.85310734463277
sol_opus_gemini,current_full,da-1-3,2,da-1-3--rep-002,31177b6bf749aa9955327185f9607c4c0290659aae41c44b65448ddff613b8ae,100.0,100.0,100.0,98.88888888888889,91.0,0.0,1.1111111111111096,7.88888888888889,9.0,0.6666666666666666,0.0,0.0,0.3333333333333333,0.0,0.0,0.3333333333333333,0.0,0.0,0.3333333333333333,0.0,0.0,new20,9.5,14.40677966101695,37.5,61.86440677966102,21.0,33.898305084745765,36.72316384180791
sol_opus_gemini,current_full,da-1-3,3,da-1-3--rep-003,831ad3c7154ae1a059582999abac0191237eaf9b72aed0dddccd784299cc861f,100.0,100.0,93.0,91.11111111111111,67.33333333333333,7.0,1.8888888888888904,23.777777777777775,32.666666666666664,0.6666666666666666,0.0,0.0,0.3333333333333333,0.0,0.0,0.6666666666666666,0.0,0.0,0.3333333333333333,0.0,0.0,new20,38.5,63.559322033898304,47.0,77.96610169491525,52.0,86.44067796610169,75.98870056497175
sol_opus_gemini,current_full,da-1-4,1,da-1-4--rep-001,8579f1d69821d8f95467324681e5de48dc9b533437b308282872bc828b2f3f12,100.0,100.0,98.33333333333333,98.88888888888889,85.66666666666667,1.6666666666666667,-0.5555555555555571,13.222222222222223,14.333333333333334,0.6666666666666666,0.0,0.0,0.3333333333333333,0.0,0.0,0.3333333333333333,0.0,0.0,0.3333333333333333,0.0,0.0,new20,23.0,37.28813559322034,12.5,19.491525423728813,35.0,57.6271186440678,38.13559322033898
sol_opus_gemini,current_full,da-1-4,2,da-1-4--rep-002,16cc9e2d573864e05955a3fcacf526cb3b7f6fe9278bdf5ef17ad88a084562b5,100.0,100.0,100.0,100.0,90.0,0.0,0.0,10.0,10.0,0.6666666666666666,0.0,0.0,0.3333333333333333,0.0,0.0,0.3333333333333333,0.0,0.0,0.6666666666666666,0.0,0.0,new20,9.5,14.40677966101695,23.0,37.28813559322034,26.0,42.3728813559322,31.35593220338983
sol_opus_gemini,current_full,da-1-4,3,da-1-4--rep-003,60154c27e2ab3ff3bc19f636dc862c2a62a671934f29e94a788238946ea54b61,100.0,100.0,95.66666666666667,95.66666666666667,88.66666666666667,4.333333333333333,0.0,7.0,11.333333333333334,0.3333333333333333,0.0,0.0,0.3333333333333333,0.0,0.0,0.3333333333333333,0.0,0.0,0.3333333333333333,0.0,0.0,new20,35.5,58.47457627118644,23.0,37.28813559322034,20.0,32.20338983050848,42.65536723163842
sol_opus_gemini,current_full,da-17-1,1,da-17-1--rep-001,3a56cdb61ae0719d9193a75a6324c276717d48d5b909f473aeea1db823071664,90.0,90.0,88.0,86.44444444444444,84.66666666666667,2.0,1.5555555555555571,1.7777777777777761,5.333333333333333,2.3333333333333335,0.0,0.0,0.0,0.0,0.0,0.3333333333333333,0.0,0.0,0.6666666666666666,0.0,0.0,new20,29.0,47.45762711864407,41.0,67.79661016949153,13.0,20.338983050847457,45.19774011299435
sol_opus_gemini,current_full,da-17-1,2,da-17-1--rep-002,c18b5fb1f06017d423bdb0e846f6c0aa380be15a5d2b59825a95b97933b6d655,90.0,90.0,88.33333333333333,87.44444444444444,80.66666666666667,1.6666666666666667,0.8888888888888905,6.777777777777776,9.333333333333334,0.6666666666666666,0.0,0.0,0.0,0.0,0.0,0.3333333333333333,0.0,0.0,0.3333333333333333,0.0,0.0,new20,23.0,37.28813559322034,35.0,57.6271186440678,19.0,30.508474576271187,41.80790960451978
sol_opus_gemini,current_full,da-17-1,3,da-17-1--rep-003,75e9a1196d77215c4c97eb668131739ec5c76d0135c82fd2fff693ae81d382e5,90.0,90.0,83.0,83.0,89.33333333333333,7.0,0.0,-6.333333333333333,0.6666666666666666,3.6666666666666665,33.333333333333336,0.0,0.0,0.0,0.0,0.3333333333333333,0.0,0.0,0.0,0.0,0.0,new20,38.5,63.559322033898304,23.0,37.28813559322034,2.0,1.694915254237288,34.18079096045198
sol_opus_gemini,current_full,da-17-3,1,da-17-3--rep-001,0f523220dc1cf46b2b8b8311258233a9d91daed3f3c20ccdaa93be77451a79a2,100.0,100.0,76.0,82.66666666666667,68.33333333333333,24.0,-6.666666666666671,14.333333333333337,31.666666666666668,0.6666666666666666,0.0,0.0,0.3333333333333333,0.0,0.0,2.3333333333333335,33.333333333333336,0.0,1.3333333333333333,0.0,0.0,new20,58.0,96.61016949152543,1.0,0.0,38.0,62.71186440677966,53.10734463276836
sol_opus_gemini,current_full,da-17-3,2,da-17-3--rep-002,3cb2307c0fe0a04eb1cebca83ba04c0ea03bfa6618daecae4cd0e71020bdd75f,56.0,51.0,20.333333333333332,17.555555555555557,17.333333333333332,35.666666666666664,2.7777777777777772,0.22222222222222263,38.666666666666664,0.0,0.0,0.0,0.3333333333333333,0.0,0.0,0.3333333333333333,0.0,0.0,0.3333333333333333,0.0,0.0,new20,59.0,98.30508474576271,52.0,86.44067796610169,9.0,13.559322033898304,66.10169491525423
sol_opus_gemini,current_full,da-17-3,3,da-17-3--rep-003,920bba4d837f25ef9bee6dedaac8d6a2ab425f159ed5c57a0c9a8b16188358be,30.0,30.0,18.0,15.666666666666666,15.0,12.0,2.333333333333334,0.6666666666666661,15.0,0.6666666666666666,0.0,0.0,0.6666666666666666,0.0,0.0,0.3333333333333333,0.0,0.0,0.3333333333333333,0.0,0.0,new20,48.0,79.66101694915254,50.0,83.05084745762711,10.0,15.254237288135593,59.32203389830508
sol_opus_gemini,current_full,da-17-5,1,da-17-5--rep-001,6fd9cf0814ce9b2e53274edfc83e64e9f7f2683eb8909c5180393a5c5857344e,90.0,90.0,93.33333333333333,91.11111111111111,91.0,-3.3333333333333335,2.2222222222222237,0.11111111111110954,-1.0,0.6666666666666666,0.0,0.0,0.0,0.0,0.0,0.3333333333333333,0.0,0.0,0.0,0.0,0.0,new20,1.0,0.0,49.0,81.35593220338983,8.0,11.864406779661017,31.073446327683616
sol_opus_gemini,current_full,da-17-5,2,da-17-5--rep-002,4eeb59cd6397fc912888a0d0ca2c1b1b5d9b008f1b82f2d0eef0eb130b6f98b7,90.0,90.0,87.33333333333333,89.11111111111111,89.33333333333333,2.6666666666666665,-1.7777777777777761,-0.2222222222222238,0.6666666666666666,0.6666666666666666,0.0,0.0,0.6666666666666666,0.0,0.0,0.3333333333333333,0.0,0.0,0.3333333333333333,0.0,0.0,new20,32.5,53.389830508474574,7.0,10.169491525423728,7.0,10.169491525423728,24.576271186440678
sol_opus_gemini,current_full,da-17-5,3,da-17-5--rep-003,2489e5ff53145ddcd4e05c088183921a9cdc4e8e3cb24e7f9cd0b7b7b06437c3,90.0,90.0,87.33333333333333,85.55555555555556,81.0,2.6666666666666665,1.7777777777777761,4.555555555555557,9.0,2.0,0.0,0.0,1.3333333333333333,0.0,0.0,1.3333333333333333,0.0,0.0,0.0,0.0,0.0,new20,32.5,53.389830508474574,46.0,76.27118644067797,15.0,23.728813559322035,51.12994350282486
sol_opus_gemini,current_full,da-19-3,1,da-19-3--rep-001,71621ae228a547058abce0bb3162089a4709b0f092eab36a0b208b47a2ecc454,100.0,100.0,98.33333333333333,98.88888888888889,75.33333333333333,1.6666666666666667,-0.5555555555555571,23.555555555555557,24.666666666666668,5.0,66.66666666666667,0.0,0.3333333333333333,0.0,0.0,0.3333333333333333,0.0,0.0,0.3333333333333333,0.0,0.0,new20,23.0,37.28813559322034,12.5,19.491525423728813,50.0,83.05084745762711,46.610169491525426
sol_opus_gemini,current_full,da-19-3,2,da-19-3--rep-002,4d3b1ab1e95978cf8c45396e1807af6c161ccc964081843d7b5ae23488b7ea11,100.0,100.0,100.0,98.88888888888889,86.33333333333333,0.0,1.1111111111111096,12.555555555555557,13.666666666666666,0.3333333333333333,0.0,0.0,0.3333333333333333,0.0,0.0,0.3333333333333333,0.0,0.0,0.3333333333333333,0.0,0.0,new20,9.5,14.40677966101695,37.5,61.86440677966102,33.0,54.23728813559322,43.50282485875706
sol_opus_gemini,current_full,da-19-3,3,da-19-3--rep-003,205f21c0a39e966e073f859acac41bfd84fe8712855dcd9ea27a6fda0dac3977,100.0,100.0,100.0,98.88888888888889,82.0,0.0,1.1111111111111096,16.88888888888889,18.0,0.3333333333333333,0.0,0.0,0.3333333333333333,0.0,0.0,0.3333333333333333,0.0,0.0,0.3333333333333333,0.0,0.0,new20,9.5,14.40677966101695,37.5,61.86440677966102,46.0,76.27118644067797,50.847457627118644
sol_opus_gemini,current_full,da-20-1,1,da-20-1--rep-001,ac5bc1975bea03b52142fb9d96b87eee16c2e7932b624241b92093a670009a34,100.0,100.0,84.66666666666667,85.22222222222223,76.66666666666667,15.333333333333334,-0.5555555555555571,8.555555555555557,23.333333333333332,1.0,0.0,0.0,0.6666666666666666,0.0,0.0,1.3333333333333333,0.0,0.0,0.3333333333333333,0.0,0.0,new20,54.0,89.83050847457628,12.5,19.491525423728813,22.0,35.59322033898305,48.30508474576271
sol_opus_gemini,current_full,da-20-1,2,da-20-1--rep-002,f89dfdcd5ba5a9a7eb53afb28fb814752fb5f0939a7a11b52df372b18f33a4cc,83.0,83.0,40.0,41.0,26.0,43.0,-1.000000000000001,15.000000000000002,57.0,1.0,0.0,0.0,0.6666666666666666,0.0,0.0,1.0,0.0,0.0,0.3333333333333333,0.0,0.0,new20,60.0,100.0,10.0,15.254237288135593,40.0,66.10169491525424,60.451977401129945
sol_opus_gemini,current_full,da-20-1,3,da-20-1--rep-003,cb8e213b6078b0aaece482f9edcdecff47e14757fff259382ba1302949f6d81b,100.0,100.0,98.33333333333333,97.77777777777777,82.66666666666667,1.6666666666666667,0.5555555555555571,15.111111111111109,17.333333333333332,1.3333333333333333,0.0,0.0,0.6666666666666666,0.0,0.0,0.3333333333333333,0.0,0.0,0.3333333333333333,0.0,0.0,new20,23.0,37.28813559322034,34.0,55.932203389830505,41.0,67.79661016949153,53.67231638418079
sol_opus_gemini,current_full,da-20-4,1,da-20-4--rep-001,a59cb4449436be572741e57207c0b8349d4af3cec4b7a11624e5232452656a1b,10.0,10.0,8.333333333333334,8.333333333333334,11.333333333333334,1.6666666666666667,0.0,-3.0,-1.3333333333333333,8.666666666666666,100.0,0.0,4.0,33.333333333333336,33.333333333333336,1.0,0.0,0.0,0.6666666666666666,0.0,0.0,new20,23.0,37.28813559322034,23.0,37.28813559322034,6.0,8.474576271186441,27.683615819209038
sol_opus_gemini,current_full,da-20-4,2,da-20-4--rep-002,93e7a748c785a09b6468dee524aafb1c6a3a772cad5c82b0a7a40cf92c8c88cd,25.0,25.0,8.333333333333334,9.444444444444445,18.333333333333332,16.666666666666668,-1.1111111111111114,-8.88888888888889,6.666666666666667,9.666666666666666,100.0,0.0,0.3333333333333333,0.0,0.0,1.0,0.0,0.0,0.0,0.0,0.0,new20,55.0,91.52542372881356,8.0,11.864406779661017,1.0,0.0,34.463276836158194
sol_opus_gemini,current_full,da-20-4,3,da-20-4--rep-003,7a46c3791f7cda1ba6ce754b2c0b78db4e5cb43c70dbfd46f182b464ea81ec96,10.0,10.0,8.333333333333334,6.666666666666667,10.666666666666666,1.6666666666666667,1.6666666666666667,-4.0,-0.6666666666666666,1.0,0.0,0.0,0.0,0.0,0.0,0.3333333333333333,0.0,0.0,0.0,0.0,0.0,new20,23.0,37.28813559322034,43.5,72.03389830508475,4.0,5.084745762711864,38.13559322033898
sol_opus_gemini,current_full,da-24-3,1,da-24-3--rep-001,f42a0cd151b82c3a74b7b662a0359972fd9674cdfba3795d430a44cc44ba7c1f,100.0,100.0,90.0,82.88888888888889,60.666666666666664,10.0,7.111111111111112,22.22222222222222,39.333333333333336,1.3333333333333333,0.0,0.0,0.6666666666666666,0.0,0.0,0.6666666666666666,0.0,0.0,0.6666666666666666,0.0,0.0,new20,45.5,75.42372881355932,60.0,100.0,49.0,81.35593220338983,85.59322033898304
sol_opus_gemini,current_full,da-24-3,2,da-24-3--rep-002,c5a98e2998fb1a3f97e55aaae028dd156508894a55d4435d0a332c3f12009cbd,100.0,100.0,91.66666666666667,89.44444444444444,73.66666666666667,8.333333333333334,2.222222222222219,15.77777777777778,26.333333333333332,2.3333333333333335,0.0,33.333333333333336,0.3333333333333333,0.0,0.0,0.3333333333333333,0.0,0.0,1.3333333333333333,0.0,0.0,new20,42.0,69.49152542372882,48.0,79.66101694915254,43.0,71.1864406779661,73.44632768361582
sol_opus_gemini,current_full,da-24-3,3,da-24-3--rep-003,6f5fc7228728d8064939b62a52560d39ab1953d3a88485e4d7b579645d589e4c,85.0,85.0,71.66666666666667,73.88888888888889,58.0,13.333333333333334,-2.2222222222222214,15.888888888888888,27.0,2.6666666666666665,33.333333333333336,0.0,1.0,0.0,0.0,0.3333333333333333,0.0,0.0,0.3333333333333333,0.0,0.0,new20,52.0,86.44067796610169,5.0,6.779661016949152,44.0,72.88135593220339,55.367231638418076
sol_opus_gemini,current_full,da-26-2,1,da-26-2--rep-001,2a8b04e8c8b437605e2cd228425284166426486a42f851f4703c1abb58a9b77f,76.0,76.0,76.0,75.66666666666667,61.0,0.0,0.3333333333333333,14.666666666666666,15.0,1.3333333333333333,0.0,0.0,0.0,0.0,0.0,0.6666666666666666,0.0,0.0,0.0,0.0,0.0,new20,9.5,14.40677966101695,31.0,50.847457627118644,39.0,64.40677966101696,43.22033898305085
sol_opus_gemini,current_full,da-26-2,2,da-26-2--rep-002,58874b5fe68471f4ecced1cee4e5de3ce39aaee5be34a1ad4bfa6218ed542d26,100.0,100.0,85.33333333333333,87.66666666666667,56.0,14.666666666666666,-2.3333333333333335,31.666666666666668,44.0,2.6666666666666665,0.0,33.333333333333336,0.3333333333333333,0.0,0.0,0.3333333333333333,0.0,0.0,0.3333333333333333,0.0,0.0,new20,53.0,88.13559322033899,4.0,5.084745762711864,56.0,93.22033898305085,62.14689265536723
sol_opus_gemini,current_full,da-26-2,3,da-26-2--rep-003,952ad828727e8f15834dc02aaea754dd9cd678ba9bbab0521a1144fc06501cc9,76.0,76.0,77.0,75.33333333333333,62.666666666666664,-1.0,1.6666666666666667,12.666666666666666,13.333333333333334,1.0,0.0,0.0,0.3333333333333333,0.0,0.0,0.6666666666666666,0.0,0.0,0.3333333333333333,0.0,0.0,new20,2.0,1.694915254237288,43.5,72.03389830508475,34.0,55.932203389830505,43.220338983050844
sol_opus_gemini,current_full,da-26-4,1,da-26-4--rep-001,74b79ff61d02b55681536fad0edac3c09ef1c45af43a38aa5e3f0438ec0251db,95.0,95.0,87.66666666666667,84.88888888888889,50.0,7.333333333333333,2.7777777777777763,34.88888888888889,45.0,3.6666666666666665,33.333333333333336,0.0,1.3333333333333333,0.0,0.0,1.3333333333333333,0.0,0.0,1.3333333333333333,0.0,0.0,new20,40.5,66.94915254237289,51.0,84.7457627118644,58.0,96.61016949152543,82.7683615819209
sol_opus_gemini,current_full,da-26-4,2,da-26-4--rep-002,698fe49708e2fa2dc8af5971682c794c63e9ac6c309ded101c26b0cd01005939,63.0,63.0,45.666666666666664,40.666666666666664,34.333333333333336,17.333333333333332,5.0,6.333333333333333,28.666666666666668,4.0,33.333333333333336,0.0,1.3333333333333333,0.0,0.0,1.6666666666666667,0.0,0.0,1.3333333333333333,0.0,0.0,new20,56.0,93.22033898305085,58.0,96.61016949152543,18.0,28.8135593220339,72.88135593220339
sol_opus_gemini,current_full,da-26-4,3,da-26-4--rep-003,12c91b4047c0caadaa2cb1762b837e99fb9a7a6d446b69dd083ca104de67ccf4,81.0,81.0,80.66666666666667,75.22222222222223,29.666666666666668,0.3333333333333333,5.444444444444443,45.55555555555556,51.333333333333336,5.333333333333333,66.66666666666667,0.0,1.0,0.0,0.0,1.0,0.0,0.0,1.0,0.0,0.0,new20,17.0,27.11864406779661,59.0,98.30508474576271,59.0,98.30508474576271,74.57627118644068
sol_opus_gemini,current_full,da-3-5,1,da-3-5--rep-001,2185ac6e96a5a87d7c8e3a9f5829f4593e61601ae86651971102e3d923328ae9,100.0,100.0,100.0,100.0,68.0,0.0,0.0,32.0,32.0,0.6666666666666666,0.0,0.0,0.3333333333333333,0.0,0.0,1.0,0.0,0.0,0.3333333333333333,0.0,0.0,new20,9.5,14.40677966101695,23.0,37.28813559322034,57.0,94.91525423728814,48.87005649717514
sol_opus_gemini,current_full,da-3-5,2,da-3-5--rep-002,feaf90a8d7b2d3f52289ac777233d0518445a3e647c26eb6fc230c1c000c1780,100.0,100.0,100.0,100.0,87.66666666666667,0.0,0.0,12.333333333333334,12.333333333333334,0.6666666666666666,0.0,0.0,0.3333333333333333,0.0,0.0,0.6666666666666666,0.0,0.0,0.3333333333333333,0.0,0.0,new20,9.5,14.40677966101695,23.0,37.28813559322034,31.5,51.69491525423729,34.463276836158194
sol_opus_gemini,current_full,da-3-5,3,da-3-5--rep-003,999f2c16809f8bba8130a006d8d304d37847e3c21f87cca78c2db08953e29947,100.0,100.0,95.66666666666667,95.66666666666667,79.33333333333333,4.333333333333333,0.0,16.333333333333332,20.666666666666668,0.3333333333333333,0.0,0.0,0.3333333333333333,0.0,0.0,0.6666666666666666,0.0,0.0,0.3333333333333333,0.0,0.0,new20,35.5,58.47457627118644,23.0,37.28813559322034,45.0,74.57627118644068,56.779661016949156
sol_opus_gemini,current_full,da-4-1,1,da-4-1--rep-001,057f7a527956349d8e253766ccc333b25228f0214c7e702e4ebf01de87b2307d,100.0,100.0,96.33333333333333,96.77777777777777,86.66666666666667,3.6666666666666665,-0.44444444444444287,10.111111111111109,13.333333333333334,0.6666666666666666,0.0,0.0,0.3333333333333333,0.0,0.0,0.3333333333333333,0.0,0.0,0.3333333333333333,0.0,0.0,new20,34.0,55.932203389830505,15.0,23.728813559322035,27.0,44.067796610169495,41.24293785310734
sol_opus_gemini,current_full,da-4-1,2,da-4-1--rep-002,9c53b773849793077259d4e4789c8a60a846b489413644588ffdff4ccc703068,100.0,100.0,97.66666666666667,93.66666666666667,84.0,2.3333333333333335,3.999999999999995,9.666666666666671,16.0,0.6666666666666666,0.0,0.0,0.3333333333333333,0.0,0.0,0.3333333333333333,0.0,0.0,0.3333333333333333,0.0,0.0,new20,30.5,50.0,56.0,93.22033898305085,25.0,40.67796610169491,61.29943502824859
sol_opus_gemini,current_full,da-4-1,3,da-4-1--rep-003,12bc3f0f681d221a15606bd1ce516f1379b00f4435c10022d511d369313b541f,100.0,100.0,91.0,86.55555555555556,91.0,9.0,4.444444444444443,-4.444444444444443,9.0,0.6666666666666666,0.0,0.0,0.3333333333333333,0.0,0.0,0.3333333333333333,0.0,0.0,0.3333333333333333,0.0,0.0,new20,43.0,71.1864406779661,57.0,94.91525423728814,3.0,3.389830508474576,56.49717514124294
sol_opus_gemini,current_full,da-4-6,1,da-4-6--rep-001,0f0c825028bfe48de9f7e71ca6d6c9e30ae4444a8d3e2245e6ee5822799c7574,100.0,100.0,92.66666666666667,96.33333333333333,92.0,7.333333333333333,-3.6666666666666665,4.333333333333333,8.0,0.3333333333333333,0.0,0.0,0.3333333333333333,0.0,0.0,0.0,0.0,0.0,0.3333333333333333,0.0,0.0,new20,40.5,66.94915254237289,2.0,1.694915254237288,14.0,22.033898305084747,30.225988700564972
sol_opus_gemini,current_full,da-4-6,2,da-4-6--rep-002,39b590a763de4b215ab3d3357d2fa8abeab53e8a5389223f3c85a536b87974f0,100.0,100.0,87.66666666666667,90.11111111111111,78.0,12.333333333333334,-2.444444444444443,12.111111111111109,22.0,1.3333333333333333,0.0,0.0,0.6666666666666666,0.0,0.0,0.3333333333333333,0.0,0.0,0.3333333333333333,0.0,0.0,new20,50.0,83.05084745762711,3.0,3.389830508474576,30.0,49.152542372881356,45.197740112994346
sol_opus_gemini,current_full,da-4-6,3,da-4-6--rep-003,4985a712df5c5253cfdc26000c68dd9533e7b619c638623d724eccf4af188d57,100.0,100.0,82.33333333333333,83.44444444444444,82.0,17.666666666666668,-1.1111111111111096,1.4444444444444429,18.0,0.3333333333333333,0.0,0.0,0.3333333333333333,0.0,0.0,0.3333333333333333,0.0,0.0,0.3333333333333333,0.0,0.0,new20,57.0,94.91525423728814,9.0,13.559322033898304,12.0,18.64406779661017,42.37288135593221
sol_opus_gemini,current_full,da-5-1,1,da-5-1--rep-001,0e9ecb6785a00f2a6404ebd5c22505a29aa7869e70a17f799e44688006b1fca9,100.0,100.0,97.66666666666667,94.0,89.33333333333333,2.3333333333333335,3.6666666666666665,4.666666666666667,10.666666666666666,1.3333333333333333,0.0,0.0,0.3333333333333333,0.0,0.0,0.3333333333333333,0.0,0.0,0.3333333333333333,0.0,0.0,new20,30.5,50.0,55.0,91.52542372881356,16.0,25.423728813559322,55.6497175141243
sol_opus_gemini,current_full,da-5-1,2,da-5-1--rep-002,447f6841feba72a1c7305fd5f4694e3b89ebaf80b324b00ee30e47c9f1cd2e72,100.0,100.0,94.0,93.44444444444444,92.33333333333333,6.0,0.5555555555555524,1.1111111111111143,7.666666666666667,1.0,0.0,0.0,0.3333333333333333,0.0,0.0,0.6666666666666666,0.0,0.0,0.6666666666666666,0.0,0.0,new20,37.0,61.016949152542374,33.0,54.23728813559322,11.0,16.949152542372882,44.067796610169495
sol_opus_gemini,current_full,da-5-1,3,da-5-1--rep-003,50dcd82522cb2a7e033864a427abff94011794f0525d055aa3bf2649aac4d7d6,100.0,100.0,100.0,100.0,88.66666666666667,0.0,0.0,11.333333333333334,11.333333333333334,1.0,0.0,0.0,0.3333333333333333,0.0,0.0,0.6666666666666666,0.0,0.0,0.3333333333333333,0.0,0.0,new20,9.5,14.40677966101695,23.0,37.28813559322034,29.0,47.45762711864407,33.05084745762712
sol_opus_gemini,current_full,da-6-5,1,da-6-5--rep-001,204ec4c9b9d59a0ac9aa0262bd576f273abbe802751636d502bf3e6e440e093b,100.0,100.0,98.33333333333333,94.88888888888889,46.333333333333336,1.6666666666666667,3.444444444444443,48.55555555555556,53.666666666666664,0.3333333333333333,0.0,0.0,0.3333333333333333,0.0,0.0,0.3333333333333333,0.0,0.0,0.6666666666666666,0.0,0.0,new20,23.0,37.28813559322034,53.0,88.13559322033899,60.0,100.0,75.14124293785311
sol_opus_gemini,current_full,da-6-5,2,da-6-5--rep-002,1a87d8d001b31de9f609ac7ab62adede44ffc345b61e8305473fdb1f3ebd4359,100.0,100.0,100.0,100.0,75.66666666666667,0.0,0.0,24.333333333333332,24.333333333333332,0.3333333333333333,0.0,0.0,0.3333333333333333,0.0,0.0,0.3333333333333333,0.0,0.0,0.3333333333333333,0.0,0.0,new20,9.5,14.40677966101695,23.0,37.28813559322034,54.0,89.83050847457628,47.175141242937855
sol_opus_gemini,current_full,da-6-5,3,da-6-5--rep-003,8af52c49619255fa187ee348f500b22219597585f823d52ccd37cd870abc3d2e,100.0,100.0,100.0,100.0,86.66666666666667,0.0,0.0,13.333333333333334,13.333333333333334,0.3333333333333333,0.0,0.0,0.3333333333333333,0.0,0.0,0.0,0.0,0.0,0.3333333333333333,0.0,0.0,new20,9.5,14.40677966101695,23.0,37.28813559322034,36.0,59.32203389830509,37.005649717514125
sol_opus_gemini,current_full,da-8-1,1,da-8-1--rep-001,12b660169831b7d224b4965ac0c46aa7ed8d9ea94d4e86eb570e6fc48dd7df27,100.0,100.0,100.0,100.0,87.66666666666667,0.0,0.0,12.333333333333334,12.333333333333334,0.3333333333333333,0.0,0.0,0.3333333333333333,0.0,0.0,0.3333333333333333,0.0,0.0,0.3333333333333333,0.0,0.0,new20,9.5,14.40677966101695,23.0,37.28813559322034,31.5,51.69491525423729,34.463276836158194
sol_opus_gemini,current_full,da-8-1,2,da-8-1--rep-002,366823a759f2cd52c6f0192ce41284a997e69ddd99c70aab6cf92e02b30ac9ad,100.0,100.0,100.0,98.33333333333333,84.66666666666667,0.0,1.6666666666666667,13.666666666666666,15.333333333333334,0.3333333333333333,0.0,0.0,0.3333333333333333,0.0,0.0,0.3333333333333333,0.0,0.0,0.3333333333333333,0.0,0.0,new20,9.5,14.40677966101695,43.5,72.03389830508475,37.0,61.016949152542374,49.152542372881356
sol_opus_gemini,current_full,da-8-1,3,da-8-1--rep-003,4c4f2ff267fd6679892b6e1496a8558f7d0faf229ae460aeb5326b3900847a04,100.0,100.0,90.0,92.0,68.33333333333333,10.0,-2.0,23.666666666666668,31.666666666666668,1.0,0.0,0.0,0.3333333333333333,0.0,0.0,0.3333333333333333,0.0,0.0,0.0,0.0,0.0,new20,45.5,75.42372881355932,6.0,8.474576271186441,51.0,84.7457627118644,56.21468926553672
sol_opus_gemini,current_full,da-8-3,1,da-8-3--rep-001,7d8e335f91a45848411b998c1a5cb1e115fd1bedd3088bd1a168c5753fe63bd3,100.0,100.0,90.33333333333333,88.88888888888889,71.0,9.666666666666666,1.4444444444444475,17.888888888888886,29.0,0.0,0.0,0.0,0.3333333333333333,0.0,0.0,0.6666666666666666,0.0,0.0,0.3333333333333333,0.0,0.0,new20,44.0,72.88135593220339,40.0,66.10169491525424,47.0,77.96610169491525,72.31638418079096
sol_opus_gemini,current_full,da-8-3,2,da-8-3--rep-002,0a30c0f00519fd449b9f5a56c6be7d93456e18f43041e52c1fbba34ab2a6c9c9,100.0,100.0,89.33333333333333,89.33333333333333,58.0,10.666666666666666,0.0,31.333333333333332,42.0,0.3333333333333333,0.0,0.0,0.3333333333333333,0.0,0.0,0.6666666666666666,0.0,0.0,0.0,0.0,0.0,new20,47.0,77.96610169491525,23.0,37.28813559322034,55.0,91.52542372881356,68.92655367231639
sol_opus_gemini,current_full,da-8-3,3,da-8-3--rep-003,8f08bf1a373529a65fc062e76eda747144d6180f37330377e0168e932ef9723e,100.0,100.0,87.66666666666667,87.22222222222223,63.0,12.333333333333334,0.44444444444444287,24.222222222222225,37.0,1.3333333333333333,0.0,0.0,2.0,0.0,0.0,0.3333333333333333,0.0,0.0,0.3333333333333333,0.0,0.0,new20,50.0,83.05084745762711,32.0,52.54237288135593,53.0,88.13559322033899,74.57627118644068
sol_opus_gemini,current_full,da-9-1,1,da-9-1--rep-001,03df4078648b486b92503b2b6f0f3c5a8d7adf29720b8c6981634f2cc6d4ce4f,100.0,100.0,98.33333333333333,98.88888888888889,81.0,1.6666666666666667,-0.5555555555555571,17.88888888888889,19.0,1.0,0.0,0.0,0.3333333333333333,0.0,0.0,0.3333333333333333,0.0,0.0,0.6666666666666666,0.0,0.0,new20,23.0,37.28813559322034,12.5,19.491525423728813,48.0,79.66101694915254,45.48022598870057
sol_opus_gemini,current_full,da-9-1,2,da-9-1--rep-002,5e6269a054e2ba527a66a7f2b568da3cd3763b853ec88db9d626e4b5e6e66170,100.0,100.0,98.33333333333333,96.66666666666667,81.0,1.6666666666666667,1.6666666666666667,15.666666666666666,19.0,4.0,33.333333333333336,0.0,0.3333333333333333,0.0,0.0,0.3333333333333333,0.0,0.0,0.3333333333333333,0.0,0.0,new20,23.0,37.28813559322034,43.5,72.03389830508475,42.0,69.49152542372882,59.6045197740113
sol_opus_gemini,current_full,da-9-1,3,da-9-1--rep-003,341dec816c312ddeb50bc186c59bdecc547e7568e20bcc64e7ed381f0a0be05c,100.0,100.0,98.33333333333333,98.33333333333333,87.33333333333333,1.6666666666666667,0.0,11.0,12.666666666666666,0.6666666666666666,0.0,0.0,0.3333333333333333,0.0,0.0,0.3333333333333333,0.0,0.0,0.3333333333333333,0.0,0.0,new20,23.0,37.28813559322034,23.0,37.28813559322034,28.0,45.76271186440678,40.112994350282484
sol_opus_gemini,current_full,da-9-7,1,da-9-7--rep-001,0a628d405fd5de3e7f3c2095bec2cdd70dcaf101770947b4f6d1595fb70bfa8a,100.0,100.0,100.0,100.0,91.33333333333333,0.0,0.0,8.666666666666666,8.666666666666666,0.3333333333333333,0.0,0.0,0.3333333333333333,0.0,0.0,0.3333333333333333,0.0,0.0,0.3333333333333333,0.0,0.0,new20,9.5,14.40677966101695,23.0,37.28813559322034,23.0,37.28813559322034,29.661016949152543
sol_opus_gemini,current_full,da-9-7,2,da-9-7--rep-002,a48d5584d1cda0f414be705fb4ffa0ac4708fa19d2013b3b9ca4ef4c69c32de4,100.0,100.0,87.66666666666667,86.55555555555556,90.0,12.333333333333334,1.1111111111111096,-3.444444444444443,10.0,1.0,0.0,0.0,0.6666666666666666,0.0,0.0,0.3333333333333333,0.0,0.0,0.6666666666666666,0.0,0.0,new20,50.0,83.05084745762711,37.5,61.86440677966102,5.0,6.779661016949152,50.56497175141243
sol_opus_gemini,current_full,da-9-7,3,da-9-7--rep-003,99e00800ef6d12badf8dff8274ce657323e98b12bd2973f1c4bb9e3dda6a13d6,93.0,93.0,93.0,89.44444444444444,84.33333333333333,0.0,3.555555555555557,5.11111111111111,8.666666666666666,2.0,0.0,33.333333333333336,2.3333333333333335,0.0,0.0,1.6666666666666667,0.0,0.0,3.0,0.0,33.333333333333336,new20,9.5,14.40677966101695,54.0,89.83050847457628,17.0,27.11864406779661,43.78531073446328
sol_opus_gemini,current_user,da-1-3,1,da-1-3--rep-001,5d3ef64216240a0b1df0133b1835ab72e2bab2d1a31f9acbdd11f9c35f20bb47,100.0,100.0,100.0,99.33333333333333,92.0,0.0,0.6666666666666666,7.333333333333333,8.0,0.6666666666666666,0.0,0.0,0.6666666666666666,0.0,0.0,0.3333333333333333,0.0,0.0,0.3333333333333333,0.0,0.0,new20,12.0,18.64406779661017,28.5,46.610169491525426,38.0,62.71186440677966,42.65536723163842
sol_opus_gemini,current_user,da-1-3,2,da-1-3--rep-002,31177b6bf749aa9955327185f9607c4c0290659aae41c44b65448ddff613b8ae,100.0,100.0,98.33333333333333,95.88888888888889,94.0,1.6666666666666667,2.444444444444443,1.8888888888888904,6.0,2.0,0.0,0.0,1.6666666666666667,0.0,0.0,0.3333333333333333,0.0,0.0,0.3333333333333333,0.0,0.0,new20,21.0,33.898305084745765,42.5,70.33898305084746,20.0,32.20338983050848,45.48022598870057
sol_opus_gemini,current_user,da-1-3,3,da-1-3--rep-003,831ad3c7154ae1a059582999abac0191237eaf9b72aed0dddccd784299cc861f,100.0,100.0,96.66666666666667,94.22222222222223,89.33333333333333,3.3333333333333335,2.444444444444443,4.88888888888889,10.666666666666666,0.6666666666666666,0.0,0.0,0.6666666666666666,0.0,0.0,0.3333333333333333,0.0,0.0,0.6666666666666666,0.0,0.0,new20,28.0,45.76271186440678,42.5,70.33898305084746,30.0,49.152542372881356,55.08474576271187
sol_opus_gemini,current_user,da-1-4,1,da-1-4--rep-001,8579f1d69821d8f95467324681e5de48dc9b533437b308282872bc828b2f3f12,91.0,91.0,94.33333333333333,91.66666666666667,93.66666666666667,-3.3333333333333335,2.6666666666666665,-2.0,-2.6666666666666665,0.3333333333333333,0.0,0.0,0.3333333333333333,0.0,0.0,0.3333333333333333,0.0,0.0,0.3333333333333333,0.0,0.0,new20,2.0,1.694915254237288,45.5,75.42372881355932,14.0,22.033898305084747,33.05084745762712
sol_opus_gemini,current_user,da-1-4,2,da-1-4--rep-002,16cc9e2d573864e05955a3fcacf526cb3b7f6fe9278bdf5ef17ad88a084562b5,100.0,100.0,100.0,99.33333333333333,92.33333333333333,0.0,0.6666666666666666,7.0,7.666666666666667,0.6666666666666666,0.0,0.0,0.3333333333333333,0.0,0.0,0.6666666666666666,0.0,0.0,0.3333333333333333,0.0,0.0,new20,12.0,18.64406779661017,28.5,46.610169491525426,37.0,61.016949152542374,42.09039548022599
sol_opus_gemini,current_user,da-1-4,3,da-1-4--rep-003,60154c27e2ab3ff3bc19f636dc862c2a62a671934f29e94a788238946ea54b61,100.0,100.0,100.0,99.44444444444444,81.0,0.0,0.5555555555555571,18.444444444444443,19.0,0.3333333333333333,0.0,0.0,0.3333333333333333,0.0,0.0,0.3333333333333333,0.0,0.0,0.3333333333333333,0.0,0.0,new20,12.0,18.64406779661017,26.5,43.220338983050844,52.0,86.44067796610169,49.43502824858757
sol_opus_gemini,current_user,da-17-1,1,da-17-1--rep-001,3a56cdb61ae0719d9193a75a6324c276717d48d5b909f473aeea1db823071664,90.0,90.0,90.0,91.11111111111111,88.0,0.0,-1.1111111111111096,3.1111111111111094,2.0,1.0,0.0,0.0,2.6666666666666665,33.333333333333336,0.0,0.6666666666666666,0.0,0.0,1.3333333333333333,0.0,0.0,new20,12.0,18.64406779661017,7.0,10.169491525423728,24.0,38.983050847457626,22.598870056497177
sol_opus_gemini,current_user,da-17-1,2,da-17-1--rep-002,c18b5fb1f06017d423bdb0e846f6c0aa380be15a5d2b59825a95b97933b6d655,90.0,90.0,84.33333333333333,80.33333333333333,85.66666666666667,5.666666666666667,4.0,-5.333333333333333,4.333333333333333,2.0,0.0,0.0,2.3333333333333335,0.0,33.333333333333336,0.3333333333333333,0.0,0.0,1.6666666666666667,0.0,0.0,new20,37.0,61.016949152542374,52.0,86.44067796610169,10.0,15.254237288135593,54.23728813559322
sol_opus_gemini,current_user,da-17-1,3,da-17-1--rep-003,75e9a1196d77215c4c97eb668131739ec5c76d0135c82fd2fff693ae81d382e5,90.0,90.0,90.33333333333333,86.44444444444444,89.33333333333333,-0.3333333333333333,3.8888888888888906,-2.8888888888888906,0.6666666666666666,4.0,33.333333333333336,0.0,1.0,0.0,0.0,0.3333333333333333,0.0,0.0,0.3333333333333333,0.0,0.0,new20,5.0,6.779661016949152,51.0,84.7457627118644,13.0,20.338983050847457,37.28813559322034
sol_opus_gemini,current_user,da-17-3,1,da-17-3--rep-001,0f523220dc1cf46b2b8b8311258233a9d91daed3f3c20ccdaa93be77451a79a2,39.0,39.0,7.0,7.555555555555555,14.0,32.0,-0.5555555555555557,-6.444444444444445,25.0,0.0,0.0,0.0,0.3333333333333333,0.0,0.0,0.3333333333333333,0.0,0.0,0.3333333333333333,0.0,0.0,new20,60.0,100.0,12.0,18.64406779661017,9.0,13.559322033898304,44.067796610169495
sol_opus_gemini,current_user,da-17-3,2,da-17-3--rep-002,3cb2307c0fe0a04eb1cebca83ba04c0ea03bfa6618daecae4cd0e71020bdd75f,22.0,22.0,4.666666666666667,3.888888888888889,11.333333333333334,17.333333333333332,0.7777777777777777,-7.444444444444445,10.666666666666666,0.3333333333333333,0.0,0.0,0.3333333333333333,0.0,0.0,0.3333333333333333,0.0,0.0,0.0,0.0,0.0,new20,58.0,96.61016949152543,30.0,49.152542372881356,8.0,11.864406779661017,52.54237288135593
sol_opus_gemini,current_user,da-17-3,3,da-17-3--rep-003,920bba4d837f25ef9bee6dedaac8d6a2ab425f159ed5c57a0c9a8b16188358be,100.0,100.0,84.66666666666667,77.11111111111111,78.0,15.333333333333334,7.55555555555556,-0.8888888888888928,22.0,1.6666666666666667,0.0,0.0,1.3333333333333333,0.0,0.0,0.3333333333333333,0.0,0.0,0.6666666666666666,0.0,0.0,new20,56.0,93.22033898305085,58.0,96.61016949152543,16.0,25.423728813559322,71.75141242937853
sol_opus_gemini,current_user,da-17-5,1,da-17-5--rep-001,6fd9cf0814ce9b2e53274edfc83e64e9f7f2683eb8909c5180393a5c5857344e,90.0,90.0,90.0,89.11111111111111,87.0,0.0,0.8888888888888905,2.1111111111111094,3.0,1.0,0.0,0.0,1.3333333333333333,0.0,0.0,0.3333333333333333,0.0,0.0,0.0,0.0,0.0,new20,12.0,18.64406779661017,32.5,53.389830508474574,21.5,34.74576271186441,35.59322033898305
sol_opus_gemini,current_user,da-17-5,2,da-17-5--rep-002,4eeb59cd6397fc912888a0d0ca2c1b1b5d9b008f1b82f2d0eef0eb130b6f98b7,77.0,77.0,82.66666666666667,75.66666666666667,57.333333333333336,-5.666666666666667,7.0,18.333333333333332,19.666666666666668,1.0,0.0,0.0,0.6666666666666666,0.0,0.0,0.6666666666666666,0.0,0.0,0.3333333333333333,0.0,0.0,new20,1.0,0.0,57.0,94.91525423728814,51.0,84.7457627118644,59.887005649717516
sol_opus_gemini,current_user,da-17-5,3,da-17-5--rep-003,2489e5ff53145ddcd4e05c088183921a9cdc4e8e3cb24e7f9cd0b7b7b06437c3,90.0,90.0,87.33333333333333,84.66666666666667,89.33333333333333,2.6666666666666665,2.6666666666666665,-4.666666666666667,0.6666666666666666,0.6666666666666666,0.0,0.0,0.3333333333333333,0.0,0.0,0.3333333333333333,0.0,0.0,1.0,0.0,0.0,new20,26.0,42.3728813559322,45.5,75.42372881355932,11.5,17.796610169491526,45.19774011299435
sol_opus_gemini,current_user,da-19-3,1,da-19-3--rep-001,71621ae228a547058abce0bb3162089a4709b0f092eab36a0b208b47a2ecc454,100.0,100.0,98.33333333333333,97.44444444444444,88.0,1.6666666666666667,0.8888888888888905,9.444444444444443,12.0,0.6666666666666666,0.0,0.0,0.3333333333333333,0.0,0.0,0.3333333333333333,0.0,0.0,0.6666666666666666,0.0,0.0,new20,21.0,33.898305084745765,32.5,53.389830508474574,42.0,69.49152542372882,52.259887005649716
sol_opus_gemini,current_user,da-19-3,2,da-19-3--rep-002,4d3b1ab1e95978cf8c45396e1807af6c161ccc964081843d7b5ae23488b7ea11,100.0,100.0,100.0,100.0,80.66666666666667,0.0,0.0,19.333333333333332,19.333333333333332,0.3333333333333333,0.0,0.0,0.0,0.0,0.0,0.0,0.0,0.0,0.3333333333333333,0.0,0.0,new20,12.0,18.64406779661017,17.5,27.966101694915253,53.5,88.98305084745763,45.19774011299435
sol_opus_gemini,current_user,da-19-3,3,da-19-3--rep-003,205f21c0a39e966e073f859acac41bfd84fe8712855dcd9ea27a6fda0dac3977,100.0,100.0,96.66666666666667,93.88888888888889,82.66666666666667,3.3333333333333335,2.7777777777777763,11.222222222222223,17.333333333333332,0.6666666666666666,0.0,0.0,0.3333333333333333,0.0,0.0,0.3333333333333333,0.0,0.0,0.3333333333333333,0.0,0.0,new20,28.0,45.76271186440678,47.0,77.96610169491525,45.0,74.57627118644068,66.10169491525424
sol_opus_gemini,current_user,da-20-1,1,da-20-1--rep-001,ac5bc1975bea03b52142fb9d96b87eee16c2e7932b624241b92093a670009a34,90.0,90.0,71.33333333333333,70.22222222222223,70.0,18.666666666666668,1.1111111111111118,0.22222222222222143,20.0,1.3333333333333333,0.0,0.0,1.0,0.0,0.0,0.3333333333333333,0.0,0.0,0.3333333333333333,0.0,0.0,new20,59.0,98.30508474576271,37.0,61.016949152542374,18.0,28.8135593220339,62.71186440677966
sol_opus_gemini,current_user,da-20-1,2,da-20-1--rep-002,f89dfdcd5ba5a9a7eb53afb28fb814752fb5f0939a7a11b52df372b18f33a4cc,100.0,100.0,88.66666666666667,84.0,93.33333333333333,11.333333333333334,4.666666666666667,-9.333333333333334,6.666666666666667,1.6666666666666667,0.0,0.0,2.3333333333333335,0.0,0.0,0.3333333333333333,0.0,0.0,0.3333333333333333,0.0,0.0,new20,53.0,88.13559322033899,54.0,89.83050847457628,5.5,7.627118644067797,61.864406779661024
sol_opus_gemini,current_user,da-20-1,3,da-20-1--rep-003,cb8e213b6078b0aaece482f9edcdecff47e14757fff259382ba1302949f6d81b,95.0,95.0,85.33333333333333,76.0,72.0,9.666666666666666,9.333333333333334,4.0,23.0,0.6666666666666666,0.0,0.0,0.6666666666666666,0.0,0.0,1.0,0.0,0.0,0.6666666666666666,0.0,0.0,new20,44.0,72.88135593220339,60.0,100.0,28.0,45.76271186440678,72.88135593220339
sol_opus_gemini,current_user,da-20-4,1,da-20-4--rep-001,a59cb4449436be572741e57207c0b8349d4af3cec4b7a11624e5232452656a1b,10.0,10.0,5.0,5.0,14.666666666666666,5.0,-2.9605947323337506e-16,-9.666666666666666,-4.666666666666667,0.6666666666666666,0.0,0.0,0.0,0.0,0.0,0.0,0.0,0.0,0.0,0.0,0.0,new20,34.0,55.932203389830505,13.0,20.338983050847457,4.0,5.084745762711864,27.11864406779661
sol_opus_gemini,current_user,da-20-4,2,da-20-4--rep-002,93e7a748c785a09b6468dee524aafb1c6a3a772cad5c82b0a7a40cf92c8c88cd,10.0,10.0,8.333333333333334,7.777777777777778,15.333333333333334,1.6666666666666667,0.5555555555555554,-7.555555555555555,-5.333333333333333,0.6666666666666666,0.0,0.0,0.0,0.0,0.0,0.3333333333333333,0.0,0.0,0.0,0.0,0.0,new20,21.0,33.898305084745765,24.5,39.83050847457627,7.0,10.169491525423728,27.966101694915253
sol_opus_gemini,current_user,da-20-4,3,da-20-4--rep-003,7a46c3791f7cda1ba6ce754b2c0b78db4e5cb43c70dbfd46f182b464ea81ec96,20.0,20.0,16.666666666666668,16.11111111111111,40.333333333333336,3.3333333333333335,0.5555555555555554,-24.22222222222222,-20.333333333333332,0.3333333333333333,0.0,0.0,0.6666666666666666,0.0,0.0,0.3333333333333333,0.0,0.0,0.3333333333333333,0.0,0.0,new20,28.0,45.76271186440678,24.5,39.83050847457627,1.0,0.0,28.531073446327685
sol_opus_gemini,current_user,da-24-3,1,da-24-3--rep-001,f42a0cd151b82c3a74b7b662a0359972fd9674cdfba3795d430a44cc44ba7c1f,60.0,60.0,49.333333333333336,51.22222222222222,67.66666666666667,10.666666666666666,-1.8888888888888882,-16.444444444444446,-7.666666666666667,1.0,0.0,0.0,1.3333333333333333,0.0,0.0,0.6666666666666666,0.0,0.0,0.3333333333333333,0.0,0.0,new20,50.0,83.05084745762711,4.0,5.084745762711864,2.0,1.694915254237288,29.943502824858754
sol_opus_gemini,current_user,da-24-3,2,da-24-3--rep-002,c5a98e2998fb1a3f97e55aaae028dd156508894a55d4435d0a332c3f12009cbd,100.0,100.0,90.0,90.55555555555556,68.33333333333333,10.0,-0.5555555555555571,22.222222222222225,31.666666666666668,0.6666666666666666,0.0,0.0,0.3333333333333333,0.0,0.0,0.3333333333333333,0.0,0.0,0.0,0.0,0.0,new20,45.5,75.42372881355932,11.0,16.949152542372882,55.0,91.52542372881356,61.29943502824859
sol_opus_gemini,current_user,da-24-3,3,da-24-3--rep-003,6f5fc7228728d8064939b62a52560d39ab1953d3a88485e4d7b579645d589e4c,80.0,80.0,81.66666666666667,78.33333333333333,67.0,-1.6666666666666667,3.3333333333333335,11.333333333333334,13.0,1.3333333333333333,0.0,0.0,1.0,0.0,0.0,0.3333333333333333,0.0,0.0,0.0,0.0,0.0,new20,4.0,5.084745762711864,50.0,83.05084745762711,46.0,76.27118644067797,54.80225988700565
sol_opus_gemini,current_user,da-26-2,1,da-26-2--rep-001,2a8b04e8c8b437605e2cd228425284166426486a42f851f4703c1abb58a9b77f,71.0,71.0,66.33333333333333,65.77777777777777,62.0,4.666666666666667,0.5555555555555548,3.7777777777777786,9.0,1.0,0.0,0.0,0.6666666666666666,0.0,0.0,0.6666666666666666,0.0,0.0,0.3333333333333333,0.0,0.0,new20,33.0,54.23728813559322,23.0,37.28813559322034,26.0,42.3728813559322,44.63276836158192
sol_opus_gemini,current_user,da-26-2,2,da-26-2--rep-002,58874b5fe68471f4ecced1cee4e5de3ce39aaee5be34a1ad4bfa6218ed542d26,71.0,71.0,69.33333333333333,72.33333333333333,47.333333333333336,1.6666666666666667,-3.0,25.0,23.666666666666668,1.0,0.0,0.0,0.0,0.0,0.0,0.6666666666666666,0.0,0.0,0.0,0.0,0.0,new20,21.0,33.898305084745765,1.0,0.0,57.0,94.91525423728814,42.93785310734464
sol_opus_gemini,current_user,da-26-2,3,da-26-2--rep-003,952ad828727e8f15834dc02aaea754dd9cd678ba9bbab0521a1144fc06501cc9,71.0,71.0,56.666666666666664,48.88888888888889,32.0,14.333333333333334,7.777777777777776,16.88888888888889,39.0,1.3333333333333333,0.0,0.0,0.6666666666666666,0.0,0.0,0.6666666666666666,0.0,0.0,0.3333333333333333,0.0,0.0,new20,54.5,90.67796610169492,59.0,98.30508474576271,49.0,81.35593220338983,90.11299435028249
sol_opus_gemini,current_user,da-26-4,1,da-26-4--rep-001,74b79ff61d02b55681536fad0edac3c09ef1c45af43a38aa5e3f0438ec0251db,57.0,57.0,57.0,57.0,37.666666666666664,0.0,0.0,19.333333333333332,19.333333333333332,4.0,33.333333333333336,0.0,2.0,0.0,0.0,1.3333333333333333,0.0,0.0,0.3333333333333333,0.0,0.0,new20,12.0,18.64406779661017,17.5,27.966101694915253,53.5,88.98305084745763,45.19774011299435
sol_opus_gemini,current_user,da-26-4,2,da-26-4--rep-002,698fe49708e2fa2dc8af5971682c794c63e9ac6c309ded101c26b0cd01005939,95.0,95.0,84.66666666666667,79.66666666666667,38.0,10.333333333333334,5.0,41.666666666666664,57.0,5.0,66.66666666666667,0.0,2.0,0.0,0.0,1.3333333333333333,0.0,0.0,0.6666666666666666,0.0,0.0,new20,47.5,78.8135593220339,55.0,91.52542372881356,59.0,98.30508474576271,89.54802259887006
sol_opus_gemini,current_user,da-26-4,3,da-26-4--rep-003,12c91b4047c0caadaa2cb1762b837e99fb9a7a6d446b69dd083ca104de67ccf4,30.0,30.0,28.0,23.444444444444446,22.0,2.0,4.5555555555555545,1.4444444444444453,8.0,1.6666666666666667,0.0,0.0,1.0,0.0,0.0,0.6666666666666666,0.0,0.0,1.3333333333333333,0.0,0.0,new20,24.0,38.983050847457626,53.0,88.13559322033899,19.0,30.508474576271187,52.54237288135593
sol_opus_gemini,current_user,da-3-5,1,da-3-5--rep-001,2185ac6e96a5a87d7c8e3a9f5829f4593e61601ae86651971102e3d923328ae9,100.0,100.0,93.0,92.11111111111111,81.33333333333333,7.0,0.8888888888888905,10.777777777777777,18.666666666666668,0.6666666666666666,0.0,0.0,0.6666666666666666,0.0,0.0,0.6666666666666666,0.0,0.0,0.6666666666666666,0.0,0.0,new20,39.5,65.2542372881356,32.5,53.389830508474574,44.0,72.88135593220339,63.84180790960452
sol_opus_gemini,current_user,da-3-5,2,da-3-5--rep-002,feaf90a8d7b2d3f52289ac777233d0518445a3e647c26eb6fc230c1c000c1780,100.0,100.0,100.0,100.0,93.33333333333333,0.0,0.0,6.666666666666667,6.666666666666667,0.6666666666666666,0.0,0.0,0.6666666666666666,0.0,0.0,0.6666666666666666,0.0,0.0,0.3333333333333333,0.0,0.0,new20,12.0,18.64406779661017,17.5,27.966101694915253,35.5,58.47457627118644,35.02824858757062
sol_opus_gemini,current_user,da-3-5,3,da-3-5--rep-003,999f2c16809f8bba8130a006d8d304d37847e3c21f87cca78c2db08953e29947,100.0,100.0,94.66666666666667,96.44444444444444,86.0,5.333333333333333,-1.7777777777777761,10.444444444444443,14.0,0.3333333333333333,0.0,0.0,0.3333333333333333,0.0,0.0,0.6666666666666666,0.0,0.0,0.3333333333333333,0.0,0.0,new20,35.5,58.47457627118644,5.0,6.779661016949152,43.0,71.1864406779661,45.48022598870057
sol_opus_gemini,current_user,da-4-1,1,da-4-1--rep-001,057f7a527956349d8e253766ccc333b25228f0214c7e702e4ebf01de87b2307d,86.0,86.0,88.33333333333333,85.0,78.66666666666667,-2.3333333333333335,3.3333333333333286,6.333333333333338,7.333333333333333,0.3333333333333333,0.0,0.0,0.3333333333333333,0.0,0.0,0.3333333333333333,0.0,0.0,0.3333333333333333,0.0,0.0,new20,3.0,3.389830508474576,49.0,81.35593220338983,34.0,55.932203389830505,46.89265536723163
sol_opus_gemini,current_user,da-4-1,2,da-4-1--rep-002,9c53b773849793077259d4e4789c8a60a846b489413644588ffdff4ccc703068,100.0,100.0,89.33333333333333,92.11111111111111,86.0,10.666666666666666,-2.7777777777777763,6.11111111111111,14.0,1.0,0.0,0.0,0.6666666666666666,0.0,0.0,0.3333333333333333,0.0,0.0,0.3333333333333333,0.0,0.0,new20,50.0,83.05084745762711,2.0,1.694915254237288,33.0,54.23728813559322,46.327683615819204
sol_opus_gemini,current_user,da-4-1,3,da-4-1--rep-003,12bc3f0f681d221a15606bd1ce516f1379b00f4435c10022d511d369313b541f,93.0,93.0,85.33333333333333,84.0,79.66666666666667,7.666666666666667,1.3333333333333286,4.333333333333338,13.333333333333334,1.3333333333333333,0.0,0.0,0.6666666666666666,0.0,0.0,0.3333333333333333,0.0,0.0,0.6666666666666666,0.0,0.0,new20,41.0,67.79661016949153,38.0,62.71186440677966,29.0,47.45762711864407,59.32203389830509
sol_opus_gemini,current_user,da-4-6,1,da-4-6--rep-001,0f0c825028bfe48de9f7e71ca6d6c9e30ae4444a8d3e2245e6ee5822799c7574,100.0,100.0,100.0,97.55555555555556,93.66666666666667,0.0,2.444444444444443,3.8888888888888906,6.333333333333333,0.3333333333333333,0.0,0.0,0.3333333333333333,0.0,0.0,0.0,0.0,0.0,0.0,0.0,0.0,new20,12.0,18.64406779661017,42.5,70.33898305084746,27.0,44.067796610169495,44.35028248587571
sol_opus_gemini,current_user,da-4-6,2,da-4-6--rep-002,39b590a763de4b215ab3d3357d2fa8abeab53e8a5389223f3c85a536b87974f0,100.0,100.0,95.66666666666667,97.11111111111111,94.66666666666667,4.333333333333333,-1.4444444444444429,2.444444444444443,5.333333333333333,1.0,0.0,0.0,1.0,0.0,0.0,0.3333333333333333,0.0,0.0,0.3333333333333333,0.0,0.0,new20,31.5,51.69491525423729,6.0,8.474576271186441,23.0,37.28813559322034,32.48587570621469
sol_opus_gemini,current_user,da-4-6,3,da-4-6--rep-003,4985a712df5c5253cfdc26000c68dd9533e7b619c638623d724eccf4af188d57,100.0,100.0,84.0,84.0,93.33333333333333,16.0,0.0,-9.333333333333334,6.666666666666667,0.3333333333333333,0.0,0.0,0.3333333333333333,0.0,0.0,0.0,0.0,0.0,0.3333333333333333,0.0,0.0,new20,57.0,94.91525423728814,17.5,27.966101694915253,5.5,7.627118644067797,43.502824858757066
sol_opus_gemini,current_user,da-5-1,1,da-5-1--rep-001,0e9ecb6785a00f2a6404ebd5c22505a29aa7869e70a17f799e44688006b1fca9,100.0,100.0,90.0,89.44444444444444,87.33333333333333,10.0,0.5555555555555571,2.1111111111111094,12.666666666666666,0.6666666666666666,0.0,0.0,0.6666666666666666,0.0,0.0,1.0,0.0,0.0,0.3333333333333333,0.0,0.0,new20,45.5,75.42372881355932,26.5,43.220338983050844,21.5,34.74576271186441,51.12994350282486
sol_opus_gemini,current_user,da-5-1,2,da-5-1--rep-002,447f6841feba72a1c7305fd5f4694e3b89ebaf80b324b00ee30e47c9f1cd2e72,100.0,100.0,90.66666666666667,91.44444444444444,92.33333333333333,9.333333333333334,-0.7777777777777762,-0.8888888888888905,7.666666666666667,0.3333333333333333,0.0,0.0,0.3333333333333333,0.0,0.0,0.3333333333333333,0.0,0.0,0.3333333333333333,0.0,0.0,new20,43.0,71.1864406779661,9.0,13.559322033898304,17.0,27.11864406779661,37.28813559322034
sol_opus_gemini,current_user,da-5-1,3,da-5-1--rep-003,50dcd82522cb2a7e033864a427abff94011794f0525d055aa3bf2649aac4d7d6,100.0,100.0,85.66666666666667,85.33333333333333,86.66666666666667,14.333333333333334,0.3333333333333333,-1.3333333333333333,13.333333333333334,1.0,0.0,0.0,0.6666666666666666,0.0,0.0,0.6666666666666666,0.0,0.0,0.6666666666666666,0.0,0.0,new20,54.5,90.67796610169492,22.0,35.59322033898305,15.0,23.728813559322035,50.0
sol_opus_gemini,current_user,da-6-5,1,da-6-5--rep-001,204ec4c9b9d59a0ac9aa0262bd576f273abbe802751636d502bf3e6e440e093b,100.0,100.0,95.66666666666667,98.33333333333333,34.333333333333336,4.333333333333333,-2.6666666666666665,64.0,65.66666666666667,1.0,0.0,0.0,0.6666666666666666,0.0,0.0,1.6666666666666667,0.0,0.0,0.3333333333333333,0.0,0.0,new20,31.5,51.69491525423729,3.0,3.389830508474576,60.0,100.0,51.69491525423729
sol_opus_gemini,current_user,da-6-5,2,da-6-5--rep-002,1a87d8d001b31de9f609ac7ab62adede44ffc345b61e8305473fdb1f3ebd4359,100.0,100.0,100.0,100.0,85.66666666666667,0.0,0.0,14.333333333333334,14.333333333333334,1.0,0.0,0.0,0.3333333333333333,0.0,0.0,0.3333333333333333,0.0,0.0,0.3333333333333333,0.0,0.0,new20,12.0,18.64406779661017,17.5,27.966101694915253,48.0,79.66101694915254,42.090395480225986
sol_opus_gemini,current_user,da-6-5,3,da-6-5--rep-003,8af52c49619255fa187ee348f500b22219597585f823d52ccd37cd870abc3d2e,100.0,100.0,100.0,99.11111111111111,90.33333333333333,0.0,0.8888888888888905,8.777777777777777,9.666666666666666,0.6666666666666666,0.0,0.0,0.0,0.0,0.0,0.6666666666666666,0.0,0.0,0.3333333333333333,0.0,0.0,new20,12.0,18.64406779661017,32.5,53.389830508474574,40.5,66.94915254237289,46.32768361581921
sol_opus_gemini,current_user,da-8-1,1,da-8-1--rep-001,12b660169831b7d224b4965ac0c46aa7ed8d9ea94d4e86eb570e6fc48dd7df27,100.0,100.0,94.66666666666667,95.55555555555556,87.33333333333333,5.333333333333333,-0.8888888888888905,8.222222222222223,12.666666666666666,1.0,0.0,0.0,1.0,0.0,0.0,0.3333333333333333,0.0,0.0,0.0,0.0,0.0,new20,35.5,58.47457627118644,8.0,11.864406779661017,39.0,64.40677966101696,44.91525423728814
sol_opus_gemini,current_user,da-8-1,2,da-8-1--rep-002,366823a759f2cd52c6f0192ce41284a997e69ddd99c70aab6cf92e02b30ac9ad,92.0,92.0,90.33333333333333,89.22222222222223,66.66666666666667,1.6666666666666667,1.1111111111111096,22.555555555555557,25.333333333333332,1.6666666666666667,0.0,0.0,1.6666666666666667,0.0,0.0,0.3333333333333333,0.0,0.0,0.6666666666666666,0.0,0.0,new20,21.0,33.898305084745765,35.5,58.47457627118644,56.0,93.22033898305085,61.86440677966102
sol_opus_gemini,current_user,da-8-1,3,da-8-1--rep-003,4c4f2ff267fd6679892b6e1496a8558f7d0faf229ae460aeb5326b3900847a04,100.0,100.0,100.0,100.0,86.0,0.0,0.0,14.0,14.0,0.3333333333333333,0.0,0.0,0.3333333333333333,0.0,0.0,0.3333333333333333,0.0,0.0,0.3333333333333333,0.0,0.0,new20,12.0,18.64406779661017,17.5,27.966101694915253,47.0,77.96610169491525,41.52542372881356
sol_opus_gemini,current_user,da-8-3,1,da-8-3--rep-001,7d8e335f91a45848411b998c1a5cb1e115fd1bedd3088bd1a168c5753fe63bd3,100.0,100.0,93.0,86.22222222222221,69.0,7.0,6.777777777777781,17.222222222222218,31.0,1.0,0.0,0.0,1.3333333333333333,0.0,0.0,0.6666666666666666,0.0,0.0,1.3333333333333333,0.0,0.0,new20,39.5,65.2542372881356,56.0,93.22033898305085,50.0,83.05084745762711,80.50847457627118
sol_opus_gemini,current_user,da-8-3,2,da-8-3--rep-002,0a30c0f00519fd449b9f5a56c6be7d93456e18f43041e52c1fbba34ab2a6c9c9,92.0,92.0,81.66666666666667,80.22222222222221,74.33333333333333,10.333333333333334,1.4444444444444475,5.888888888888886,17.666666666666668,1.0,0.0,0.0,1.0,0.0,0.0,0.6666666666666666,0.0,0.0,1.0,0.0,0.0,new20,47.5,78.8135593220339,39.0,64.40677966101696,31.0,50.847457627118644,64.68926553672317
sol_opus_gemini,current_user,da-8-3,3,da-8-3--rep-003,8f08bf1a373529a65fc062e76eda747144d6180f37330377e0168e932ef9723e,100.0,100.0,92.0,92.66666666666667,65.66666666666667,8.0,-0.6666666666666666,27.0,34.333333333333336,4.0,33.333333333333336,0.0,4.333333333333333,33.333333333333336,0.0,0.6666666666666666,0.0,0.0,1.0,0.0,0.0,new20,42.0,69.49152542372882,10.0,15.254237288135593,58.0,96.61016949152543,60.451977401129945
sol_opus_gemini,current_user,da-9-1,1,da-9-1--rep-001,03df4078648b486b92503b2b6f0f3c5a8d7adf29720b8c6981634f2cc6d4ce4f,100.0,100.0,97.66666666666667,94.44444444444444,85.66666666666667,2.3333333333333335,3.2222222222222237,8.777777777777777,14.333333333333334,0.6666666666666666,0.0,0.0,0.6666666666666666,0.0,0.0,0.6666666666666666,0.0,0.0,0.3333333333333333,0.0,0.0,new20,25.0,40.67796610169491,48.0,79.66101694915254,40.5,66.94915254237289,62.429378531073446
sol_opus_gemini,current_user,da-9-1,2,da-9-1--rep-002,5e6269a054e2ba527a66a7f2b568da3cd3763b853ec88db9d626e4b5e6e66170,100.0,100.0,89.0,87.88888888888889,82.0,11.0,1.1111111111111096,5.88888888888889,18.0,0.3333333333333333,0.0,0.0,0.3333333333333333,0.0,0.0,0.3333333333333333,0.0,0.0,0.3333333333333333,0.0,0.0,new20,52.0,86.44067796610169,35.5,58.47457627118644,32.0,52.54237288135593,65.81920903954801
sol_opus_gemini,current_user,da-9-1,3,da-9-1--rep-003,341dec816c312ddeb50bc186c59bdecc547e7568e20bcc64e7ed381f0a0be05c,100.0,100.0,93.66666666666667,93.66666666666667,90.0,6.333333333333333,0.0,3.6666666666666665,10.0,1.0,0.0,0.0,0.6666666666666666,0.0,0.0,0.3333333333333333,0.0,0.0,0.3333333333333333,0.0,0.0,new20,38.0,62.71186440677966,17.5,27.966101694915253,25.0,40.67796610169491,43.78531073446327
sol_opus_gemini,current_user,da-9-7,1,da-9-7--rep-001,0a628d405fd5de3e7f3c2095bec2cdd70dcaf101770947b4f6d1595fb70bfa8a,93.0,93.0,93.0,90.66666666666667,95.33333333333333,0.0,2.3333333333333335,-4.666666666666667,-2.3333333333333335,4.0,66.66666666666667,0.0,3.6666666666666665,33.333333333333336,0.0,0.3333333333333333,0.0,0.0,1.0,0.0,0.0,new20,12.0,18.64406779661017,40.0,66.10169491525424,11.5,17.796610169491526,34.18079096045198
sol_opus_gemini,current_user,da-9-7,2,da-9-7--rep-002,a48d5584d1cda0f414be705fb4ffa0ac4708fa19d2013b3b9ca4ef4c69c32de4,100.0,100.0,96.33333333333333,96.33333333333333,89.66666666666667,3.6666666666666665,0.0,6.666666666666667,10.333333333333334,1.3333333333333333,0.0,0.0,0.3333333333333333,0.0,0.0,0.6666666666666666,0.0,0.0,0.0,0.0,0.0,new20,30.0,49.152542372881356,17.5,27.966101694915253,35.5,58.47457627118644,45.19774011299435
sol_opus_gemini,current_user,da-9-7,3,da-9-7--rep-003,99e00800ef6d12badf8dff8274ce657323e98b12bd2973f1c4bb9e3dda6a13d6,93.0,93.0,82.33333333333333,79.88888888888889,93.0,10.666666666666666,2.444444444444443,-13.111111111111109,0.0,0.3333333333333333,0.0,0.0,0.3333333333333333,0.0,0.0,0.3333333333333333,0.0,0.0,0.0,0.0,0.0,new20,50.0,83.05084745762711,42.5,70.33898305084746,3.0,3.389830508474576,52.259887005649716
sol_opus,current_full,da-1-3,1,da-1-3--rep-001,5d3ef64216240a0b1df0133b1835ab72e2bab2d1a31f9acbdd11f9c35f20bb47,100.0,100.0,97.5,97.5,83.5,2.5,0.0,14.0,16.5,0.5,0.0,0.0,0.5,0.0,0.0,0.5,0.0,0.0,0.5,0.0,0.0,cumulative40,54.0,44.53781512605042,46.0,37.81512605042017,56.0,46.21848739495798,42.857142857142854
sol_opus,current_full,da-1-3,2,da-1-3--rep-002,31177b6bf749aa9955327185f9607c4c0290659aae41c44b65448ddff613b8ae,100.0,100.0,100.0,98.33333333333334,86.5,0.0,1.6666666666666643,11.833333333333336,13.5,1.0,0.0,0.0,0.5,0.0,0.0,0.5,0.0,0.0,0.5,0.0,0.0,cumulative40,22.5,18.067226890756302,82.5,68.4873949579832,52.0,42.857142857142854,43.13725490196079
sol_opus,current_full,da-1-3,3,da-1-3--rep-003,831ad3c7154ae1a059582999abac0191237eaf9b72aed0dddccd784299cc861f,100.0,100.0,89.5,86.66666666666666,55.0,10.5,2.8333333333333357,31.666666666666664,45.0,1.0,0.0,0.0,0.5,0.0,0.0,1.0,0.0,0.0,0.5,0.0,0.0,cumulative40,88.5,73.52941176470588,99.0,82.3529411764706,100.0,83.19327731092437,79.69187675070029
sol_opus,current_full,da-1-4,1,da-1-4--rep-001,8579f1d69821d8f95467324681e5de48dc9b533437b308282872bc828b2f3f12,100.0,100.0,97.5,98.33333333333334,78.5,2.5,-0.8333333333333357,19.833333333333336,21.5,1.0,0.0,0.0,0.5,0.0,0.0,0.5,0.0,0.0,0.5,0.0,0.0,cumulative40,54.0,44.53781512605042,24.5,19.747899159663866,73.0,60.50420168067227,41.596638655462186
sol_opus,current_full,da-1-4,2,da-1-4--rep-002,16cc9e2d573864e05955a3fcacf526cb3b7f6fe9278bdf5ef17ad88a084562b5,100.0,100.0,100.0,100.0,85.0,0.0,0.0,15.0,15.0,1.0,0.0,0.0,0.5,0.0,0.0,0.5,0.0,0.0,1.0,0.0,0.0,cumulative40,22.5,18.067226890756302,46.0,37.81512605042017,58.0,47.89915966386555,34.593837535014
sol_opus,current_full,da-1-4,3,da-1-4--rep-003,60154c27e2ab3ff3bc19f636dc862c2a62a671934f29e94a788238946ea54b61,100.0,100.0,93.5,93.5,83.0,6.5,0.0,10.5,17.0,0.5,0.0,0.0,0.5,0.0,0.0,0.5,0.0,0.0,0.5,0.0,0.0,cumulative40,78.5,65.12605042016807,46.0,37.81512605042017,48.5,39.91596638655462,47.61904761904762
sol_opus,current_full,da-10-1,1,da-10-1--rep-001,8a59fa68dbcd5e8ae42ecd5148e7877fa04f672b4847eab901635ad0b0cfda04,100.0,100.0,100.0,100.0,78.0,0.0,0.0,22.0,22.0,0.5,0.0,0.0,0.0,0.0,0.0,0.5,0.0,0.0,0.5,0.0,0.0,cumulative40,22.5,18.067226890756302,46.0,37.81512605042017,81.5,67.6470588235294,41.17647058823529
sol_opus,current_full,da-10-1,2,da-10-1--rep-002,28bb10a27cc5e7b0d29f2dee6658836679cca6dd5b1ee3c17e687f92b4a23d8e,100.0,100.0,96.0,96.0,79.0,4.0,0.0,17.0,21.0,0.5,0.0,0.0,0.5,0.0,0.0,0.5,0.0,0.0,0.5,0.0,0.0,cumulative40,72.0,59.66386554621849,46.0,37.81512605042017,65.5,54.20168067226891,50.56022408963585
sol_opus,current_full,da-10-1,3,da-10-1--rep-003,d77c9832e24c0b1a42f91901e0a69c073ab4c04c89ef662ec0344e1f778444bb,100.0,100.0,98.0,100.0,86.5,2.0,-2.0,13.5,13.5,0.5,0.0,0.0,0.5,0.0,0.0,0.5,0.0,0.0,0.5,0.0,0.0,cumulative40,44.0,36.134453781512605,14.0,10.92436974789916,55.0,45.378151260504204,30.81232492997199
sol_opus,current_full,da-10-3,1,da-10-3--rep-001,bcc9f280eaf5bcc981ab99bfffb5b40d9bf3ea870b24454dfd3bf94e4ca26edf,100.0,100.0,100.0,100.0,80.5,0.0,0.0,19.5,19.5,0.5,0.0,0.0,0.5,0.0,0.0,0.5,0.0,0.0,0.5,0.0,0.0,cumulative40,22.5,18.067226890756302,46.0,37.81512605042017,72.0,59.66386554621849,38.515406162464984
sol_opus,current_full,da-10-3,2,da-10-3--rep-002,af1ead73430659ec7567418ef500f3a14330b21ef20c93d4f9ea7f58374e325f,100.0,100.0,97.5,99.16666666666666,66.5,2.5,-1.6666666666666643,32.666666666666664,33.5,0.5,0.0,0.0,0.5,0.0,0.0,0.5,0.0,0.0,0.5,0.0,0.0,cumulative40,54.0,44.53781512605042,18.5,14.705882352941176,102.0,84.87394957983193,48.03921568627451
sol_opus,current_full,da-10-3,3,da-10-3--rep-003,7eff9444a67bf46772b10655df63a85852ff1556f1b1f197c200e5344bc459b7,100.0,100.0,100.0,98.16666666666666,68.5,0.0,1.8333333333333357,29.666666666666664,31.5,0.5,0.0,0.0,0.5,0.0,0.0,0.5,0.0,0.0,0.5,0.0,0.0,cumulative40,22.5,18.067226890756302,87.0,72.26890756302521,97.0,80.67226890756302,57.002801120448176
sol_opus,current_full,da-12-2,1,da-12-2--rep-001,aa5558f0bc70c3c0056596c6f332961c6a28149e5403459ae069d38d1744d6c2,100.0,95.0,100.0,100.0,61.0,0.0,0.0,39.0,39.0,8.0,100.0,0.0,7.5,100.0,0.0,8.0,100.0,0.0,7.5,100.0,0.0,cumulative40,22.5,18.067226890756302,46.0,37.81512605042017,109.0,90.75630252100841,48.879551820728295
sol_opus,current_full,da-12-2,2,da-12-2--rep-002,953bdb85e14b9bb90c6086aaf50e1ad561a2281b02055778d4ba60644119181b,70.0,70.0,67.5,70.0,80.5,2.5,-2.5,-10.5,-10.5,0.5,0.0,0.0,0.0,0.0,0.0,0.5,0.0,0.0,1.0,0.0,0.0,cumulative40,54.0,44.53781512605042,12.5,9.663865546218487,5.0,3.361344537815126,19.18767507002801
sol_opus,current_full,da-12-2,3,da-12-2--rep-003,96658af61c93de4b8ed3e4d908009f3f76b8ddc8b0356d891fe518bda682c3e2,100.0,100.0,100.0,100.0,90.0,0.0,0.0,10.0,10.0,4.0,0.0,50.0,1.5,0.0,0.0,1.5,0.0,0.0,1.0,0.0,0.0,cumulative40,22.5,18.067226890756302,46.0,37.81512605042017,45.5,37.39495798319328,31.092436974789916
sol_opus,current_full,da-12-4,1,da-12-4--rep-001,f7cc404237a9fc22cdd1af5841696b058537a33a726d77cb37368ca002f6162c,86.0,86.0,86.0,86.0,87.5,0.0,0.0,-1.5,-1.5,0.5,0.0,0.0,0.5,0.0,0.0,0.5,0.0,0.0,0.5,0.0,0.0,cumulative40,22.5,18.067226890756302,46.0,37.81512605042017,17.0,13.445378151260504,23.10924369747899
sol_opus,current_full,da-12-4,2,da-12-4--rep-002,d22048bbf9e9aeda018a6ef09192a2a3b59b0d996f764b8b241f87065d353eed,100.0,100.0,100.0,100.0,67.0,0.0,0.0,33.0,33.0,7.5,100.0,0.0,0.5,0.0,0.0,1.0,0.0,0.0,0.5,0.0,0.0,cumulative40,22.5,18.067226890756302,46.0,37.81512605042017,103.0,85.71428571428571,47.198879551820724
sol_opus,current_full,da-12-4,3,da-12-4--rep-003,e631bcaaf0b93d7fac03c461e42334c064c26d702791dd8c34fe3da9ac47ce25,86.0,86.0,85.0,76.83333333333334,86.0,1.0,8.166666666666664,-9.166666666666664,0.0,3.5,0.0,0.0,2.5,0.0,0.0,0.5,0.0,0.0,2.0,0.0,0.0,cumulative40,43.0,35.294117647058826,119.0,99.15966386554622,7.0,5.042016806722689,46.498599439775916
sol_opus,current_full,da-13-1,1,da-13-1--rep-001,2687db1883433f202b5d8c4fa1eeb81260a954db4c9b219b9470ca88df6eb75a,100.0,100.0,91.0,89.5,83.0,9.0,1.5,6.5,17.0,0.5,0.0,0.0,0.5,0.0,0.0,0.0,0.0,0.0,0.5,0.0,0.0,cumulative40,83.5,69.32773109243698,78.0,64.70588235294117,33.5,27.310924369747898,53.78151260504202
sol_opus,current_full,da-13-1,2,da-13-1--rep-002,cff05b668fee971c5af7a3bc1b18b31d9370768654b274ca8f88901252cba0b1,100.0,100.0,100.0,100.0,77.5,0.0,0.0,22.5,22.5,0.5,0.0,0.0,0.5,0.0,0.0,0.5,0.0,0.0,0.5,0.0,0.0,cumulative40,22.5,18.067226890756302,46.0,37.81512605042017,83.5,69.32773109243698,41.73669467787115
sol_opus,current_full,da-13-1,3,da-13-1--rep-003,4872c95f9caa5c573f5e3056e2fc5bf40232784f95f8423cb777b3654cd139a1,100.0,100.0,86.5,83.16666666666666,72.0,13.5,3.3333333333333357,11.166666666666664,28.0,2.0,0.0,0.0,0.5,0.0,0.0,0.5,0.0,0.0,0.5,0.0,0.0,cumulative40,94.5,78.57142857142857,100.5,83.61344537815125,50.5,41.596638655462186,67.92717086834733
sol_opus,current_full,da-13-3,1,da-13-3--rep-001,13d1faa077f1168872dc928fe929fcfec5e2b5a7a004d404ecba57c1b0607a19,100.0,100.0,100.0,100.0,89.5,0.0,0.0,10.5,10.5,0.5,0.0,0.0,0.0,0.0,0.0,0.0,0.0,0.0,0.5,0.0,0.0,cumulative40,22.5,18.067226890756302,46.0,37.81512605042017,48.5,39.91596638655462,31.932773109243698
sol_opus,current_full,da-13-3,2,da-13-3--rep-002,844644e69962c5c8f40741d7e7e809c2f33007ecd3483f925f52af4c3c55b383,100.0,100.0,100.0,97.66666666666666,83.5,0.0,2.3333333333333357,14.166666666666664,16.5,0.5,0.0,0.0,0.5,0.0,0.0,0.5,0.0,0.0,0.5,0.0,0.0,cumulative40,22.5,18.067226890756302,91.0,75.63025210084034,57.0,47.05882352941177,46.918767507002805
sol_opus,current_full,da-13-3,3,da-13-3--rep-003,3b55f0efcc9addf6212ef1aea789ea400d6fdbd67280be554000a46a9fb72f40,100.0,100.0,100.0,97.66666666666666,88.5,0.0,2.3333333333333357,9.166666666666664,11.5,0.5,0.0,0.0,0.5,0.0,0.0,0.5,0.0,0.0,0.5,0.0,0.0,cumulative40,22.5,18.067226890756302,91.0,75.63025210084034,42.0,34.45378151260504,42.71708683473389
sol_opus,current_full,da-13-5,1,da-13-5--rep-001,e8908a1509166c699c3c01f2743ccef1b0ca5b45ba7e04fc5ec4c7407c720211,100.0,100.0,100.0,98.33333333333334,82.0,0.0,1.6666666666666643,16.333333333333336,18.0,1.0,0.0,0.0,1.0,0.0,0.0,0.5,0.0,0.0,0.5,0.0,0.0,cumulative40,22.5,18.067226890756302,82.5,68.4873949579832,64.0,52.94117647058823,46.49859943977591
sol_opus,current_full,da-13-5,2,da-13-5--rep-002,34c7af044371da1b74591a96f6f536d2edc51341d276cd2c1ced555eb67b5bb3,100.0,100.0,90.0,85.83333333333333,85.5,10.0,4.166666666666671,0.3333333333333286,14.5,0.5,0.0,0.0,0.0,0.0,0.0,0.0,0.0,0.0,0.5,0.0,0.0,cumulative40,86.0,71.42857142857143,105.0,87.39495798319328,22.0,17.647058823529413,58.82352941176471
sol_opus,current_full,da-13-5,3,da-13-5--rep-003,da45ed3657c57a505691d5a566d6bee40b749093aeb6f4c0e83249050a42da97,100.0,100.0,85.0,86.66666666666666,90.5,15.0,-1.6666666666666643,-3.8333333333333357,9.5,1.0,0.0,0.0,0.5,0.0,0.0,0.5,0.0,0.0,0.5,0.0,0.0,cumulative40,100.0,83.19327731092437,18.5,14.705882352941176,15.0,11.764705882352942,36.554621848739494
sol_opus,current_full,da-13-6,1,da-13-6--rep-001,4b91801b7b3b3c0722d4138099e799e529db27a6ec410c7f895baf46b5b5260e,100.0,100.0,100.0,96.66666666666666,68.5,0.0,3.3333333333333357,28.166666666666664,31.5,1.0,0.0,0.0,0.5,0.0,0.0,0.5,0.0,0.0,0.5,0.0,0.0,cumulative40,22.5,18.067226890756302,100.5,83.61344537815125,95.0,78.99159663865547,60.22408963585434
sol_opus,current_full,da-13-6,2,da-13-6--rep-002,70781e72c0bd769898685277e2b00f3b58af60dd021f75dee121e9669d39c8b5,100.0,100.0,75.0,68.33333333333333,76.5,25.0,6.666666666666668,-8.166666666666668,23.5,0.5,0.0,0.0,0.5,0.0,0.0,0.5,0.0,0.0,0.0,0.0,0.0,cumulative40,113.0,94.11764705882354,116.0,96.63865546218487,8.0,5.882352941176471,65.54621848739495
sol_opus,current_full,da-13-6,3,da-13-6--rep-003,8c39c24a1969119db9cb917eb6bb9b0d66834e1a2fe3e2dad56e988ed78d19bc,100.0,100.0,65.0,66.66666666666667,77.0,35.0,-1.6666666666666679,-10.333333333333332,23.0,0.5,0.0,0.0,0.5,0.0,0.0,0.5,0.0,0.0,0.5,0.0,0.0,cumulative40,118.0,98.31932773109244,16.0,12.605042016806722,6.0,4.201680672268908,38.37535014005602
sol_opus,current_full,da-14-1,1,da-14-1--rep-001,c58870f887fa50980bfb0a72ef12a02de1d44513021245911166f54fb4ab8849,100.0,100.0,97.5,91.5,89.5,2.5,6.0,2.0,10.5,0.5,0.0,0.0,0.5,0.0,0.0,0.0,0.0,0.0,0.5,0.0,0.0,cumulative40,54.0,44.53781512605042,114.0,94.95798319327731,25.0,20.168067226890756,53.221288515406165
sol_opus,current_full,da-14-1,2,da-14-1--rep-002,62a4f4e79c3ba40897079d2e4434524d0de6c7e9af55274bb103f10775894457,100.0,100.0,89.0,84.0,88.5,11.0,5.0,-4.5,11.5,0.5,0.0,0.0,0.0,0.0,0.0,0.0,0.0,0.0,0.5,0.0,0.0,cumulative40,91.5,76.05042016806723,109.0,90.75630252100841,13.5,10.504201680672269,59.103641456582636
sol_opus,current_full,da-14-1,3,da-14-1--rep-003,910c3ad981337a49826a2db6a9dcfeae79e59eea300411fa02d21a728b30d313,100.0,100.0,96.5,94.83333333333334,87.0,3.5,1.6666666666666643,7.833333333333336,13.0,0.5,0.0,0.0,0.5,0.0,0.0,0.0,0.0,0.0,0.5,0.0,0.0,cumulative40,67.0,55.46218487394958,82.5,68.4873949579832,36.0,29.41176470588235,51.12044817927171
sol_opus,current_full,da-14-3,1,da-14-3--rep-001,443cef1315d563b38a073e85156b222064439a6e6924ece7a7cf696da81ca47d,100.0,100.0,100.0,100.0,92.0,0.0,0.0,8.0,8.0,0.5,0.0,0.0,0.5,0.0,0.0,0.5,0.0,0.0,0.5,0.0,0.0,cumulative40,22.5,18.067226890756302,46.0,37.81512605042017,38.0,31.092436974789916,28.991596638655462
sol_opus,current_full,da-14-3,2,da-14-3--rep-002,b6bcfb1759100fb5dccdc6a0c96b2e53512990979748023f4dd66d1dafdae449,100.0,100.0,100.0,100.0,92.0,0.0,0.0,8.0,8.0,1.0,0.0,0.0,0.5,0.0,0.0,0.5,0.0,0.0,0.5,0.0,0.0,cumulative40,22.5,18.067226890756302,46.0,37.81512605042017,38.0,31.092436974789916,28.991596638655462
sol_opus,current_full,da-14-3,3,da-14-3--rep-003,f490cd7d9aac7dd334b16cc234b86a204fe25c9123914094231ef40a35bf9865,100.0,100.0,100.0,100.0,92.0,0.0,0.0,8.0,8.0,0.5,0.0,0.0,0.5,0.0,0.0,0.0,0.0,0.0,0.5,0.0,0.0,cumulative40,22.5,18.067226890756302,46.0,37.81512605042017,38.0,31.092436974789916,28.991596638655462
sol_opus,current_full,da-14-8,1,da-14-8--rep-001,19e50d8f667891739f395ea6149e8c16e896b52239e2f28dc65435d959c044ea,100.0,100.0,100.0,100.0,56.5,0.0,0.0,43.5,43.5,3.5,0.0,0.0,0.5,0.0,0.0,2.0,0.0,0.0,0.5,0.0,0.0,cumulative40,22.5,18.067226890756302,46.0,37.81512605042017,114.5,95.3781512605042,50.42016806722689
sol_opus,current_full,da-14-8,2,da-14-8--rep-002,1854b3c78047ce70c8c201e764f7834984a12b87d1e80fa39c8cebb687eb324c,100.0,100.0,100.0,100.0,60.5,0.0,0.0,39.5,39.5,5.0,50.0,0.0,3.0,0.0,50.0,0.5,0.0,0.0,0.5,0.0,0.0,cumulative40,22.5,18.067226890756302,46.0,37.81512605042017,110.5,92.01680672268908,49.299719887955185
sol_opus,current_full,da-14-8,3,da-14-8--rep-003,1df4d0430e99e84f731048fd90fa72db44584ded655899682db950efc5095058,100.0,100.0,92.5,91.66666666666666,58.0,7.5,0.8333333333333357,33.666666666666664,42.0,4.0,0.0,0.0,0.5,0.0,0.0,1.5,0.0,0.0,1.0,0.0,0.0,cumulative40,80.0,66.38655462184875,73.0,60.50420168067227,105.0,87.39495798319328,71.42857142857143
sol_opus,current_full,da-15-1,1,da-15-1--rep-001,49778b345951f612f87bb67536902d62c4213099dc7e29ff5944d6732e6b15a9,100.0,100.0,97.5,97.5,73.0,2.5,0.0,24.5,27.0,3.5,50.0,0.0,0.0,0.0,0.0,0.5,0.0,0.0,0.0,0.0,0.0,cumulative40,54.0,44.53781512605042,46.0,37.81512605042017,87.0,72.26890756302521,51.5406162464986
sol_opus,current_full,da-15-1,2,da-15-1--rep-002,d9e2dbdadadbc426045c351ebdf396cff880ef31da1dd828a4c565fa93d51ff1,87.0,87.0,87.0,87.0,82.0,0.0,0.0,5.0,5.0,0.5,0.0,0.0,0.0,0.0,0.0,0.5,0.0,0.0,1.0,0.0,0.0,cumulative40,22.5,18.067226890756302,46.0,37.81512605042017,31.0,25.210084033613445,27.030812324929972
sol_opus,current_full,da-15-1,3,da-15-1--rep-003,2c9b91497ed94a70515f7042413c19b3bc0eae6ec6fd40c1c6f08cdadf998bb8,87.0,87.0,87.0,84.5,83.5,0.0,2.5,1.0,3.5,2.0,0.0,0.0,1.0,0.0,0.0,0.0,0.0,0.0,0.0,0.0,0.0,cumulative40,22.5,18.067226890756302,95.0,78.99159663865547,23.0,18.48739495798319,38.515406162464984
sol_opus,current_full,da-15-2,1,da-15-2--rep-001,40eaa690bb269c30e6cb610f512a9ef7b79943582f2aa03760864a3f8c8fad8d,73.0,73.0,65.0,66.0,56.5,8.0,-1.0000000000000036,9.500000000000004,16.5,3.0,0.0,0.0,4.5,50.0,0.0,2.0,0.0,0.0,1.5,0.0,0.0,cumulative40,81.5,67.6470588235294,22.0,17.647058823529413,44.0,36.134453781512605,40.476190476190474
sol_opus,current_full,da-15-2,2,da-15-2--rep-002,e50e296231d880e0bc0d5c30f44a8a25b92dac2ef762823c03fd9998c0ac1ecf,100.0,95.0,83.0,76.33333333333333,60.5,17.0,6.666666666666671,15.833333333333329,39.5,1.0,0.0,0.0,1.0,0.0,0.0,0.5,0.0,0.0,0.5,0.0,0.0,cumulative40,103.5,86.1344537815126,117.5,97.89915966386555,62.0,51.260504201680675,78.43137254901961
sol_opus,current_full,da-15-2,3,da-15-2--rep-003,a47f7ea5c7ecc7ae88acd066c12e7174fac5d94cce460ba2da6d1b82c4d0c52e,83.0,83.0,73.0,74.66666666666666,77.0,10.0,-1.6666666666666643,-2.3333333333333357,6.0,1.0,0.0,0.0,1.0,0.0,0.0,1.0,0.0,0.0,1.0,0.0,0.0,cumulative40,86.0,71.42857142857143,18.5,14.705882352941176,16.0,12.605042016806722,32.913165266106446
sol_opus,current_full,da-15-7,1,da-15-7--rep-001,59ab428e187341a7a1df7121482cccdd91c9b745d63cec3a741018c1e3e6be6f,77.0,77.0,59.5,64.5,44.0,17.5,-5.0,20.5,33.0,2.0,0.0,0.0,0.5,0.0,0.0,1.0,0.0,0.0,0.0,0.0,0.0,cumulative40,105.0,87.39495798319328,3.5,2.100840336134454,76.0,63.02521008403362,50.840336134453786
sol_opus,current_full,da-15-7,2,da-15-7--rep-002,e9c603185bbda601c1acd391f801e80efed3fe54741476906dab4ae86f8b3ef4,77.0,77.0,73.5,73.5,70.0,3.5,0.0,3.5,7.0,2.5,0.0,0.0,1.0,0.0,0.0,0.0,0.0,0.0,1.0,0.0,0.0,cumulative40,67.0,55.46218487394958,46.0,37.81512605042017,27.5,22.26890756302521,38.515406162464984
sol_opus,current_full,da-15-7,3,da-15-7--rep-003,d3e0e167a77afc7c478738b92f976e9c286ae93e2c1056f27de50c7472d08cb7,67.0,67.0,64.5,63.66666666666667,63.5,2.5,0.8333333333333321,0.16666666666666785,3.5,2.5,0.0,0.0,1.0,0.0,0.0,1.0,0.0,0.0,1.0,0.0,0.0,cumulative40,54.0,44.53781512605042,69.0,57.142857142857146,21.0,16.80672268907563,39.49579831932773
sol_opus,current_full,da-15-8,1,da-15-8--rep-001,53a46b741b20fd7efb6942b743936da2713e7e4f7c0b7caca4c74840bd1c46b4,100.0,100.0,70.5,75.5,75.5,29.5,-5.0,0.0,24.5,0.5,0.0,0.0,0.5,0.0,0.0,0.5,0.0,0.0,0.5,0.0,0.0,cumulative40,116.0,96.63865546218487,3.5,2.100840336134454,20.0,15.966386554621849,38.23529411764706
sol_opus,current_full,da-15-8,2,da-15-8--rep-002,c41efbccbdce487e284c6cca7437b761647c4c3bd324b82add821555cc3af6e5,100.0,100.0,81.5,79.16666666666667,45.0,18.5,2.3333333333333286,34.16666666666667,55.0,0.5,0.0,0.0,0.5,0.0,0.0,1.5,0.0,0.0,0.5,0.0,0.0,cumulative40,107.5,89.49579831932773,89.0,73.94957983193277,107.0,89.07563025210084,84.17366946778711
sol_opus,current_full,da-15-8,3,da-15-8--rep-003,88786bf677b29c911b61cc5e8508c231eceeaae998d287a14488a99cd07e8f59,100.0,100.0,100.0,93.33333333333333,41.0,0.0,6.666666666666671,52.33333333333333,59.0,3.0,0.0,0.0,0.5,0.0,0.0,1.0,0.0,0.0,0.5,0.0,0.0,cumulative40,22.5,18.067226890756302,117.5,97.89915966386555,119.0,99.15966386554622,71.70868347338936
sol_opus,current_full,da-16-1,1,da-16-1--rep-001,03f392063162b1c738e767e709fe6f8588224063e90da612d8ace10d70f494d1,100.0,100.0,97.5,97.5,75.5,2.5,0.0,22.0,24.5,1.0,0.0,0.0,0.5,0.0,0.0,0.0,0.0,0.0,0.0,0.0,0.0,cumulative40,54.0,44.53781512605042,46.0,37.81512605042017,81.5,67.6470588235294,50.0
sol_opus,current_full,da-16-1,2,da-16-1--rep-002,f77c2af700524b3b1395f9eadb91da37e3bb9804384000e7d9c0386190a55209,100.0,100.0,97.5,96.66666666666666,79.0,2.5,0.8333333333333357,17.666666666666664,21.0,0.5,0.0,0.0,0.5,0.0,0.0,0.0,0.0,0.0,0.5,0.0,0.0,cumulative40,54.0,44.53781512605042,73.0,60.50420168067227,67.0,55.46218487394958,53.50140056022409
sol_opus,current_full,da-16-1,3,da-16-1--rep-003,73cdeed48bca0558d392c3dd44b39985a532fab27e0d15487cb91a54badcfe19,100.0,100.0,97.5,97.5,75.0,2.5,0.0,22.5,25.0,0.5,0.0,0.0,0.5,0.0,0.0,0.5,0.0,0.0,0.5,0.0,0.0,cumulative40,54.0,44.53781512605042,46.0,37.81512605042017,83.5,69.32773109243698,50.56022408963585
sol_opus,current_full,da-17-1,1,da-17-1--rep-001,3a56cdb61ae0719d9193a75a6324c276717d48d5b909f473aeea1db823071664,90.0,90.0,87.0,84.66666666666666,81.0,3.0,2.3333333333333357,3.6666666666666643,9.0,3.5,0.0,0.0,0.0,0.0,0.0,0.5,0.0,0.0,1.0,0.0,0.0,cumulative40,64.0,52.94117647058823,91.0,75.63025210084034,29.0,23.529411764705884,50.700280112044815
sol_opus,current_full,da-17-1,2,da-17-1--rep-002,c18b5fb1f06017d423bdb0e846f6c0aa380be15a5d2b59825a95b97933b6d655,90.0,90.0,87.5,86.16666666666666,75.0,2.5,1.3333333333333357,11.166666666666664,15.0,1.0,0.0,0.0,0.0,0.0,0.0,0.5,0.0,0.0,0.5,0.0,0.0,cumulative40,54.0,44.53781512605042,76.5,63.445378151260506,50.5,41.596638655462186,49.85994397759104
sol_opus,current_full,da-17-1,3,da-17-1--rep-003,75e9a1196d77215c4c97eb668131739ec5c76d0135c82fd2fff693ae81d382e5,90.0,90.0,79.5,77.83333333333334,84.0,10.5,1.6666666666666643,-6.166666666666664,6.0,5.5,50.0,0.0,0.0,0.0,0.0,0.5,0.0,0.0,0.0,0.0,0.0,cumulative40,88.5,73.52941176470588,82.5,68.4873949579832,10.0,7.563025210084033,49.85994397759104
sol_opus,current_full,da-17-3,1,da-17-3--rep-001,0f523220dc1cf46b2b8b8311258233a9d91daed3f3c20ccdaa93be77451a79a2,100.0,100.0,64.0,75.66666666666667,55.0,36.0,-11.666666666666671,20.66666666666667,45.0,1.0,0.0,0.0,0.5,0.0,0.0,3.5,50.0,0.0,2.0,0.0,0.0,cumulative40,119.0,99.15966386554622,1.0,0.0,78.0,64.70588235294117,54.621848739495796
sol_opus,current_full,da-17-3,2,da-17-3--rep-002,3cb2307c0fe0a04eb1cebca83ba04c0ea03bfa6618daecae4cd0e71020bdd75f,56.0,51.0,23.0,18.833333333333336,20.0,33.0,4.166666666666666,-1.166666666666666,36.0,0.0,0.0,0.0,0.5,0.0,0.0,0.5,0.0,0.0,0.5,0.0,0.0,cumulative40,117.0,97.47899159663865,104.0,86.5546218487395,18.0,14.285714285714286,66.10644257703082
sol_opus,current_full,da-17-3,3,da-17-3--rep-003,920bba4d837f25ef9bee6dedaac8d6a2ab425f159ed5c57a0c9a8b16188358be,30.0,30.0,16.0,14.833333333333332,15.0,14.0,1.166666666666667,-0.16666666666666696,15.0,1.0,0.0,0.0,1.0,0.0,0.0,0.5,0.0,0.0,0.5,0.0,0.0,cumulative40,96.5,80.25210084033614,75.0,62.18487394957983,19.0,15.126050420168067,52.52100840336135
sol_opus,current_full,da-17-5,1,da-17-5--rep-001,6fd9cf0814ce9b2e53274edfc83e64e9f7f2683eb8909c5180393a5c5857344e,90.0,90.0,90.0,90.0,86.5,0.0,0.0,3.5,3.5,1.0,0.0,0.0,0.0,0.0,0.0,0.5,0.0,0.0,0.0,0.0,0.0,cumulative40,22.5,18.067226890756302,46.0,37.81512605042017,27.5,22.26890756302521,26.050420168067227
sol_opus,current_full,da-17-5,2,da-17-5--rep-002,4eeb59cd6397fc912888a0d0ca2c1b1b5d9b008f1b82f2d0eef0eb130b6f98b7,90.0,90.0,86.0,88.66666666666666,84.0,4.0,-2.6666666666666643,4.666666666666664,6.0,1.0,0.0,0.0,1.0,0.0,0.0,0.5,0.0,0.0,0.5,0.0,0.0,cumulative40,72.0,59.66386554621849,11.0,8.403361344537815,30.0,24.369747899159663,30.81232492997199
sol_opus,current_full,da-17-5,3,da-17-5--rep-003,2489e5ff53145ddcd4e05c088183921a9cdc4e8e3cb24e7f9cd0b7b7b06437c3,90.0,90.0,86.0,83.33333333333334,74.0,4.0,2.6666666666666643,9.333333333333336,16.0,3.0,0.0,0.0,2.0,0.0,0.0,2.0,0.0,0.0,0.0,0.0,0.0,cumulative40,72.0,59.66386554621849,98.0,81.5126050420168,43.0,35.294117647058826,58.8235294117647
sol_opus,current_full,da-18-5,1,da-18-5--rep-001,e16aab443e445a25e328d42a825eafeb8dbce66b57e426a299c777841f64988a,100.0,100.0,95.0,96.66666666666667,51.0,5.0,-1.6666666666666714,45.66666666666667,49.0,1.0,0.0,0.0,0.5,0.0,0.0,0.5,0.0,0.0,0.5,0.0,0.0,cumulative40,75.5,62.60504201680672,15.0,11.764705882352942,116.0,96.63865546218487,57.002801120448176
sol_opus,current_full,da-18-5,2,da-18-5--rep-002,7e7dc16cd6b5657189453d3b97525954e7848ca4c813a787d72773fb1187805d,100.0,100.0,95.0,93.33333333333334,51.5,5.0,1.6666666666666643,41.833333333333336,48.5,1.0,0.0,0.0,0.5,0.0,0.0,1.0,0.0,0.0,0.5,0.0,0.0,cumulative40,75.5,62.60504201680672,82.5,68.4873949579832,112.0,93.27731092436974,74.78991596638656
sol_opus,current_full,da-18-5,3,da-18-5--rep-003,2e3688af56b326420d8f1a14ef34853c0b6ebdec85e5c02ed7f3e51f35f97fcc,100.0,100.0,100.0,94.5,67.0,0.0,5.5,27.5,33.0,0.5,0.0,0.0,0.5,0.0,0.0,0.5,0.0,0.0,0.0,0.0,0.0,cumulative40,22.5,18.067226890756302,112.5,93.69747899159664,93.0,77.3109243697479,63.02521008403361
sol_opus,current_full,da-18-7,1,da-18-7--rep-001,7a0fcb964647f6592e3015cc4721de083d9eafd4fe2bb761f2e09e2c21ba0441,92.0,92.0,92.5,96.0,65.5,-0.5,-3.5,30.5,26.5,1.5,0.0,0.0,0.5,0.0,0.0,1.0,0.0,0.0,0.5,0.0,0.0,cumulative40,2.0,0.8403361344537815,7.5,5.46218487394958,99.0,82.3529411764706,29.551820728291318
sol_opus,current_full,da-18-7,2,da-18-7--rep-002,a68c6efb4d3088838ae3214b0eee1421242d79cd02b37205b52417718bb5d69c,100.0,100.0,100.0,98.66666666666666,77.0,0.0,1.3333333333333357,21.666666666666664,23.0,1.0,0.0,0.0,0.5,0.0,0.0,1.0,0.0,0.0,0.5,0.0,0.0,cumulative40,22.5,18.067226890756302,76.5,63.445378151260506,80.0,66.38655462184875,49.299719887955185
sol_opus,current_full,da-18-7,3,da-18-7--rep-003,c96906cd9bbe233732ab0a58f730d06d123b6b5000b55870f31665d7ff258a06,100.0,100.0,96.0,96.0,70.5,4.0,0.0,25.5,29.5,1.0,0.0,0.0,0.5,0.0,0.0,0.0,0.0,0.0,0.5,0.0,0.0,cumulative40,72.0,59.66386554621849,46.0,37.81512605042017,90.0,74.78991596638656,57.42296918767507
sol_opus,current_full,da-19-1,1,da-19-1--rep-001,af15ae0a8c740adecf79c1fd6c39ec42ffb0e25acb0e09ce361bdc13ac55e900,100.0,100.0,92.0,93.33333333333334,85.0,8.0,-1.3333333333333357,8.333333333333336,15.0,0.5,0.0,0.0,0.0,0.0,0.0,0.5,0.0,0.0,0.5,0.0,0.0,cumulative40,81.5,67.6470588235294,21.0,16.80672268907563,40.0,32.773109243697476,39.07563025210084
sol_opus,current_full,da-19-1,2,da-19-1--rep-002,23950447b25a546d51126338de629eeaed3612b5bdefa5d02ada577f54cfae52,100.0,100.0,100.0,100.0,91.0,0.0,0.0,9.0,9.0,0.5,0.0,0.0,0.0,0.0,0.0,0.0,0.0,0.0,0.5,0.0,0.0,cumulative40,22.5,18.067226890756302,46.0,37.81512605042017,41.0,33.61344537815126,29.831932773109244
sol_opus,current_full,da-19-1,3,da-19-1--rep-003,ec091ad49126a85e8b26312e2934437bb668c437c5e91faae91f81b2a36fdadf,100.0,100.0,100.0,100.0,90.0,0.0,0.0,10.0,10.0,0.5,0.0,0.0,0.5,0.0,0.0,0.0,0.0,0.0,0.5,0.0,0.0,cumulative40,22.5,18.067226890756302,46.0,37.81512605042017,45.5,37.39495798319328,31.092436974789916
sol_opus,current_full,da-19-3,1,da-19-3--rep-001,71621ae228a547058abce0bb3162089a4709b0f092eab36a0b208b47a2ecc454,100.0,100.0,97.5,98.33333333333334,63.0,2.5,-0.8333333333333357,35.333333333333336,37.0,7.5,100.0,0.0,0.5,0.0,0.0,0.5,0.0,0.0,0.5,0.0,0.0,cumulative40,54.0,44.53781512605042,24.5,19.747899159663866,108.0,89.91596638655462,51.40056022408963
sol_opus,current_full,da-19-3,2,da-19-3--rep-002,4d3b1ab1e95978cf8c45396e1807af6c161ccc964081843d7b5ae23488b7ea11,100.0,100.0,100.0,98.33333333333334,79.5,0.0,1.6666666666666643,18.833333333333336,20.5,0.5,0.0,0.0,0.5,0.0,0.0,0.5,0.0,0.0,0.5,0.0,0.0,cumulative40,22.5,18.067226890756302,82.5,68.4873949579832,70.5,58.403361344537814,48.319327731092436
sol_opus,current_full,da-19-3,3,da-19-3--rep-003,205f21c0a39e966e073f859acac41bfd84fe8712855dcd9ea27a6fda0dac3977,100.0,100.0,100.0,98.33333333333334,73.0,0.0,1.6666666666666643,25.333333333333336,27.0,0.5,0.0,0.0,0.5,0.0,0.0,0.5,0.0,0.0,0.5,0.0,0.0,cumulative40,22.5,18.067226890756302,82.5,68.4873949579832,89.0,73.94957983193277,53.50140056022409
sol_opus,current_full,da-19-6,1,da-19-6--rep-001,9a16f1ca31dcfabe5b6d4310edb3ad148676155750fd8b6230e516edca849bd6,71.0,71.0,48.5,44.16666666666667,70.0,22.5,4.333333333333332,-25.833333333333332,1.0,2.0,0.0,0.0,0.5,0.0,0.0,0.5,0.0,0.0,0.0,0.0,0.0,cumulative40,112.0,93.27731092436974,106.0,88.23529411764706,1.0,0.0,60.50420168067227
sol_opus,current_full,da-19-6,2,da-19-6--rep-002,a8533f11a1771f2899ffade736efc0ba4d6cb1a19b394f02746cf72adcd38fac,34.0,34.0,38.0,37.166666666666664,60.5,-4.0,0.8333333333333339,-23.333333333333336,-26.5,0.5,0.0,0.0,0.0,0.0,0.0,0.5,0.0,0.0,0.0,0.0,0.0,cumulative40,1.0,0.0,71.0,58.8235294117647,2.0,0.8403361344537815,19.88795518207283
sol_opus,current_full,da-19-6,3,da-19-6--rep-003,91657fa87314f79c5f92844f0ee7e9b3b09cd224fef7af8dc31a99a7a11b6312,74.0,74.0,60.0,59.333333333333336,76.0,14.0,0.6666666666666643,-16.666666666666664,-2.0,1.0,0.0,0.0,0.0,0.0,0.0,0.5,0.0,0.0,0.5,0.0,0.0,cumulative40,96.5,80.25210084033614,66.5,55.04201680672269,3.0,1.680672268907563,45.65826330532213
sol_opus,current_full,da-20-1,1,da-20-1--rep-001,ac5bc1975bea03b52142fb9d96b87eee16c2e7932b624241b92093a670009a34,100.0,100.0,83.0,83.83333333333334,65.0,17.0,-0.8333333333333357,18.833333333333336,35.0,1.5,0.0,0.0,1.0,0.0,0.0,2.0,0.0,0.0,0.5,0.0,0.0,cumulative40,103.5,86.1344537815126,24.5,19.747899159663866,70.5,58.403361344537814,54.76190476190476
sol_opus,current_full,da-20-1,2,da-20-1--rep-002,f89dfdcd5ba5a9a7eb53afb28fb814752fb5f0939a7a11b52df372b18f33a4cc,83.0,83.0,27.5,31.833333333333336,21.5,55.5,-4.333333333333334,10.333333333333334,61.5,1.5,0.0,0.0,1.0,0.0,0.0,1.5,0.0,0.0,0.5,0.0,0.0,cumulative40,120.0,100.0,5.0,3.361344537815126,47.0,38.65546218487395,47.338935574229694
sol_opus,current_full,da-20-1,3,da-20-1--rep-003,cb8e213b6078b0aaece482f9edcdecff47e14757fff259382ba1302949f6d81b,100.0,100.0,97.5,96.66666666666666,74.0,2.5,0.8333333333333357,22.666666666666664,26.0,2.0,0.0,0.0,1.0,0.0,0.0,0.5,0.0,0.0,0.5,0.0,0.0,cumulative40,54.0,44.53781512605042,73.0,60.50420168067227,85.0,70.58823529411765,58.54341736694678
sol_opus,current_full,da-20-4,1,da-20-4--rep-001,a59cb4449436be572741e57207c0b8349d4af3cec4b7a11624e5232452656a1b,10.0,10.0,7.5,7.5,12.0,2.5,0.0,-4.5,-2.0,9.5,100.0,0.0,6.0,50.0,50.0,1.5,0.0,0.0,1.0,0.0,0.0,cumulative40,54.0,44.53781512605042,46.0,37.81512605042017,13.5,10.504201680672269,30.952380952380953
sol_opus,current_full,da-20-4,2,da-20-4--rep-002,93e7a748c785a09b6468dee524aafb1c6a3a772cad5c82b0a7a40cf92c8c88cd,25.0,25.0,10.0,9.166666666666668,20.0,15.0,0.833333333333333,-10.833333333333332,5.0,10.0,100.0,0.0,0.5,0.0,0.0,1.5,0.0,0.0,0.0,0.0,0.0,cumulative40,100.0,83.19327731092437,70.0,57.983193277310924,4.0,2.5210084033613445,47.89915966386555
sol_opus,current_full,da-20-4,3,da-20-4--rep-003,7a46c3791f7cda1ba6ce754b2c0b78db4e5cb43c70dbfd46f182b464ea81ec96,10.0,10.0,7.5,5.0,11.0,2.5,2.5,-6.0,-1.0,1.5,0.0,0.0,0.0,0.0,0.0,0.5,0.0,0.0,0.0,0.0,0.0,cumulative40,54.0,44.53781512605042,95.0,78.99159663865547,11.0,8.403361344537815,43.977591036414566
sol_opus,current_full,da-24-3,1,da-24-3--rep-001,f42a0cd151b82c3a74b7b662a0359972fd9674cdfba3795d430a44cc44ba7c1f,100.0,100.0,85.0,76.66666666666667,43.5,15.0,8.333333333333332,33.16666666666667,56.5,2.0,0.0,0.0,1.0,0.0,0.0,1.0,0.0,0.0,1.0,0.0,0.0,cumulative40,100.0,83.19327731092437,120.0,100.0,104.0,86.5546218487395,89.91596638655463
sol_opus,current_full,da-24-3,2,da-24-3--rep-002,c5a98e2998fb1a3f97e55aaae028dd156508894a55d4435d0a332c3f12009cbd,100.0,100.0,90.0,85.83333333333334,63.0,10.0,4.166666666666664,22.833333333333336,37.0,3.5,0.0,50.0,0.5,0.0,0.0,0.5,0.0,0.0,2.0,0.0,0.0,cumulative40,86.0,71.42857142857143,102.5,85.29411764705883,86.0,71.42857142857143,76.05042016806723
sol_opus,current_full,da-24-3,3,da-24-3--rep-003,6f5fc7228728d8064939b62a52560d39ab1953d3a88485e4d7b579645d589e4c,85.0,85.0,65.0,68.33333333333333,41.0,20.0,-3.333333333333332,27.333333333333332,44.0,4.0,50.0,0.0,1.5,0.0,0.0,0.5,0.0,0.0,0.5,0.0,0.0,cumulative40,110.0,91.59663865546219,9.0,6.722689075630252,92.0,76.47058823529412,58.26330532212885
sol_opus,current_full,da-26-2,1,da-26-2--rep-001,2a8b04e8c8b437605e2cd228425284166426486a42f851f4703c1abb58a9b77f,76.0,76.0,76.0,75.5,45.5,0.0,0.5,30.0,30.5,2.0,0.0,0.0,0.0,0.0,0.0,1.0,0.0,0.0,0.0,0.0,0.0,cumulative40,22.5,18.067226890756302,65.0,53.78151260504202,98.0,81.5126050420168,51.120448179271705
sol_opus,current_full,da-26-2,2,da-26-2--rep-002,58874b5fe68471f4ecced1cee4e5de3ce39aaee5be34a1ad4bfa6218ed542d26,100.0,100.0,78.0,81.5,38.0,22.0,-3.5,43.5,62.0,4.0,0.0,50.0,0.5,0.0,0.0,0.5,0.0,0.0,0.5,0.0,0.0,cumulative40,111.0,92.43697478991596,7.5,5.46218487394958,114.5,95.3781512605042,64.42577030812325
sol_opus,current_full,da-26-2,3,da-26-2--rep-003,952ad828727e8f15834dc02aaea754dd9cd678ba9bbab0521a1144fc06501cc9,76.0,76.0,76.0,73.5,44.0,0.0,2.5,29.5,32.0,1.5,0.0,0.0,0.5,0.0,0.0,1.0,0.0,0.0,0.5,0.0,0.0,cumulative40,22.5,18.067226890756302,95.0,78.99159663865547,96.0,79.83193277310924,58.96358543417367
sol_opus,current_full,da-26-4,1,da-26-4--rep-001,74b79ff61d02b55681536fad0edac3c09ef1c45af43a38aa5e3f0438ec0251db,95.0,95.0,84.0,79.83333333333334,29.0,11.0,4.166666666666664,50.833333333333336,66.0,5.5,50.0,0.0,2.0,0.0,0.0,2.0,0.0,0.0,2.0,0.0,0.0,cumulative40,91.5,76.05042016806723,102.5,85.29411764705883,118.0,98.31932773109244,86.5546218487395
sol_opus,current_full,da-26-4,2,da-26-4--rep-002,698fe49708e2fa2dc8af5971682c794c63e9ac6c309ded101c26b0cd01005939,63.0,63.0,37.0,39.5,27.5,26.0,-2.5,12.0,35.5,6.0,50.0,0.0,2.0,0.0,0.0,2.5,0.0,0.0,2.0,0.0,0.0,cumulative40,114.0,94.95798319327731,12.5,9.663865546218487,53.0,43.69747899159664,49.43977591036415
sol_opus,current_full,da-26-4,3,da-26-4--rep-003,12c91b4047c0caadaa2cb1762b837e99fb9a7a6d446b69dd083ca104de67ccf4,81.0,81.0,77.0,72.33333333333334,22.0,4.0,4.666666666666664,50.333333333333336,59.0,4.5,50.0,0.0,1.5,0.0,0.0,1.5,0.0,0.0,1.5,0.0,0.0,cumulative40,72.0,59.66386554621849,107.0,89.07563025210084,117.0,97.47899159663865,82.07282913165265
sol_opus,current_full,da-3-5,1,da-3-5--rep-001,2185ac6e96a5a87d7c8e3a9f5829f4593e61601ae86651971102e3d923328ae9,100.0,100.0,100.0,100.0,72.0,0.0,0.0,28.0,28.0,1.0,0.0,0.0,0.5,0.0,0.0,1.5,0.0,0.0,0.5,0.0,0.0,cumulative40,22.5,18.067226890756302,46.0,37.81512605042017,94.0,78.15126050420169,44.67787114845939
sol_opus,current_full,da-3-5,2,da-3-5--rep-002,feaf90a8d7b2d3f52289ac777233d0518445a3e647c26eb6fc230c1c000c1780,100.0,100.0,100.0,100.0,84.0,0.0,0.0,16.0,16.0,1.0,0.0,0.0,0.5,0.0,0.0,1.0,0.0,0.0,0.5,0.0,0.0,cumulative40,22.5,18.067226890756302,46.0,37.81512605042017,63.0,52.10084033613445,35.99439775910364
sol_opus,current_full,da-3-5,3,da-3-5--rep-003,999f2c16809f8bba8130a006d8d304d37847e3c21f87cca78c2db08953e29947,100.0,100.0,93.5,93.5,73.0,6.5,0.0,20.5,27.0,0.5,0.0,0.0,0.5,0.0,0.0,1.0,0.0,0.0,0.5,0.0,0.0,cumulative40,78.5,65.12605042016807,46.0,37.81512605042017,76.0,63.02521008403362,55.32212885154062
sol_opus,current_full,da-4-1,1,da-4-1--rep-001,057f7a527956349d8e253766ccc333b25228f0214c7e702e4ebf01de87b2307d,100.0,100.0,94.5,95.16666666666666,80.0,5.5,-0.6666666666666643,15.166666666666664,20.0,1.0,0.0,0.0,0.5,0.0,0.0,0.5,0.0,0.0,0.5,0.0,0.0,cumulative40,77.0,63.865546218487395,27.0,21.84873949579832,59.0,48.739495798319325,44.817927170868344
sol_opus,current_full,da-4-1,2,da-4-1--rep-002,9c53b773849793077259d4e4789c8a60a846b489413644588ffdff4ccc703068,100.0,100.0,96.5,91.66666666666667,76.0,3.5,4.833333333333329,15.666666666666671,24.0,1.0,0.0,0.0,0.5,0.0,0.0,0.5,0.0,0.0,0.5,0.0,0.0,cumulative40,67.0,55.46218487394958,108.0,89.91596638655462,61.0,50.42016806722689,65.26610644257703
sol_opus,current_full,da-4-1,3,da-4-1--rep-003,12bc3f0f681d221a15606bd1ce516f1379b00f4435c10022d511d369313b541f,100.0,100.0,86.5,79.83333333333334,86.5,13.5,6.666666666666664,-6.666666666666664,13.5,1.0,0.0,0.0,0.5,0.0,0.0,0.5,0.0,0.0,0.5,0.0,0.0,cumulative40,94.5,78.57142857142857,115.0,95.7983193277311,9.0,6.722689075630252,60.364145658263304
sol_opus,current_full,da-4-6,1,da-4-6--rep-001,0f0c825028bfe48de9f7e71ca6d6c9e30ae4444a8d3e2245e6ee5822799c7574,100.0,100.0,89.0,94.5,88.0,11.0,-5.5,6.5,12.0,0.5,0.0,0.0,0.5,0.0,0.0,0.0,0.0,0.0,0.5,0.0,0.0,cumulative40,91.5,76.05042016806723,2.0,0.8403361344537815,33.5,27.310924369747898,34.733893557422974
sol_opus,current_full,da-4-6,2,da-4-6--rep-002,39b590a763de4b215ab3d3357d2fa8abeab53e8a5389223f3c85a536b87974f0,100.0,100.0,81.5,85.16666666666666,67.0,18.5,-3.6666666666666643,18.166666666666664,33.0,2.0,0.0,0.0,1.0,0.0,0.0,0.5,0.0,0.0,0.5,0.0,0.0,cumulative40,107.5,89.49579831932773,6.0,4.201680672268908,68.0,56.30252100840336,50.0
sol_opus,current_full,da-4-6,3,da-4-6--rep-003,4985a712df5c5253cfdc26000c68dd9533e7b619c638623d724eccf4af188d57,100.0,100.0,73.5,75.16666666666666,73.0,26.5,-1.6666666666666643,2.1666666666666643,27.0,0.5,0.0,0.0,0.5,0.0,0.0,0.5,0.0,0.0,0.5,0.0,0.0,cumulative40,115.0,95.7983193277311,18.5,14.705882352941176,26.0,21.008403361344538,43.8375350140056
sol_opus,current_full,da-5-1,1,da-5-1--rep-001,0e9ecb6785a00f2a6404ebd5c22505a29aa7869e70a17f799e44688006b1fca9,100.0,100.0,96.5,91.0,84.0,3.5,5.5,7.0,16.0,2.0,0.0,0.0,0.5,0.0,0.0,0.5,0.0,0.0,0.5,0.0,0.0,cumulative40,67.0,55.46218487394958,112.5,93.69747899159664,35.0,28.571428571428573,59.2436974789916
sol_opus,current_full,da-5-1,2,da-5-1--rep-002,447f6841feba72a1c7305fd5f4694e3b89ebaf80b324b00ee30e47c9f1cd2e72,100.0,100.0,91.0,90.16666666666667,88.5,9.0,0.8333333333333286,1.6666666666666714,11.5,1.5,0.0,0.0,0.5,0.0,0.0,1.0,0.0,0.0,1.0,0.0,0.0,cumulative40,83.5,69.32773109243698,68.0,56.30252100840336,24.0,19.327731092436974,48.319327731092436
sol_opus,current_full,da-5-1,3,da-5-1--rep-003,50dcd82522cb2a7e033864a427abff94011794f0525d055aa3bf2649aac4d7d6,100.0,100.0,100.0,100.0,83.0,0.0,0.0,17.0,17.0,1.5,0.0,0.0,0.5,0.0,0.0,1.0,0.0,0.0,0.5,0.0,0.0,cumulative40,22.5,18.067226890756302,46.0,37.81512605042017,65.5,54.20168067226891,36.69467787114846
sol_opus,current_full,da-6-5,1,da-6-5--rep-001,204ec4c9b9d59a0ac9aa0262bd576f273abbe802751636d502bf3e6e440e093b,100.0,100.0,97.5,92.33333333333334,27.0,2.5,5.166666666666664,65.33333333333334,73.0,0.5,0.0,0.0,0.5,0.0,0.0,0.5,0.0,0.0,1.0,0.0,0.0,cumulative40,54.0,44.53781512605042,110.0,91.59663865546219,120.0,100.0,78.71148459383754
sol_opus,current_full,da-6-5,2,da-6-5--rep-002,1a87d8d001b31de9f609ac7ab62adede44ffc345b61e8305473fdb1f3ebd4359,100.0,100.0,100.0,100.0,66.0,0.0,0.0,34.0,34.0,0.5,0.0,0.0,0.5,0.0,0.0,0.5,0.0,0.0,0.5,0.0,0.0,cumulative40,22.5,18.067226890756302,46.0,37.81512605042017,106.0,88.23529411764706,48.03921568627451
sol_opus,current_full,da-6-5,3,da-6-5--rep-003,8af52c49619255fa187ee348f500b22219597585f823d52ccd37cd870abc3d2e,100.0,100.0,100.0,100.0,80.0,0.0,0.0,20.0,20.0,0.5,0.0,0.0,0.5,0.0,0.0,0.0,0.0,0.0,0.5,0.0,0.0,cumulative40,22.5,18.067226890756302,46.0,37.81512605042017,74.0,61.34453781512605,39.075630252100844
sol_opus,current_full,da-8-1,1,da-8-1--rep-001,12b660169831b7d224b4965ac0c46aa7ed8d9ea94d4e86eb570e6fc48dd7df27,100.0,100.0,100.0,100.0,81.5,0.0,0.0,18.5,18.5,0.5,0.0,0.0,0.5,0.0,0.0,0.5,0.0,0.0,0.5,0.0,0.0,cumulative40,22.5,18.067226890756302,46.0,37.81512605042017,69.0,57.142857142857146,37.675070028011206
sol_opus,current_full,da-8-1,2,da-8-1--rep-002,366823a759f2cd52c6f0192ce41284a997e69ddd99c70aab6cf92e02b30ac9ad,100.0,100.0,100.0,97.5,77.0,0.0,2.5,20.5,23.0,0.5,0.0,0.0,0.5,0.0,0.0,0.5,0.0,0.0,0.5,0.0,0.0,cumulative40,22.5,18.067226890756302,95.0,78.99159663865547,76.0,63.02521008403362,53.36134453781513
sol_opus,current_full,da-8-1,3,da-8-1--rep-003,4c4f2ff267fd6679892b6e1496a8558f7d0faf229ae460aeb5326b3900847a04,100.0,100.0,89.0,92.0,52.5,11.0,-3.0,39.5,47.5,1.5,0.0,0.0,0.5,0.0,0.0,0.5,0.0,0.0,0.0,0.0,0.0,cumulative40,91.5,76.05042016806723,10.0,7.563025210084033,110.5,92.01680672268908,58.543417366946784
sol_opus,current_full,da-8-3,1,da-8-3--rep-001,7d8e335f91a45848411b998c1a5cb1e115fd1bedd3088bd1a168c5753fe63bd3,100.0,100.0,85.5,83.33333333333333,58.5,14.5,2.1666666666666714,24.83333333333333,41.5,0.0,0.0,0.0,0.5,0.0,0.0,1.0,0.0,0.0,0.5,0.0,0.0,cumulative40,98.0,81.5126050420168,88.0,73.10924369747899,88.0,73.10924369747899,75.91036414565826
sol_opus,current_full,da-8-3,2,da-8-3--rep-002,0a30c0f00519fd449b9f5a56c6be7d93456e18f43041e52c1fbba34ab2a6c9c9,100.0,100.0,84.0,84.0,41.0,16.0,0.0,43.0,59.0,0.5,0.0,0.0,0.5,0.0,0.0,1.0,0.0,0.0,0.0,0.0,0.0,cumulative40,102.0,84.87394957983193,46.0,37.81512605042017,113.0,94.11764705882354,72.26890756302521
sol_opus,current_full,da-8-3,3,da-8-3--rep-003,8f08bf1a373529a65fc062e76eda747144d6180f37330377e0168e932ef9723e,100.0,100.0,81.5,80.83333333333334,48.5,18.5,0.6666666666666643,32.333333333333336,51.5,2.0,0.0,0.0,3.0,0.0,0.0,0.5,0.0,0.0,0.5,0.0,0.0,cumulative40,107.5,89.49579831932773,66.5,55.04201680672269,101.0,84.03361344537815,76.19047619047619
sol_opus,current_full,da-9-1,1,da-9-1--rep-001,03df4078648b486b92503b2b6f0f3c5a8d7adf29720b8c6981634f2cc6d4ce4f,100.0,100.0,97.5,98.33333333333334,71.5,2.5,-0.8333333333333357,26.833333333333336,28.5,1.5,0.0,0.0,0.5,0.0,0.0,0.5,0.0,0.0,1.0,0.0,0.0,cumulative40,54.0,44.53781512605042,24.5,19.747899159663866,91.0,75.63025210084034,46.63865546218487
sol_opus,current_full,da-9-1,2,da-9-1--rep-002,5e6269a054e2ba527a66a7f2b568da3cd3763b853ec88db9d626e4b5e6e66170,100.0,100.0,97.5,95.0,74.0,2.5,2.5,21.0,26.0,6.0,50.0,0.0,0.5,0.0,0.0,0.5,0.0,0.0,0.5,0.0,0.0,cumulative40,54.0,44.53781512605042,95.0,78.99159663865547,79.0,65.54621848739495,63.02521008403361
sol_opus,current_full,da-9-1,3,da-9-1--rep-003,341dec816c312ddeb50bc186c59bdecc547e7568e20bcc64e7ed381f0a0be05c,100.0,100.0,97.5,97.5,82.0,2.5,0.0,15.5,18.0,1.0,0.0,0.0,0.5,0.0,0.0,0.5,0.0,0.0,0.5,0.0,0.0,cumulative40,54.0,44.53781512605042,46.0,37.81512605042017,60.0,49.57983193277311,43.977591036414566
sol_opus,current_full,da-9-7,1,da-9-7--rep-001,0a628d405fd5de3e7f3c2095bec2cdd70dcaf101770947b4f6d1595fb70bfa8a,100.0,100.0,100.0,100.0,87.0,0.0,0.0,13.0,13.0,0.5,0.0,0.0,0.5,0.0,0.0,0.5,0.0,0.0,0.5,0.0,0.0,cumulative40,22.5,18.067226890756302,46.0,37.81512605042017,54.0,44.53781512605042,33.4733893557423
sol_opus,current_full,da-9-7,2,da-9-7--rep-002,a48d5584d1cda0f414be705fb4ffa0ac4708fa19d2013b3b9ca4ef4c69c32de4,100.0,100.0,81.5,79.83333333333334,85.0,18.5,1.6666666666666643,-5.166666666666664,15.0,1.5,0.0,0.0,1.0,0.0,0.0,0.5,0.0,0.0,1.0,0.0,0.0,cumulative40,107.5,89.49579831932773,82.5,68.4873949579832,12.0,9.243697478991596,55.74229691876751
sol_opus,current_full,da-9-7,3,da-9-7--rep-003,99e00800ef6d12badf8dff8274ce657323e98b12bd2973f1c4bb9e3dda6a13d6,93.0,93.0,89.5,84.16666666666666,79.0,3.5,5.333333333333336,5.166666666666664,14.0,3.0,0.0,50.0,3.5,0.0,0.0,2.5,0.0,0.0,4.5,0.0,50.0,cumulative40,67.0,55.46218487394958,111.0,92.43697478991596,32.0,26.050420168067227,57.983193277310924
sol_opus,current_user,da-1-3,1,da-1-3--rep-001,5d3ef64216240a0b1df0133b1835ab72e2bab2d1a31f9acbdd11f9c35f20bb47,100.0,100.0,100.0,99.0,88.0,0.0,1.0,11.0,12.0,1.0,0.0,0.0,1.0,0.0,0.0,0.5,0.0,0.0,0.5,0.0,0.0,cumulative40,20.5,16.386554621848738,58.5,48.319327731092436,75.5,62.60504201680672,42.436974789915965
sol_opus,current_user,da-1-3,2,da-1-3--rep-002,31177b6bf749aa9955327185f9607c4c0290659aae41c44b65448ddff613b8ae,100.0,100.0,97.5,93.83333333333334,91.0,2.5,3.6666666666666643,2.8333333333333357,9.0,3.0,0.0,0.0,2.5,0.0,0.0,0.5,0.0,0.0,0.5,0.0,0.0,cumulative40,41.0,33.61344537815126,92.5,76.89075630252101,46.0,37.81512605042017,49.43977591036415
sol_opus,current_user,da-1-3,3,da-1-3--rep-003,831ad3c7154ae1a059582999abac0191237eaf9b72aed0dddccd784299cc861f,100.0,100.0,95.0,91.33333333333334,84.0,5.0,3.6666666666666643,7.333333333333336,16.0,1.0,0.0,0.0,1.0,0.0,0.0,0.5,0.0,0.0,1.0,0.0,0.0,cumulative40,57.5,47.47899159663866,92.5,76.89075630252101,61.0,50.42016806722689,58.26330532212885
sol_opus,current_user,da-1-4,1,da-1-4--rep-001,8579f1d69821d8f95467324681e5de48dc9b533437b308282872bc828b2f3f12,91.0,91.0,93.5,89.5,90.5,-2.5,4.0,-1.0,0.5,0.5,0.0,0.0,0.5,0.0,0.0,0.5,0.0,0.0,0.5,0.0,0.0,cumulative40,6.0,4.201680672268908,96.5,80.25210084033614,35.0,28.571428571428573,37.675070028011206
sol_opus,current_user,da-1-4,2,da-1-4--rep-002,16cc9e2d573864e05955a3fcacf526cb3b7f6fe9278bdf5ef17ad88a084562b5,100.0,100.0,100.0,99.0,88.5,0.0,1.0,10.5,11.5,1.0,0.0,0.0,0.5,0.0,0.0,1.0,0.0,0.0,0.5,0.0,0.0,cumulative40,20.5,16.386554621848738,58.5,48.319327731092436,74.0,61.34453781512605,42.016806722689076
sol_opus,current_user,da-1-4,3,da-1-4--rep-003,60154c27e2ab3ff3bc19f636dc862c2a62a671934f29e94a788238946ea54b61,100.0,100.0,100.0,99.16666666666666,71.5,0.0,0.8333333333333357,27.666666666666664,28.5,0.5,0.0,0.0,0.5,0.0,0.0,0.5,0.0,0.0,0.5,0.0,0.0,cumulative40,20.5,16.386554621848738,56.0,46.21848739495798,106.0,88.23529411764706,50.280112044817926
sol_opus,current_user,da-10-1,1,da-10-1--rep-001,8a59fa68dbcd5e8ae42ecd5148e7877fa04f672b4847eab901635ad0b0cfda04,100.0,100.0,96.5,98.5,82.0,3.5,-2.0,16.5,18.0,0.5,0.0,0.0,1.0,0.0,0.0,0.5,0.0,0.0,0.5,0.0,0.0,cumulative40,49.5,40.7563025210084,16.0,12.605042016806722,94.0,78.15126050420169,43.8375350140056
sol_opus,current_user,da-10-1,2,da-10-1--rep-002,28bb10a27cc5e7b0d29f2dee6658836679cca6dd5b1ee3c17e687f92b4a23d8e,100.0,100.0,93.5,96.66666666666666,85.0,6.5,-3.1666666666666643,11.666666666666664,15.0,1.0,0.0,0.0,0.5,0.0,0.0,0.5,0.0,0.0,0.5,0.0,0.0,cumulative40,64.0,52.94117647058823,9.0,6.722689075630252,77.0,63.865546218487395,41.17647058823529
sol_opus,current_user,da-10-1,3,da-10-1--rep-003,d77c9832e24c0b1a42f91901e0a69c073ab4c04c89ef662ec0344e1f778444bb,100.0,95.0,98.5,98.0,83.5,1.5,0.5,14.5,16.5,1.0,0.0,0.0,1.5,0.0,0.0,0.5,0.0,0.0,0.0,0.0,0.0,cumulative40,34.0,27.73109243697479,50.5,41.596638655462186,87.0,72.26890756302521,47.19887955182073
sol_opus,current_user,da-10-3,1,da-10-3--rep-001,bcc9f280eaf5bcc981ab99bfffb5b40d9bf3ea870b24454dfd3bf94e4ca26edf,100.0,100.0,100.0,93.83333333333334,74.5,0.0,6.166666666666664,19.333333333333336,25.5,0.5,0.0,0.0,0.5,0.0,0.0,0.5,0.0,0.0,0.5,0.0,0.0,cumulative40,20.5,16.386554621848738,109.0,90.75630252100841,96.5,80.25210084033614,62.464985994397765
sol_opus,current_user,da-10-3,2,da-10-3--rep-002,af1ead73430659ec7567418ef500f3a14330b21ef20c93d4f9ea7f58374e325f,100.0,100.0,87.5,95.83333333333334,67.5,12.5,-8.333333333333336,28.333333333333336,32.5,1.0,0.0,0.0,1.0,0.0,0.0,0.5,0.0,0.0,0.0,0.0,0.0,cumulative40,87.0,72.26890756302521,1.0,0.0,107.0,89.07563025210084,53.78151260504202
sol_opus,current_user,da-10-3,3,da-10-3--rep-003,7eff9444a67bf46772b10655df63a85852ff1556f1b1f197c200e5344bc459b7,90.0,90.0,83.0,82.83333333333334,42.5,7.0,0.1666666666666643,40.333333333333336,47.5,1.0,0.0,0.0,1.0,0.0,0.0,1.0,0.0,0.0,0.5,0.0,0.0,cumulative40,68.0,56.30252100840336,49.0,40.33613445378151,118.0,98.31932773109244,64.9859943977591
sol_opus,current_user,da-12-2,1,da-12-2--rep-001,aa5558f0bc70c3c0056596c6f332961c6a28149e5403459ae069d38d1744d6c2,75.0,75.0,75.0,69.16666666666666,77.0,0.0,5.833333333333336,-7.833333333333336,-2.0,5.0,50.0,0.0,4.0,50.0,0.0,1.0,0.0,0.0,4.0,50.0,0.0,cumulative40,20.5,16.386554621848738,107.0,89.07563025210084,17.0,13.445378151260504,39.635854341736696
sol_opus,current_user,da-12-2,2,da-12-2--rep-002,953bdb85e14b9bb90c6086aaf50e1ad561a2281b02055778d4ba60644119181b,60.0,60.0,70.0,70.83333333333334,78.0,-10.0,-0.8333333333333357,-7.166666666666664,-18.0,1.5,0.0,0.0,0.5,0.0,0.0,1.0,0.0,0.0,0.5,0.0,0.0,cumulative40,1.0,0.0,25.0,20.168067226890756,18.0,14.285714285714286,11.484593837535014
sol_opus,current_user,da-12-2,3,da-12-2--rep-003,96658af61c93de4b8ed3e4d908009f3f76b8ddc8b0356d891fe518bda682c3e2,70.0,70.0,75.0,68.0,87.5,-5.0,7.0000000000000036,-19.500000000000004,-17.5,3.0,0.0,50.0,1.5,0.0,0.0,1.0,0.0,0.0,1.5,0.0,0.0,cumulative40,4.0,2.5210084033613445,111.0,92.43697478991596,6.0,4.201680672268908,33.0532212885154
sol_opus,current_user,da-12-4,1,da-12-4--rep-001,f7cc404237a9fc22cdd1af5841696b058537a33a726d77cb37368ca002f6162c,86.0,86.0,86.0,82.5,82.0,0.0,3.5,0.5,4.0,7.0,50.0,0.0,8.5,100.0,0.0,0.5,0.0,0.0,6.5,50.0,50.0,cumulative40,20.5,16.386554621848738,88.5,73.52941176470588,39.0,31.932773109243698,40.61624649859944
sol_opus,current_user,da-12-4,2,da-12-4--rep-002,d22048bbf9e9aeda018a6ef09192a2a3b59b0d996f764b8b241f87065d353eed,86.0,86.0,86.0,86.0,89.5,0.0,0.0,-3.5,-3.5,4.5,0.0,50.0,2.5,0.0,0.0,0.5,0.0,0.0,0.5,0.0,0.0,cumulative40,20.5,16.386554621848738,40.0,32.773109243697476,25.5,20.58823529411765,23.249299719887954
sol_opus,current_user,da-12-4,3,da-12-4--rep-003,e631bcaaf0b93d7fac03c461e42334c064c26d702791dd8c34fe3da9ac47ce25,86.0,86.0,86.0,84.5,85.0,0.0,1.5,-0.5,1.0,2.5,0.0,0.0,1.0,0.0,0.0,0.0,0.0,0.0,0.0,0.0,0.0,cumulative40,20.5,16.386554621848738,67.5,55.88235294117647,37.0,30.252100840336134,34.173669467787114
sol_opus,current_user,da-13-1,1,da-13-1--rep-001,2687db1883433f202b5d8c4fa1eeb81260a954db4c9b219b9470ca88df6eb75a,100.0,100.0,100.0,100.0,79.5,0.0,0.0,20.5,20.5,1.5,0.0,0.0,1.0,0.0,0.0,0.5,0.0,0.0,1.0,0.0,0.0,cumulative40,20.5,16.386554621848738,40.0,32.773109243697476,99.0,82.3529411764706,43.8375350140056
sol_opus,current_user,da-13-1,2,da-13-1--rep-002,cff05b668fee971c5af7a3bc1b18b31d9370768654b274ca8f88901252cba0b1,100.0,100.0,86.5,88.0,84.0,13.5,-1.5,4.0,16.0,1.5,0.0,0.0,1.0,0.0,0.0,0.5,0.0,0.0,0.0,0.0,0.0,cumulative40,91.0,75.63025210084034,18.0,14.285714285714286,50.5,41.596638655462186,43.8375350140056
sol_opus,current_user,da-13-1,3,da-13-1--rep-003,4872c95f9caa5c573f5e3056e2fc5bf40232784f95f8423cb777b3654cd139a1,100.0,100.0,86.5,85.0,78.5,13.5,1.5,6.5,21.5,1.0,0.0,0.0,0.5,0.0,0.0,0.5,0.0,0.0,0.5,0.0,0.0,cumulative40,91.0,75.63025210084034,67.5,55.88235294117647,60.0,49.57983193277311,60.364145658263304
sol_opus,current_user,da-13-3,1,da-13-3--rep-001,13d1faa077f1168872dc928fe929fcfec5e2b5a7a004d404ecba57c1b0607a19,100.0,100.0,100.0,96.83333333333334,89.0,0.0,3.1666666666666643,7.833333333333336,11.0,0.5,0.0,0.0,0.0,0.0,0.0,0.5,0.0,0.0,0.5,0.0,0.0,cumulative40,20.5,16.386554621848738,81.0,67.22689075630252,63.0,52.10084033613445,45.23809523809524
sol_opus,current_user,da-13-3,2,da-13-3--rep-002,844644e69962c5c8f40741d7e7e809c2f33007ecd3483f925f52af4c3c55b383,100.0,100.0,93.0,93.0,84.5,7.0,0.0,8.5,15.5,0.0,0.0,0.0,0.0,0.0,0.0,0.0,0.0,0.0,0.0,0.0,0.0,cumulative40,68.0,56.30252100840336,40.0,32.773109243697476,66.5,55.04201680672269,48.03921568627451
sol_opus,current_user,da-13-3,3,da-13-3--rep-003,3b55f0efcc9addf6212ef1aea789ea400d6fdbd67280be554000a46a9fb72f40,100.0,100.0,91.0,88.5,90.5,9.0,2.5,-2.0,9.5,0.0,0.0,0.0,0.0,0.0,0.0,0.5,0.0,0.0,0.0,0.0,0.0,cumulative40,77.5,64.28571428571429,79.0,65.54621848739495,31.0,25.210084033613445,51.680672268907564
sol_opus,current_user,da-13-5,1,da-13-5--rep-001,e8908a1509166c699c3c01f2743ccef1b0ca5b45ba7e04fc5ec4c7407c720211,100.0,100.0,85.0,75.0,78.5,15.0,10.0,-3.5,21.5,0.0,0.0,0.0,0.5,0.0,0.0,0.5,0.0,0.0,0.0,0.0,0.0,cumulative40,95.0,78.99159663865547,116.5,97.05882352941177,25.5,20.58823529411765,65.54621848739497
sol_opus,current_user,da-13-5,2,da-13-5--rep-002,34c7af044371da1b74591a96f6f536d2edc51341d276cd2c1ced555eb67b5bb3,95.0,95.0,72.5,77.5,83.5,22.5,-5.0,-6.0,11.5,0.5,0.0,0.0,0.0,0.0,0.0,0.5,0.0,0.0,1.0,0.0,0.0,cumulative40,110.0,91.59663865546219,4.0,2.5210084033613445,21.0,16.80672268907563,36.97478991596639
sol_opus,current_user,da-13-5,3,da-13-5--rep-003,da45ed3657c57a505691d5a566d6bee40b749093aeb6f4c0e83249050a42da97,100.0,100.0,90.0,85.0,83.0,10.0,5.0,2.0,17.0,0.5,0.0,0.0,0.5,0.0,0.0,2.0,0.0,0.0,0.5,0.0,0.0,cumulative40,81.0,67.22689075630252,102.0,84.87394957983193,41.0,33.61344537815126,61.904761904761905
sol_opus,current_user,da-13-6,1,da-13-6--rep-001,4b91801b7b3b3c0722d4138099e799e529db27a6ec410c7f895baf46b5b5260e,100.0,100.0,75.0,73.33333333333333,90.0,25.0,1.6666666666666679,-16.666666666666668,10.0,0.5,0.0,0.0,0.5,0.0,0.0,0.0,0.0,0.0,0.0,0.0,0.0,cumulative40,115.0,95.7983193277311,74.5,61.76470588235294,8.0,5.882352941176471,54.48179271708683
sol_opus,current_user,da-13-6,2,da-13-6--rep-002,70781e72c0bd769898685277e2b00f3b58af60dd021f75dee121e9669d39c8b5,100.0,100.0,65.0,61.66666666666667,89.0,35.0,3.333333333333332,-27.333333333333332,11.0,1.0,0.0,0.0,1.0,0.0,0.0,0.5,0.0,0.0,0.0,0.0,0.0,cumulative40,120.0,100.0,83.5,69.32773109243698,3.0,1.680672268907563,57.00280112044818
sol_opus,current_user,da-13-6,3,da-13-6--rep-003,8c39c24a1969119db9cb917eb6bb9b0d66834e1a2fe3e2dad56e988ed78d19bc,100.0,100.0,95.0,90.0,86.0,5.0,5.0,4.0,14.0,2.0,0.0,0.0,1.5,0.0,0.0,0.5,0.0,0.0,1.0,0.0,0.0,cumulative40,57.5,47.47899159663866,102.0,84.87394957983193,50.5,41.596638655462186,57.983193277310924
sol_opus,current_user,da-14-1,1,da-14-1--rep-001,c58870f887fa50980bfb0a72ef12a02de1d44513021245911166f54fb4ab8849,100.0,100.0,77.0,70.66666666666667,88.0,23.0,6.333333333333332,-17.333333333333332,12.0,0.5,0.0,0.0,0.5,0.0,0.0,0.0,0.0,0.0,0.5,0.0,0.0,cumulative40,111.5,92.85714285714286,110.0,91.59663865546219,7.0,5.042016806722689,63.16526610644258
sol_opus,current_user,da-14-1,2,da-14-1--rep-002,62a4f4e79c3ba40897079d2e4434524d0de6c7e9af55274bb103f10775894457,100.0,100.0,97.5,86.0,89.0,2.5,11.5,-3.0,11.0,0.0,0.0,0.0,0.0,0.0,0.0,0.0,0.0,0.0,0.0,0.0,0.0,cumulative40,41.0,33.61344537815126,120.0,100.0,28.0,22.689075630252102,52.10084033613445
sol_opus,current_user,da-14-1,3,da-14-1--rep-003,910c3ad981337a49826a2db6a9dcfeae79e59eea300411fa02d21a728b30d313,100.0,100.0,74.5,75.33333333333333,87.5,25.5,-0.8333333333333286,-12.166666666666671,12.5,0.5,0.0,0.0,0.5,0.0,0.0,0.0,0.0,0.0,0.0,0.0,0.0,cumulative40,116.0,96.63865546218487,30.0,24.369747899159663,12.0,9.243697478991596,43.417366946778714
sol_opus,current_user,da-14-3,1,da-14-3--rep-001,443cef1315d563b38a073e85156b222064439a6e6924ece7a7cf696da81ca47d,100.0,100.0,100.0,100.0,92.5,0.0,0.0,7.5,7.5,1.0,0.0,0.0,0.5,0.0,0.0,0.5,0.0,0.0,0.5,0.0,0.0,cumulative40,20.5,16.386554621848738,40.0,32.773109243697476,62.0,51.260504201680675,33.4733893557423
sol_opus,current_user,da-14-3,2,da-14-3--rep-002,b6bcfb1759100fb5dccdc6a0c96b2e53512990979748023f4dd66d1dafdae449,100.0,100.0,82.0,79.5,88.0,18.0,2.5,-8.5,12.0,0.5,0.0,0.0,0.5,0.0,0.0,0.5,0.0,0.0,0.5,0.0,0.0,cumulative40,104.0,86.5546218487395,79.0,65.54621848739495,16.0,12.605042016806722,54.90196078431372
sol_opus,current_user,da-14-3,3,da-14-3--rep-003,f490cd7d9aac7dd334b16cc234b86a204fe25c9123914094231ef40a35bf9865,100.0,100.0,100.0,98.16666666666666,92.5,0.0,1.8333333333333357,5.666666666666664,7.5,0.5,0.0,0.0,0.5,0.0,0.0,0.5,0.0,0.0,0.5,0.0,0.0,cumulative40,20.5,16.386554621848738,77.0,63.865546218487395,55.5,45.79831932773109,42.016806722689076
sol_opus,current_user,da-14-8,1,da-14-8--rep-001,19e50d8f667891739f395ea6149e8c16e896b52239e2f28dc65435d959c044ea,93.0,93.0,73.0,74.16666666666666,74.0,20.0,-1.1666666666666643,0.1666666666666643,19.0,3.5,0.0,0.0,2.0,0.0,0.0,0.5,0.0,0.0,0.5,0.0,0.0,cumulative40,106.5,88.65546218487395,21.0,16.80672268907563,38.0,31.092436974789916,45.51820728291317
sol_opus,current_user,da-14-8,2,da-14-8--rep-002,1854b3c78047ce70c8c201e764f7834984a12b87d1e80fa39c8cebb687eb324c,58.0,58.0,61.0,62.66666666666667,60.0,-3.0,-1.6666666666666679,2.666666666666668,-2.0,5.0,50.0,0.0,5.5,50.0,50.0,1.5,0.0,0.0,3.0,0.0,0.0,cumulative40,5.0,3.361344537815126,17.0,13.445378151260504,45.0,36.97478991596638,17.92717086834734
sol_opus,current_user,da-14-8,3,da-14-8--rep-003,1df4d0430e99e84f731048fd90fa72db44584ded655899682db950efc5095058,76.0,76.0,66.0,62.666666666666664,67.5,10.0,3.3333333333333357,-4.833333333333336,8.5,5.0,50.0,0.0,5.0,50.0,0.0,1.5,0.0,0.0,0.5,0.0,0.0,cumulative40,81.0,67.22689075630252,85.5,71.00840336134453,23.0,18.48739495798319,52.24089635854342
sol_opus,current_user,da-15-1,1,da-15-1--rep-001,49778b345951f612f87bb67536902d62c4213099dc7e29ff5944d6732e6b15a9,87.0,87.0,84.5,84.5,65.0,2.5,0.0,19.5,22.0,0.5,0.0,0.0,0.5,0.0,0.0,0.5,0.0,0.0,0.5,0.0,0.0,cumulative40,41.0,33.61344537815126,40.0,32.773109243697476,98.0,81.5126050420168,49.29971988795518
sol_opus,current_user,da-15-1,2,da-15-1--rep-002,d9e2dbdadadbc426045c351ebdf396cff880ef31da1dd828a4c565fa93d51ff1,87.0,87.0,87.0,89.16666666666666,76.5,0.0,-2.1666666666666643,12.666666666666664,10.5,1.0,0.0,0.0,0.5,0.0,0.0,0.5,0.0,0.0,0.5,0.0,0.0,cumulative40,20.5,16.386554621848738,14.0,10.92436974789916,80.0,66.38655462184875,31.232492997198882
sol_opus,current_user,da-15-1,3,da-15-1--rep-003,2c9b91497ed94a70515f7042413c19b3bc0eae6ec6fd40c1c6f08cdadf998bb8,87.0,87.0,93.5,95.66666666666666,63.5,-6.5,-2.1666666666666643,32.166666666666664,23.5,2.0,0.0,0.0,2.0,0.0,0.0,0.5,0.0,0.0,1.0,0.0,0.0,cumulative40,2.0,0.8403361344537815,14.0,10.92436974789916,111.0,92.43697478991596,34.73389355742297
sol_opus,current_user,da-15-2,1,da-15-2--rep-001,40eaa690bb269c30e6cb610f512a9ef7b79943582f2aa03760864a3f8c8fad8d,83.0,83.0,67.5,67.66666666666667,52.0,15.5,-0.16666666666666785,15.666666666666668,31.0,2.0,0.0,0.0,2.0,0.0,0.0,0.5,0.0,0.0,0.5,0.0,0.0,cumulative40,98.0,81.5126050420168,31.0,25.210084033613445,91.0,75.63025210084034,60.78431372549019
sol_opus,current_user,da-15-2,2,da-15-2--rep-002,e50e296231d880e0bc0d5c30f44a8a25b92dac2ef762823c03fd9998c0ac1ecf,83.0,78.0,78.0,70.0,41.0,5.0,8.0,29.0,42.0,2.5,0.0,0.0,2.0,0.0,0.0,1.5,0.0,0.0,2.0,0.0,0.0,cumulative40,57.5,47.47899159663866,114.0,94.95798319327731,109.5,91.17647058823529,77.87114845938376
sol_opus,current_user,da-15-2,3,da-15-2--rep-003,a47f7ea5c7ecc7ae88acd066c12e7174fac5d94cce460ba2da6d1b82c4d0c52e,63.0,63.0,38.5,43.66666666666667,41.5,24.5,-5.166666666666668,2.166666666666668,21.5,2.5,0.0,0.0,1.5,0.0,0.0,1.5,0.0,0.0,1.0,0.0,0.0,cumulative40,114.0,94.95798319327731,3.0,1.680672268907563,43.0,35.294117647058826,43.977591036414566
sol_opus,current_user,da-15-7,1,da-15-7--rep-001,59ab428e187341a7a1df7121482cccdd91c9b745d63cec3a741018c1e3e6be6f,100.0,100.0,73.5,72.33333333333334,62.0,26.5,1.1666666666666643,10.333333333333336,38.0,2.5,0.0,0.0,2.5,0.0,0.0,0.5,0.0,0.0,0.5,0.0,0.0,cumulative40,117.0,97.47899159663865,60.0,49.57983193277311,73.0,60.50420168067227,69.187675070028
sol_opus,current_user,da-15-7,2,da-15-7--rep-002,e9c603185bbda601c1acd391f801e80efed3fe54741476906dab4ae86f8b3ef4,67.0,67.0,63.5,63.5,58.0,3.5,0.0,5.5,9.0,0.5,0.0,0.0,1.0,0.0,0.0,0.5,0.0,0.0,0.5,0.0,0.0,cumulative40,49.5,40.7563025210084,40.0,32.773109243697476,53.5,44.11764705882353,39.2156862745098
sol_opus,current_user,da-15-7,3,da-15-7--rep-003,d3e0e167a77afc7c478738b92f976e9c286ae93e2c1056f27de50c7472d08cb7,77.0,77.0,68.5,70.83333333333334,70.0,8.5,-2.3333333333333357,0.8333333333333357,7.0,3.5,0.0,0.0,3.0,0.0,0.0,1.5,0.0,0.0,2.0,0.0,0.0,cumulative40,74.5,61.76470588235294,12.0,9.243697478991596,40.0,32.773109243697476,34.593837535014
sol_opus,current_user,da-15-8,1,da-15-8--rep-001,53a46b741b20fd7efb6942b743936da2713e7e4f7c0b7caca4c74840bd1c46b4,90.0,90.0,87.5,85.83333333333334,57.0,2.5,1.6666666666666643,28.833333333333336,33.0,3.0,0.0,0.0,1.5,0.0,0.0,1.5,0.0,0.0,0.5,0.0,0.0,cumulative40,41.0,33.61344537815126,70.5,58.403361344537814,108.0,89.91596638655462,60.64425770308123
sol_opus,current_user,da-15-8,2,da-15-8--rep-002,c41efbccbdce487e284c6cca7437b761647c4c3bd324b82add821555cc3af6e5,100.0,90.0,91.5,85.83333333333334,89.5,8.5,5.666666666666664,-3.6666666666666643,10.5,1.5,0.0,0.0,2.0,0.0,0.0,0.5,0.0,0.0,0.5,0.0,0.0,cumulative40,74.5,61.76470588235294,106.0,88.23529411764706,24.0,19.327731092436974,56.44257703081232
sol_opus,current_user,da-15-8,3,da-15-8--rep-003,88786bf677b29c911b61cc5e8508c231eceeaae998d287a14488a99cd07e8f59,90.0,90.0,83.5,90.0,48.0,6.5,-6.5,42.0,42.0,1.0,0.0,0.0,0.5,0.0,0.0,0.5,0.0,0.0,0.5,0.0,0.0,cumulative40,64.0,52.94117647058823,2.0,0.8403361344537815,119.0,99.15966386554622,50.98039215686274
sol_opus,current_user,da-16-1,1,da-16-1--rep-001,03f392063162b1c738e767e709fe6f8588224063e90da612d8ace10d70f494d1,100.0,100.0,97.5,96.16666666666666,82.0,2.5,1.3333333333333357,14.166666666666664,18.0,0.5,0.0,0.0,0.5,0.0,0.0,0.5,0.0,0.0,0.5,0.0,0.0,cumulative40,41.0,33.61344537815126,64.0,52.94117647058823,84.5,70.16806722689076,52.24089635854342
sol_opus,current_user,da-16-1,2,da-16-1--rep-002,f77c2af700524b3b1395f9eadb91da37e3bb9804384000e7d9c0386190a55209,100.0,100.0,97.5,98.33333333333334,77.0,2.5,-0.8333333333333357,21.333333333333336,23.0,0.5,0.0,0.0,1.0,0.0,0.0,0.5,0.0,0.0,0.0,0.0,0.0,cumulative40,41.0,33.61344537815126,25.0,20.168067226890756,101.0,84.03361344537815,45.938375350140056
sol_opus,current_user,da-16-1,3,da-16-1--rep-003,73cdeed48bca0558d392c3dd44b39985a532fab27e0d15487cb91a54badcfe19,100.0,100.0,87.0,83.5,72.5,13.0,3.5,11.0,27.5,0.5,0.0,0.0,0.5,0.0,0.0,0.5,0.0,0.0,0.0,0.0,0.0,cumulative40,89.0,73.94957983193277,88.5,73.52941176470588,75.5,62.60504201680672,70.02801120448179
sol_opus,current_user,da-17-1,1,da-17-1--rep-001,3a56cdb61ae0719d9193a75a6324c276717d48d5b909f473aeea1db823071664,90.0,90.0,90.0,90.0,82.0,0.0,0.0,8.0,8.0,1.5,0.0,0.0,4.0,50.0,0.0,1.0,0.0,0.0,2.0,0.0,0.0,cumulative40,20.5,16.386554621848738,40.0,32.773109243697476,64.5,53.36134453781513,34.173669467787114
sol_opus,current_user,da-17-1,2,da-17-1--rep-002,c18b5fb1f06017d423bdb0e846f6c0aa380be15a5d2b59825a95b97933b6d655,90.0,90.0,81.5,75.5,78.5,8.5,6.0,-3.0,11.5,3.0,0.0,0.0,3.5,0.0,50.0,0.5,0.0,0.0,2.5,0.0,0.0,cumulative40,74.5,61.76470588235294,108.0,89.91596638655462,28.0,22.689075630252102,58.12324929971989
sol_opus,current_user,da-17-1,3,da-17-1--rep-003,75e9a1196d77215c4c97eb668131739ec5c76d0135c82fd2fff693ae81d382e5,90.0,90.0,85.5,83.0,86.0,4.5,2.5,-3.0,4.0,6.0,50.0,0.0,1.5,0.0,0.0,0.5,0.0,0.0,0.5,0.0,0.0,cumulative40,53.5,44.11764705882353,79.0,65.54621848739495,28.0,22.689075630252102,44.11764705882353
sol_opus,current_user,da-17-3,1,da-17-3--rep-001,0f523220dc1cf46b2b8b8311258233a9d91daed3f3c20ccdaa93be77451a79a2,39.0,39.0,10.5,11.333333333333334,17.0,28.5,-0.8333333333333335,-5.666666666666667,22.0,0.0,0.0,0.0,0.5,0.0,0.0,0.5,0.0,0.0,0.5,0.0,0.0,cumulative40,119.0,99.15966386554622,27.5,22.26890756302521,22.0,17.647058823529413,46.358543417366946
sol_opus,current_user,da-17-3,2,da-17-3--rep-002,3cb2307c0fe0a04eb1cebca83ba04c0ea03bfa6618daecae4cd0e71020bdd75f,22.0,22.0,7.0,5.833333333333334,12.0,15.0,1.1666666666666665,-6.166666666666666,10.0,0.5,0.0,0.0,0.5,0.0,0.0,0.5,0.0,0.0,0.0,0.0,0.0,cumulative40,95.0,78.99159663865547,61.0,50.42016806722689,20.0,15.966386554621849,48.4593837535014
sol_opus,current_user,da-17-3,3,da-17-3--rep-003,920bba4d837f25ef9bee6dedaac8d6a2ab425f159ed5c57a0c9a8b16188358be,100.0,100.0,77.0,69.0,69.5,23.0,8.000000000000004,-0.5000000000000036,30.5,2.5,0.0,0.0,2.0,0.0,0.0,0.5,0.0,0.0,1.0,0.0,0.0,cumulative40,111.5,92.85714285714286,115.0,95.7983193277311,36.0,29.41176470588235,72.6890756302521
sol_opus,current_user,da-17-5,1,da-17-5--rep-001,6fd9cf0814ce9b2e53274edfc83e64e9f7f2683eb8909c5180393a5c5857344e,90.0,90.0,90.0,88.66666666666666,83.0,0.0,1.3333333333333357,5.666666666666664,7.0,1.5,0.0,0.0,2.0,0.0,0.0,0.5,0.0,0.0,0.0,0.0,0.0,cumulative40,20.5,16.386554621848738,64.0,52.94117647058823,55.5,45.79831932773109,38.37535014005602
sol_opus,current_user,da-17-5,2,da-17-5--rep-002,4eeb59cd6397fc912888a0d0ca2c1b1b5d9b008f1b82f2d0eef0eb130b6f98b7,77.0,77.0,82.5,72.0,36.0,-5.5,10.5,36.0,41.0,1.5,0.0,0.0,1.0,0.0,0.0,1.0,0.0,0.0,0.5,0.0,0.0,cumulative40,3.0,1.680672268907563,118.0,98.31932773109244,115.0,95.7983193277311,65.26610644257703
sol_opus,current_user,da-17-5,3,da-17-5--rep-003,2489e5ff53145ddcd4e05c088183921a9cdc4e8e3cb24e7f9cd0b7b7b06437c3,90.0,90.0,86.0,82.0,84.0,4.0,4.0,-2.0,6.0,1.0,0.0,0.0,0.5,0.0,0.0,0.5,0.0,0.0,1.5,0.0,0.0,cumulative40,52.0,42.857142857142854,96.5,80.25210084033614,31.0,25.210084033613445,49.43977591036415
sol_opus,current_user,da-18-5,1,da-18-5--rep-001,e16aab443e445a25e328d42a825eafeb8dbce66b57e426a299c777841f64988a,100.0,100.0,100.0,94.5,79.5,0.0,5.5,15.0,20.5,0.5,0.0,0.0,0.0,0.0,0.0,0.5,0.0,0.0,0.5,0.0,0.0,cumulative40,20.5,16.386554621848738,104.5,86.97478991596638,88.0,73.10924369747899,58.8235294117647
sol_opus,current_user,da-18-5,2,da-18-5--rep-002,7e7dc16cd6b5657189453d3b97525954e7848ca4c813a787d72773fb1187805d,100.0,100.0,100.0,96.66666666666667,83.5,0.0,3.3333333333333286,13.166666666666671,16.5,0.5,0.0,0.0,0.0,0.0,0.0,0.5,0.0,0.0,0.5,0.0,0.0,cumulative40,20.5,16.386554621848738,82.0,68.0672268907563,83.0,68.90756302521008,51.120448179271705
sol_opus,current_user,da-18-5,3,da-18-5--rep-003,2e3688af56b326420d8f1a14ef34853c0b6ebdec85e5c02ed7f3e51f35f97fcc,100.0,100.0,95.0,91.66666666666666,89.5,5.0,3.3333333333333357,2.1666666666666643,10.5,0.5,0.0,0.0,0.5,0.0,0.0,0.5,0.0,0.0,0.5,0.0,0.0,cumulative40,57.5,47.47899159663866,85.5,71.00840336134453,42.0,34.45378151260504,50.98039215686274
sol_opus,current_user,da-18-7,1,da-18-7--rep-001,7a0fcb964647f6592e3015cc4721de083d9eafd4fe2bb761f2e09e2c21ba0441,85.0,85.0,76.0,72.66666666666667,66.5,9.0,3.333333333333332,6.166666666666668,18.5,1.0,0.0,0.0,0.5,0.0,0.0,0.5,0.0,0.0,0.0,0.0,0.0,cumulative40,77.5,64.28571428571429,83.5,69.32773109243698,59.0,48.739495798319325,60.7843137254902
sol_opus,current_user,da-18-7,2,da-18-7--rep-002,a68c6efb4d3088838ae3214b0eee1421242d79cd02b37205b52417718bb5d69c,92.0,87.0,92.5,96.0,73.0,-0.5,-3.5,23.0,19.0,0.0,0.0,0.0,0.0,0.0,0.0,0.5,0.0,0.0,0.0,0.0,0.0,cumulative40,7.0,5.042016806722689,8.0,5.882352941176471,103.5,86.1344537815126,32.35294117647059
sol_opus,current_user,da-18-7,3,da-18-7--rep-003,c96906cd9bbe233732ab0a58f730d06d123b6b5000b55870f31665d7ff258a06,100.0,100.0,97.5,98.33333333333334,86.5,2.5,-0.8333333333333357,11.833333333333336,13.5,1.0,0.0,0.0,0.5,0.0,0.0,0.5,0.0,0.0,1.5,0.0,0.0,cumulative40,41.0,33.61344537815126,25.0,20.168067226890756,78.0,64.70588235294117,39.49579831932773
sol_opus,current_user,da-19-1,1,da-19-1--rep-001,af15ae0a8c740adecf79c1fd6c39ec42ffb0e25acb0e09ce361bdc13ac55e900,100.0,100.0,90.0,94.0,91.5,10.0,-4.0,2.5,8.5,0.5,0.0,0.0,0.5,0.0,0.0,0.5,0.0,0.0,0.5,0.0,0.0,cumulative40,81.0,67.22689075630252,6.5,4.621848739495798,44.0,36.134453781512605,35.99439775910364
sol_opus,current_user,da-19-1,2,da-19-1--rep-002,23950447b25a546d51126338de629eeaed3612b5bdefa5d02ada577f54cfae52,100.0,100.0,100.0,94.5,88.5,0.0,5.5,6.0,11.5,1.0,0.0,0.0,0.5,0.0,0.0,0.5,0.0,0.0,0.5,0.0,0.0,cumulative40,20.5,16.386554621848738,104.5,86.97478991596638,58.0,47.89915966386555,50.42016806722689
sol_opus,current_user,da-19-1,3,da-19-1--rep-003,ec091ad49126a85e8b26312e2934437bb668c437c5e91faae91f81b2a36fdadf,100.0,100.0,93.5,91.66666666666667,88.5,6.5,1.8333333333333286,3.1666666666666714,11.5,1.0,0.0,0.0,0.5,0.0,0.0,1.5,0.0,0.0,0.5,0.0,0.0,cumulative40,64.0,52.94117647058823,76.0,63.02521008403362,48.0,39.49579831932773,51.82072829131653
sol_opus,current_user,da-19-3,1,da-19-3--rep-001,71621ae228a547058abce0bb3162089a4709b0f092eab36a0b208b47a2ecc454,100.0,100.0,97.5,96.16666666666666,82.0,2.5,1.3333333333333357,14.166666666666664,18.0,1.0,0.0,0.0,0.5,0.0,0.0,0.5,0.0,0.0,1.0,0.0,0.0,cumulative40,41.0,33.61344537815126,64.0,52.94117647058823,84.5,70.16806722689076,52.24089635854342
sol_opus,current_user,da-19-3,2,da-19-3--rep-002,4d3b1ab1e95978cf8c45396e1807af6c161ccc964081843d7b5ae23488b7ea11,100.0,100.0,100.0,100.0,71.0,0.0,0.0,29.0,29.0,0.5,0.0,0.0,0.0,0.0,0.0,0.0,0.0,0.0,0.5,0.0,0.0,cumulative40,20.5,16.386554621848738,40.0,32.773109243697476,109.5,91.17647058823529,46.778711484593835
sol_opus,current_user,da-19-3,3,da-19-3--rep-003,205f21c0a39e966e073f859acac41bfd84fe8712855dcd9ea27a6fda0dac3977,100.0,100.0,97.5,93.33333333333334,74.0,2.5,4.166666666666664,19.333333333333336,26.0,1.0,0.0,0.0,0.5,0.0,0.0,0.5,0.0,0.0,0.5,0.0,0.0,cumulative40,41.0,33.61344537815126,98.0,81.5126050420168,96.5,80.25210084033614,65.12605042016807
sol_opus,current_user,da-19-6,1,da-19-6--rep-001,9a16f1ca31dcfabe5b6d4310edb3ad148676155750fd8b6230e516edca849bd6,35.0,35.0,23.0,15.666666666666668,53.0,12.0,7.333333333333333,-37.33333333333333,-18.0,1.5,0.0,0.0,0.5,0.0,0.0,0.5,0.0,0.0,0.5,0.0,0.0,cumulative40,84.5,70.16806722689076,112.0,93.27731092436974,2.0,0.8403361344537815,54.76190476190476
sol_opus,current_user,da-19-6,2,da-19-6--rep-002,a8533f11a1771f2899ffade736efc0ba4d6cb1a19b394f02746cf72adcd38fac,47.0,47.0,19.5,17.833333333333332,43.5,27.5,1.666666666666667,-25.666666666666664,3.5,0.5,0.0,0.0,0.5,0.0,0.0,0.5,0.0,0.0,0.5,0.0,0.0,cumulative40,118.0,98.31932773109244,73.0,60.50420168067227,4.0,2.5210084033613445,53.78151260504202
sol_opus,current_user,da-19-6,3,da-19-6--rep-003,91657fa87314f79c5f92844f0ee7e9b3b09cd224fef7af8dc31a99a7a11b6312,30.0,30.0,14.5,15.333333333333332,65.0,15.5,-0.833333333333333,-49.666666666666664,-35.0,0.0,0.0,0.0,0.5,0.0,0.0,0.5,0.0,0.0,0.5,0.0,0.0,cumulative40,98.0,81.5126050420168,29.0,23.529411764705884,1.0,0.0,35.01400560224089
sol_opus,current_user,da-20-1,1,da-20-1--rep-001,ac5bc1975bea03b52142fb9d96b87eee16c2e7932b624241b92093a670009a34,90.0,90.0,68.0,66.33333333333333,67.5,22.0,1.6666666666666679,-1.1666666666666679,22.5,2.0,0.0,0.0,1.5,0.0,0.0,0.5,0.0,0.0,0.5,0.0,0.0,cumulative40,109.0,90.75630252100841,74.5,61.76470588235294,34.0,27.73109243697479,60.08403361344538
sol_opus,current_user,da-20-1,2,da-20-1--rep-002,f89dfdcd5ba5a9a7eb53afb28fb814752fb5f0939a7a11b52df372b18f33a4cc,100.0,100.0,83.0,81.33333333333334,90.0,17.0,1.6666666666666643,-8.666666666666664,10.0,2.5,0.0,0.0,3.5,0.0,0.0,0.5,0.0,0.0,0.5,0.0,0.0,cumulative40,102.5,85.29411764705883,70.5,58.403361344537814,15.0,11.764705882352942,51.82072829131653
sol_opus,current_user,da-20-1,3,da-20-1--rep-003,cb8e213b6078b0aaece482f9edcdecff47e14757fff259382ba1302949f6d81b,95.0,95.0,78.0,70.5,62.0,17.0,7.5,8.5,33.0,1.0,0.0,0.0,1.0,0.0,0.0,1.5,0.0,0.0,1.0,0.0,0.0,cumulative40,102.5,85.29411764705883,113.0,94.11764705882354,66.5,55.04201680672269,78.15126050420169
sol_opus,current_user,da-20-4,1,da-20-4--rep-001,a59cb4449436be572741e57207c0b8349d4af3cec4b7a11624e5232452656a1b,10.0,10.0,2.5,3.3333333333333335,17.0,7.5,-0.8333333333333335,-13.666666666666666,-7.0,1.0,0.0,0.0,0.0,0.0,0.0,0.0,0.0,0.0,0.0,0.0,0.0,cumulative40,70.0,57.983193277310924,27.5,22.26890756302521,10.0,7.563025210084033,29.27170868347339
sol_opus,current_user,da-20-4,2,da-20-4--rep-002,93e7a748c785a09b6468dee524aafb1c6a3a772cad5c82b0a7a40cf92c8c88cd,10.0,10.0,7.5,7.5,17.0,2.5,0.0,-9.5,-7.0,1.0,0.0,0.0,0.0,0.0,0.0,0.5,0.0,0.0,0.0,0.0,0.0,cumulative40,41.0,33.61344537815126,40.0,32.773109243697476,13.0,10.084033613445378,25.49019607843137
sol_opus,current_user,da-20-4,3,da-20-4--rep-003,7a46c3791f7cda1ba6ce754b2c0b78db4e5cb43c70dbfd46f182b464ea81ec96,20.0,20.0,15.0,14.166666666666668,38.0,5.0,0.833333333333333,-23.833333333333332,-18.0,0.5,0.0,0.0,1.0,0.0,0.0,0.5,0.0,0.0,0.5,0.0,0.0,cumulative40,57.5,47.47899159663866,54.0,44.53781512605042,5.0,3.361344537815126,31.792717086834735
sol_opus,current_user,da-24-3,1,da-24-3--rep-001,f42a0cd151b82c3a74b7b662a0359972fd9674cdfba3795d430a44cc44ba7c1f,60.0,60.0,46.5,47.666666666666664,56.5,13.5,-1.1666666666666643,-8.833333333333336,3.5,1.5,0.0,0.0,2.0,0.0,0.0,1.0,0.0,0.0,0.5,0.0,0.0,cumulative40,91.0,75.63025210084034,21.0,16.80672268907563,14.0,10.92436974789916,34.45378151260504
sol_opus,current_user,da-24-3,2,da-24-3--rep-002,c5a98e2998fb1a3f97e55aaae028dd156508894a55d4435d0a332c3f12009cbd,100.0,100.0,87.5,87.5,55.0,12.5,0.0,32.5,45.0,1.0,0.0,0.0,0.5,0.0,0.0,0.5,0.0,0.0,0.0,0.0,0.0,cumulative40,87.0,72.26890756302521,40.0,32.773109243697476,112.0,93.27731092436974,66.1064425770308
sol_opus,current_user,da-24-3,3,da-24-3--rep-003,6f5fc7228728d8064939b62a52560d39ab1953d3a88485e4d7b579645d589e4c,80.0,80.0,75.0,70.0,54.5,5.0,5.0,15.5,25.5,2.0,0.0,0.0,1.5,0.0,0.0,0.5,0.0,0.0,0.0,0.0,0.0,cumulative40,57.5,47.47899159663866,102.0,84.87394957983193,89.0,73.94957983193277,68.76750700280112
sol_opus,current_user,da-26-2,1,da-26-2--rep-001,2a8b04e8c8b437605e2cd228425284166426486a42f851f4703c1abb58a9b77f,71.0,71.0,64.0,63.16666666666667,47.0,7.0,0.8333333333333321,16.166666666666668,24.0,1.5,0.0,0.0,1.0,0.0,0.0,1.0,0.0,0.0,0.5,0.0,0.0,cumulative40,68.0,56.30252100840336,53.0,43.69747899159664,93.0,77.3109243697479,59.10364145658263
sol_opus,current_user,da-26-2,2,da-26-2--rep-002,58874b5fe68471f4ecced1cee4e5de3ce39aaee5be34a1ad4bfa6218ed542d26,71.0,71.0,68.5,71.33333333333334,38.5,2.5,-2.8333333333333357,32.833333333333336,32.5,1.5,0.0,0.0,0.0,0.0,0.0,1.0,0.0,0.0,0.0,0.0,0.0,cumulative40,41.0,33.61344537815126,10.0,7.563025210084033,113.5,94.53781512605042,45.23809523809524
sol_opus,current_user,da-26-2,3,da-26-2--rep-003,952ad828727e8f15834dc02aaea754dd9cd678ba9bbab0521a1144fc06501cc9,71.0,71.0,51.0,41.0,33.0,20.0,10.0,8.0,38.0,2.0,0.0,0.0,1.0,0.0,0.0,1.0,0.0,0.0,0.5,0.0,0.0,cumulative40,106.5,88.65546218487395,116.5,97.05882352941177,64.5,53.36134453781513,79.69187675070029
sol_opus,current_user,da-26-4,1,da-26-4--rep-001,74b79ff61d02b55681536fad0edac3c09ef1c45af43a38aa5e3f0438ec0251db,57.0,57.0,57.0,57.0,34.0,0.0,0.0,23.0,23.0,6.0,50.0,0.0,3.0,0.0,0.0,2.0,0.0,0.0,0.5,0.0,0.0,cumulative40,20.5,16.386554621848738,40.0,32.773109243697476,103.5,86.1344537815126,45.09803921568627
sol_opus,current_user,da-26-4,2,da-26-4--rep-002,698fe49708e2fa2dc8af5971682c794c63e9ac6c309ded101c26b0cd01005939,95.0,95.0,79.5,76.0,38.0,15.5,3.5,38.0,57.0,7.5,100.0,0.0,3.0,0.0,0.0,2.0,0.0,0.0,1.0,0.0,0.0,cumulative40,98.0,81.5126050420168,88.5,73.52941176470588,116.0,96.63865546218487,83.89355742296918
sol_opus,current_user,da-26-4,3,da-26-4--rep-003,12c91b4047c0caadaa2cb1762b837e99fb9a7a6d446b69dd083ca104de67ccf4,30.0,30.0,27.5,22.833333333333336,18.0,2.5,4.666666666666666,4.833333333333334,12.0,2.5,0.0,0.0,1.5,0.0,0.0,1.0,0.0,0.0,2.0,0.0,0.0,cumulative40,41.0,33.61344537815126,99.0,82.3529411764706,52.0,42.857142857142854,52.94117647058824
sol_opus,current_user,da-3-5,1,da-3-5--rep-001,2185ac6e96a5a87d7c8e3a9f5829f4593e61601ae86651971102e3d923328ae9,100.0,100.0,89.5,88.16666666666666,72.0,10.5,1.3333333333333357,16.166666666666664,28.0,1.0,0.0,0.0,1.0,0.0,0.0,1.0,0.0,0.0,1.0,0.0,0.0,cumulative40,83.0,68.90756302521008,64.0,52.94117647058823,92.0,76.47058823529412,66.1064425770308
sol_opus,current_user,da-3-5,2,da-3-5--rep-002,feaf90a8d7b2d3f52289ac777233d0518445a3e647c26eb6fc230c1c000c1780,100.0,100.0,100.0,100.0,90.0,0.0,0.0,10.0,10.0,1.0,0.0,0.0,1.0,0.0,0.0,1.0,0.0,0.0,0.5,0.0,0.0,cumulative40,20.5,16.386554621848738,40.0,32.773109243697476,70.5,58.403361344537814,35.85434173669468
sol_opus,current_user,da-3-5,3,da-3-5--rep-003,999f2c16809f8bba8130a006d8d304d37847e3c21f87cca78c2db08953e29947,100.0,100.0,92.0,94.66666666666666,79.0,8.0,-2.6666666666666643,15.666666666666664,21.0,0.5,0.0,0.0,0.5,0.0,0.0,1.0,0.0,0.0,0.5,0.0,0.0,cumulative40,71.5,59.2436974789916,11.0,8.403361344537815,90.0,74.78991596638656,47.47899159663866
sol_opus,current_user,da-4-1,1,da-4-1--rep-001,057f7a527956349d8e253766ccc333b25228f0214c7e702e4ebf01de87b2307d,86.0,86.0,86.0,82.16666666666667,68.0,0.0,3.8333333333333286,14.166666666666671,18.0,0.5,0.0,0.0,0.5,0.0,0.0,0.5,0.0,0.0,0.5,0.0,0.0,cumulative40,20.5,16.386554621848738,95.0,78.99159663865547,86.0,71.42857142857143,55.602240896358545
sol_opus,current_user,da-4-1,2,da-4-1--rep-002,9c53b773849793077259d4e4789c8a60a846b489413644588ffdff4ccc703068,100.0,100.0,84.0,88.16666666666666,79.0,16.0,-4.166666666666664,9.166666666666664,21.0,1.5,0.0,0.0,1.0,0.0,0.0,0.5,0.0,0.0,0.5,0.0,0.0,cumulative40,100.0,83.19327731092437,5.0,3.361344537815126,69.0,57.142857142857146,47.89915966386555
sol_opus,current_user,da-4-1,3,da-4-1--rep-003,12bc3f0f681d221a15606bd1ce516f1379b00f4435c10022d511d369313b541f,93.0,93.0,88.5,87.66666666666667,70.5,4.5,0.8333333333333286,17.16666666666667,22.5,2.0,0.0,0.0,1.0,0.0,0.0,0.5,0.0,0.0,1.0,0.0,0.0,cumulative40,53.5,44.11764705882353,52.0,42.857142857142854,95.0,78.99159663865547,55.32212885154062
sol_opus,current_user,da-4-6,1,da-4-6--rep-001,0f0c825028bfe48de9f7e71ca6d6c9e30ae4444a8d3e2245e6ee5822799c7574,100.0,100.0,100.0,96.33333333333334,90.5,0.0,3.6666666666666643,5.833333333333336,9.5,0.5,0.0,0.0,0.5,0.0,0.0,0.0,0.0,0.0,0.0,0.0,0.0,cumulative40,20.5,16.386554621848738,92.5,76.89075630252101,57.0,47.05882352941177,46.77871148459384
sol_opus,current_user,da-4-6,2,da-4-6--rep-002,39b590a763de4b215ab3d3357d2fa8abeab53e8a5389223f3c85a536b87974f0,100.0,100.0,93.5,95.66666666666666,92.0,6.5,-2.1666666666666643,3.6666666666666643,8.0,1.5,0.0,0.0,1.5,0.0,0.0,0.5,0.0,0.0,0.5,0.0,0.0,cumulative40,64.0,52.94117647058823,14.0,10.92436974789916,49.0,40.33613445378151,34.73389355742297
sol_opus,current_user,da-4-6,3,da-4-6--rep-003,4985a712df5c5253cfdc26000c68dd9533e7b619c638623d724eccf4af188d57,100.0,100.0,76.0,76.0,90.0,24.0,0.0,-14.0,10.0,0.5,0.0,0.0,0.5,0.0,0.0,0.0,0.0,0.0,0.5,0.0,0.0,cumulative40,113.0,94.11764705882354,40.0,32.773109243697476,9.0,6.722689075630252,44.53781512605042
sol_opus,current_user,da-5-1,1,da-5-1--rep-001,0e9ecb6785a00f2a6404ebd5c22505a29aa7869e70a17f799e44688006b1fca9,100.0,100.0,85.0,84.16666666666666,81.0,15.0,0.8333333333333357,3.1666666666666643,19.0,1.0,0.0,0.0,1.0,0.0,0.0,1.5,0.0,0.0,0.5,0.0,0.0,cumulative40,95.0,78.99159663865547,56.0,46.21848739495798,47.0,38.65546218487395,54.621848739495796
sol_opus,current_user,da-5-1,2,da-5-1--rep-002,447f6841feba72a1c7305fd5f4694e3b89ebaf80b324b00ee30e47c9f1cd2e72,100.0,100.0,86.0,87.16666666666666,88.5,14.0,-1.1666666666666643,-1.3333333333333357,11.5,0.5,0.0,0.0,0.5,0.0,0.0,0.5,0.0,0.0,0.5,0.0,0.0,cumulative40,93.0,77.3109243697479,21.0,16.80672268907563,33.0,26.89075630252101,40.33613445378151
sol_opus,current_user,da-5-1,3,da-5-1--rep-003,50dcd82522cb2a7e033864a427abff94011794f0525d055aa3bf2649aac4d7d6,100.0,100.0,78.5,78.0,80.0,21.5,0.5,-2.0,20.0,1.5,0.0,0.0,1.0,0.0,0.0,1.0,0.0,0.0,1.0,0.0,0.0,cumulative40,108.0,89.91596638655462,50.5,41.596638655462186,31.0,25.210084033613445,52.24089635854342
sol_opus,current_user,da-6-5,1,da-6-5--rep-001,204ec4c9b9d59a0ac9aa0262bd576f273abbe802751636d502bf3e6e440e093b,100.0,100.0,93.5,97.5,32.5,6.5,-4.0,65.0,67.5,1.5,0.0,0.0,1.0,0.0,0.0,2.5,0.0,0.0,0.5,0.0,0.0,cumulative40,64.0,52.94117647058823,6.5,4.621848739495798,120.0,100.0,52.52100840336134
sol_opus,current_user,da-6-5,2,da-6-5--rep-002,1a87d8d001b31de9f609ac7ab62adede44ffc345b61e8305473fdb1f3ebd4359,100.0,100.0,100.0,100.0,78.5,0.0,0.0,21.5,21.5,1.5,0.0,0.0,0.5,0.0,0.0,0.5,0.0,0.0,0.5,0.0,0.0,cumulative40,20.5,16.386554621848738,40.0,32.773109243697476,102.0,84.87394957983193,44.67787114845938
sol_opus,current_user,da-6-5,3,da-6-5--rep-003,8af52c49619255fa187ee348f500b22219597585f823d52ccd37cd870abc3d2e,100.0,100.0,100.0,98.66666666666666,85.5,0.0,1.3333333333333357,13.166666666666664,14.5,1.0,0.0,0.0,0.0,0.0,0.0,1.0,0.0,0.0,0.5,0.0,0.0,cumulative40,20.5,16.386554621848738,64.0,52.94117647058823,81.5,67.6470588235294,45.65826330532212
sol_opus,current_user,da-8-1,1,da-8-1--rep-001,12b660169831b7d224b4965ac0c46aa7ed8d9ea94d4e86eb570e6fc48dd7df27,100.0,100.0,92.0,93.33333333333334,81.0,8.0,-1.3333333333333357,12.333333333333336,19.0,1.5,0.0,0.0,1.5,0.0,0.0,0.5,0.0,0.0,0.0,0.0,0.0,cumulative40,71.5,59.2436974789916,19.0,15.126050420168067,79.0,65.54621848739495,46.63865546218487
sol_opus,current_user,da-8-1,2,da-8-1--rep-002,366823a759f2cd52c6f0192ce41284a997e69ddd99c70aab6cf92e02b30ac9ad,92.0,92.0,89.5,87.83333333333334,55.0,2.5,1.6666666666666643,32.833333333333336,37.0,2.5,0.0,0.0,2.5,0.0,0.0,0.5,0.0,0.0,1.0,0.0,0.0,cumulative40,41.0,33.61344537815126,70.5,58.403361344537814,113.5,94.53781512605042,62.18487394957983
sol_opus,current_user,da-8-1,3,da-8-1--rep-003,4c4f2ff267fd6679892b6e1496a8558f7d0faf229ae460aeb5326b3900847a04,100.0,100.0,100.0,100.0,79.0,0.0,0.0,21.0,21.0,0.5,0.0,0.0,0.5,0.0,0.0,0.5,0.0,0.0,0.5,0.0,0.0,cumulative40,20.5,16.386554621848738,40.0,32.773109243697476,100.0,83.19327731092437,44.11764705882353
sol_opus,current_user,da-8-3,1,da-8-3--rep-001,7d8e335f91a45848411b998c1a5cb1e115fd1bedd3088bd1a168c5753fe63bd3,100.0,100.0,91.5,80.66666666666666,56.0,8.5,10.833333333333336,24.666666666666664,44.0,1.5,0.0,0.0,2.0,0.0,0.0,1.0,0.0,0.0,2.0,0.0,0.0,cumulative40,74.5,61.76470588235294,119.0,99.15966386554622,105.0,87.39495798319328,82.77310924369748
sol_opus,current_user,da-8-3,2,da-8-3--rep-002,0a30c0f00519fd449b9f5a56c6be7d93456e18f43041e52c1fbba34ab2a6c9c9,92.0,92.0,72.5,71.66666666666666,61.5,19.5,0.8333333333333357,10.166666666666664,30.5,1.5,0.0,0.0,1.5,0.0,0.0,1.0,0.0,0.0,1.5,0.0,0.0,cumulative40,105.0,87.39495798319328,56.0,46.21848739495798,72.0,59.66386554621849,64.42577030812325
sol_opus,current_user,da-8-3,3,da-8-3--rep-003,8f08bf1a373529a65fc062e76eda747144d6180f37330377e0168e932ef9723e,100.0,100.0,88.0,89.0,50.5,12.0,-1.0,38.5,49.5,6.0,50.0,0.0,6.5,50.0,0.0,1.0,0.0,0.0,1.5,0.0,0.0,cumulative40,84.5,70.16806722689076,23.0,18.48739495798319,117.0,97.47899159663865,62.04481792717087
sol_opus,current_user,da-9-1,1,da-9-1--rep-001,03df4078648b486b92503b2b6f0f3c5a8d7adf29720b8c6981634f2cc6d4ce4f,100.0,100.0,96.5,91.66666666666666,78.5,3.5,4.833333333333336,13.166666666666664,21.5,1.0,0.0,0.0,1.0,0.0,0.0,1.0,0.0,0.0,0.5,0.0,0.0,cumulative40,49.5,40.7563025210084,100.0,83.19327731092437,81.5,67.6470588235294,63.865546218487395
sol_opus,current_user,da-9-1,2,da-9-1--rep-002,5e6269a054e2ba527a66a7f2b568da3cd3763b853ec88db9d626e4b5e6e66170,100.0,100.0,83.5,81.83333333333334,73.0,16.5,1.6666666666666643,8.833333333333336,27.0,0.5,0.0,0.0,0.5,0.0,0.0,0.5,0.0,0.0,0.5,0.0,0.0,cumulative40,101.0,84.03361344537815,70.5,58.403361344537814,68.0,56.30252100840336,66.24649859943978
sol_opus,current_user,da-9-1,3,da-9-1--rep-003,341dec816c312ddeb50bc186c59bdecc547e7568e20bcc64e7ed381f0a0be05c,100.0,100.0,90.5,90.5,85.0,9.5,0.0,5.5,15.0,1.5,0.0,0.0,1.0,0.0,0.0,0.5,0.0,0.0,0.5,0.0,0.0,cumulative40,79.0,65.54621848739495,40.0,32.773109243697476,53.5,44.11764705882353,47.47899159663865
sol_opus,current_user,da-9-7,1,da-9-7--rep-001,0a628d405fd5de3e7f3c2095bec2cdd70dcaf101770947b4f6d1595fb70bfa8a,93.0,93.0,89.5,86.0,93.0,3.5,3.5,-7.0,0.0,6.0,100.0,0.0,5.5,50.0,0.0,0.5,0.0,0.0,1.5,0.0,0.0,cumulative40,49.5,40.7563025210084,88.5,73.52941176470588,19.0,15.126050420168067,43.13725490196079
sol_opus,current_user,da-9-7,2,da-9-7--rep-002,a48d5584d1cda0f414be705fb4ffa0ac4708fa19d2013b3b9ca4ef4c69c32de4,100.0,100.0,94.5,94.5,84.5,5.5,0.0,10.0,15.5,2.0,0.0,0.0,0.5,0.0,0.0,1.0,0.0,0.0,0.0,0.0,0.0,cumulative40,61.0,50.42016806722689,40.0,32.773109243697476,70.5,58.403361344537814,47.198879551820724
sol_opus,current_user,da-9-7,3,da-9-7--rep-003,99e00800ef6d12badf8dff8274ce657323e98b12bd2973f1c4bb9e3dda6a13d6,93.0,93.0,80.5,76.83333333333334,89.5,12.5,3.6666666666666643,-12.666666666666664,3.5,0.5,0.0,0.0,0.5,0.0,0.0,0.5,0.0,0.0,0.0,0.0,0.0,cumulative40,87.0,72.26890756302521,92.5,76.89075630252101,11.0,8.403361344537815,52.52100840336134
sol,current_full,da-1-3,1,da-1-3--rep-001,5d3ef64216240a0b1df0133b1835ab72e2bab2d1a31f9acbdd11f9c35f20bb47,100.0,100.0,100.0,100.0,84.0,0.0,0.0,16.0,16.0,0.0,0.0,0.0,0.0,0.0,0.0,0.0,0.0,0.0,0.0,0.0,0.0,cumulative40,31.5,25.630252100840337,53.5,44.11764705882353,67.5,55.88235294117647,41.87675070028011
sol,current_full,da-1-3,2,da-1-3--rep-002,31177b6bf749aa9955327185f9607c4c0290659aae41c44b65448ddff613b8ae,100.0,100.0,100.0,98.66666666666667,88.0,0.0,1.3333333333333286,10.666666666666671,12.0,1.0,0.0,0.0,0.0,0.0,0.0,0.0,0.0,0.0,0.0,0.0,0.0,cumulative40,31.5,25.630252100840337,91.5,76.05042016806723,53.5,44.11764705882353,48.59943977591037
sol,current_full,da-1-3,3,da-1-3--rep-003,831ad3c7154ae1a059582999abac0191237eaf9b72aed0dddccd784299cc861f,100.0,100.0,92.0,85.33333333333333,48.0,8.0,6.666666666666671,37.33333333333333,52.0,1.0,0.0,0.0,0.0,0.0,0.0,1.0,0.0,0.0,0.0,0.0,0.0,cumulative40,79.0,65.54621848739495,116.0,96.63865546218487,100.0,83.19327731092437,81.79271708683473
sol,current_full,da-1-4,1,da-1-4--rep-001,8579f1d69821d8f95467324681e5de48dc9b533437b308282872bc828b2f3f12,100.0,100.0,95.0,96.66666666666667,72.0,5.0,-1.6666666666666714,24.66666666666667,28.0,1.0,0.0,0.0,0.0,0.0,0.0,0.0,0.0,0.0,0.0,0.0,0.0,cumulative40,67.0,55.46218487394958,15.0,11.764705882352942,89.5,74.36974789915966,47.19887955182073
sol,current_full,da-1-4,2,da-1-4--rep-002,16cc9e2d573864e05955a3fcacf526cb3b7f6fe9278bdf5ef17ad88a084562b5,100.0,100.0,100.0,100.0,85.0,0.0,0.0,15.0,15.0,0.0,0.0,0.0,0.0,0.0,0.0,0.0,0.0,0.0,0.0,0.0,0.0,cumulative40,31.5,25.630252100840337,53.5,44.11764705882353,64.0,52.94117647058823,40.896358543417364
sol,current_full,da-1-4,3,da-1-4--rep-003,60154c27e2ab3ff3bc19f636dc862c2a62a671934f29e94a788238946ea54b61,100.0,100.0,91.0,91.0,82.0,9.0,0.0,9.0,18.0,0.0,0.0,0.0,0.0,0.0,0.0,0.0,0.0,0.0,0.0,0.0,0.0,cumulative40,84.0,69.74789915966386,53.5,44.11764705882353,50.0,41.1764705882353,51.680672268907564
sol,current_full,da-10-1,1,da-10-1--rep-001,8a59fa68dbcd5e8ae42ecd5148e7877fa04f672b4847eab901635ad0b0cfda04,100.0,100.0,100.0,100.0,76.0,0.0,0.0,24.0,24.0,0.0,0.0,0.0,0.0,0.0,0.0,0.0,0.0,0.0,0.0,0.0,0.0,cumulative40,31.5,25.630252100840337,53.5,44.11764705882353,87.0,72.26890756302521,47.338935574229694
sol,current_full,da-10-1,2,da-10-1--rep-002,28bb10a27cc5e7b0d29f2dee6658836679cca6dd5b1ee3c17e687f92b4a23d8e,100.0,100.0,97.0,97.0,78.0,3.0,0.0,19.0,22.0,0.0,0.0,0.0,0.0,0.0,0.0,0.0,0.0,0.0,0.0,0.0,0.0,cumulative40,63.0,52.10084033613445,53.5,44.11764705882353,76.0,63.02521008403362,53.0812324929972
sol,current_full,da-10-1,3,da-10-1--rep-003,d77c9832e24c0b1a42f91901e0a69c073ab4c04c89ef662ec0344e1f778444bb,100.0,100.0,96.0,100.0,88.0,4.0,-4.0,12.0,12.0,0.0,0.0,0.0,0.0,0.0,0.0,0.0,0.0,0.0,0.0,0.0,0.0,cumulative40,64.0,52.94117647058823,8.0,5.882352941176471,56.0,46.21848739495798,35.01400560224089
sol,current_full,da-10-3,1,da-10-3--rep-001,bcc9f280eaf5bcc981ab99bfffb5b40d9bf3ea870b24454dfd3bf94e4ca26edf,100.0,100.0,100.0,100.0,78.0,0.0,0.0,22.0,22.0,0.0,0.0,0.0,0.0,0.0,0.0,0.0,0.0,0.0,0.0,0.0,0.0,cumulative40,31.5,25.630252100840337,53.5,44.11764705882353,84.5,70.16806722689076,46.63865546218487
sol,current_full,da-10-3,2,da-10-3--rep-002,af1ead73430659ec7567418ef500f3a14330b21ef20c93d4f9ea7f58374e325f,100.0,100.0,100.0,100.0,64.0,0.0,0.0,36.0,36.0,0.0,0.0,0.0,0.0,0.0,0.0,0.0,0.0,0.0,0.0,0.0,0.0,cumulative40,31.5,25.630252100840337,53.5,44.11764705882353,98.0,81.5126050420168,50.42016806722689
sol,current_full,da-10-3,3,da-10-3--rep-003,7eff9444a67bf46772b10655df63a85852ff1556f1b1f197c200e5344bc459b7,100.0,100.0,100.0,100.0,55.0,0.0,0.0,45.0,45.0,0.0,0.0,0.0,0.0,0.0,0.0,0.0,0.0,0.0,0.0,0.0,0.0,cumulative40,31.5,25.630252100840337,53.5,44.11764705882353,106.5,88.65546218487395,52.801120448179276
sol,current_full,da-12-2,1,da-12-2--rep-001,aa5558f0bc70c3c0056596c6f332961c6a28149e5403459ae069d38d1744d6c2,100.0,95.0,100.0,100.0,50.0,0.0,0.0,50.0,50.0,9.0,100.0,0.0,8.0,100.0,0.0,8.0,100.0,0.0,9.0,100.0,0.0,cumulative40,31.5,25.630252100840337,53.5,44.11764705882353,110.0,91.59663865546219,53.78151260504202
sol,current_full,da-12-2,2,da-12-2--rep-002,953bdb85e14b9bb90c6086aaf50e1ad561a2281b02055778d4ba60644119181b,70.0,70.0,70.0,73.33333333333333,97.0,0.0,-3.3333333333333286,-23.66666666666667,-27.0,0.0,0.0,0.0,0.0,0.0,0.0,0.0,0.0,0.0,1.0,0.0,0.0,cumulative40,31.5,25.630252100840337,10.5,7.983193277310924,4.0,2.5210084033613445,12.044817927170868
sol,current_full,da-12-2,3,da-12-2--rep-003,96658af61c93de4b8ed3e4d908009f3f76b8ddc8b0356d891fe518bda682c3e2,100.0,100.0,100.0,100.0,93.0,0.0,0.0,7.0,7.0,3.0,0.0,0.0,1.0,0.0,0.0,1.0,0.0,0.0,0.0,0.0,0.0,cumulative40,31.5,25.630252100840337,53.5,44.11764705882353,45.5,37.39495798319328,35.714285714285715
sol,current_full,da-12-4,1,da-12-4--rep-001,f7cc404237a9fc22cdd1af5841696b058537a33a726d77cb37368ca002f6162c,86.0,86.0,86.0,86.0,92.0,0.0,0.0,-6.0,-6.0,0.0,0.0,0.0,0.0,0.0,0.0,0.0,0.0,0.0,0.0,0.0,0.0,cumulative40,31.5,25.630252100840337,53.5,44.11764705882353,10.0,7.563025210084033,25.7703081232493
sol,current_full,da-12-4,2,da-12-4--rep-002,d22048bbf9e9aeda018a6ef09192a2a3b59b0d996f764b8b241f87065d353eed,100.0,100.0,100.0,100.0,55.0,0.0,0.0,45.0,45.0,8.0,100.0,0.0,0.0,0.0,0.0,1.0,0.0,0.0,0.0,0.0,0.0,cumulative40,31.5,25.630252100840337,53.5,44.11764705882353,106.5,88.65546218487395,52.801120448179276
sol,current_full,da-12-4,3,da-12-4--rep-003,e631bcaaf0b93d7fac03c461e42334c064c26d702791dd8c34fe3da9ac47ce25,86.0,86.0,70.0,70.0,88.0,16.0,0.0,-18.0,-2.0,4.0,0.0,0.0,2.0,0.0,0.0,0.0,0.0,0.0,2.0,0.0,0.0,cumulative40,98.0,81.5126050420168,53.5,44.11764705882353,5.5,3.7815126050420167,43.13725490196078
sol,current_full,da-13-1,1,da-13-1--rep-001,2687db1883433f202b5d8c4fa1eeb81260a954db4c9b219b9470ca88df6eb75a,100.0,100.0,91.0,91.0,86.0,9.0,0.0,5.0,14.0,0.0,0.0,0.0,0.0,0.0,0.0,0.0,0.0,0.0,0.0,0.0,0.0,cumulative40,84.0,69.74789915966386,53.5,44.11764705882353,36.0,29.41176470588235,47.759103641456576
sol,current_full,da-13-1,2,da-13-1--rep-002,cff05b668fee971c5af7a3bc1b18b31d9370768654b274ca8f88901252cba0b1,100.0,100.0,100.0,100.0,72.0,0.0,0.0,28.0,28.0,0.0,0.0,0.0,0.0,0.0,0.0,0.0,0.0,0.0,0.0,0.0,0.0,cumulative40,31.5,25.630252100840337,53.5,44.11764705882353,94.0,78.15126050420169,49.299719887955185
sol,current_full,da-13-1,3,da-13-1--rep-003,4872c95f9caa5c573f5e3056e2fc5bf40232784f95f8423cb777b3654cd139a1,100.0,100.0,82.0,82.0,61.0,18.0,0.0,21.0,39.0,3.0,0.0,0.0,0.0,0.0,0.0,0.0,0.0,0.0,0.0,0.0,0.0,cumulative40,101.0,84.03361344537815,53.5,44.11764705882353,78.5,65.12605042016807,64.42577030812325
sol,current_full,da-13-3,1,da-13-3--rep-001,13d1faa077f1168872dc928fe929fcfec5e2b5a7a004d404ecba57c1b0607a19,100.0,100.0,100.0,100.0,94.0,0.0,0.0,6.0,6.0,0.0,0.0,0.0,0.0,0.0,0.0,0.0,0.0,0.0,0.0,0.0,0.0,cumulative40,31.5,25.630252100840337,53.5,44.11764705882353,40.0,32.773109243697476,34.173669467787114
sol,current_full,da-13-3,2,da-13-3--rep-002,844644e69962c5c8f40741d7e7e809c2f33007ecd3483f925f52af4c3c55b383,100.0,100.0,100.0,100.0,82.0,0.0,0.0,18.0,18.0,0.0,0.0,0.0,0.0,0.0,0.0,0.0,0.0,0.0,0.0,0.0,0.0,cumulative40,31.5,25.630252100840337,53.5,44.11764705882353,73.0,60.50420168067227,43.417366946778714
sol,current_full,da-13-3,3,da-13-3--rep-003,3b55f0efcc9addf6212ef1aea789ea400d6fdbd67280be554000a46a9fb72f40,100.0,100.0,100.0,100.0,94.0,0.0,0.0,6.0,6.0,0.0,0.0,0.0,0.0,0.0,0.0,0.0,0.0,0.0,0.0,0.0,0.0,cumulative40,31.5,25.630252100840337,53.5,44.11764705882353,40.0,32.773109243697476,34.173669467787114
sol,current_full,da-13-5,1,da-13-5--rep-001,e8908a1509166c699c3c01f2743ccef1b0ca5b45ba7e04fc5ec4c7407c720211,100.0,100.0,100.0,100.0,82.0,0.0,0.0,18.0,18.0,0.0,0.0,0.0,0.0,0.0,0.0,0.0,0.0,0.0,0.0,0.0,0.0,cumulative40,31.5,25.630252100840337,53.5,44.11764705882353,73.0,60.50420168067227,43.417366946778714
sol,current_full,da-13-5,2,da-13-5--rep-002,34c7af044371da1b74591a96f6f536d2edc51341d276cd2c1ced555eb67b5bb3,100.0,100.0,90.0,88.33333333333333,82.0,10.0,1.6666666666666714,6.333333333333329,18.0,0.0,0.0,0.0,0.0,0.0,0.0,0.0,0.0,0.0,0.0,0.0,0.0,cumulative40,87.0,72.26890756302521,97.0,80.67226890756302,43.0,35.294117647058826,62.745098039215684
sol,current_full,da-13-5,3,da-13-5--rep-003,da45ed3657c57a505691d5a566d6bee40b749093aeb6f4c0e83249050a42da97,100.0,100.0,90.0,90.0,93.0,10.0,0.0,-3.0,7.0,0.0,0.0,0.0,0.0,0.0,0.0,0.0,0.0,0.0,0.0,0.0,0.0,cumulative40,87.0,72.26890756302521,53.5,44.11764705882353,14.5,11.344537815126051,42.57703081232493
sol,current_full,da-13-6,1,da-13-6--rep-001,4b91801b7b3b3c0722d4138099e799e529db27a6ec410c7f895baf46b5b5260e,100.0,100.0,100.0,100.0,55.0,0.0,0.0,45.0,45.0,0.0,0.0,0.0,0.0,0.0,0.0,0.0,0.0,0.0,0.0,0.0,0.0,cumulative40,31.5,25.630252100840337,53.5,44.11764705882353,106.5,88.65546218487395,52.801120448179276
sol,current_full,da-13-6,2,da-13-6--rep-002,70781e72c0bd769898685277e2b00f3b58af60dd021f75dee121e9669d39c8b5,100.0,100.0,80.0,80.0,73.0,20.0,0.0,7.0,27.0,0.0,0.0,0.0,0.0,0.0,0.0,0.0,0.0,0.0,0.0,0.0,0.0,cumulative40,104.0,86.5546218487395,53.5,44.11764705882353,45.5,37.39495798319328,56.022408963585434
sol,current_full,da-13-6,3,da-13-6--rep-003,8c39c24a1969119db9cb917eb6bb9b0d66834e1a2fe3e2dad56e988ed78d19bc,100.0,100.0,70.0,76.66666666666667,77.0,30.0,-6.666666666666671,-0.3333333333333286,23.0,0.0,0.0,0.0,0.0,0.0,0.0,0.0,0.0,0.0,0.0,0.0,0.0,cumulative40,113.5,94.53781512605042,5.0,3.361344537815126,20.0,15.966386554621849,37.95518207282913
sol,current_full,da-14-1,1,da-14-1--rep-001,c58870f887fa50980bfb0a72ef12a02de1d44513021245911166f54fb4ab8849,100.0,100.0,100.0,94.33333333333333,94.0,0.0,5.666666666666671,0.3333333333333286,6.0,0.0,0.0,0.0,0.0,0.0,0.0,0.0,0.0,0.0,0.0,0.0,0.0,cumulative40,31.5,25.630252100840337,113.0,94.11764705882354,22.5,18.067226890756302,45.938375350140056
sol,current_full,da-14-1,2,da-14-1--rep-002,62a4f4e79c3ba40897079d2e4434524d0de6c7e9af55274bb103f10775894457,100.0,100.0,83.0,79.66666666666667,94.0,17.0,3.3333333333333286,-14.333333333333329,6.0,0.0,0.0,0.0,0.0,0.0,0.0,0.0,0.0,0.0,0.0,0.0,0.0,cumulative40,99.5,82.77310924369748,103.0,85.71428571428571,8.0,5.882352941176471,58.12324929971989
sol,current_full,da-14-1,3,da-14-1--rep-003,910c3ad981337a49826a2db6a9dcfeae79e59eea300411fa02d21a728b30d313,100.0,100.0,100.0,100.0,92.0,0.0,0.0,8.0,8.0,0.0,0.0,0.0,0.0,0.0,0.0,0.0,0.0,0.0,0.0,0.0,0.0,cumulative40,31.5,25.630252100840337,53.5,44.11764705882353,47.5,39.075630252100844,36.27450980392157
sol,current_full,da-14-3,1,da-14-3--rep-001,443cef1315d563b38a073e85156b222064439a6e6924ece7a7cf696da81ca47d,100.0,100.0,100.0,100.0,96.0,0.0,0.0,4.0,4.0,0.0,0.0,0.0,0.0,0.0,0.0,0.0,0.0,0.0,0.0,0.0,0.0,cumulative40,31.5,25.630252100840337,53.5,44.11764705882353,32.5,26.470588235294116,32.07282913165266
sol,current_full,da-14-3,2,da-14-3--rep-002,b6bcfb1759100fb5dccdc6a0c96b2e53512990979748023f4dd66d1dafdae449,100.0,100.0,100.0,100.0,96.0,0.0,0.0,4.0,4.0,0.0,0.0,0.0,0.0,0.0,0.0,0.0,0.0,0.0,0.0,0.0,0.0,cumulative40,31.5,25.630252100840337,53.5,44.11764705882353,32.5,26.470588235294116,32.07282913165266
sol,current_full,da-14-3,3,da-14-3--rep-003,f490cd7d9aac7dd334b16cc234b86a204fe25c9123914094231ef40a35bf9865,100.0,100.0,100.0,100.0,96.0,0.0,0.0,4.0,4.0,0.0,0.0,0.0,0.0,0.0,0.0,0.0,0.0,0.0,0.0,0.0,0.0,cumulative40,31.5,25.630252100840337,53.5,44.11764705882353,32.5,26.470588235294116,32.07282913165266
sol,current_full,da-14-8,1,da-14-8--rep-001,19e50d8f667891739f395ea6149e8c16e896b52239e2f28dc65435d959c044ea,100.0,100.0,100.0,100.0,45.0,0.0,0.0,55.0,55.0,3.0,0.0,0.0,0.0,0.0,0.0,2.0,0.0,0.0,0.0,0.0,0.0,cumulative40,31.5,25.630252100840337,53.5,44.11764705882353,116.0,96.63865546218487,55.46218487394958
sol,current_full,da-14-8,2,da-14-8--rep-002,1854b3c78047ce70c8c201e764f7834984a12b87d1e80fa39c8cebb687eb324c,100.0,100.0,100.0,100.0,45.0,0.0,0.0,55.0,55.0,7.0,100.0,0.0,1.0,0.0,0.0,0.0,0.0,0.0,0.0,0.0,0.0,cumulative40,31.5,25.630252100840337,53.5,44.11764705882353,116.0,96.63865546218487,55.46218487394958
sol,current_full,da-14-8,3,da-14-8--rep-003,1df4d0430e99e84f731048fd90fa72db44584ded655899682db950efc5095058,100.0,100.0,100.0,95.0,58.0,0.0,5.0,37.0,42.0,4.0,0.0,0.0,0.0,0.0,0.0,1.0,0.0,0.0,1.0,0.0,0.0,cumulative40,31.5,25.630252100840337,111.0,92.43697478991596,99.0,82.3529411764706,66.80672268907563
sol,current_full,da-15-1,1,da-15-1--rep-001,49778b345951f612f87bb67536902d62c4213099dc7e29ff5944d6732e6b15a9,100.0,100.0,95.0,95.0,70.0,5.0,0.0,25.0,30.0,6.0,100.0,0.0,0.0,0.0,0.0,0.0,0.0,0.0,0.0,0.0,0.0,cumulative40,67.0,55.46218487394958,53.5,44.11764705882353,91.5,76.05042016806723,58.543417366946784
sol,current_full,da-15-1,2,da-15-1--rep-002,d9e2dbdadadbc426045c351ebdf396cff880ef31da1dd828a4c565fa93d51ff1,87.0,87.0,87.0,87.0,78.0,0.0,0.0,9.0,9.0,0.0,0.0,0.0,0.0,0.0,0.0,0.0,0.0,0.0,1.0,0.0,0.0,cumulative40,31.5,25.630252100840337,53.5,44.11764705882353,50.0,41.1764705882353,36.97478991596639
sol,current_full,da-15-1,3,da-15-1--rep-003,2c9b91497ed94a70515f7042413c19b3bc0eae6ec6fd40c1c6f08cdadf998bb8,87.0,87.0,87.0,87.0,82.0,0.0,0.0,5.0,5.0,1.0,0.0,0.0,1.0,0.0,0.0,0.0,0.0,0.0,0.0,0.0,0.0,cumulative40,31.5,25.630252100840337,53.5,44.11764705882353,36.0,29.41176470588235,33.0532212885154
sol,current_full,da-15-2,1,da-15-2--rep-001,40eaa690bb269c30e6cb610f512a9ef7b79943582f2aa03760864a3f8c8fad8d,73.0,73.0,68.0,69.66666666666667,45.0,5.0,-1.6666666666666714,24.66666666666667,28.0,4.0,0.0,0.0,6.0,100.0,0.0,2.0,0.0,0.0,1.0,0.0,0.0,cumulative40,67.0,55.46218487394958,15.0,11.764705882352942,89.5,74.36974789915966,47.19887955182073
sol,current_full,da-15-2,2,da-15-2--rep-002,e50e296231d880e0bc0d5c30f44a8a25b92dac2ef762823c03fd9998c0ac1ecf,100.0,95.0,83.0,76.33333333333333,55.0,17.0,6.666666666666671,21.33333333333333,45.0,1.0,0.0,0.0,1.0,0.0,0.0,0.0,0.0,0.0,0.0,0.0,0.0,cumulative40,99.5,82.77310924369748,116.0,96.63865546218487,80.5,66.80672268907563,82.07282913165265
sol,current_full,da-15-2,3,da-15-2--rep-003,a47f7ea5c7ecc7ae88acd066c12e7174fac5d94cce460ba2da6d1b82c4d0c52e,83.0,83.0,73.0,76.33333333333333,76.0,10.0,-3.3333333333333286,0.3333333333333286,7.0,1.0,0.0,0.0,1.0,0.0,0.0,1.0,0.0,0.0,1.0,0.0,0.0,cumulative40,87.0,72.26890756302521,10.5,7.983193277310924,22.5,18.067226890756302,32.773109243697476
sol,current_full,da-15-7,1,da-15-7--rep-001,59ab428e187341a7a1df7121482cccdd91c9b745d63cec3a741018c1e3e6be6f,77.0,77.0,62.0,62.0,46.0,15.0,0.0,16.0,31.0,3.0,0.0,0.0,0.0,0.0,0.0,1.0,0.0,0.0,0.0,0.0,0.0,cumulative40,96.0,79.83193277310924,53.5,44.11764705882353,67.5,55.88235294117647,59.943977591036415
sol,current_full,da-15-7,2,da-15-7--rep-002,e9c603185bbda601c1acd391f801e80efed3fe54741476906dab4ae86f8b3ef4,77.0,77.0,70.0,70.0,60.0,7.0,0.0,10.0,17.0,4.0,0.0,0.0,1.0,0.0,0.0,0.0,0.0,0.0,1.0,0.0,0.0,cumulative40,73.0,60.50420168067227,53.5,44.11764705882353,52.0,42.857142857142854,49.159663865546214
sol,current_full,da-15-7,3,da-15-7--rep-003,d3e0e167a77afc7c478738b92f976e9c286ae93e2c1056f27de50c7472d08cb7,67.0,67.0,67.0,67.0,55.0,0.0,0.0,12.0,12.0,3.0,0.0,0.0,1.0,0.0,0.0,1.0,0.0,0.0,1.0,0.0,0.0,cumulative40,31.5,25.630252100840337,53.5,44.11764705882353,56.0,46.21848739495798,38.65546218487395
sol,current_full,da-15-8,1,da-15-8--rep-001,53a46b741b20fd7efb6942b743936da2713e7e4f7c0b7caca4c74840bd1c46b4,100.0,100.0,68.0,68.0,67.0,32.0,0.0,1.0,33.0,0.0,0.0,0.0,0.0,0.0,0.0,0.0,0.0,0.0,0.0,0.0,0.0,cumulative40,115.5,96.21848739495799,53.5,44.11764705882353,25.0,20.168067226890756,53.50140056022409
sol,current_full,da-15-8,2,da-15-8--rep-002,c41efbccbdce487e284c6cca7437b761647c4c3bd324b82add821555cc3af6e5,100.0,100.0,80.0,78.66666666666667,28.0,20.0,1.3333333333333286,50.66666666666667,72.0,0.0,0.0,0.0,0.0,0.0,0.0,1.0,0.0,0.0,0.0,0.0,0.0,cumulative40,104.0,86.5546218487395,91.5,76.05042016806723,111.0,92.43697478991596,85.0140056022409
sol,current_full,da-15-8,3,da-15-8--rep-003,88786bf677b29c911b61cc5e8508c231eceeaae998d287a14488a99cd07e8f59,100.0,100.0,100.0,93.33333333333333,25.0,0.0,6.666666666666671,68.33333333333333,75.0,3.0,0.0,0.0,0.0,0.0,0.0,1.0,0.0,0.0,0.0,0.0,0.0,cumulative40,31.5,25.630252100840337,116.0,96.63865546218487,120.0,100.0,74.08963585434174
sol,current_full,da-16-1,1,da-16-1--rep-001,03f392063162b1c738e767e709fe6f8588224063e90da612d8ace10d70f494d1,100.0,100.0,100.0,100.0,75.0,0.0,0.0,25.0,25.0,1.0,0.0,0.0,0.0,0.0,0.0,0.0,0.0,0.0,0.0,0.0,0.0,cumulative40,31.5,25.630252100840337,53.5,44.11764705882353,91.5,76.05042016806723,48.59943977591037
sol,current_full,da-16-1,2,da-16-1--rep-002,f77c2af700524b3b1395f9eadb91da37e3bb9804384000e7d9c0386190a55209,100.0,100.0,100.0,98.33333333333333,78.0,0.0,1.6666666666666714,20.33333333333333,22.0,0.0,0.0,0.0,0.0,0.0,0.0,0.0,0.0,0.0,0.0,0.0,0.0,cumulative40,31.5,25.630252100840337,97.0,80.67226890756302,77.0,63.865546218487395,56.72268907563025
sol,current_full,da-16-1,3,da-16-1--rep-003,73cdeed48bca0558d392c3dd44b39985a532fab27e0d15487cb91a54badcfe19,100.0,100.0,100.0,100.0,78.0,0.0,0.0,22.0,22.0,0.0,0.0,0.0,0.0,0.0,0.0,0.0,0.0,0.0,0.0,0.0,0.0,cumulative40,31.5,25.630252100840337,53.5,44.11764705882353,84.5,70.16806722689076,46.63865546218487
sol,current_full,da-17-1,1,da-17-1--rep-001,3a56cdb61ae0719d9193a75a6324c276717d48d5b909f473aeea1db823071664,90.0,90.0,84.0,79.33333333333333,80.0,6.0,4.666666666666671,-0.6666666666666714,10.0,4.0,0.0,0.0,0.0,0.0,0.0,0.0,0.0,0.0,0.0,0.0,0.0,cumulative40,70.0,57.983193277310924,109.0,90.75630252100841,18.0,14.285714285714286,54.34173669467787
sol,current_full,da-17-1,2,da-17-1--rep-002,c18b5fb1f06017d423bdb0e846f6c0aa380be15a5d2b59825a95b97933b6d655,90.0,90.0,85.0,85.0,76.0,5.0,0.0,9.0,14.0,1.0,0.0,0.0,0.0,0.0,0.0,0.0,0.0,0.0,1.0,0.0,0.0,cumulative40,67.0,55.46218487394958,53.5,44.11764705882353,50.0,41.1764705882353,46.918767507002805
sol,current_full,da-17-1,3,da-17-1--rep-003,75e9a1196d77215c4c97eb668131739ec5c76d0135c82fd2fff693ae81d382e5,90.0,90.0,82.0,78.66666666666667,84.0,8.0,3.3333333333333286,-5.333333333333329,6.0,9.0,100.0,0.0,0.0,0.0,0.0,0.0,0.0,0.0,0.0,0.0,0.0,cumulative40,79.0,65.54621848739495,103.0,85.71428571428571,11.5,8.823529411764707,53.36134453781512
sol,current_full,da-17-3,1,da-17-3--rep-001,0f523220dc1cf46b2b8b8311258233a9d91daed3f3c20ccdaa93be77451a79a2,100.0,100.0,55.0,78.66666666666667,72.0,45.0,-23.66666666666667,6.666666666666671,28.0,1.0,0.0,0.0,0.0,0.0,0.0,1.0,0.0,0.0,2.0,0.0,0.0,cumulative40,119.0,99.15966386554622,1.0,0.0,44.0,36.134453781512605,45.09803921568628
sol,current_full,da-17-3,2,da-17-3--rep-002,3cb2307c0fe0a04eb1cebca83ba04c0ea03bfa6618daecae4cd0e71020bdd75f,56.0,51.0,15.0,15.0,18.0,41.0,0.0,-3.0,38.0,0.0,0.0,0.0,0.0,0.0,0.0,0.0,0.0,0.0,0.0,0.0,0.0,cumulative40,117.5,97.89915966386555,53.5,44.11764705882353,14.5,11.344537815126051,51.12044817927171
sol,current_full,da-17-3,3,da-17-3--rep-003,920bba4d837f25ef9bee6dedaac8d6a2ab425f159ed5c57a0c9a8b16188358be,30.0,30.0,15.0,13.333333333333334,14.0,15.0,1.666666666666666,-0.6666666666666661,16.0,1.0,0.0,0.0,1.0,0.0,0.0,0.0,0.0,0.0,0.0,0.0,0.0,cumulative40,96.0,79.83193277310924,94.5,78.57142857142857,19.0,15.126050420168067,57.84313725490196
sol,current_full,da-17-5,1,da-17-5--rep-001,6fd9cf0814ce9b2e53274edfc83e64e9f7f2683eb8909c5180393a5c5857344e,90.0,90.0,90.0,90.0,88.0,0.0,0.0,2.0,2.0,1.0,0.0,0.0,0.0,0.0,0.0,0.0,0.0,0.0,0.0,0.0,0.0,cumulative40,31.5,25.630252100840337,53.5,44.11764705882353,27.5,22.26890756302521,30.672268907563026
sol,current_full,da-17-5,2,da-17-5--rep-002,4eeb59cd6397fc912888a0d0ca2c1b1b5d9b008f1b82f2d0eef0eb130b6f98b7,90.0,90.0,90.0,90.0,88.0,0.0,0.0,2.0,2.0,1.0,0.0,0.0,1.0,0.0,0.0,0.0,0.0,0.0,0.0,0.0,0.0,cumulative40,31.5,25.630252100840337,53.5,44.11764705882353,27.5,22.26890756302521,30.672268907563026
sol,current_full,da-17-5,3,da-17-5--rep-003,2489e5ff53145ddcd4e05c088183921a9cdc4e8e3cb24e7f9cd0b7b7b06437c3,90.0,90.0,82.0,82.0,74.0,8.0,0.0,8.0,16.0,4.0,0.0,0.0,2.0,0.0,0.0,2.0,0.0,0.0,0.0,0.0,0.0,cumulative40,79.0,65.54621848739495,53.5,44.11764705882353,47.5,39.075630252100844,49.57983193277311
sol,current_full,da-18-5,1,da-18-5--rep-001,e16aab443e445a25e328d42a825eafeb8dbce66b57e426a299c777841f64988a,100.0,100.0,100.0,96.66666666666667,45.0,0.0,3.3333333333333286,51.66666666666667,55.0,0.0,0.0,0.0,0.0,0.0,0.0,0.0,0.0,0.0,0.0,0.0,0.0,cumulative40,31.5,25.630252100840337,103.0,85.71428571428571,112.5,93.69747899159664,68.34733893557423
sol,current_full,da-18-5,2,da-18-5--rep-002,7e7dc16cd6b5657189453d3b97525954e7848ca4c813a787d72773fb1187805d,100.0,100.0,100.0,96.66666666666667,48.0,0.0,3.3333333333333286,48.66666666666667,52.0,0.0,0.0,0.0,0.0,0.0,0.0,0.0,0.0,0.0,0.0,0.0,0.0,cumulative40,31.5,25.630252100840337,103.0,85.71428571428571,109.0,90.75630252100841,67.36694677871148
sol,current_full,da-18-5,3,da-18-5--rep-003,2e3688af56b326420d8f1a14ef34853c0b6ebdec85e5c02ed7f3e51f35f97fcc,100.0,100.0,100.0,99.0,60.0,0.0,1.0,39.0,40.0,0.0,0.0,0.0,0.0,0.0,0.0,0.0,0.0,0.0,0.0,0.0,0.0,cumulative40,31.5,25.630252100840337,90.0,74.78991596638656,101.0,84.03361344537815,61.484593837535016
sol,current_full,da-18-7,1,da-18-7--rep-001,7a0fcb964647f6592e3015cc4721de083d9eafd4fe2bb761f2e09e2c21ba0441,92.0,92.0,85.0,92.0,58.0,7.0,-7.0,34.0,34.0,1.0,0.0,0.0,0.0,0.0,0.0,0.0,0.0,0.0,0.0,0.0,0.0,cumulative40,73.0,60.50420168067227,4.0,2.5210084033613445,96.5,80.25210084033614,47.75910364145658
sol,current_full,da-18-7,2,da-18-7--rep-002,a68c6efb4d3088838ae3214b0eee1421242d79cd02b37205b52417718bb5d69c,100.0,100.0,100.0,97.33333333333333,82.0,0.0,2.6666666666666714,15.333333333333329,18.0,0.0,0.0,0.0,0.0,0.0,0.0,0.0,0.0,0.0,0.0,0.0,0.0,cumulative40,31.5,25.630252100840337,100.0,83.19327731092437,65.0,53.78151260504202,54.20168067226891
sol,current_full,da-18-7,3,da-18-7--rep-003,c96906cd9bbe233732ab0a58f730d06d123b6b5000b55870f31665d7ff258a06,100.0,100.0,92.0,92.0,58.0,8.0,0.0,34.0,42.0,0.0,0.0,0.0,0.0,0.0,0.0,0.0,0.0,0.0,0.0,0.0,0.0,cumulative40,79.0,65.54621848739495,53.5,44.11764705882353,96.5,80.25210084033614,63.30532212885154
sol,current_full,da-19-1,1,da-19-1--rep-001,af15ae0a8c740adecf79c1fd6c39ec42ffb0e25acb0e09ce361bdc13ac55e900,100.0,100.0,92.0,92.0,88.0,8.0,0.0,4.0,12.0,0.0,0.0,0.0,0.0,0.0,0.0,0.0,0.0,0.0,0.0,0.0,0.0,cumulative40,79.0,65.54621848739495,53.5,44.11764705882353,32.5,26.470588235294116,45.3781512605042
sol,current_full,da-19-1,2,da-19-1--rep-002,23950447b25a546d51126338de629eeaed3612b5bdefa5d02ada577f54cfae52,100.0,100.0,100.0,100.0,94.0,0.0,0.0,6.0,6.0,0.0,0.0,0.0,0.0,0.0,0.0,0.0,0.0,0.0,0.0,0.0,0.0,cumulative40,31.5,25.630252100840337,53.5,44.11764705882353,40.0,32.773109243697476,34.173669467787114
sol,current_full,da-19-1,3,da-19-1--rep-003,ec091ad49126a85e8b26312e2934437bb668c437c5e91faae91f81b2a36fdadf,100.0,100.0,100.0,100.0,95.0,0.0,0.0,5.0,5.0,0.0,0.0,0.0,0.0,0.0,0.0,0.0,0.0,0.0,0.0,0.0,0.0,cumulative40,31.5,25.630252100840337,53.5,44.11764705882353,36.0,29.41176470588235,33.0532212885154
sol,current_full,da-19-3,1,da-19-3--rep-001,71621ae228a547058abce0bb3162089a4709b0f092eab36a0b208b47a2ecc454,100.0,100.0,100.0,100.0,55.0,0.0,0.0,45.0,45.0,8.0,100.0,0.0,0.0,0.0,0.0,0.0,0.0,0.0,0.0,0.0,0.0,cumulative40,31.5,25.630252100840337,53.5,44.11764705882353,106.5,88.65546218487395,52.801120448179276
sol,current_full,da-19-3,2,da-19-3--rep-002,4d3b1ab1e95978cf8c45396e1807af6c161ccc964081843d7b5ae23488b7ea11,100.0,100.0,100.0,96.66666666666667,86.0,0.0,3.3333333333333286,10.666666666666671,14.0,0.0,0.0,0.0,0.0,0.0,0.0,0.0,0.0,0.0,0.0,0.0,0.0,cumulative40,31.5,25.630252100840337,103.0,85.71428571428571,53.5,44.11764705882353,51.82072829131653
sol,current_full,da-19-3,3,da-19-3--rep-003,205f21c0a39e966e073f859acac41bfd84fe8712855dcd9ea27a6fda0dac3977,100.0,100.0,100.0,100.0,78.0,0.0,0.0,22.0,22.0,0.0,0.0,0.0,0.0,0.0,0.0,0.0,0.0,0.0,0.0,0.0,0.0,cumulative40,31.5,25.630252100840337,53.5,44.11764705882353,84.5,70.16806722689076,46.63865546218487
sol,current_full,da-19-6,1,da-19-6--rep-001,9a16f1ca31dcfabe5b6d4310edb3ad148676155750fd8b6230e516edca849bd6,71.0,71.0,39.0,35.0,72.0,32.0,4.0,-37.0,-1.0,3.0,0.0,0.0,0.0,0.0,0.0,0.0,0.0,0.0,0.0,0.0,0.0,cumulative40,115.5,96.21848739495799,108.0,89.91596638655462,1.0,0.0,62.04481792717087
sol,current_full,da-19-6,2,da-19-6--rep-002,a8533f11a1771f2899ffade736efc0ba4d6cb1a19b394f02746cf72adcd38fac,34.0,34.0,22.0,28.333333333333332,63.0,12.0,-6.333333333333332,-34.66666666666667,-29.0,0.0,0.0,0.0,0.0,0.0,0.0,0.0,0.0,0.0,0.0,0.0,0.0,cumulative40,91.0,75.63025210084034,6.0,4.201680672268908,2.0,0.8403361344537815,26.89075630252101
sol,current_full,da-19-6,3,da-19-6--rep-003,91657fa87314f79c5f92844f0ee7e9b3b09cd224fef7af8dc31a99a7a11b6312,74.0,74.0,54.0,54.0,72.0,20.0,0.0,-18.0,2.0,1.0,0.0,0.0,0.0,0.0,0.0,0.0,0.0,0.0,0.0,0.0,0.0,cumulative40,104.0,86.5546218487395,53.5,44.11764705882353,5.5,3.7815126050420167,44.81792717086835
sol,current_full,da-20-1,1,da-20-1--rep-001,ac5bc1975bea03b52142fb9d96b87eee16c2e7932b624241b92093a670009a34,100.0,100.0,88.0,88.0,67.0,12.0,0.0,21.0,33.0,1.0,0.0,0.0,0.0,0.0,0.0,2.0,0.0,0.0,0.0,0.0,0.0,cumulative40,91.0,75.63025210084034,53.5,44.11764705882353,78.5,65.12605042016807,61.62464985994398
sol,current_full,da-20-1,2,da-20-1--rep-002,f89dfdcd5ba5a9a7eb53afb28fb814752fb5f0939a7a11b52df372b18f33a4cc,83.0,83.0,30.0,26.666666666666668,25.0,53.0,3.333333333333332,1.6666666666666679,58.0,1.0,0.0,0.0,0.0,0.0,0.0,1.0,0.0,0.0,0.0,0.0,0.0,cumulative40,120.0,100.0,106.0,88.23529411764706,26.0,21.008403361344538,69.74789915966386
sol,current_full,da-20-1,3,da-20-1--rep-003,cb8e213b6078b0aaece482f9edcdecff47e14757fff259382ba1302949f6d81b,100.0,100.0,100.0,98.33333333333333,74.0,0.0,1.6666666666666714,24.33333333333333,26.0,1.0,0.0,0.0,1.0,0.0,0.0,0.0,0.0,0.0,0.0,0.0,0.0,cumulative40,31.5,25.630252100840337,97.0,80.67226890756302,88.0,73.10924369747899,59.80392156862745
sol,current_full,da-20-4,1,da-20-4--rep-001,a59cb4449436be572741e57207c0b8349d4af3cec4b7a11624e5232452656a1b,10.0,10.0,10.0,10.0,12.0,0.0,0.0,-2.0,-2.0,10.0,100.0,0.0,7.0,100.0,0.0,1.0,0.0,0.0,0.0,0.0,0.0,cumulative40,31.5,25.630252100840337,53.5,44.11764705882353,16.5,13.025210084033613,27.591036414565828
sol,current_full,da-20-4,2,da-20-4--rep-002,93e7a748c785a09b6468dee524aafb1c6a3a772cad5c82b0a7a40cf92c8c88cd,25.0,25.0,10.0,8.333333333333334,24.0,15.0,1.666666666666666,-15.666666666666666,1.0,10.0,100.0,0.0,0.0,0.0,0.0,1.0,0.0,0.0,0.0,0.0,0.0,cumulative40,96.0,79.83193277310924,94.5,78.57142857142857,7.0,5.042016806722689,54.48179271708683
sol,current_full,da-20-4,3,da-20-4--rep-003,7a46c3791f7cda1ba6ce754b2c0b78db4e5cb43c70dbfd46f182b464ea81ec96,10.0,10.0,10.0,5.0,10.0,0.0,5.0,-5.0,0.0,1.0,0.0,0.0,0.0,0.0,0.0,0.0,0.0,0.0,0.0,0.0,0.0,cumulative40,31.5,25.630252100840337,111.0,92.43697478991596,13.0,10.084033613445378,42.71708683473389
sol,current_full,da-24-3,1,da-24-3--rep-001,f42a0cd151b82c3a74b7b662a0359972fd9674cdfba3795d430a44cc44ba7c1f,100.0,100.0,80.0,63.333333333333336,42.0,20.0,16.666666666666664,21.333333333333336,58.0,2.0,0.0,0.0,0.0,0.0,0.0,1.0,0.0,0.0,0.0,0.0,0.0,cumulative40,104.0,86.5546218487395,120.0,100.0,82.0,68.0672268907563,84.87394957983193
sol,current_full,da-24-3,2,da-24-3--rep-002,c5a98e2998fb1a3f97e55aaae028dd156508894a55d4435d0a332c3f12009cbd,100.0,100.0,80.0,80.0,62.0,20.0,0.0,18.0,38.0,5.0,0.0,100.0,0.0,0.0,0.0,0.0,0.0,0.0,3.0,0.0,0.0,cumulative40,104.0,86.5546218487395,53.5,44.11764705882353,73.0,60.50420168067227,63.72549019607843
sol,current_full,da-24-3,3,da-24-3--rep-003,6f5fc7228728d8064939b62a52560d39ab1953d3a88485e4d7b579645d589e4c,85.0,85.0,60.0,56.666666666666664,42.0,25.0,3.3333333333333357,14.666666666666664,43.0,6.0,100.0,0.0,1.0,0.0,0.0,0.0,0.0,0.0,0.0,0.0,0.0,cumulative40,109.5,91.17647058823529,107.0,89.07563025210084,63.0,52.10084033613445,77.45098039215686
sol,current_full,da-26-2,1,da-26-2--rep-001,2a8b04e8c8b437605e2cd228425284166426486a42f851f4703c1abb58a9b77f,76.0,76.0,76.0,76.0,58.0,0.0,0.0,18.0,18.0,1.0,0.0,0.0,0.0,0.0,0.0,0.0,0.0,0.0,0.0,0.0,0.0,cumulative40,31.5,25.630252100840337,53.5,44.11764705882353,73.0,60.50420168067227,43.417366946778714
sol,current_full,da-26-2,2,da-26-2--rep-002,58874b5fe68471f4ecced1cee4e5de3ce39aaee5be34a1ad4bfa6218ed542d26,100.0,100.0,59.0,64.0,38.0,41.0,-5.0,26.0,62.0,3.0,0.0,0.0,0.0,0.0,0.0,0.0,0.0,0.0,0.0,0.0,0.0,cumulative40,117.5,97.89915966386555,7.0,5.042016806722689,93.0,77.3109243697479,60.08403361344538
sol,current_full,da-26-2,3,da-26-2--rep-003,952ad828727e8f15834dc02aaea754dd9cd678ba9bbab0521a1144fc06501cc9,76.0,76.0,76.0,76.0,62.0,0.0,0.0,14.0,14.0,1.0,0.0,0.0,0.0,0.0,0.0,1.0,0.0,0.0,0.0,0.0,0.0,cumulative40,31.5,25.630252100840337,53.5,44.11764705882353,61.5,50.84033613445378,40.19607843137255
sol,current_full,da-26-4,1,da-26-4--rep-001,74b79ff61d02b55681536fad0edac3c09ef1c45af43a38aa5e3f0438ec0251db,95.0,95.0,83.0,83.0,28.0,12.0,0.0,55.0,67.0,8.0,100.0,0.0,2.0,0.0,0.0,2.0,0.0,0.0,2.0,0.0,0.0,cumulative40,91.0,75.63025210084034,53.5,44.11764705882353,116.0,96.63865546218487,72.12885154061624
sol,current_full,da-26-4,2,da-26-4--rep-002,698fe49708e2fa2dc8af5971682c794c63e9ac6c309ded101c26b0cd01005939,63.0,63.0,38.0,36.666666666666664,24.0,25.0,1.3333333333333357,12.666666666666664,39.0,8.0,100.0,0.0,2.0,0.0,0.0,3.0,0.0,0.0,2.0,0.0,0.0,cumulative40,109.5,91.17647058823529,93.0,77.3109243697479,59.0,48.739495798319325,72.40896358543417
sol,current_full,da-26-4,3,da-26-4--rep-003,12c91b4047c0caadaa2cb1762b837e99fb9a7a6d446b69dd083ca104de67ccf4,81.0,81.0,81.0,73.66666666666667,22.0,0.0,7.333333333333329,51.66666666666667,59.0,3.0,0.0,0.0,1.0,0.0,0.0,2.0,0.0,0.0,1.0,0.0,0.0,cumulative40,31.5,25.630252100840337,118.5,98.73949579831933,112.5,93.69747899159664,72.6890756302521
sol,current_full,da-3-5,1,da-3-5--rep-001,2185ac6e96a5a87d7c8e3a9f5829f4593e61601ae86651971102e3d923328ae9,100.0,100.0,100.0,100.0,86.0,0.0,0.0,14.0,14.0,0.0,0.0,0.0,0.0,0.0,0.0,0.0,0.0,0.0,0.0,0.0,0.0,cumulative40,31.5,25.630252100840337,53.5,44.11764705882353,61.5,50.84033613445378,40.19607843137255
sol,current_full,da-3-5,2,da-3-5--rep-002,feaf90a8d7b2d3f52289ac777233d0518445a3e647c26eb6fc230c1c000c1780,100.0,100.0,100.0,100.0,94.0,0.0,0.0,6.0,6.0,1.0,0.0,0.0,0.0,0.0,0.0,0.0,0.0,0.0,0.0,0.0,0.0,cumulative40,31.5,25.630252100840337,53.5,44.11764705882353,40.0,32.773109243697476,34.173669467787114
sol,current_full,da-3-5,3,da-3-5--rep-003,999f2c16809f8bba8130a006d8d304d37847e3c21f87cca78c2db08953e29947,100.0,100.0,87.0,87.0,84.0,13.0,0.0,3.0,16.0,0.0,0.0,0.0,0.0,0.0,0.0,0.0,0.0,0.0,0.0,0.0,0.0,cumulative40,93.5,77.73109243697479,53.5,44.11764705882353,30.0,24.369747899159663,48.739495798319325
sol,current_full,da-4-1,1,da-4-1--rep-001,057f7a527956349d8e253766ccc333b25228f0214c7e702e4ebf01de87b2307d,100.0,100.0,89.0,90.33333333333333,78.0,11.0,-1.3333333333333286,12.333333333333329,22.0,1.0,0.0,0.0,0.0,0.0,0.0,0.0,0.0,0.0,0.0,0.0,0.0,cumulative40,89.0,73.94957983193277,17.0,13.445378151260504,58.0,47.89915966386555,45.09803921568627
sol,current_full,da-4-1,2,da-4-1--rep-002,9c53b773849793077259d4e4789c8a60a846b489413644588ffdff4ccc703068,100.0,100.0,93.0,85.66666666666667,68.0,7.0,7.333333333333329,17.66666666666667,32.0,1.0,0.0,0.0,0.0,0.0,0.0,0.0,0.0,0.0,0.0,0.0,0.0,cumulative40,73.0,60.50420168067227,118.5,98.73949579831933,70.0,57.983193277310924,72.40896358543418
sol,current_full,da-4-1,3,da-4-1--rep-003,12bc3f0f681d221a15606bd1ce516f1379b00f4435c10022d511d369313b541f,100.0,100.0,73.0,76.0,88.0,27.0,-3.0,-12.0,12.0,0.0,0.0,0.0,0.0,0.0,0.0,0.0,0.0,0.0,0.0,0.0,0.0,cumulative40,111.0,92.43697478991596,13.0,10.084033613445378,9.0,6.722689075630252,36.41456582633053
sol,current_full,da-4-6,1,da-4-6--rep-001,0f0c825028bfe48de9f7e71ca6d6c9e30ae4444a8d3e2245e6ee5822799c7574,100.0,100.0,78.0,89.0,91.0,22.0,-11.0,-2.0,9.0,0.0,0.0,0.0,0.0,0.0,0.0,0.0,0.0,0.0,0.0,0.0,0.0,cumulative40,107.0,89.07563025210084,2.0,0.8403361344537815,16.5,13.025210084033613,34.31372549019608
sol,current_full,da-4-6,2,da-4-6--rep-002,39b590a763de4b215ab3d3357d2fa8abeab53e8a5389223f3c85a536b87974f0,100.0,100.0,76.0,83.33333333333333,62.0,24.0,-7.333333333333329,21.33333333333333,38.0,2.0,0.0,0.0,1.0,0.0,0.0,0.0,0.0,0.0,0.0,0.0,0.0,cumulative40,108.0,89.91596638655462,3.0,1.680672268907563,80.5,66.80672268907563,52.80112044817927
sol,current_full,da-4-6,3,da-4-6--rep-003,4985a712df5c5253cfdc26000c68dd9533e7b619c638623d724eccf4af188d57,100.0,100.0,71.0,74.33333333333333,72.0,29.0,-3.3333333333333286,2.3333333333333286,28.0,0.0,0.0,0.0,0.0,0.0,0.0,0.0,0.0,0.0,0.0,0.0,0.0,cumulative40,112.0,93.27731092436974,10.5,7.983193277310924,29.0,23.529411764705884,41.596638655462186
sol,current_full,da-5-1,1,da-5-1--rep-001,0e9ecb6785a00f2a6404ebd5c22505a29aa7869e70a17f799e44688006b1fca9,100.0,100.0,93.0,86.66666666666667,86.0,7.0,6.333333333333329,0.6666666666666714,14.0,1.0,0.0,0.0,0.0,0.0,0.0,0.0,0.0,0.0,0.0,0.0,0.0,cumulative40,73.0,60.50420168067227,114.0,94.95798319327731,24.0,19.327731092436974,58.26330532212885
sol,current_full,da-5-1,2,da-5-1--rep-002,447f6841feba72a1c7305fd5f4694e3b89ebaf80b324b00ee30e47c9f1cd2e72,100.0,100.0,91.0,88.66666666666667,94.0,9.0,2.3333333333333286,-5.333333333333329,6.0,1.0,0.0,0.0,0.0,0.0,0.0,0.0,0.0,0.0,0.0,0.0,0.0,cumulative40,84.0,69.74789915966386,99.0,82.3529411764706,11.5,8.823529411764707,53.641456582633054
sol,current_full,da-5-1,3,da-5-1--rep-003,50dcd82522cb2a7e033864a427abff94011794f0525d055aa3bf2649aac4d7d6,100.0,100.0,100.0,100.0,84.0,0.0,0.0,16.0,16.0,1.0,0.0,0.0,0.0,0.0,0.0,0.0,0.0,0.0,0.0,0.0,0.0,cumulative40,31.5,25.630252100840337,53.5,44.11764705882353,67.5,55.88235294117647,41.87675070028011
sol,current_full,da-6-5,1,da-6-5--rep-001,204ec4c9b9d59a0ac9aa0262bd576f273abbe802751636d502bf3e6e440e093b,100.0,100.0,100.0,100.0,32.0,0.0,0.0,68.0,68.0,0.0,0.0,0.0,0.0,0.0,0.0,0.0,0.0,0.0,0.0,0.0,0.0,cumulative40,31.5,25.630252100840337,53.5,44.11764705882353,119.0,99.15966386554622,56.30252100840336
sol,current_full,da-6-5,2,da-6-5--rep-002,1a87d8d001b31de9f609ac7ab62adede44ffc345b61e8305473fdb1f3ebd4359,100.0,100.0,100.0,100.0,58.0,0.0,0.0,42.0,42.0,0.0,0.0,0.0,0.0,0.0,0.0,0.0,0.0,0.0,0.0,0.0,0.0,cumulative40,31.5,25.630252100840337,53.5,44.11764705882353,102.0,84.87394957983193,51.5406162464986
sol,current_full,da-6-5,3,da-6-5--rep-003,8af52c49619255fa187ee348f500b22219597585f823d52ccd37cd870abc3d2e,100.0,100.0,100.0,100.0,82.0,0.0,0.0,18.0,18.0,0.0,0.0,0.0,0.0,0.0,0.0,0.0,0.0,0.0,0.0,0.0,0.0,cumulative40,31.5,25.630252100840337,53.5,44.11764705882353,73.0,60.50420168067227,43.417366946778714
sol,current_full,da-8-1,1,da-8-1--rep-001,12b660169831b7d224b4965ac0c46aa7ed8d9ea94d4e86eb570e6fc48dd7df27,100.0,100.0,100.0,100.0,84.0,0.0,0.0,16.0,16.0,0.0,0.0,0.0,0.0,0.0,0.0,0.0,0.0,0.0,0.0,0.0,0.0,cumulative40,31.5,25.630252100840337,53.5,44.11764705882353,67.5,55.88235294117647,41.87675070028011
sol,current_full,da-8-1,2,da-8-1--rep-002,366823a759f2cd52c6f0192ce41284a997e69ddd99c70aab6cf92e02b30ac9ad,100.0,100.0,100.0,95.0,82.0,0.0,5.0,13.0,18.0,0.0,0.0,0.0,0.0,0.0,0.0,0.0,0.0,0.0,0.0,0.0,0.0,cumulative40,31.5,25.630252100840337,111.0,92.43697478991596,60.0,49.57983193277311,55.88235294117647
sol,current_full,da-8-1,3,da-8-1--rep-003,4c4f2ff267fd6679892b6e1496a8558f7d0faf229ae460aeb5326b3900847a04,100.0,100.0,92.0,92.0,48.0,8.0,0.0,44.0,52.0,1.0,0.0,0.0,0.0,0.0,0.0,0.0,0.0,0.0,0.0,0.0,0.0,cumulative40,79.0,65.54621848739495,53.5,44.11764705882353,104.0,86.5546218487395,65.406162464986
sol,current_full,da-8-3,1,da-8-3--rep-001,7d8e335f91a45848411b998c1a5cb1e115fd1bedd3088bd1a168c5753fe63bd3,100.0,100.0,95.0,98.33333333333333,55.0,5.0,-3.3333333333333286,43.33333333333333,45.0,0.0,0.0,0.0,0.0,0.0,0.0,1.0,0.0,0.0,0.0,0.0,0.0,cumulative40,67.0,55.46218487394958,10.5,7.983193277310924,103.0,85.71428571428571,49.719887955182074
sol,current_full,da-8-3,2,da-8-3--rep-002,0a30c0f00519fd449b9f5a56c6be7d93456e18f43041e52c1fbba34ab2a6c9c9,100.0,100.0,92.0,92.0,28.0,8.0,0.0,64.0,72.0,0.0,0.0,0.0,0.0,0.0,0.0,1.0,0.0,0.0,0.0,0.0,0.0,cumulative40,79.0,65.54621848739495,53.5,44.11764705882353,118.0,98.31932773109244,69.32773109243698
sol,current_full,da-8-3,3,da-8-3--rep-003,8f08bf1a373529a65fc062e76eda747144d6180f37330377e0168e932ef9723e,100.0,100.0,87.0,88.66666666666667,35.0,13.0,-1.6666666666666714,53.66666666666667,65.0,2.0,0.0,0.0,4.0,0.0,0.0,0.0,0.0,0.0,0.0,0.0,0.0,cumulative40,93.5,77.73109243697479,15.0,11.764705882352942,114.0,94.95798319327731,61.484593837535016
sol,current_full,da-9-1,1,da-9-1--rep-001,03df4078648b486b92503b2b6f0f3c5a8d7adf29720b8c6981634f2cc6d4ce4f,100.0,100.0,100.0,100.0,71.0,0.0,0.0,29.0,29.0,1.0,0.0,0.0,0.0,0.0,0.0,0.0,0.0,0.0,0.0,0.0,0.0,cumulative40,31.5,25.630252100840337,53.5,44.11764705882353,95.0,78.99159663865547,49.57983193277311
sol,current_full,da-9-1,2,da-9-1--rep-002,5e6269a054e2ba527a66a7f2b568da3cd3763b853ec88db9d626e4b5e6e66170,100.0,100.0,100.0,100.0,78.0,0.0,0.0,22.0,22.0,9.0,100.0,0.0,0.0,0.0,0.0,0.0,0.0,0.0,0.0,0.0,0.0,cumulative40,31.5,25.630252100840337,53.5,44.11764705882353,84.5,70.16806722689076,46.63865546218487
sol,current_full,da-9-1,3,da-9-1--rep-003,341dec816c312ddeb50bc186c59bdecc547e7568e20bcc64e7ed381f0a0be05c,100.0,100.0,100.0,100.0,88.0,0.0,0.0,12.0,12.0,0.0,0.0,0.0,0.0,0.0,0.0,0.0,0.0,0.0,0.0,0.0,0.0,cumulative40,31.5,25.630252100840337,53.5,44.11764705882353,56.0,46.21848739495798,38.65546218487395
sol,current_full,da-9-7,1,da-9-7--rep-001,0a628d405fd5de3e7f3c2095bec2cdd70dcaf101770947b4f6d1595fb70bfa8a,100.0,100.0,100.0,100.0,94.0,0.0,0.0,6.0,6.0,0.0,0.0,0.0,0.0,0.0,0.0,0.0,0.0,0.0,0.0,0.0,0.0,cumulative40,31.5,25.630252100840337,53.5,44.11764705882353,40.0,32.773109243697476,34.173669467787114
sol,current_full,da-9-7,2,da-9-7--rep-002,a48d5584d1cda0f414be705fb4ffa0ac4708fa19d2013b3b9ca4ef4c69c32de4,100.0,100.0,70.0,70.0,94.0,30.0,0.0,-24.0,6.0,1.0,0.0,0.0,0.0,0.0,0.0,0.0,0.0,0.0,0.0,0.0,0.0,cumulative40,113.5,94.53781512605042,53.5,44.11764705882353,3.0,1.680672268907563,46.778711484593835
sol,current_full,da-9-7,3,da-9-7--rep-003,99e00800ef6d12badf8dff8274ce657323e98b12bd2973f1c4bb9e3dda6a13d6,93.0,93.0,86.0,86.0,86.0,7.0,0.0,0.0,7.0,1.0,0.0,0.0,3.0,0.0,0.0,1.0,0.0,0.0,4.0,0.0,0.0,cumulative40,73.0,60.50420168067227,53.5,44.11764705882353,21.0,16.80672268907563,40.476190476190474
sol,current_user,da-1-3,1,da-1-3--rep-001,5d3ef64216240a0b1df0133b1835ab72e2bab2d1a31f9acbdd11f9c35f20bb47,100.0,100.0,100.0,99.0,94.0,0.0,1.0,5.0,6.0,0.0,0.0,0.0,0.0,0.0,0.0,0.0,0.0,0.0,0.0,0.0,0.0,cumulative40,26.5,21.428571428571427,79.0,65.54621848739495,66.0,54.621848739495796,47.198879551820724
sol,current_user,da-1-3,2,da-1-3--rep-002,31177b6bf749aa9955327185f9607c4c0290659aae41c44b65448ddff613b8ae,100.0,100.0,100.0,94.0,93.0,0.0,6.0,1.0,7.0,3.0,0.0,0.0,2.0,0.0,0.0,0.0,0.0,0.0,0.0,0.0,0.0,cumulative40,26.5,21.428571428571427,104.5,86.97478991596638,53.5,44.11764705882353,50.84033613445378
sol,current_user,da-1-3,3,da-1-3--rep-003,831ad3c7154ae1a059582999abac0191237eaf9b72aed0dddccd784299cc861f,100.0,100.0,97.0,95.66666666666667,84.0,3.0,1.3333333333333286,11.666666666666671,16.0,1.0,0.0,0.0,1.0,0.0,0.0,0.0,0.0,0.0,0.0,0.0,0.0,cumulative40,48.5,39.91596638655462,80.0,66.38655462184875,86.0,71.42857142857143,59.2436974789916
sol,current_user,da-1-4,1,da-1-4--rep-001,8579f1d69821d8f95467324681e5de48dc9b533437b308282872bc828b2f3f12,91.0,91.0,96.0,90.33333333333333,96.0,-5.0,5.666666666666671,-5.666666666666671,-5.0,0.0,0.0,0.0,0.0,0.0,0.0,0.0,0.0,0.0,0.0,0.0,0.0,cumulative40,4.5,2.9411764705882355,103.0,85.71428571428571,38.0,31.092436974789916,39.91596638655462
sol,current_user,da-1-4,2,da-1-4--rep-002,16cc9e2d573864e05955a3fcacf526cb3b7f6fe9278bdf5ef17ad88a084562b5,100.0,100.0,100.0,100.0,92.0,0.0,0.0,8.0,8.0,1.0,0.0,0.0,0.0,0.0,0.0,1.0,0.0,0.0,0.0,0.0,0.0,cumulative40,26.5,21.428571428571427,47.0,38.65546218487395,74.5,61.76470588235294,40.61624649859944
sol,current_user,da-1-4,3,da-1-4--rep-003,60154c27e2ab3ff3bc19f636dc862c2a62a671934f29e94a788238946ea54b61,100.0,100.0,100.0,100.0,58.0,0.0,0.0,42.0,42.0,0.0,0.0,0.0,0.0,0.0,0.0,0.0,0.0,0.0,0.0,0.0,0.0,cumulative40,26.5,21.428571428571427,47.0,38.65546218487395,117.0,97.47899159663865,52.52100840336134
sol,current_user,da-10-1,1,da-10-1--rep-001,8a59fa68dbcd5e8ae42ecd5148e7877fa04f672b4847eab901635ad0b0cfda04,100.0,100.0,93.0,98.0,88.0,7.0,-5.0,10.0,12.0,0.0,0.0,0.0,1.0,0.0,0.0,0.0,0.0,0.0,0.0,0.0,0.0,cumulative40,60.0,49.57983193277311,7.0,5.042016806722689,81.5,67.6470588235294,40.7563025210084
sol,current_user,da-10-1,2,da-10-1--rep-002,28bb10a27cc5e7b0d29f2dee6658836679cca6dd5b1ee3c17e687f92b4a23d8e,100.0,100.0,87.0,97.0,94.0,13.0,-10.0,3.0,6.0,1.0,0.0,0.0,0.0,0.0,0.0,0.0,0.0,0.0,0.0,0.0,0.0,cumulative40,83.0,68.90756302521008,1.5,0.42016806722689076,58.0,47.89915966386555,39.07563025210084
sol,current_user,da-10-1,3,da-10-1--rep-003,d77c9832e24c0b1a42f91901e0a69c073ab4c04c89ef662ec0344e1f778444bb,100.0,95.0,97.0,97.0,87.0,3.0,0.0,10.0,13.0,0.0,0.0,0.0,1.0,0.0,0.0,0.0,0.0,0.0,0.0,0.0,0.0,cumulative40,48.5,39.91596638655462,47.0,38.65546218487395,81.5,67.6470588235294,48.739495798319325
sol,current_user,da-10-3,1,da-10-3--rep-001,bcc9f280eaf5bcc981ab99bfffb5b40d9bf3ea870b24454dfd3bf94e4ca26edf,100.0,100.0,100.0,100.0,72.0,0.0,0.0,28.0,28.0,0.0,0.0,0.0,0.0,0.0,0.0,0.0,0.0,0.0,0.0,0.0,0.0,cumulative40,26.5,21.428571428571427,47.0,38.65546218487395,108.0,89.91596638655462,50.0
sol,current_user,da-10-3,2,da-10-3--rep-002,af1ead73430659ec7567418ef500f3a14330b21ef20c93d4f9ea7f58374e325f,100.0,100.0,90.0,100.0,63.0,10.0,-10.0,37.0,37.0,1.0,0.0,0.0,1.0,0.0,0.0,0.0,0.0,0.0,0.0,0.0,0.0,cumulative40,74.0,61.34453781512605,1.5,0.42016806722689076,114.0,94.95798319327731,52.24089635854342
sol,current_user,da-10-3,3,da-10-3--rep-003,7eff9444a67bf46772b10655df63a85852ff1556f1b1f197c200e5344bc459b7,90.0,90.0,90.0,85.0,54.0,0.0,5.0,31.0,36.0,1.0,0.0,0.0,1.0,0.0,0.0,1.0,0.0,0.0,0.0,0.0,0.0,cumulative40,26.5,21.428571428571427,97.0,80.67226890756302,110.5,92.01680672268908,64.70588235294117
sol,current_user,da-12-2,1,da-12-2--rep-001,aa5558f0bc70c3c0056596c6f332961c6a28149e5403459ae069d38d1744d6c2,75.0,75.0,75.0,73.33333333333333,96.0,0.0,1.6666666666666714,-22.66666666666667,-21.0,7.0,100.0,0.0,6.0,100.0,0.0,0.0,0.0,0.0,2.0,0.0,0.0,cumulative40,26.5,21.428571428571427,84.0,69.74789915966386,9.0,6.722689075630252,32.63305322128851
sol,current_user,da-12-2,2,da-12-2--rep-002,953bdb85e14b9bb90c6086aaf50e1ad561a2281b02055778d4ba60644119181b,60.0,60.0,75.0,70.0,98.0,-15.0,5.0,-28.0,-38.0,1.0,0.0,0.0,0.0,0.0,0.0,0.0,0.0,0.0,0.0,0.0,0.0,cumulative40,1.0,0.0,97.0,80.67226890756302,6.0,4.201680672268908,28.291316526610643
sol,current_user,da-12-2,3,da-12-2--rep-003,96658af61c93de4b8ed3e4d908009f3f76b8ddc8b0356d891fe518bda682c3e2,70.0,70.0,75.0,73.33333333333333,93.0,-5.0,1.6666666666666714,-19.66666666666667,-23.0,1.0,0.0,0.0,1.0,0.0,0.0,0.0,0.0,0.0,1.0,0.0,0.0,cumulative40,4.5,2.9411764705882355,84.0,69.74789915966386,12.5,9.663865546218487,27.45098039215686
sol,current_user,da-12-4,1,da-12-4--rep-001,f7cc404237a9fc22cdd1af5841696b058537a33a726d77cb37368ca002f6162c,86.0,86.0,86.0,79.0,86.0,0.0,7.0,-7.0,0.0,10.0,100.0,0.0,10.0,100.0,0.0,0.0,0.0,0.0,8.0,100.0,0.0,cumulative40,26.5,21.428571428571427,108.5,90.33613445378151,33.0,26.89075630252101,46.21848739495798
sol,current_user,da-12-4,2,da-12-4--rep-002,d22048bbf9e9aeda018a6ef09192a2a3b59b0d996f764b8b241f87065d353eed,86.0,86.0,86.0,86.0,94.0,0.0,0.0,-8.0,-8.0,4.0,0.0,0.0,1.0,0.0,0.0,0.0,0.0,0.0,0.0,0.0,0.0,cumulative40,26.5,21.428571428571427,47.0,38.65546218487395,30.0,24.369747899159663,28.15126050420168
sol,current_user,da-12-4,3,da-12-4--rep-003,e631bcaaf0b93d7fac03c461e42334c064c26d702791dd8c34fe3da9ac47ce25,86.0,86.0,86.0,86.0,82.0,0.0,0.0,4.0,4.0,2.0,0.0,0.0,1.0,0.0,0.0,0.0,0.0,0.0,0.0,0.0,0.0,cumulative40,26.5,21.428571428571427,47.0,38.65546218487395,62.0,51.260504201680675,37.11484593837535
sol,current_user,da-13-1,1,da-13-1--rep-001,2687db1883433f202b5d8c4fa1eeb81260a954db4c9b219b9470ca88df6eb75a,100.0,100.0,100.0,100.0,74.0,0.0,0.0,26.0,26.0,2.0,0.0,0.0,1.0,0.0,0.0,0.0,0.0,0.0,1.0,0.0,0.0,cumulative40,26.5,21.428571428571427,47.0,38.65546218487395,106.0,88.23529411764706,49.43977591036415
sol,current_user,da-13-1,2,da-13-1--rep-002,cff05b668fee971c5af7a3bc1b18b31d9370768654b274ca8f88901252cba0b1,100.0,100.0,82.0,91.0,84.0,18.0,-9.0,7.0,16.0,1.0,0.0,0.0,1.0,0.0,0.0,0.0,0.0,0.0,0.0,0.0,0.0,cumulative40,92.5,76.89075630252101,3.0,1.680672268907563,70.0,57.983193277310924,45.51820728291317
sol,current_user,da-13-1,3,da-13-1--rep-003,4872c95f9caa5c573f5e3056e2fc5bf40232784f95f8423cb777b3654cd139a1,100.0,100.0,82.0,82.0,78.0,18.0,0.0,4.0,22.0,1.0,0.0,0.0,0.0,0.0,0.0,0.0,0.0,0.0,0.0,0.0,0.0,cumulative40,92.5,76.89075630252101,47.0,38.65546218487395,62.0,51.260504201680675,55.602240896358545
sol,current_user,da-13-3,1,da-13-3--rep-001,13d1faa077f1168872dc928fe929fcfec5e2b5a7a004d404ecba57c1b0607a19,100.0,100.0,100.0,100.0,92.0,0.0,0.0,8.0,8.0,0.0,0.0,0.0,0.0,0.0,0.0,0.0,0.0,0.0,0.0,0.0,0.0,cumulative40,26.5,21.428571428571427,47.0,38.65546218487395,74.5,61.76470588235294,40.61624649859944
sol,current_user,da-13-3,2,da-13-3--rep-002,844644e69962c5c8f40741d7e7e809c2f33007ecd3483f925f52af4c3c55b383,100.0,100.0,100.0,95.33333333333333,84.0,0.0,4.666666666666671,11.333333333333329,16.0,0.0,0.0,0.0,0.0,0.0,0.0,0.0,0.0,0.0,0.0,0.0,0.0,cumulative40,26.5,21.428571428571427,94.0,78.15126050420169,85.0,70.58823529411765,56.72268907563026
sol,current_user,da-13-3,3,da-13-3--rep-003,3b55f0efcc9addf6212ef1aea789ea400d6fdbd67280be554000a46a9fb72f40,100.0,100.0,91.0,91.0,96.0,9.0,0.0,-5.0,4.0,0.0,0.0,0.0,0.0,0.0,0.0,0.0,0.0,0.0,0.0,0.0,0.0,cumulative40,68.5,56.72268907563025,47.0,38.65546218487395,40.0,32.773109243697476,42.71708683473389
sol,current_user,da-13-5,1,da-13-5--rep-001,e8908a1509166c699c3c01f2743ccef1b0ca5b45ba7e04fc5ec4c7407c720211,100.0,100.0,80.0,80.0,72.0,20.0,0.0,8.0,28.0,0.0,0.0,0.0,0.0,0.0,0.0,0.0,0.0,0.0,0.0,0.0,0.0,cumulative40,99.0,82.3529411764706,47.0,38.65546218487395,74.5,61.76470588235294,60.92436974789916
sol,current_user,da-13-5,2,da-13-5--rep-002,34c7af044371da1b74591a96f6f536d2edc51341d276cd2c1ced555eb67b5bb3,95.0,95.0,75.0,75.0,82.0,20.0,0.0,-7.0,13.0,0.0,0.0,0.0,0.0,0.0,0.0,0.0,0.0,0.0,0.0,0.0,0.0,cumulative40,99.0,82.3529411764706,47.0,38.65546218487395,33.0,26.89075630252101,49.299719887955185
sol,current_user,da-13-5,3,da-13-5--rep-003,da45ed3657c57a505691d5a566d6bee40b749093aeb6f4c0e83249050a42da97,100.0,100.0,90.0,90.0,82.0,10.0,0.0,8.0,18.0,0.0,0.0,0.0,0.0,0.0,0.0,1.0,0.0,0.0,0.0,0.0,0.0,cumulative40,74.0,61.34453781512605,47.0,38.65546218487395,74.5,61.76470588235294,53.92156862745098
sol,current_user,da-13-6,1,da-13-6--rep-001,4b91801b7b3b3c0722d4138099e799e529db27a6ec410c7f895baf46b5b5260e,100.0,100.0,80.0,83.33333333333333,92.0,20.0,-3.3333333333333286,-8.666666666666671,8.0,0.0,0.0,0.0,0.0,0.0,0.0,0.0,0.0,0.0,0.0,0.0,0.0,cumulative40,99.0,82.3529411764706,12.5,9.663865546218487,28.0,22.689075630252102,38.23529411764706
sol,current_user,da-13-6,2,da-13-6--rep-002,70781e72c0bd769898685277e2b00f3b58af60dd021f75dee121e9669d39c8b5,100.0,100.0,75.0,71.66666666666667,92.0,25.0,3.3333333333333286,-20.33333333333333,8.0,1.0,0.0,0.0,1.0,0.0,0.0,0.0,0.0,0.0,0.0,0.0,0.0,cumulative40,110.0,91.59663865546219,90.0,74.78991596638656,11.0,8.403361344537815,58.26330532212885
sol,current_user,da-13-6,3,da-13-6--rep-003,8c39c24a1969119db9cb917eb6bb9b0d66834e1a2fe3e2dad56e988ed78d19bc,100.0,100.0,100.0,100.0,96.0,0.0,0.0,4.0,4.0,2.0,0.0,0.0,1.0,0.0,0.0,0.0,0.0,0.0,0.0,0.0,0.0,cumulative40,26.5,21.428571428571427,47.0,38.65546218487395,62.0,51.260504201680675,37.11484593837535
sol,current_user,da-14-1,1,da-14-1--rep-001,c58870f887fa50980bfb0a72ef12a02de1d44513021245911166f54fb4ab8849,100.0,100.0,61.0,63.333333333333336,94.0,39.0,-2.3333333333333357,-30.666666666666664,6.0,0.0,0.0,0.0,0.0,0.0,0.0,0.0,0.0,0.0,0.0,0.0,0.0,cumulative40,120.0,100.0,14.0,10.92436974789916,4.0,2.5210084033613445,37.81512605042017
sol,current_user,da-14-1,2,da-14-1--rep-002,62a4f4e79c3ba40897079d2e4434524d0de6c7e9af55274bb103f10775894457,100.0,100.0,100.0,75.33333333333333,95.0,0.0,24.66666666666667,-19.66666666666667,5.0,0.0,0.0,0.0,0.0,0.0,0.0,0.0,0.0,0.0,0.0,0.0,0.0,cumulative40,26.5,21.428571428571427,120.0,100.0,12.5,9.663865546218487,43.69747899159664
sol,current_user,da-14-1,3,da-14-1--rep-003,910c3ad981337a49826a2db6a9dcfeae79e59eea300411fa02d21a728b30d313,100.0,100.0,76.0,64.33333333333333,94.0,24.0,11.666666666666671,-29.66666666666667,6.0,0.0,0.0,0.0,0.0,0.0,0.0,0.0,0.0,0.0,0.0,0.0,0.0,cumulative40,107.5,89.49579831932773,116.0,96.63865546218487,5.0,3.361344537815126,63.16526610644258
sol,current_user,da-14-3,1,da-14-3--rep-001,443cef1315d563b38a073e85156b222064439a6e6924ece7a7cf696da81ca47d,100.0,100.0,100.0,100.0,99.0,0.0,0.0,1.0,1.0,0.0,0.0,0.0,0.0,0.0,0.0,0.0,0.0,0.0,0.0,0.0,0.0,cumulative40,26.5,21.428571428571427,47.0,38.65546218487395,53.5,44.11764705882353,34.73389355742297
sol,current_user,da-14-3,2,da-14-3--rep-002,b6bcfb1759100fb5dccdc6a0c96b2e53512990979748023f4dd66d1dafdae449,100.0,100.0,89.0,75.0,92.0,11.0,14.0,-17.0,8.0,0.0,0.0,0.0,0.0,0.0,0.0,0.0,0.0,0.0,0.0,0.0,0.0,cumulative40,78.5,65.12605042016807,117.0,97.47899159663865,17.5,13.865546218487395,58.8235294117647
sol,current_user,da-14-3,3,da-14-3--rep-003,f490cd7d9aac7dd334b16cc234b86a204fe25c9123914094231ef40a35bf9865,100.0,100.0,100.0,100.0,97.0,0.0,0.0,3.0,3.0,0.0,0.0,0.0,0.0,0.0,0.0,0.0,0.0,0.0,0.0,0.0,0.0,cumulative40,26.5,21.428571428571427,47.0,38.65546218487395,58.0,47.89915966386555,35.99439775910364
sol,current_user,da-14-8,1,da-14-8--rep-001,19e50d8f667891739f395ea6149e8c16e896b52239e2f28dc65435d959c044ea,93.0,93.0,68.0,68.0,92.0,25.0,0.0,-24.0,1.0,3.0,0.0,0.0,1.0,0.0,0.0,0.0,0.0,0.0,0.0,0.0,0.0,cumulative40,110.0,91.59663865546219,47.0,38.65546218487395,8.0,5.882352941176471,45.378151260504204
sol,current_user,da-14-8,2,da-14-8--rep-002,1854b3c78047ce70c8c201e764f7834984a12b87d1e80fa39c8cebb687eb324c,58.0,58.0,61.0,67.66666666666667,58.0,-3.0,-6.666666666666671,9.666666666666671,0.0,4.0,0.0,0.0,5.0,0.0,100.0,1.0,0.0,0.0,2.0,0.0,0.0,cumulative40,6.0,4.201680672268908,5.0,3.361344537815126,78.5,65.12605042016807,24.229691876750703
sol,current_user,da-14-8,3,da-14-8--rep-003,1df4d0430e99e84f731048fd90fa72db44584ded655899682db950efc5095058,76.0,76.0,61.0,61.0,78.0,15.0,0.0,-17.0,-2.0,8.0,100.0,0.0,8.0,100.0,0.0,1.0,0.0,0.0,0.0,0.0,0.0,cumulative40,87.0,72.26890756302521,47.0,38.65546218487395,17.5,13.865546218487395,41.596638655462186
sol,current_user,da-15-1,1,da-15-1--rep-001,49778b345951f612f87bb67536902d62c4213099dc7e29ff5944d6732e6b15a9,87.0,87.0,82.0,82.0,60.0,5.0,0.0,22.0,27.0,0.0,0.0,0.0,0.0,0.0,0.0,0.0,0.0,0.0,0.0,0.0,0.0,cumulative40,54.5,44.95798319327731,47.0,38.65546218487395,100.0,83.19327731092437,55.602240896358545
sol,current_user,da-15-1,2,da-15-1--rep-002,d9e2dbdadadbc426045c351ebdf396cff880ef31da1dd828a4c565fa93d51ff1,87.0,87.0,87.0,87.0,75.0,0.0,0.0,12.0,12.0,1.0,0.0,0.0,0.0,0.0,0.0,0.0,0.0,0.0,0.0,0.0,0.0,cumulative40,26.5,21.428571428571427,47.0,38.65546218487395,87.5,72.6890756302521,44.25770308123249
sol,current_user,da-15-1,3,da-15-1--rep-003,2c9b91497ed94a70515f7042413c19b3bc0eae6ec6fd40c1c6f08cdadf998bb8,87.0,87.0,100.0,100.0,65.0,-13.0,0.0,35.0,22.0,1.0,0.0,0.0,2.0,0.0,0.0,0.0,0.0,0.0,1.0,0.0,0.0,cumulative40,2.0,0.8403361344537815,47.0,38.65546218487395,113.0,94.11764705882354,44.53781512605042
sol,current_user,da-15-2,1,da-15-2--rep-001,40eaa690bb269c30e6cb610f512a9ef7b79943582f2aa03760864a3f8c8fad8d,83.0,83.0,73.0,73.0,58.0,10.0,0.0,15.0,25.0,2.0,0.0,0.0,2.0,0.0,0.0,0.0,0.0,0.0,0.0,0.0,0.0,cumulative40,74.0,61.34453781512605,47.0,38.65546218487395,91.0,75.63025210084034,58.54341736694678
sol,current_user,da-15-2,2,da-15-2--rep-002,e50e296231d880e0bc0d5c30f44a8a25b92dac2ef762823c03fd9998c0ac1ecf,83.0,78.0,73.0,57.0,38.0,10.0,16.0,19.0,45.0,2.0,0.0,0.0,2.0,0.0,0.0,1.0,0.0,0.0,2.0,0.0,0.0,cumulative40,74.0,61.34453781512605,118.0,98.31932773109244,96.0,79.83193277310924,79.83193277310924
sol,current_user,da-15-2,3,da-15-2--rep-003,a47f7ea5c7ecc7ae88acd066c12e7174fac5d94cce460ba2da6d1b82c4d0c52e,63.0,63.0,42.0,42.0,42.0,21.0,0.0,0.0,21.0,3.0,0.0,0.0,1.0,0.0,0.0,1.0,0.0,0.0,1.0,0.0,0.0,cumulative40,102.5,85.29411764705883,47.0,38.65546218487395,51.5,42.436974789915965,55.46218487394958
sol,current_user,da-15-7,1,da-15-7--rep-001,59ab428e187341a7a1df7121482cccdd91c9b745d63cec3a741018c1e3e6be6f,100.0,100.0,70.0,70.0,48.0,30.0,0.0,22.0,52.0,2.0,0.0,0.0,2.0,0.0,0.0,0.0,0.0,0.0,0.0,0.0,0.0,cumulative40,115.5,96.21848739495799,47.0,38.65546218487395,100.0,83.19327731092437,72.6890756302521
sol,current_user,da-15-7,2,da-15-7--rep-002,e9c603185bbda601c1acd391f801e80efed3fe54741476906dab4ae86f8b3ef4,67.0,67.0,60.0,60.0,44.0,7.0,0.0,16.0,23.0,0.0,0.0,0.0,1.0,0.0,0.0,0.0,0.0,0.0,0.0,0.0,0.0,cumulative40,60.0,49.57983193277311,47.0,38.65546218487395,92.5,76.89075630252101,55.04201680672269
sol,current_user,da-15-7,3,da-15-7--rep-003,d3e0e167a77afc7c478738b92f976e9c286ae93e2c1056f27de50c7472d08cb7,77.0,77.0,67.0,67.0,72.0,10.0,0.0,-5.0,5.0,4.0,0.0,0.0,2.0,0.0,0.0,2.0,0.0,0.0,2.0,0.0,0.0,cumulative40,74.0,61.34453781512605,47.0,38.65546218487395,40.0,32.773109243697476,44.25770308123249
sol,current_user,da-15-8,1,da-15-8--rep-001,53a46b741b20fd7efb6942b743936da2713e7e4f7c0b7caca4c74840bd1c46b4,90.0,90.0,85.0,81.66666666666667,42.0,5.0,3.3333333333333286,39.66666666666667,48.0,3.0,0.0,0.0,1.0,0.0,0.0,1.0,0.0,0.0,0.0,0.0,0.0,cumulative40,54.5,44.95798319327731,90.0,74.78991596638656,116.0,96.63865546218487,72.12885154061624
sol,current_user,da-15-8,2,da-15-8--rep-002,c41efbccbdce487e284c6cca7437b761647c4c3bd324b82add821555cc3af6e5,100.0,90.0,83.0,83.0,94.0,17.0,0.0,-11.0,6.0,1.0,0.0,0.0,1.0,0.0,0.0,0.0,0.0,0.0,0.0,0.0,0.0,cumulative40,90.0,74.78991596638656,47.0,38.65546218487395,25.5,20.58823529411765,44.67787114845939
sol,current_user,da-15-8,3,da-15-8--rep-003,88786bf677b29c911b61cc5e8508c231eceeaae998d287a14488a99cd07e8f59,90.0,90.0,90.0,90.0,38.0,0.0,0.0,52.0,52.0,1.0,0.0,0.0,0.0,0.0,0.0,0.0,0.0,0.0,0.0,0.0,0.0,cumulative40,26.5,21.428571428571427,47.0,38.65546218487395,119.0,99.15966386554622,53.0812324929972
sol,current_user,da-16-1,1,da-16-1--rep-001,03f392063162b1c738e767e709fe6f8588224063e90da612d8ace10d70f494d1,100.0,100.0,100.0,100.0,88.0,0.0,0.0,12.0,12.0,0.0,0.0,0.0,0.0,0.0,0.0,0.0,0.0,0.0,0.0,0.0,0.0,cumulative40,26.5,21.428571428571427,47.0,38.65546218487395,87.5,72.6890756302521,44.25770308123249
sol,current_user,da-16-1,2,da-16-1--rep-002,f77c2af700524b3b1395f9eadb91da37e3bb9804384000e7d9c0386190a55209,100.0,100.0,100.0,100.0,84.0,0.0,0.0,16.0,16.0,0.0,0.0,0.0,1.0,0.0,0.0,0.0,0.0,0.0,0.0,0.0,0.0,cumulative40,26.5,21.428571428571427,47.0,38.65546218487395,92.5,76.89075630252101,45.65826330532213
sol,current_user,da-16-1,3,da-16-1--rep-003,73cdeed48bca0558d392c3dd44b39985a532fab27e0d15487cb91a54badcfe19,100.0,100.0,87.0,87.0,82.0,13.0,0.0,5.0,18.0,0.0,0.0,0.0,0.0,0.0,0.0,0.0,0.0,0.0,0.0,0.0,0.0,cumulative40,83.0,68.90756302521008,47.0,38.65546218487395,66.0,54.621848739495796,54.061624649859944
sol,current_user,da-17-1,1,da-17-1--rep-001,3a56cdb61ae0719d9193a75a6324c276717d48d5b909f473aeea1db823071664,90.0,90.0,90.0,90.0,82.0,0.0,0.0,8.0,8.0,2.0,0.0,0.0,6.0,100.0,0.0,0.0,0.0,0.0,1.0,0.0,0.0,cumulative40,26.5,21.428571428571427,47.0,38.65546218487395,74.5,61.76470588235294,40.61624649859944
sol,current_user,da-17-1,2,da-17-1--rep-002,c18b5fb1f06017d423bdb0e846f6c0aa380be15a5d2b59825a95b97933b6d655,90.0,90.0,81.0,75.66666666666667,72.0,9.0,5.333333333333329,3.6666666666666714,18.0,4.0,0.0,0.0,5.0,0.0,100.0,0.0,0.0,0.0,3.0,0.0,0.0,cumulative40,68.5,56.72268907563025,101.0,84.03361344537815,60.0,49.57983193277311,63.445378151260506
sol,current_user,da-17-1,3,da-17-1--rep-003,75e9a1196d77215c4c97eb668131739ec5c76d0135c82fd2fff693ae81d382e5,90.0,90.0,81.0,81.0,92.0,9.0,0.0,-11.0,-2.0,8.0,100.0,0.0,1.0,0.0,0.0,0.0,0.0,0.0,0.0,0.0,0.0,cumulative40,68.5,56.72268907563025,47.0,38.65546218487395,25.5,20.58823529411765,38.65546218487395
sol,current_user,da-17-3,1,da-17-3--rep-001,0f523220dc1cf46b2b8b8311258233a9d91daed3f3c20ccdaa93be77451a79a2,39.0,39.0,7.0,7.333333333333333,18.0,32.0,-0.33333333333333304,-10.666666666666668,21.0,0.0,0.0,0.0,0.0,0.0,0.0,0.0,0.0,0.0,0.0,0.0,0.0,cumulative40,117.5,97.89915966386555,16.0,12.605042016806722,27.0,21.84873949579832,44.11764705882353
sol,current_user,da-17-3,2,da-17-3--rep-002,3cb2307c0fe0a04eb1cebca83ba04c0ea03bfa6618daecae4cd0e71020bdd75f,22.0,22.0,7.0,7.0,12.0,15.0,0.0,-5.0,10.0,0.0,0.0,0.0,0.0,0.0,0.0,0.0,0.0,0.0,0.0,0.0,0.0,cumulative40,87.0,72.26890756302521,47.0,38.65546218487395,40.0,32.773109243697476,47.89915966386555
sol,current_user,da-17-3,3,da-17-3--rep-003,920bba4d837f25ef9bee6dedaac8d6a2ab425f159ed5c57a0c9a8b16188358be,100.0,100.0,72.0,63.666666666666664,71.0,28.0,8.333333333333336,-7.333333333333336,29.0,3.0,0.0,0.0,2.0,0.0,0.0,0.0,0.0,0.0,1.0,0.0,0.0,cumulative40,114.0,94.95798319327731,115.0,95.7983193277311,31.0,25.210084033613445,71.98879551820728
sol,current_user,da-17-5,1,da-17-5--rep-001,6fd9cf0814ce9b2e53274edfc83e64e9f7f2683eb8909c5180393a5c5857344e,90.0,90.0,90.0,87.33333333333333,88.0,0.0,2.6666666666666714,-0.6666666666666714,2.0,2.0,0.0,0.0,2.0,0.0,0.0,0.0,0.0,0.0,0.0,0.0,0.0,cumulative40,26.5,21.428571428571427,87.0,72.26890756302521,50.0,41.1764705882353,44.957983193277315
sol,current_user,da-17-5,2,da-17-5--rep-002,4eeb59cd6397fc912888a0d0ca2c1b1b5d9b008f1b82f2d0eef0eb130b6f98b7,77.0,77.0,75.0,67.66666666666667,42.0,2.0,7.333333333333329,25.66666666666667,35.0,2.0,0.0,0.0,1.0,0.0,0.0,0.0,0.0,0.0,0.0,0.0,0.0,cumulative40,47.0,38.65546218487395,110.5,92.01680672268908,104.5,86.97478991596638,72.54901960784314
sol,current_user,da-17-5,3,da-17-5--rep-003,2489e5ff53145ddcd4e05c088183921a9cdc4e8e3cb24e7f9cd0b7b7b06437c3,90.0,90.0,82.0,74.0,92.0,8.0,8.0,-18.0,-2.0,1.0,0.0,0.0,0.0,0.0,0.0,0.0,0.0,0.0,1.0,0.0,0.0,cumulative40,64.5,53.36134453781513,113.5,94.53781512605042,15.5,12.184873949579831,53.36134453781513
sol,current_user,da-18-5,1,da-18-5--rep-001,e16aab443e445a25e328d42a825eafeb8dbce66b57e426a299c777841f64988a,100.0,100.0,100.0,92.33333333333333,87.0,0.0,7.666666666666671,5.333333333333329,13.0,0.0,0.0,0.0,0.0,0.0,0.0,0.0,0.0,0.0,0.0,0.0,0.0,cumulative40,26.5,21.428571428571427,112.0,93.27731092436974,68.0,56.30252100840336,57.002801120448176
sol,current_user,da-18-5,2,da-18-5--rep-002,7e7dc16cd6b5657189453d3b97525954e7848ca4c813a787d72773fb1187805d,100.0,100.0,100.0,96.66666666666667,95.0,0.0,3.3333333333333286,1.6666666666666714,5.0,0.0,0.0,0.0,0.0,0.0,0.0,0.0,0.0,0.0,0.0,0.0,0.0,cumulative40,26.5,21.428571428571427,90.0,74.78991596638656,55.0,45.378151260504204,47.19887955182073
sol,current_user,da-18-5,3,da-18-5--rep-003,2e3688af56b326420d8f1a14ef34853c0b6ebdec85e5c02ed7f3e51f35f97fcc,100.0,100.0,100.0,93.33333333333333,96.0,0.0,6.666666666666671,-2.6666666666666714,4.0,0.0,0.0,0.0,0.0,0.0,0.0,0.0,0.0,0.0,0.0,0.0,0.0,cumulative40,26.5,21.428571428571427,107.0,89.07563025210084,43.0,35.294117647058826,48.59943977591036
sol,current_user,da-18-7,1,da-18-7--rep-001,7a0fcb964647f6592e3015cc4721de083d9eafd4fe2bb761f2e09e2c21ba0441,85.0,85.0,65.0,58.333333333333336,65.0,20.0,6.666666666666664,-6.666666666666664,20.0,1.0,0.0,0.0,0.0,0.0,0.0,0.0,0.0,0.0,0.0,0.0,0.0,cumulative40,99.0,82.3529411764706,106.0,88.23529411764706,36.0,29.41176470588235,66.66666666666667
sol,current_user,da-18-7,2,da-18-7--rep-002,a68c6efb4d3088838ae3214b0eee1421242d79cd02b37205b52417718bb5d69c,92.0,87.0,85.0,92.0,72.0,7.0,-7.0,20.0,20.0,0.0,0.0,0.0,0.0,0.0,0.0,0.0,0.0,0.0,0.0,0.0,0.0,cumulative40,60.0,49.57983193277311,4.0,2.5210084033613445,97.0,80.67226890756302,44.25770308123249
sol,current_user,da-18-7,3,da-18-7--rep-003,c96906cd9bbe233732ab0a58f730d06d123b6b5000b55870f31665d7ff258a06,100.0,100.0,100.0,100.0,93.0,0.0,0.0,7.0,7.0,0.0,0.0,0.0,0.0,0.0,0.0,0.0,0.0,0.0,1.0,0.0,0.0,cumulative40,26.5,21.428571428571427,47.0,38.65546218487395,70.0,57.983193277310924,39.35574229691876
sol,current_user,da-19-1,1,da-19-1--rep-001,af15ae0a8c740adecf79c1fd6c39ec42ffb0e25acb0e09ce361bdc13ac55e900,100.0,100.0,92.0,92.0,94.0,8.0,0.0,-2.0,6.0,0.0,0.0,0.0,0.0,0.0,0.0,0.0,0.0,0.0,0.0,0.0,0.0,cumulative40,64.5,53.36134453781513,47.0,38.65546218487395,45.5,37.39495798319328,43.13725490196079
sol,current_user,da-19-1,2,da-19-1--rep-002,23950447b25a546d51126338de629eeaed3612b5bdefa5d02ada577f54cfae52,100.0,100.0,100.0,100.0,97.0,0.0,0.0,3.0,3.0,0.0,0.0,0.0,0.0,0.0,0.0,0.0,0.0,0.0,0.0,0.0,0.0,cumulative40,26.5,21.428571428571427,47.0,38.65546218487395,58.0,47.89915966386555,35.99439775910364
sol,current_user,da-19-1,3,da-19-1--rep-003,ec091ad49126a85e8b26312e2934437bb668c437c5e91faae91f81b2a36fdadf,100.0,100.0,96.0,90.66666666666667,97.0,4.0,5.333333333333329,-6.333333333333329,3.0,0.0,0.0,0.0,0.0,0.0,0.0,1.0,0.0,0.0,0.0,0.0,0.0,cumulative40,50.5,41.596638655462186,101.0,84.03361344537815,37.0,30.252100840336134,51.96078431372549
sol,current_user,da-19-3,1,da-19-3--rep-001,71621ae228a547058abce0bb3162089a4709b0f092eab36a0b208b47a2ecc454,100.0,100.0,100.0,100.0,86.0,0.0,0.0,14.0,14.0,0.0,0.0,0.0,0.0,0.0,0.0,0.0,0.0,0.0,1.0,0.0,0.0,cumulative40,26.5,21.428571428571427,47.0,38.65546218487395,89.0,73.94957983193277,44.67787114845938
sol,current_user,da-19-3,2,da-19-3--rep-002,4d3b1ab1e95978cf8c45396e1807af6c161ccc964081843d7b5ae23488b7ea11,100.0,100.0,100.0,100.0,62.0,0.0,0.0,38.0,38.0,0.0,0.0,0.0,0.0,0.0,0.0,0.0,0.0,0.0,0.0,0.0,0.0,cumulative40,26.5,21.428571428571427,47.0,38.65546218487395,115.0,95.7983193277311,51.96078431372549
sol,current_user,da-19-3,3,da-19-3--rep-003,205f21c0a39e966e073f859acac41bfd84fe8712855dcd9ea27a6fda0dac3977,100.0,100.0,95.0,90.0,68.0,5.0,5.0,22.0,32.0,1.0,0.0,0.0,0.0,0.0,0.0,0.0,0.0,0.0,0.0,0.0,0.0,cumulative40,54.5,44.95798319327731,97.0,80.67226890756302,100.0,83.19327731092437,69.6078431372549
sol,current_user,da-19-6,1,da-19-6--rep-001,9a16f1ca31dcfabe5b6d4310edb3ad148676155750fd8b6230e516edca849bd6,35.0,35.0,12.0,10.333333333333334,72.0,23.0,1.666666666666666,-61.666666666666664,-37.0,1.0,0.0,0.0,0.0,0.0,0.0,0.0,0.0,0.0,0.0,0.0,0.0,cumulative40,106.0,88.23529411764706,81.5,67.6470588235294,2.0,0.8403361344537815,52.24089635854342
sol,current_user,da-19-6,2,da-19-6--rep-002,a8533f11a1771f2899ffade736efc0ba4d6cb1a19b394f02746cf72adcd38fac,47.0,47.0,17.0,15.333333333333334,58.0,30.0,1.666666666666666,-42.666666666666664,-11.0,0.0,0.0,0.0,0.0,0.0,0.0,0.0,0.0,0.0,0.0,0.0,0.0,cumulative40,115.5,96.21848739495799,81.5,67.6470588235294,3.0,1.680672268907563,55.182072829131656
sol,current_user,da-19-6,3,da-19-6--rep-003,91657fa87314f79c5f92844f0ee7e9b3b09cd224fef7af8dc31a99a7a11b6312,30.0,30.0,12.0,13.666666666666666,84.0,18.0,-1.666666666666666,-70.33333333333333,-54.0,0.0,0.0,0.0,0.0,0.0,0.0,0.0,0.0,0.0,0.0,0.0,0.0,cumulative40,92.5,76.89075630252101,15.0,11.764705882352942,1.0,0.0,29.551820728291318
sol,current_user,da-20-1,1,da-20-1--rep-001,ac5bc1975bea03b52142fb9d96b87eee16c2e7932b624241b92093a670009a34,90.0,90.0,58.0,61.333333333333336,73.0,32.0,-3.3333333333333357,-11.666666666666664,17.0,2.0,0.0,0.0,2.0,0.0,0.0,0.0,0.0,0.0,1.0,0.0,0.0,cumulative40,117.5,97.89915966386555,10.0,7.563025210084033,24.0,19.327731092436974,41.596638655462186
sol,current_user,da-20-1,2,da-20-1--rep-002,f89dfdcd5ba5a9a7eb53afb28fb814752fb5f0939a7a11b52df372b18f33a4cc,100.0,100.0,78.0,78.0,94.0,22.0,0.0,-16.0,6.0,3.0,0.0,0.0,4.0,0.0,0.0,0.0,0.0,0.0,0.0,0.0,0.0,cumulative40,104.5,86.97478991596638,47.0,38.65546218487395,19.0,15.126050420168067,46.9187675070028
sol,current_user,da-20-1,3,da-20-1--rep-003,cb8e213b6078b0aaece482f9edcdecff47e14757fff259382ba1302949f6d81b,95.0,95.0,73.0,76.33333333333333,62.0,22.0,-3.3333333333333286,14.333333333333329,33.0,1.0,0.0,0.0,1.0,0.0,0.0,2.0,0.0,0.0,1.0,0.0,0.0,cumulative40,104.5,86.97478991596638,12.5,9.663865546218487,90.0,74.78991596638656,57.142857142857146
sol,current_user,da-20-4,1,da-20-4--rep-001,a59cb4449436be572741e57207c0b8349d4af3cec4b7a11624e5232452656a1b,10.0,10.0,0.0,3.3333333333333335,18.0,10.0,-3.3333333333333335,-14.666666666666666,-8.0,1.0,0.0,0.0,0.0,0.0,0.0,0.0,0.0,0.0,0.0,0.0,0.0,cumulative40,74.0,61.34453781512605,11.0,8.403361344537815,20.0,15.966386554621849,28.571428571428573
sol,current_user,da-20-4,2,da-20-4--rep-002,93e7a748c785a09b6468dee524aafb1c6a3a772cad5c82b0a7a40cf92c8c88cd,10.0,10.0,10.0,5.0,18.0,0.0,5.0,-13.0,-8.0,1.0,0.0,0.0,0.0,0.0,0.0,0.0,0.0,0.0,0.0,0.0,0.0,cumulative40,26.5,21.428571428571427,97.0,80.67226890756302,21.5,17.22689075630252,39.77591036414566
sol,current_user,da-20-4,3,da-20-4--rep-003,7a46c3791f7cda1ba6ce754b2c0b78db4e5cb43c70dbfd46f182b464ea81ec96,20.0,20.0,15.0,15.0,34.0,5.0,0.0,-19.0,-14.0,0.0,0.0,0.0,1.0,0.0,0.0,0.0,0.0,0.0,0.0,0.0,0.0,cumulative40,54.5,44.95798319327731,47.0,38.65546218487395,14.0,10.92436974789916,31.512605042016805
sol,current_user,da-24-3,1,da-24-3--rep-001,f42a0cd151b82c3a74b7b662a0359972fd9674cdfba3795d430a44cc44ba7c1f,60.0,60.0,45.0,41.666666666666664,45.0,15.0,3.3333333333333357,-3.3333333333333357,15.0,1.0,0.0,0.0,1.0,0.0,0.0,1.0,0.0,0.0,0.0,0.0,0.0,cumulative40,87.0,72.26890756302521,93.0,77.3109243697479,42.0,34.45378151260504,61.344537815126046
sol,current_user,da-24-3,2,da-24-3--rep-002,c5a98e2998fb1a3f97e55aaae028dd156508894a55d4435d0a332c3f12009cbd,100.0,100.0,80.0,80.0,52.0,20.0,0.0,28.0,48.0,1.0,0.0,0.0,0.0,0.0,0.0,0.0,0.0,0.0,0.0,0.0,0.0,cumulative40,99.0,82.3529411764706,47.0,38.65546218487395,108.0,89.91596638655462,70.30812324929971
sol,current_user,da-24-3,3,da-24-3--rep-003,6f5fc7228728d8064939b62a52560d39ab1953d3a88485e4d7b579645d589e4c,80.0,80.0,70.0,70.0,42.0,10.0,0.0,28.0,38.0,2.0,0.0,0.0,2.0,0.0,0.0,0.0,0.0,0.0,0.0,0.0,0.0,cumulative40,74.0,61.34453781512605,47.0,38.65546218487395,108.0,89.91596638655462,63.305322128851536
sol,current_user,da-26-2,1,da-26-2--rep-001,2a8b04e8c8b437605e2cd228425284166426486a42f851f4703c1abb58a9b77f,71.0,71.0,57.0,56.333333333333336,58.0,14.0,0.6666666666666643,-1.6666666666666643,13.0,1.0,0.0,0.0,1.0,0.0,0.0,1.0,0.0,0.0,0.0,0.0,0.0,cumulative40,85.0,70.58823529411765,78.0,64.70588235294117,48.0,39.49579831932773,58.26330532212885
sol,current_user,da-26-2,2,da-26-2--rep-002,58874b5fe68471f4ecced1cee4e5de3ce39aaee5be34a1ad4bfa6218ed542d26,71.0,71.0,71.0,71.0,48.0,0.0,0.0,23.0,23.0,1.0,0.0,0.0,0.0,0.0,0.0,1.0,0.0,0.0,0.0,0.0,0.0,cumulative40,26.5,21.428571428571427,47.0,38.65546218487395,103.0,85.71428571428571,48.59943977591036
sol,current_user,da-26-2,3,da-26-2--rep-003,952ad828727e8f15834dc02aaea754dd9cd678ba9bbab0521a1144fc06501cc9,71.0,71.0,44.0,24.0,42.0,27.0,20.0,-18.0,29.0,2.0,0.0,0.0,1.0,0.0,0.0,1.0,0.0,0.0,0.0,0.0,0.0,cumulative40,112.5,93.69747899159664,119.0,99.15966386554622,15.5,12.184873949579831,68.34733893557423
sol,current_user,da-26-4,1,da-26-4--rep-001,74b79ff61d02b55681536fad0edac3c09ef1c45af43a38aa5e3f0438ec0251db,57.0,57.0,57.0,57.0,35.0,0.0,0.0,22.0,22.0,9.0,100.0,0.0,4.0,0.0,0.0,2.0,0.0,0.0,0.0,0.0,0.0,cumulative40,26.5,21.428571428571427,47.0,38.65546218487395,100.0,83.19327731092437,47.75910364145658
sol,current_user,da-26-4,2,da-26-4--rep-002,698fe49708e2fa2dc8af5971682c794c63e9ac6c309ded101c26b0cd01005939,95.0,95.0,76.0,76.0,42.0,19.0,0.0,34.0,53.0,9.0,100.0,0.0,4.0,0.0,0.0,2.0,0.0,0.0,1.0,0.0,0.0,cumulative40,95.5,79.41176470588235,47.0,38.65546218487395,112.0,93.27731092436974,70.44817927170868
sol,current_user,da-26-4,3,da-26-4--rep-003,12c91b4047c0caadaa2cb1762b837e99fb9a7a6d446b69dd083ca104de67ccf4,30.0,30.0,25.0,22.666666666666668,18.0,5.0,2.333333333333332,4.666666666666668,12.0,3.0,0.0,0.0,1.0,0.0,0.0,1.0,0.0,0.0,2.0,0.0,0.0,cumulative40,54.5,44.95798319327731,86.0,71.42857142857143,64.0,52.94117647058823,56.44257703081232
sol,current_user,da-3-5,1,da-3-5--rep-001,2185ac6e96a5a87d7c8e3a9f5829f4593e61601ae86651971102e3d923328ae9,100.0,100.0,79.0,79.0,86.0,21.0,0.0,-7.0,14.0,0.0,0.0,0.0,0.0,0.0,0.0,0.0,0.0,0.0,0.0,0.0,0.0,cumulative40,102.5,85.29411764705883,47.0,38.65546218487395,33.0,26.89075630252101,50.280112044817926
sol,current_user,da-3-5,2,da-3-5--rep-002,feaf90a8d7b2d3f52289ac777233d0518445a3e647c26eb6fc230c1c000c1780,100.0,100.0,100.0,100.0,98.0,0.0,0.0,2.0,2.0,0.0,0.0,0.0,0.0,0.0,0.0,0.0,0.0,0.0,0.0,0.0,0.0,cumulative40,26.5,21.428571428571427,47.0,38.65546218487395,56.0,46.21848739495798,35.43417366946778
sol,current_user,da-3-5,3,da-3-5--rep-003,999f2c16809f8bba8130a006d8d304d37847e3c21f87cca78c2db08953e29947,100.0,100.0,92.0,92.0,82.0,8.0,0.0,10.0,18.0,0.0,0.0,0.0,0.0,0.0,0.0,0.0,0.0,0.0,0.0,0.0,0.0,cumulative40,64.5,53.36134453781513,47.0,38.65546218487395,81.5,67.6470588235294,53.22128851540616
sol,current_user,da-4-1,1,da-4-1--rep-001,057f7a527956349d8e253766ccc333b25228f0214c7e702e4ebf01de87b2307d,86.0,86.0,93.0,87.66666666666667,70.0,-7.0,5.333333333333329,17.66666666666667,16.0,0.0,0.0,0.0,0.0,0.0,0.0,0.0,0.0,0.0,0.0,0.0,0.0,cumulative40,3.0,1.680672268907563,101.0,84.03361344537815,94.0,78.15126050420169,54.6218487394958
sol,current_user,da-4-1,2,da-4-1--rep-002,9c53b773849793077259d4e4789c8a60a846b489413644588ffdff4ccc703068,100.0,100.0,84.0,84.0,76.0,16.0,0.0,8.0,24.0,1.0,0.0,0.0,1.0,0.0,0.0,0.0,0.0,0.0,0.0,0.0,0.0,cumulative40,89.0,73.94957983193277,47.0,38.65546218487395,74.5,61.76470588235294,58.12324929971989
sol,current_user,da-4-1,3,da-4-1--rep-003,12bc3f0f681d221a15606bd1ce516f1379b00f4435c10022d511d369313b541f,93.0,93.0,84.0,87.66666666666667,78.0,9.0,-3.6666666666666714,9.666666666666671,15.0,2.0,0.0,0.0,1.0,0.0,0.0,0.0,0.0,0.0,1.0,0.0,0.0,cumulative40,68.5,56.72268907563025,9.0,6.722689075630252,78.5,65.12605042016807,42.857142857142854
sol,current_user,da-4-6,1,da-4-6--rep-001,0f0c825028bfe48de9f7e71ca6d6c9e30ae4444a8d3e2245e6ee5822799c7574,100.0,100.0,100.0,92.66666666666667,95.0,0.0,7.333333333333329,-2.3333333333333286,5.0,0.0,0.0,0.0,0.0,0.0,0.0,0.0,0.0,0.0,0.0,0.0,0.0,cumulative40,26.5,21.428571428571427,110.5,92.01680672268908,44.0,36.134453781512605,49.85994397759104
sol,current_user,da-4-6,2,da-4-6--rep-002,39b590a763de4b215ab3d3357d2fa8abeab53e8a5389223f3c85a536b87974f0,100.0,100.0,87.0,91.33333333333333,98.0,13.0,-4.333333333333329,-6.666666666666671,2.0,1.0,0.0,0.0,1.0,0.0,0.0,0.0,0.0,0.0,0.0,0.0,0.0,cumulative40,83.0,68.90756302521008,8.0,5.882352941176471,35.0,28.571428571428573,34.45378151260504
sol,current_user,da-4-6,3,da-4-6--rep-003,4985a712df5c5253cfdc26000c68dd9533e7b619c638623d724eccf4af188d57,100.0,100.0,65.0,65.0,92.0,35.0,0.0,-27.0,8.0,0.0,0.0,0.0,0.0,0.0,0.0,0.0,0.0,0.0,0.0,0.0,0.0,cumulative40,119.0,99.15966386554622,47.0,38.65546218487395,7.0,5.042016806722689,47.61904761904762
sol,current_user,da-5-1,1,da-5-1--rep-001,0e9ecb6785a00f2a6404ebd5c22505a29aa7869e70a17f799e44688006b1fca9,100.0,100.0,75.0,81.0,82.0,25.0,-6.0,-1.0,18.0,0.0,0.0,0.0,0.0,0.0,0.0,0.0,0.0,0.0,0.0,0.0,0.0,cumulative40,110.0,91.59663865546219,6.0,4.201680672268908,49.0,40.33613445378151,45.378151260504204
sol,current_user,da-5-1,2,da-5-1--rep-002,447f6841feba72a1c7305fd5f4694e3b89ebaf80b324b00ee30e47c9f1cd2e72,100.0,100.0,88.0,82.0,95.0,12.0,6.0,-13.0,5.0,0.0,0.0,0.0,0.0,0.0,0.0,0.0,0.0,0.0,0.0,0.0,0.0,cumulative40,80.5,66.80672268907563,104.5,86.97478991596638,21.5,17.22689075630252,57.002801120448176
sol,current_user,da-5-1,3,da-5-1--rep-003,50dcd82522cb2a7e033864a427abff94011794f0525d055aa3bf2649aac4d7d6,100.0,100.0,73.0,69.66666666666667,78.0,27.0,3.3333333333333286,-8.333333333333329,22.0,1.0,0.0,0.0,0.0,0.0,0.0,0.0,0.0,0.0,0.0,0.0,0.0,cumulative40,112.5,93.69747899159664,90.0,74.78991596638656,29.0,23.529411764705884,64.00560224089637
sol,current_user,da-6-5,1,da-6-5--rep-001,204ec4c9b9d59a0ac9aa0262bd576f273abbe802751636d502bf3e6e440e093b,100.0,100.0,100.0,100.0,38.0,0.0,0.0,62.0,62.0,1.0,0.0,0.0,1.0,0.0,0.0,3.0,0.0,0.0,0.0,0.0,0.0,cumulative40,26.5,21.428571428571427,47.0,38.65546218487395,120.0,100.0,53.36134453781513
sol,current_user,da-6-5,2,da-6-5--rep-002,1a87d8d001b31de9f609ac7ab62adede44ffc345b61e8305473fdb1f3ebd4359,100.0,100.0,100.0,100.0,78.0,0.0,0.0,22.0,22.0,2.0,0.0,0.0,0.0,0.0,0.0,0.0,0.0,0.0,0.0,0.0,0.0,cumulative40,26.5,21.428571428571427,47.0,38.65546218487395,100.0,83.19327731092437,47.75910364145658
sol,current_user,da-6-5,3,da-6-5--rep-003,8af52c49619255fa187ee348f500b22219597585f823d52ccd37cd870abc3d2e,100.0,100.0,100.0,100.0,89.0,0.0,0.0,11.0,11.0,1.0,0.0,0.0,0.0,0.0,0.0,1.0,0.0,0.0,0.0,0.0,0.0,cumulative40,26.5,21.428571428571427,47.0,38.65546218487395,84.0,69.74789915966386,43.27731092436974
sol,current_user,da-8-1,1,da-8-1--rep-001,12b660169831b7d224b4965ac0c46aa7ed8d9ea94d4e86eb570e6fc48dd7df27,100.0,100.0,92.0,92.0,82.0,8.0,0.0,10.0,18.0,1.0,0.0,0.0,1.0,0.0,0.0,0.0,0.0,0.0,0.0,0.0,0.0,cumulative40,64.5,53.36134453781513,47.0,38.65546218487395,81.5,67.6470588235294,53.22128851540616
sol,current_user,da-8-1,2,da-8-1--rep-002,366823a759f2cd52c6f0192ce41284a997e69ddd99c70aab6cf92e02b30ac9ad,92.0,92.0,87.0,83.66666666666667,58.0,5.0,3.3333333333333286,25.66666666666667,34.0,2.0,0.0,0.0,2.0,0.0,0.0,0.0,0.0,0.0,0.0,0.0,0.0,cumulative40,54.5,44.95798319327731,90.0,74.78991596638656,104.5,86.97478991596638,68.90756302521008
sol,current_user,da-8-1,3,da-8-1--rep-003,4c4f2ff267fd6679892b6e1496a8558f7d0faf229ae460aeb5326b3900847a04,100.0,100.0,100.0,100.0,82.0,0.0,0.0,18.0,18.0,0.0,0.0,0.0,0.0,0.0,0.0,0.0,0.0,0.0,0.0,0.0,0.0,cumulative40,26.5,21.428571428571427,47.0,38.65546218487395,95.0,78.99159663865547,46.358543417366946
sol,current_user,da-8-3,1,da-8-3--rep-001,7d8e335f91a45848411b998c1a5cb1e115fd1bedd3088bd1a168c5753fe63bd3,100.0,100.0,96.0,88.0,57.0,4.0,8.0,31.0,43.0,2.0,0.0,0.0,1.0,0.0,0.0,1.0,0.0,0.0,2.0,0.0,0.0,cumulative40,50.5,41.596638655462186,113.5,94.53781512605042,110.5,92.01680672268908,76.05042016806723
sol,current_user,da-8-3,2,da-8-3--rep-002,0a30c0f00519fd449b9f5a56c6be7d93456e18f43041e52c1fbba34ab2a6c9c9,92.0,92.0,68.0,66.33333333333333,68.0,24.0,1.6666666666666714,-1.6666666666666714,24.0,2.0,0.0,0.0,2.0,0.0,0.0,1.0,0.0,0.0,2.0,0.0,0.0,cumulative40,107.5,89.49579831932773,84.0,69.74789915966386,47.0,38.65546218487395,65.96638655462185
sol,current_user,da-8-3,3,da-8-3--rep-003,8f08bf1a373529a65fc062e76eda747144d6180f37330377e0168e932ef9723e,100.0,100.0,100.0,93.0,43.0,0.0,7.0,50.0,57.0,9.0,100.0,0.0,9.0,100.0,0.0,1.0,0.0,0.0,1.0,0.0,0.0,cumulative40,26.5,21.428571428571427,108.5,90.33613445378151,118.0,98.31932773109244,70.0280112044818
sol,current_user,da-9-1,1,da-9-1--rep-001,03df4078648b486b92503b2b6f0f3c5a8d7adf29720b8c6981634f2cc6d4ce4f,100.0,100.0,93.0,88.0,83.0,7.0,5.0,5.0,17.0,0.0,0.0,0.0,0.0,0.0,0.0,0.0,0.0,0.0,0.0,0.0,0.0,cumulative40,60.0,49.57983193277311,97.0,80.67226890756302,66.0,54.621848739495796,61.62464985994398
sol,current_user,da-9-1,2,da-9-1--rep-002,5e6269a054e2ba527a66a7f2b568da3cd3763b853ec88db9d626e4b5e6e66170,100.0,100.0,81.0,81.0,74.0,19.0,0.0,7.0,26.0,0.0,0.0,0.0,0.0,0.0,0.0,0.0,0.0,0.0,0.0,0.0,0.0,cumulative40,95.5,79.41176470588235,47.0,38.65546218487395,70.0,57.983193277310924,58.68347338935574
sol,current_user,da-9-1,3,da-9-1--rep-003,341dec816c312ddeb50bc186c59bdecc547e7568e20bcc64e7ed381f0a0be05c,100.0,100.0,88.0,88.0,88.0,12.0,0.0,0.0,12.0,1.0,0.0,0.0,1.0,0.0,0.0,0.0,0.0,0.0,0.0,0.0,0.0,cumulative40,80.5,66.80672268907563,47.0,38.65546218487395,51.5,42.436974789915965,49.29971988795518
sol,current_user,da-9-7,1,da-9-7--rep-001,0a628d405fd5de3e7f3c2095bec2cdd70dcaf101770947b4f6d1595fb70bfa8a,93.0,93.0,86.0,86.0,98.0,7.0,0.0,-12.0,-5.0,6.0,100.0,0.0,7.0,100.0,0.0,0.0,0.0,0.0,1.0,0.0,0.0,cumulative40,60.0,49.57983193277311,47.0,38.65546218487395,23.0,18.48739495798319,35.57422969187675
sol,current_user,da-9-7,2,da-9-7--rep-002,a48d5584d1cda0f414be705fb4ffa0ac4708fa19d2013b3b9ca4ef4c69c32de4,100.0,100.0,89.0,89.0,91.0,11.0,0.0,-2.0,9.0,2.0,0.0,0.0,0.0,0.0,0.0,1.0,0.0,0.0,0.0,0.0,0.0,cumulative40,78.5,65.12605042016807,47.0,38.65546218487395,45.5,37.39495798319328,47.05882352941177
sol,current_user,da-9-7,3,da-9-7--rep-003,99e00800ef6d12badf8dff8274ce657323e98b12bd2973f1c4bb9e3dda6a13d6,93.0,93.0,75.0,75.0,97.0,18.0,0.0,-22.0,-4.0,0.0,0.0,0.0,0.0,0.0,0.0,0.0,0.0,0.0,0.0,0.0,0.0,cumulative40,92.5,76.89075630252101,47.0,38.65546218487395,10.0,7.563025210084033,41.036414565826334
opus,current_full,da-1-3,1,da-1-3--rep-001,5d3ef64216240a0b1df0133b1835ab72e2bab2d1a31f9acbdd11f9c35f20bb47,100.0,100.0,95.0,95.0,83.0,5.0,0.0,12.0,17.0,1.0,0.0,0.0,1.0,0.0,0.0,1.0,0.0,0.0,1.0,0.0,0.0,cumulative40,70.5,58.403361344537814,48.5,39.91596638655462,45.5,37.39495798319328,45.23809523809524
opus,current_full,da-1-3,2,da-1-3--rep-002,31177b6bf749aa9955327185f9607c4c0290659aae41c44b65448ddff613b8ae,100.0,100.0,100.0,98.0,85.0,0.0,2.0,13.0,15.0,1.0,0.0,0.0,1.0,0.0,0.0,1.0,0.0,0.0,1.0,0.0,0.0,cumulative40,31.5,25.630252100840337,82.5,68.4873949579832,51.5,42.436974789915965,45.51820728291317
opus,current_full,da-1-3,3,da-1-3--rep-003,831ad3c7154ae1a059582999abac0191237eaf9b72aed0dddccd784299cc861f,100.0,100.0,87.0,88.0,62.0,13.0,-1.0,26.0,38.0,1.0,0.0,0.0,1.0,0.0,0.0,1.0,0.0,0.0,1.0,0.0,0.0,cumulative40,98.0,81.5126050420168,18.0,14.285714285714286,94.0,78.15126050420169,57.983193277310924
opus,current_full,da-1-4,1,da-1-4--rep-001,8579f1d69821d8f95467324681e5de48dc9b533437b308282872bc828b2f3f12,100.0,100.0,100.0,100.0,85.0,0.0,0.0,15.0,15.0,1.0,0.0,0.0,1.0,0.0,0.0,1.0,0.0,0.0,1.0,0.0,0.0,cumulative40,31.5,25.630252100840337,48.5,39.91596638655462,63.0,52.10084033613445,39.21568627450981
opus,current_full,da-1-4,2,da-1-4--rep-002,16cc9e2d573864e05955a3fcacf526cb3b7f6fe9278bdf5ef17ad88a084562b5,100.0,100.0,100.0,100.0,85.0,0.0,0.0,15.0,15.0,2.0,0.0,0.0,1.0,0.0,0.0,1.0,0.0,0.0,2.0,0.0,0.0,cumulative40,31.5,25.630252100840337,48.5,39.91596638655462,63.0,52.10084033613445,39.21568627450981
opus,current_full,da-1-4,3,da-1-4--rep-003,60154c27e2ab3ff3bc19f636dc862c2a62a671934f29e94a788238946ea54b61,100.0,100.0,96.0,96.0,84.0,4.0,0.0,12.0,16.0,1.0,0.0,0.0,1.0,0.0,0.0,1.0,0.0,0.0,1.0,0.0,0.0,cumulative40,61.0,50.42016806722689,48.5,39.91596638655462,45.5,37.39495798319328,42.57703081232493
opus,current_full,da-10-1,1,da-10-1--rep-001,8a59fa68dbcd5e8ae42ecd5148e7877fa04f672b4847eab901635ad0b0cfda04,100.0,100.0,100.0,100.0,80.0,0.0,0.0,20.0,20.0,1.0,0.0,0.0,0.0,0.0,0.0,1.0,0.0,0.0,1.0,0.0,0.0,cumulative40,31.5,25.630252100840337,48.5,39.91596638655462,80.0,66.38655462184875,43.977591036414566
opus,current_full,da-10-1,2,da-10-1--rep-002,28bb10a27cc5e7b0d29f2dee6658836679cca6dd5b1ee3c17e687f92b4a23d8e,100.0,100.0,95.0,95.0,80.0,5.0,0.0,15.0,20.0,1.0,0.0,0.0,1.0,0.0,0.0,1.0,0.0,0.0,1.0,0.0,0.0,cumulative40,70.5,58.403361344537814,48.5,39.91596638655462,63.0,52.10084033613445,50.14005602240896
opus,current_full,da-10-1,3,da-10-1--rep-003,d77c9832e24c0b1a42f91901e0a69c073ab4c04c89ef662ec0344e1f778444bb,100.0,100.0,100.0,100.0,85.0,0.0,0.0,15.0,15.0,1.0,0.0,0.0,1.0,0.0,0.0,1.0,0.0,0.0,1.0,0.0,0.0,cumulative40,31.5,25.630252100840337,48.5,39.91596638655462,63.0,52.10084033613445,39.21568627450981
opus,current_full,da-10-3,1,da-10-3--rep-001,bcc9f280eaf5bcc981ab99bfffb5b40d9bf3ea870b24454dfd3bf94e4ca26edf,100.0,100.0,100.0,100.0,83.0,0.0,0.0,17.0,17.0,1.0,0.0,0.0,1.0,0.0,0.0,1.0,0.0,0.0,1.0,0.0,0.0,cumulative40,31.5,25.630252100840337,48.5,39.91596638655462,71.0,58.8235294117647,41.45658263305322
opus,current_full,da-10-3,2,da-10-3--rep-002,af1ead73430659ec7567418ef500f3a14330b21ef20c93d4f9ea7f58374e325f,100.0,100.0,95.0,98.33333333333333,69.0,5.0,-3.3333333333333286,29.33333333333333,31.0,1.0,0.0,0.0,1.0,0.0,0.0,1.0,0.0,0.0,1.0,0.0,0.0,cumulative40,70.5,58.403361344537814,10.0,7.563025210084033,103.0,85.71428571428571,50.56022408963585
opus,current_full,da-10-3,3,da-10-3--rep-003,7eff9444a67bf46772b10655df63a85852ff1556f1b1f197c200e5344bc459b7,100.0,100.0,100.0,96.33333333333333,82.0,0.0,3.6666666666666714,14.333333333333329,18.0,1.0,0.0,0.0,1.0,0.0,0.0,1.0,0.0,0.0,1.0,0.0,0.0,cumulative40,31.5,25.630252100840337,94.0,78.15126050420169,57.0,47.05882352941177,50.28011204481793
opus,current_full,da-12-2,1,da-12-2--rep-001,aa5558f0bc70c3c0056596c6f332961c6a28149e5403459ae069d38d1744d6c2,100.0,95.0,100.0,100.0,72.0,0.0,0.0,28.0,28.0,7.0,100.0,0.0,7.0,100.0,0.0,8.0,100.0,0.0,6.0,100.0,0.0,cumulative40,31.5,25.630252100840337,48.5,39.91596638655462,100.0,83.19327731092437,49.57983193277311
opus,current_full,da-12-2,2,da-12-2--rep-002,953bdb85e14b9bb90c6086aaf50e1ad561a2281b02055778d4ba60644119181b,70.0,70.0,65.0,66.66666666666667,64.0,5.0,-1.6666666666666714,2.6666666666666714,6.0,1.0,0.0,0.0,0.0,0.0,0.0,1.0,0.0,0.0,1.0,0.0,0.0,cumulative40,70.5,58.403361344537814,15.5,12.184873949579831,25.0,20.168067226890756,30.252100840336134
opus,current_full,da-12-2,3,da-12-2--rep-003,96658af61c93de4b8ed3e4d908009f3f76b8ddc8b0356d891fe518bda682c3e2,100.0,100.0,100.0,100.0,87.0,0.0,0.0,13.0,13.0,5.0,0.0,100.0,2.0,0.0,0.0,2.0,0.0,0.0,2.0,0.0,0.0,cumulative40,31.5,25.630252100840337,48.5,39.91596638655462,51.5,42.436974789915965,35.99439775910364
opus,current_full,da-12-4,1,da-12-4--rep-001,f7cc404237a9fc22cdd1af5841696b058537a33a726d77cb37368ca002f6162c,86.0,86.0,86.0,86.0,83.0,0.0,0.0,3.0,3.0,1.0,0.0,0.0,1.0,0.0,0.0,1.0,0.0,0.0,1.0,0.0,0.0,cumulative40,31.5,25.630252100840337,48.5,39.91596638655462,26.0,21.008403361344538,28.8515406162465
opus,current_full,da-12-4,2,da-12-4--rep-002,d22048bbf9e9aeda018a6ef09192a2a3b59b0d996f764b8b241f87065d353eed,100.0,100.0,100.0,100.0,79.0,0.0,0.0,21.0,21.0,7.0,100.0,0.0,1.0,0.0,0.0,1.0,0.0,0.0,1.0,0.0,0.0,cumulative40,31.5,25.630252100840337,48.5,39.91596638655462,83.0,68.90756302521008,44.817927170868344
opus,current_full,da-12-4,3,da-12-4--rep-003,e631bcaaf0b93d7fac03c461e42334c064c26d702791dd8c34fe3da9ac47ce25,86.0,86.0,100.0,83.66666666666667,84.0,-14.0,16.33333333333333,-0.3333333333333286,2.0,3.0,0.0,0.0,3.0,0.0,0.0,1.0,0.0,0.0,2.0,0.0,0.0,cumulative40,2.0,0.8403361344537815,119.5,99.5798319327731,19.0,15.126050420168067,38.515406162464984
opus,current_full,da-13-1,1,da-13-1--rep-001,2687db1883433f202b5d8c4fa1eeb81260a954db4c9b219b9470ca88df6eb75a,100.0,100.0,91.0,88.0,80.0,9.0,3.0,8.0,20.0,1.0,0.0,0.0,1.0,0.0,0.0,0.0,0.0,0.0,1.0,0.0,0.0,cumulative40,87.0,72.26890756302521,86.5,71.84873949579831,33.5,27.310924369747898,57.14285714285714
opus,current_full,da-13-1,2,da-13-1--rep-002,cff05b668fee971c5af7a3bc1b18b31d9370768654b274ca8f88901252cba0b1,100.0,100.0,100.0,100.0,83.0,0.0,0.0,17.0,17.0,1.0,0.0,0.0,1.0,0.0,0.0,1.0,0.0,0.0,1.0,0.0,0.0,cumulative40,31.5,25.630252100840337,48.5,39.91596638655462,71.0,58.8235294117647,41.45658263305322
opus,current_full,da-13-1,3,da-13-1--rep-003,4872c95f9caa5c573f5e3056e2fc5bf40232784f95f8423cb777b3654cd139a1,100.0,100.0,91.0,84.33333333333333,83.0,9.0,6.666666666666671,1.3333333333333286,17.0,1.0,0.0,0.0,1.0,0.0,0.0,1.0,0.0,0.0,1.0,0.0,0.0,cumulative40,87.0,72.26890756302521,106.5,88.65546218487395,23.0,18.48739495798319,59.80392156862745
opus,current_full,da-13-3,1,da-13-3--rep-001,13d1faa077f1168872dc928fe929fcfec5e2b5a7a004d404ecba57c1b0607a19,100.0,100.0,100.0,100.0,85.0,0.0,0.0,15.0,15.0,1.0,0.0,0.0,0.0,0.0,0.0,0.0,0.0,0.0,1.0,0.0,0.0,cumulative40,31.5,25.630252100840337,48.5,39.91596638655462,63.0,52.10084033613445,39.21568627450981
opus,current_full,da-13-3,2,da-13-3--rep-002,844644e69962c5c8f40741d7e7e809c2f33007ecd3483f925f52af4c3c55b383,100.0,100.0,100.0,95.33333333333333,85.0,0.0,4.666666666666671,10.333333333333329,15.0,1.0,0.0,0.0,1.0,0.0,0.0,1.0,0.0,0.0,1.0,0.0,0.0,cumulative40,31.5,25.630252100840337,97.0,80.67226890756302,37.0,30.252100840336134,45.51820728291317
opus,current_full,da-13-3,3,da-13-3--rep-003,3b55f0efcc9addf6212ef1aea789ea400d6fdbd67280be554000a46a9fb72f40,100.0,100.0,100.0,95.33333333333333,83.0,0.0,4.666666666666671,12.333333333333329,17.0,1.0,0.0,0.0,1.0,0.0,0.0,1.0,0.0,0.0,1.0,0.0,0.0,cumulative40,31.5,25.630252100840337,97.0,80.67226890756302,49.0,40.33613445378151,48.87955182072829
opus,current_full,da-13-5,1,da-13-5--rep-001,e8908a1509166c699c3c01f2743ccef1b0ca5b45ba7e04fc5ec4c7407c720211,100.0,100.0,100.0,96.66666666666667,82.0,0.0,3.3333333333333286,14.666666666666671,18.0,2.0,0.0,0.0,2.0,0.0,0.0,1.0,0.0,0.0,1.0,0.0,0.0,cumulative40,31.5,25.630252100840337,90.0,74.78991596638656,58.0,47.89915966386555,49.43977591036415
opus,current_full,da-13-5,2,da-13-5--rep-002,34c7af044371da1b74591a96f6f536d2edc51341d276cd2c1ced555eb67b5bb3,100.0,100.0,90.0,83.33333333333333,89.0,10.0,6.666666666666671,-5.666666666666671,11.0,1.0,0.0,0.0,0.0,0.0,0.0,0.0,0.0,0.0,1.0,0.0,0.0,cumulative40,91.5,76.05042016806723,106.5,88.65546218487395,11.0,8.403361344537815,57.703081232493
opus,current_full,da-13-5,3,da-13-5--rep-003,da45ed3657c57a505691d5a566d6bee40b749093aeb6f4c0e83249050a42da97,100.0,100.0,80.0,83.33333333333333,88.0,20.0,-3.3333333333333286,-4.666666666666671,12.0,2.0,0.0,0.0,1.0,0.0,0.0,1.0,0.0,0.0,1.0,0.0,0.0,cumulative40,107.5,89.49579831932773,10.0,7.563025210084033,14.0,10.92436974789916,35.99439775910364
opus,current_full,da-13-6,1,da-13-6--rep-001,4b91801b7b3b3c0722d4138099e799e529db27a6ec410c7f895baf46b5b5260e,100.0,100.0,100.0,93.33333333333333,82.0,0.0,6.666666666666671,11.333333333333329,18.0,2.0,0.0,0.0,1.0,0.0,0.0,1.0,0.0,0.0,1.0,0.0,0.0,cumulative40,31.5,25.630252100840337,106.5,88.65546218487395,41.0,33.61344537815126,49.299719887955185
opus,current_full,da-13-6,2,da-13-6--rep-002,70781e72c0bd769898685277e2b00f3b58af60dd021f75dee121e9669d39c8b5,100.0,100.0,70.0,56.666666666666664,80.0,30.0,13.333333333333336,-23.333333333333336,20.0,1.0,0.0,0.0,1.0,0.0,0.0,1.0,0.0,0.0,0.0,0.0,0.0,cumulative40,118.0,98.31932773109244,118.0,98.31932773109244,1.0,0.0,65.54621848739497
opus,current_full,da-13-6,3,da-13-6--rep-003,8c39c24a1969119db9cb917eb6bb9b0d66834e1a2fe3e2dad56e988ed78d19bc,100.0,100.0,60.0,56.666666666666664,77.0,40.0,3.3333333333333357,-20.333333333333336,23.0,1.0,0.0,0.0,1.0,0.0,0.0,1.0,0.0,0.0,1.0,0.0,0.0,cumulative40,119.0,99.15966386554622,93.0,77.3109243697479,2.0,0.8403361344537815,59.10364145658263
opus,current_full,da-14-1,1,da-14-1--rep-001,c58870f887fa50980bfb0a72ef12a02de1d44513021245911166f54fb4ab8849,100.0,100.0,95.0,88.66666666666667,85.0,5.0,6.333333333333329,3.6666666666666714,15.0,1.0,0.0,0.0,1.0,0.0,0.0,0.0,0.0,0.0,1.0,0.0,0.0,cumulative40,70.5,58.403361344537814,103.0,85.71428571428571,27.0,21.84873949579832,55.32212885154061
opus,current_full,da-14-1,2,da-14-1--rep-002,62a4f4e79c3ba40897079d2e4434524d0de6c7e9af55274bb103f10775894457,100.0,100.0,95.0,88.33333333333333,83.0,5.0,6.666666666666671,5.333333333333329,17.0,1.0,0.0,0.0,0.0,0.0,0.0,0.0,0.0,0.0,1.0,0.0,0.0,cumulative40,70.5,58.403361344537814,106.5,88.65546218487395,29.0,23.529411764705884,56.86274509803922
opus,current_full,da-14-1,3,da-14-1--rep-003,910c3ad981337a49826a2db6a9dcfeae79e59eea300411fa02d21a728b30d313,100.0,100.0,93.0,89.66666666666667,82.0,7.0,3.3333333333333286,7.666666666666671,18.0,1.0,0.0,0.0,1.0,0.0,0.0,0.0,0.0,0.0,1.0,0.0,0.0,cumulative40,80.5,66.80672268907563,90.0,74.78991596638656,32.0,26.050420168067227,55.88235294117647
opus,current_full,da-14-3,1,da-14-3--rep-001,443cef1315d563b38a073e85156b222064439a6e6924ece7a7cf696da81ca47d,100.0,100.0,100.0,100.0,88.0,0.0,0.0,12.0,12.0,1.0,0.0,0.0,1.0,0.0,0.0,1.0,0.0,0.0,1.0,0.0,0.0,cumulative40,31.5,25.630252100840337,48.5,39.91596638655462,45.5,37.39495798319328,34.31372549019608
opus,current_full,da-14-3,2,da-14-3--rep-002,b6bcfb1759100fb5dccdc6a0c96b2e53512990979748023f4dd66d1dafdae449,100.0,100.0,100.0,100.0,88.0,0.0,0.0,12.0,12.0,2.0,0.0,0.0,1.0,0.0,0.0,1.0,0.0,0.0,1.0,0.0,0.0,cumulative40,31.5,25.630252100840337,48.5,39.91596638655462,45.5,37.39495798319328,34.31372549019608
opus,current_full,da-14-3,3,da-14-3--rep-003,f490cd7d9aac7dd334b16cc234b86a204fe25c9123914094231ef40a35bf9865,100.0,100.0,100.0,100.0,88.0,0.0,0.0,12.0,12.0,1.0,0.0,0.0,1.0,0.0,0.0,0.0,0.0,0.0,1.0,0.0,0.0,cumulative40,31.5,25.630252100840337,48.5,39.91596638655462,45.5,37.39495798319328,34.31372549019608
opus,current_full,da-14-8,1,da-14-8--rep-001,19e50d8f667891739f395ea6149e8c16e896b52239e2f28dc65435d959c044ea,100.0,100.0,100.0,100.0,68.0,0.0,0.0,32.0,32.0,4.0,0.0,0.0,1.0,0.0,0.0,2.0,0.0,0.0,1.0,0.0,0.0,cumulative40,31.5,25.630252100840337,48.5,39.91596638655462,105.0,87.39495798319328,50.98039215686275
opus,current_full,da-14-8,2,da-14-8--rep-002,1854b3c78047ce70c8c201e764f7834984a12b87d1e80fa39c8cebb687eb324c,100.0,100.0,100.0,100.0,76.0,0.0,0.0,24.0,24.0,3.0,0.0,0.0,5.0,0.0,100.0,1.0,0.0,0.0,1.0,0.0,0.0,cumulative40,31.5,25.630252100840337,48.5,39.91596638655462,88.5,73.52941176470588,46.358543417366946
opus,current_full,da-14-8,3,da-14-8--rep-003,1df4d0430e99e84f731048fd90fa72db44584ded655899682db950efc5095058,100.0,100.0,85.0,88.33333333333333,58.0,15.0,-3.3333333333333286,30.33333333333333,42.0,4.0,0.0,0.0,1.0,0.0,0.0,2.0,0.0,0.0,1.0,0.0,0.0,cumulative40,103.0,85.71428571428571,10.0,7.563025210084033,104.0,86.5546218487395,59.943977591036415
opus,current_full,da-15-1,1,da-15-1--rep-001,49778b345951f612f87bb67536902d62c4213099dc7e29ff5944d6732e6b15a9,100.0,100.0,100.0,100.0,76.0,0.0,0.0,24.0,24.0,1.0,0.0,0.0,0.0,0.0,0.0,1.0,0.0,0.0,0.0,0.0,0.0,cumulative40,31.5,25.630252100840337,48.5,39.91596638655462,88.5,73.52941176470588,46.358543417366946
opus,current_full,da-15-1,2,da-15-1--rep-002,d9e2dbdadadbc426045c351ebdf396cff880ef31da1dd828a4c565fa93d51ff1,87.0,87.0,87.0,87.0,86.0,0.0,0.0,1.0,1.0,1.0,0.0,0.0,0.0,0.0,0.0,1.0,0.0,0.0,1.0,0.0,0.0,cumulative40,31.5,25.630252100840337,48.5,39.91596638655462,22.0,17.647058823529413,27.73109243697479
opus,current_full,da-15-1,3,da-15-1--rep-003,2c9b91497ed94a70515f7042413c19b3bc0eae6ec6fd40c1c6f08cdadf998bb8,87.0,87.0,87.0,82.0,85.0,0.0,5.0,-3.0,2.0,3.0,0.0,0.0,1.0,0.0,0.0,0.0,0.0,0.0,0.0,0.0,0.0,cumulative40,31.5,25.630252100840337,100.0,83.19327731092437,15.5,12.184873949579831,40.33613445378151
opus,current_full,da-15-2,1,da-15-2--rep-001,40eaa690bb269c30e6cb610f512a9ef7b79943582f2aa03760864a3f8c8fad8d,73.0,73.0,62.0,62.333333333333336,68.0,11.0,-0.3333333333333357,-5.666666666666664,5.0,2.0,0.0,0.0,3.0,0.0,0.0,2.0,0.0,0.0,2.0,0.0,0.0,cumulative40,95.0,78.99159663865547,20.0,15.966386554621849,12.0,9.243697478991596,34.733893557422974
opus,current_full,da-15-2,2,da-15-2--rep-002,e50e296231d880e0bc0d5c30f44a8a25b92dac2ef762823c03fd9998c0ac1ecf,100.0,95.0,83.0,76.33333333333333,66.0,17.0,6.666666666666671,10.333333333333329,34.0,1.0,0.0,0.0,1.0,0.0,0.0,1.0,0.0,0.0,1.0,0.0,0.0,cumulative40,105.5,87.81512605042016,106.5,88.65546218487395,37.0,30.252100840336134,68.90756302521008
opus,current_full,da-15-2,3,da-15-2--rep-003,a47f7ea5c7ecc7ae88acd066c12e7174fac5d94cce460ba2da6d1b82c4d0c52e,83.0,83.0,73.0,73.0,78.0,10.0,0.0,-5.0,5.0,1.0,0.0,0.0,1.0,0.0,0.0,1.0,0.0,0.0,1.0,0.0,0.0,cumulative40,91.5,76.05042016806723,48.5,39.91596638655462,13.0,10.084033613445378,42.016806722689076
opus,current_full,da-15-7,1,da-15-7--rep-001,59ab428e187341a7a1df7121482cccdd91c9b745d63cec3a741018c1e3e6be6f,77.0,77.0,57.0,67.0,42.0,20.0,-10.0,25.0,35.0,1.0,0.0,0.0,1.0,0.0,0.0,1.0,0.0,0.0,0.0,0.0,0.0,cumulative40,107.5,89.49579831932773,3.0,1.680672268907563,91.0,75.63025210084034,55.602240896358545
opus,current_full,da-15-7,2,da-15-7--rep-002,e9c603185bbda601c1acd391f801e80efed3fe54741476906dab4ae86f8b3ef4,77.0,77.0,77.0,77.0,80.0,0.0,0.0,-3.0,-3.0,1.0,0.0,0.0,1.0,0.0,0.0,0.0,0.0,0.0,1.0,0.0,0.0,cumulative40,31.5,25.630252100840337,48.5,39.91596638655462,15.5,12.184873949579831,25.910364145658264
opus,current_full,da-15-7,3,da-15-7--rep-003,d3e0e167a77afc7c478738b92f976e9c286ae93e2c1056f27de50c7472d08cb7,67.0,67.0,62.0,60.333333333333336,72.0,5.0,1.6666666666666643,-11.666666666666664,-5.0,2.0,0.0,0.0,1.0,0.0,0.0,1.0,0.0,0.0,1.0,0.0,0.0,cumulative40,70.5,58.403361344537814,81.0,67.22689075630252,6.0,4.201680672268908,43.27731092436975
opus,current_full,da-15-8,1,da-15-8--rep-001,53a46b741b20fd7efb6942b743936da2713e7e4f7c0b7caca4c74840bd1c46b4,100.0,100.0,73.0,83.0,84.0,27.0,-10.0,-1.0,16.0,1.0,0.0,0.0,1.0,0.0,0.0,1.0,0.0,0.0,1.0,0.0,0.0,cumulative40,116.0,96.63865546218487,3.0,1.680672268907563,18.0,14.285714285714286,37.53501400560224
opus,current_full,da-15-8,2,da-15-8--rep-002,c41efbccbdce487e284c6cca7437b761647c4c3bd324b82add821555cc3af6e5,100.0,100.0,83.0,79.66666666666667,62.0,17.0,3.3333333333333286,17.66666666666667,38.0,1.0,0.0,0.0,1.0,0.0,0.0,2.0,0.0,0.0,1.0,0.0,0.0,cumulative40,105.5,87.81512605042016,90.0,74.78991596638656,73.0,60.50420168067227,74.36974789915966
opus,current_full,da-15-8,3,da-15-8--rep-003,88786bf677b29c911b61cc5e8508c231eceeaae998d287a14488a99cd07e8f59,100.0,100.0,100.0,93.33333333333333,57.0,0.0,6.666666666666671,36.33333333333333,43.0,3.0,0.0,0.0,1.0,0.0,0.0,1.0,0.0,0.0,1.0,0.0,0.0,cumulative40,31.5,25.630252100840337,106.5,88.65546218487395,109.0,90.75630252100841,68.34733893557423
opus,current_full,da-16-1,1,da-16-1--rep-001,03f392063162b1c738e767e709fe6f8588224063e90da612d8ace10d70f494d1,100.0,100.0,95.0,95.0,76.0,5.0,0.0,19.0,24.0,1.0,0.0,0.0,1.0,0.0,0.0,0.0,0.0,0.0,0.0,0.0,0.0,cumulative40,70.5,58.403361344537814,48.5,39.91596638655462,77.0,63.865546218487395,54.061624649859944
opus,current_full,da-16-1,2,da-16-1--rep-002,f77c2af700524b3b1395f9eadb91da37e3bb9804384000e7d9c0386190a55209,100.0,100.0,95.0,95.0,80.0,5.0,0.0,15.0,20.0,1.0,0.0,0.0,1.0,0.0,0.0,0.0,0.0,0.0,1.0,0.0,0.0,cumulative40,70.5,58.403361344537814,48.5,39.91596638655462,63.0,52.10084033613445,50.14005602240896
opus,current_full,da-16-1,3,da-16-1--rep-003,73cdeed48bca0558d392c3dd44b39985a532fab27e0d15487cb91a54badcfe19,100.0,100.0,95.0,95.0,72.0,5.0,0.0,23.0,28.0,1.0,0.0,0.0,1.0,0.0,0.0,1.0,0.0,0.0,1.0,0.0,0.0,cumulative40,70.5,58.403361344537814,48.5,39.91596638655462,87.0,72.26890756302521,56.86274509803921
opus,current_full,da-17-1,1,da-17-1--rep-001,3a56cdb61ae0719d9193a75a6324c276717d48d5b909f473aeea1db823071664,90.0,90.0,90.0,90.0,82.0,0.0,0.0,8.0,8.0,3.0,0.0,0.0,0.0,0.0,0.0,1.0,0.0,0.0,2.0,0.0,0.0,cumulative40,31.5,25.630252100840337,48.5,39.91596638655462,33.5,27.310924369747898,30.952380952380953
opus,current_full,da-17-1,2,da-17-1--rep-002,c18b5fb1f06017d423bdb0e846f6c0aa380be15a5d2b59825a95b97933b6d655,90.0,90.0,90.0,87.33333333333333,74.0,0.0,2.6666666666666714,13.333333333333329,16.0,1.0,0.0,0.0,0.0,0.0,0.0,1.0,0.0,0.0,0.0,0.0,0.0,cumulative40,31.5,25.630252100840337,85.0,70.58823529411765,53.5,44.11764705882353,46.77871148459384
opus,current_full,da-17-1,3,da-17-1--rep-003,75e9a1196d77215c4c97eb668131739ec5c76d0135c82fd2fff693ae81d382e5,90.0,90.0,77.0,77.0,84.0,13.0,0.0,-7.0,6.0,2.0,0.0,0.0,0.0,0.0,0.0,1.0,0.0,0.0,0.0,0.0,0.0,cumulative40,98.0,81.5126050420168,48.5,39.91596638655462,8.0,5.882352941176471,42.436974789915965
opus,current_full,da-17-3,1,da-17-3--rep-001,0f523220dc1cf46b2b8b8311258233a9d91daed3f3c20ccdaa93be77451a79a2,100.0,100.0,73.0,72.66666666666667,38.0,27.0,0.3333333333333286,34.66666666666667,62.0,1.0,0.0,0.0,1.0,0.0,0.0,6.0,100.0,0.0,2.0,0.0,0.0,cumulative40,116.0,96.63865546218487,77.0,63.865546218487395,106.0,88.23529411764706,82.91316526610645
opus,current_full,da-17-3,2,da-17-3--rep-002,3cb2307c0fe0a04eb1cebca83ba04c0ea03bfa6618daecae4cd0e71020bdd75f,56.0,51.0,31.0,22.666666666666668,22.0,25.0,8.333333333333332,0.6666666666666679,34.0,0.0,0.0,0.0,1.0,0.0,0.0,1.0,0.0,0.0,1.0,0.0,0.0,cumulative40,114.0,94.95798319327731,114.0,94.95798319327731,21.0,16.80672268907563,68.90756302521008
opus,current_full,da-17-3,3,da-17-3--rep-003,920bba4d837f25ef9bee6dedaac8d6a2ab425f159ed5c57a0c9a8b16188358be,30.0,30.0,17.0,16.333333333333332,16.0,13.0,0.6666666666666679,0.33333333333333215,14.0,1.0,0.0,0.0,1.0,0.0,0.0,1.0,0.0,0.0,1.0,0.0,0.0,cumulative40,98.0,81.5126050420168,78.0,64.70588235294117,20.0,15.966386554621849,54.061624649859944
opus,current_full,da-17-5,1,da-17-5--rep-001,6fd9cf0814ce9b2e53274edfc83e64e9f7f2683eb8909c5180393a5c5857344e,90.0,90.0,90.0,90.0,85.0,0.0,0.0,5.0,5.0,1.0,0.0,0.0,0.0,0.0,0.0,1.0,0.0,0.0,0.0,0.0,0.0,cumulative40,31.5,25.630252100840337,48.5,39.91596638655462,28.0,22.689075630252102,29.411764705882355
opus,current_full,da-17-5,2,da-17-5--rep-002,4eeb59cd6397fc912888a0d0ca2c1b1b5d9b008f1b82f2d0eef0eb130b6f98b7,90.0,90.0,82.0,87.33333333333333,80.0,8.0,-5.333333333333329,7.333333333333329,10.0,1.0,0.0,0.0,1.0,0.0,0.0,1.0,0.0,0.0,1.0,0.0,0.0,cumulative40,83.5,69.32773109243698,8.0,5.882352941176471,31.0,25.210084033613445,33.4733893557423
opus,current_full,da-17-5,3,da-17-5--rep-003,2489e5ff53145ddcd4e05c088183921a9cdc4e8e3cb24e7f9cd0b7b7b06437c3,90.0,90.0,90.0,84.66666666666667,74.0,0.0,5.333333333333329,10.666666666666671,16.0,2.0,0.0,0.0,2.0,0.0,0.0,2.0,0.0,0.0,0.0,0.0,0.0,cumulative40,31.5,25.630252100840337,102.0,84.87394957983193,39.0,31.932773109243698,47.47899159663866
opus,current_full,da-18-5,1,da-18-5--rep-001,e16aab443e445a25e328d42a825eafeb8dbce66b57e426a299c777841f64988a,100.0,100.0,90.0,96.66666666666667,57.0,10.0,-6.666666666666671,39.66666666666667,43.0,2.0,0.0,0.0,1.0,0.0,0.0,1.0,0.0,0.0,1.0,0.0,0.0,cumulative40,91.5,76.05042016806723,5.0,3.361344537815126,111.0,92.43697478991596,57.28291316526611
opus,current_full,da-18-5,2,da-18-5--rep-002,7e7dc16cd6b5657189453d3b97525954e7848ca4c813a787d72773fb1187805d,100.0,100.0,90.0,90.0,55.0,10.0,0.0,35.0,45.0,2.0,0.0,0.0,1.0,0.0,0.0,2.0,0.0,0.0,1.0,0.0,0.0,cumulative40,91.5,76.05042016806723,48.5,39.91596638655462,107.5,89.49579831932773,68.4873949579832
opus,current_full,da-18-5,3,da-18-5--rep-003,2e3688af56b326420d8f1a14ef34853c0b6ebdec85e5c02ed7f3e51f35f97fcc,100.0,100.0,100.0,90.0,74.0,0.0,10.0,16.0,26.0,1.0,0.0,0.0,1.0,0.0,0.0,1.0,0.0,0.0,0.0,0.0,0.0,cumulative40,31.5,25.630252100840337,115.0,95.7983193277311,68.0,56.30252100840336,59.2436974789916
opus,current_full,da-18-7,1,da-18-7--rep-001,7a0fcb964647f6592e3015cc4721de083d9eafd4fe2bb761f2e09e2c21ba0441,92.0,92.0,100.0,100.0,73.0,-8.0,0.0,27.0,19.0,2.0,0.0,0.0,1.0,0.0,0.0,2.0,0.0,0.0,1.0,0.0,0.0,cumulative40,3.0,1.680672268907563,48.5,39.91596638655462,96.5,80.25210084033614,40.616246498599445
opus,current_full,da-18-7,2,da-18-7--rep-002,a68c6efb4d3088838ae3214b0eee1421242d79cd02b37205b52417718bb5d69c,100.0,100.0,100.0,100.0,72.0,0.0,0.0,28.0,28.0,2.0,0.0,0.0,1.0,0.0,0.0,2.0,0.0,0.0,1.0,0.0,0.0,cumulative40,31.5,25.630252100840337,48.5,39.91596638655462,100.0,83.19327731092437,49.57983193277311
opus,current_full,da-18-7,3,da-18-7--rep-003,c96906cd9bbe233732ab0a58f730d06d123b6b5000b55870f31665d7ff258a06,100.0,100.0,100.0,100.0,83.0,0.0,0.0,17.0,17.0,2.0,0.0,0.0,1.0,0.0,0.0,0.0,0.0,0.0,1.0,0.0,0.0,cumulative40,31.5,25.630252100840337,48.5,39.91596638655462,71.0,58.8235294117647,41.45658263305322
opus,current_full,da-19-1,1,da-19-1--rep-001,af15ae0a8c740adecf79c1fd6c39ec42ffb0e25acb0e09ce361bdc13ac55e900,100.0,100.0,92.0,94.66666666666667,82.0,8.0,-2.6666666666666714,12.666666666666671,18.0,1.0,0.0,0.0,0.0,0.0,0.0,1.0,0.0,0.0,1.0,0.0,0.0,cumulative40,83.5,69.32773109243698,12.0,9.243697478991596,50.0,41.1764705882353,39.91596638655462
opus,current_full,da-19-1,2,da-19-1--rep-002,23950447b25a546d51126338de629eeaed3612b5bdefa5d02ada577f54cfae52,100.0,100.0,100.0,100.0,88.0,0.0,0.0,12.0,12.0,1.0,0.0,0.0,0.0,0.0,0.0,0.0,0.0,0.0,1.0,0.0,0.0,cumulative40,31.5,25.630252100840337,48.5,39.91596638655462,45.5,37.39495798319328,34.31372549019608
opus,current_full,da-19-1,3,da-19-1--rep-003,ec091ad49126a85e8b26312e2934437bb668c437c5e91faae91f81b2a36fdadf,100.0,100.0,100.0,100.0,85.0,0.0,0.0,15.0,15.0,1.0,0.0,0.0,1.0,0.0,0.0,0.0,0.0,0.0,1.0,0.0,0.0,cumulative40,31.5,25.630252100840337,48.5,39.91596638655462,63.0,52.10084033613445,39.21568627450981
opus,current_full,da-19-3,1,da-19-3--rep-001,71621ae228a547058abce0bb3162089a4709b0f092eab36a0b208b47a2ecc454,100.0,100.0,95.0,96.66666666666667,71.0,5.0,-1.6666666666666714,25.66666666666667,29.0,7.0,100.0,0.0,1.0,0.0,0.0,1.0,0.0,0.0,1.0,0.0,0.0,cumulative40,70.5,58.403361344537814,15.5,12.184873949579831,92.0,76.47058823529412,49.01960784313725
opus,current_full,da-19-3,2,da-19-3--rep-002,4d3b1ab1e95978cf8c45396e1807af6c161ccc964081843d7b5ae23488b7ea11,100.0,100.0,100.0,100.0,73.0,0.0,0.0,27.0,27.0,1.0,0.0,0.0,1.0,0.0,0.0,1.0,0.0,0.0,1.0,0.0,0.0,cumulative40,31.5,25.630252100840337,48.5,39.91596638655462,96.5,80.25210084033614,48.59943977591037
opus,current_full,da-19-3,3,da-19-3--rep-003,205f21c0a39e966e073f859acac41bfd84fe8712855dcd9ea27a6fda0dac3977,100.0,100.0,100.0,96.66666666666667,68.0,0.0,3.3333333333333286,28.66666666666667,32.0,1.0,0.0,0.0,1.0,0.0,0.0,1.0,0.0,0.0,1.0,0.0,0.0,cumulative40,31.5,25.630252100840337,90.0,74.78991596638656,102.0,84.87394957983193,61.76470588235294
opus,current_full,da-19-6,1,da-19-6--rep-001,9a16f1ca31dcfabe5b6d4310edb3ad148676155750fd8b6230e516edca849bd6,71.0,71.0,58.0,53.333333333333336,68.0,13.0,4.666666666666664,-14.666666666666664,3.0,1.0,0.0,0.0,1.0,0.0,0.0,1.0,0.0,0.0,0.0,0.0,0.0,cumulative40,98.0,81.5126050420168,95.0,78.99159663865547,4.0,2.5210084033613445,54.34173669467787
opus,current_full,da-19-6,2,da-19-6--rep-002,a8533f11a1771f2899ffade736efc0ba4d6cb1a19b394f02746cf72adcd38fac,34.0,34.0,54.0,46.0,58.0,-20.0,8.0,-12.0,-24.0,1.0,0.0,0.0,0.0,0.0,0.0,1.0,0.0,0.0,0.0,0.0,0.0,cumulative40,1.0,0.0,111.0,92.43697478991596,5.0,3.361344537815126,31.932773109243698
opus,current_full,da-19-6,3,da-19-6--rep-003,91657fa87314f79c5f92844f0ee7e9b3b09cd224fef7af8dc31a99a7a11b6312,74.0,74.0,66.0,64.66666666666667,80.0,8.0,1.3333333333333286,-15.333333333333329,-6.0,1.0,0.0,0.0,0.0,0.0,0.0,1.0,0.0,0.0,1.0,0.0,0.0,cumulative40,83.5,69.32773109243698,80.0,66.38655462184875,3.0,1.680672268907563,45.79831932773109
opus,current_full,da-20-1,1,da-20-1--rep-001,ac5bc1975bea03b52142fb9d96b87eee16c2e7932b624241b92093a670009a34,100.0,100.0,78.0,79.66666666666667,63.0,22.0,-1.6666666666666714,16.66666666666667,37.0,2.0,0.0,0.0,2.0,0.0,0.0,2.0,0.0,0.0,1.0,0.0,0.0,cumulative40,109.0,90.75630252100841,15.5,12.184873949579831,69.0,57.142857142857146,53.36134453781513
opus,current_full,da-20-1,2,da-20-1--rep-002,f89dfdcd5ba5a9a7eb53afb28fb814752fb5f0939a7a11b52df372b18f33a4cc,83.0,83.0,25.0,37.0,18.0,58.0,-12.0,19.0,65.0,2.0,0.0,0.0,2.0,0.0,0.0,2.0,0.0,0.0,1.0,0.0,0.0,cumulative40,120.0,100.0,1.0,0.0,77.0,63.865546218487395,54.621848739495796
opus,current_full,da-20-1,3,da-20-1--rep-003,cb8e213b6078b0aaece482f9edcdecff47e14757fff259382ba1302949f6d81b,100.0,100.0,95.0,95.0,74.0,5.0,0.0,21.0,26.0,3.0,0.0,0.0,1.0,0.0,0.0,1.0,0.0,0.0,1.0,0.0,0.0,cumulative40,70.5,58.403361344537814,48.5,39.91596638655462,83.0,68.90756302521008,55.74229691876751
opus,current_full,da-20-4,1,da-20-4--rep-001,a59cb4449436be572741e57207c0b8349d4af3cec4b7a11624e5232452656a1b,10.0,10.0,5.0,5.0,12.0,5.0,0.0,-7.0,-2.0,9.0,100.0,0.0,5.0,0.0,100.0,2.0,0.0,0.0,2.0,0.0,0.0,cumulative40,70.5,58.403361344537814,48.5,39.91596638655462,8.0,5.882352941176471,34.73389355742297
opus,current_full,da-20-4,2,da-20-4--rep-002,93e7a748c785a09b6468dee524aafb1c6a3a772cad5c82b0a7a40cf92c8c88cd,25.0,25.0,10.0,10.0,16.0,15.0,0.0,-6.0,9.0,10.0,100.0,0.0,1.0,0.0,0.0,2.0,0.0,0.0,0.0,0.0,0.0,cumulative40,103.0,85.71428571428571,48.5,39.91596638655462,10.0,7.563025210084033,44.397759103641455
opus,current_full,da-20-4,3,da-20-4--rep-003,7a46c3791f7cda1ba6ce754b2c0b78db4e5cb43c70dbfd46f182b464ea81ec96,10.0,10.0,5.0,5.0,12.0,5.0,0.0,-7.0,-2.0,2.0,0.0,0.0,0.0,0.0,0.0,1.0,0.0,0.0,0.0,0.0,0.0,cumulative40,70.5,58.403361344537814,48.5,39.91596638655462,8.0,5.882352941176471,34.73389355742297
opus,current_full,da-24-3,1,da-24-3--rep-001,f42a0cd151b82c3a74b7b662a0359972fd9674cdfba3795d430a44cc44ba7c1f,100.0,100.0,90.0,90.0,45.0,10.0,0.0,45.0,55.0,2.0,0.0,0.0,2.0,0.0,0.0,1.0,0.0,0.0,2.0,0.0,0.0,cumulative40,91.5,76.05042016806723,48.5,39.91596638655462,115.5,96.21848739495799,70.72829131652662
opus,current_full,da-24-3,2,da-24-3--rep-002,c5a98e2998fb1a3f97e55aaae028dd156508894a55d4435d0a332c3f12009cbd,100.0,100.0,100.0,91.66666666666667,64.0,0.0,8.333333333333329,27.66666666666667,36.0,2.0,0.0,0.0,1.0,0.0,0.0,1.0,0.0,0.0,1.0,0.0,0.0,cumulative40,31.5,25.630252100840337,112.5,93.69747899159664,98.0,81.5126050420168,66.9467787114846
opus,current_full,da-24-3,3,da-24-3--rep-003,6f5fc7228728d8064939b62a52560d39ab1953d3a88485e4d7b579645d589e4c,85.0,85.0,70.0,80.0,40.0,15.0,-10.0,40.0,45.0,2.0,0.0,0.0,2.0,0.0,0.0,1.0,0.0,0.0,1.0,0.0,0.0,cumulative40,103.0,85.71428571428571,3.0,1.680672268907563,112.0,93.27731092436974,60.22408963585434
opus,current_full,da-26-2,1,da-26-2--rep-001,2a8b04e8c8b437605e2cd228425284166426486a42f851f4703c1abb58a9b77f,76.0,76.0,76.0,75.0,33.0,0.0,1.0,42.0,43.0,3.0,0.0,0.0,0.0,0.0,0.0,2.0,0.0,0.0,0.0,0.0,0.0,cumulative40,31.5,25.630252100840337,79.0,65.54621848739495,113.5,94.53781512605042,61.904761904761905
opus,current_full,da-26-2,2,da-26-2--rep-002,58874b5fe68471f4ecced1cee4e5de3ce39aaee5be34a1ad4bfa6218ed542d26,100.0,100.0,97.0,99.0,38.0,3.0,-2.0,61.0,62.0,5.0,0.0,100.0,1.0,0.0,0.0,1.0,0.0,0.0,1.0,0.0,0.0,cumulative40,60.0,49.57983193277311,13.0,10.084033613445378,119.0,99.15966386554622,52.94117647058824
opus,current_full,da-26-2,3,da-26-2--rep-003,952ad828727e8f15834dc02aaea754dd9cd678ba9bbab0521a1144fc06501cc9,76.0,76.0,76.0,71.0,26.0,0.0,5.0,45.0,50.0,2.0,0.0,0.0,1.0,0.0,0.0,1.0,0.0,0.0,1.0,0.0,0.0,cumulative40,31.5,25.630252100840337,100.0,83.19327731092437,115.5,96.21848739495799,68.34733893557423
opus,current_full,da-26-4,1,da-26-4--rep-001,74b79ff61d02b55681536fad0edac3c09ef1c45af43a38aa5e3f0438ec0251db,95.0,95.0,85.0,76.66666666666667,30.0,10.0,8.333333333333329,46.66666666666667,65.0,3.0,0.0,0.0,2.0,0.0,0.0,2.0,0.0,0.0,2.0,0.0,0.0,cumulative40,91.5,76.05042016806723,112.5,93.69747899159664,117.0,97.47899159663865,89.07563025210084
opus,current_full,da-26-4,2,da-26-4--rep-002,698fe49708e2fa2dc8af5971682c794c63e9ac6c309ded101c26b0cd01005939,63.0,63.0,36.0,42.333333333333336,31.0,27.0,-6.333333333333336,11.333333333333336,32.0,4.0,0.0,0.0,2.0,0.0,0.0,2.0,0.0,0.0,2.0,0.0,0.0,cumulative40,116.0,96.63865546218487,6.0,4.201680672268908,42.0,34.45378151260504,45.09803921568627
opus,current_full,da-26-4,3,da-26-4--rep-003,12c91b4047c0caadaa2cb1762b837e99fb9a7a6d446b69dd083ca104de67ccf4,81.0,81.0,73.0,71.0,22.0,8.0,2.0,49.0,59.0,6.0,100.0,0.0,2.0,0.0,0.0,1.0,0.0,0.0,2.0,0.0,0.0,cumulative40,83.5,69.32773109243698,82.5,68.4873949579832,118.0,98.31932773109244,78.71148459383754
opus,current_full,da-3-5,1,da-3-5--rep-001,2185ac6e96a5a87d7c8e3a9f5829f4593e61601ae86651971102e3d923328ae9,100.0,100.0,100.0,100.0,58.0,0.0,0.0,42.0,42.0,2.0,0.0,0.0,1.0,0.0,0.0,3.0,0.0,0.0,1.0,0.0,0.0,cumulative40,31.5,25.630252100840337,48.5,39.91596638655462,113.5,94.53781512605042,53.36134453781513
opus,current_full,da-3-5,2,da-3-5--rep-002,feaf90a8d7b2d3f52289ac777233d0518445a3e647c26eb6fc230c1c000c1780,100.0,100.0,100.0,100.0,74.0,0.0,0.0,26.0,26.0,1.0,0.0,0.0,1.0,0.0,0.0,2.0,0.0,0.0,1.0,0.0,0.0,cumulative40,31.5,25.630252100840337,48.5,39.91596638655462,94.0,78.15126050420169,47.89915966386555
opus,current_full,da-3-5,3,da-3-5--rep-003,999f2c16809f8bba8130a006d8d304d37847e3c21f87cca78c2db08953e29947,100.0,100.0,100.0,100.0,62.0,0.0,0.0,38.0,38.0,1.0,0.0,0.0,1.0,0.0,0.0,2.0,0.0,0.0,1.0,0.0,0.0,cumulative40,31.5,25.630252100840337,48.5,39.91596638655462,110.0,91.59663865546219,52.38095238095238
opus,current_full,da-4-1,1,da-4-1--rep-001,057f7a527956349d8e253766ccc333b25228f0214c7e702e4ebf01de87b2307d,100.0,100.0,100.0,100.0,82.0,0.0,0.0,18.0,18.0,1.0,0.0,0.0,1.0,0.0,0.0,1.0,0.0,0.0,1.0,0.0,0.0,cumulative40,31.5,25.630252100840337,48.5,39.91596638655462,74.5,61.76470588235294,42.436974789915965
opus,current_full,da-4-1,2,da-4-1--rep-002,9c53b773849793077259d4e4789c8a60a846b489413644588ffdff4ccc703068,100.0,100.0,100.0,97.66666666666667,84.0,0.0,2.3333333333333286,13.666666666666671,16.0,1.0,0.0,0.0,1.0,0.0,0.0,1.0,0.0,0.0,1.0,0.0,0.0,cumulative40,31.5,25.630252100840337,84.0,69.74789915966386,55.5,45.79831932773109,47.05882352941176
opus,current_full,da-4-1,3,da-4-1--rep-003,12bc3f0f681d221a15606bd1ce516f1379b00f4435c10022d511d369313b541f,100.0,100.0,100.0,83.66666666666667,85.0,0.0,16.33333333333333,-1.3333333333333286,15.0,2.0,0.0,0.0,1.0,0.0,0.0,1.0,0.0,0.0,1.0,0.0,0.0,cumulative40,31.5,25.630252100840337,119.5,99.5798319327731,17.0,13.445378151260504,46.21848739495798
opus,current_full,da-4-6,1,da-4-6--rep-001,0f0c825028bfe48de9f7e71ca6d6c9e30ae4444a8d3e2245e6ee5822799c7574,100.0,100.0,100.0,100.0,85.0,0.0,0.0,15.0,15.0,1.0,0.0,0.0,1.0,0.0,0.0,0.0,0.0,0.0,1.0,0.0,0.0,cumulative40,31.5,25.630252100840337,48.5,39.91596638655462,63.0,52.10084033613445,39.21568627450981
opus,current_full,da-4-6,2,da-4-6--rep-002,39b590a763de4b215ab3d3357d2fa8abeab53e8a5389223f3c85a536b87974f0,100.0,100.0,87.0,87.0,72.0,13.0,0.0,15.0,28.0,2.0,0.0,0.0,1.0,0.0,0.0,1.0,0.0,0.0,1.0,0.0,0.0,cumulative40,98.0,81.5126050420168,48.5,39.91596638655462,63.0,52.10084033613445,57.84313725490196
opus,current_full,da-4-6,3,da-4-6--rep-003,4985a712df5c5253cfdc26000c68dd9533e7b619c638623d724eccf4af188d57,100.0,100.0,76.0,76.0,74.0,24.0,0.0,2.0,26.0,1.0,0.0,0.0,1.0,0.0,0.0,1.0,0.0,0.0,1.0,0.0,0.0,cumulative40,111.5,92.85714285714286,48.5,39.91596638655462,24.0,19.327731092436974,50.70028011204482
opus,current_full,da-5-1,1,da-5-1--rep-001,0e9ecb6785a00f2a6404ebd5c22505a29aa7869e70a17f799e44688006b1fca9,100.0,100.0,100.0,95.33333333333333,82.0,0.0,4.666666666666671,13.333333333333329,18.0,3.0,0.0,0.0,1.0,0.0,0.0,1.0,0.0,0.0,1.0,0.0,0.0,cumulative40,31.5,25.630252100840337,97.0,80.67226890756302,53.5,44.11764705882353,50.14005602240896
opus,current_full,da-5-1,2,da-5-1--rep-002,447f6841feba72a1c7305fd5f4694e3b89ebaf80b324b00ee30e47c9f1cd2e72,100.0,100.0,91.0,91.66666666666667,83.0,9.0,-0.6666666666666714,8.666666666666671,17.0,2.0,0.0,0.0,1.0,0.0,0.0,2.0,0.0,0.0,2.0,0.0,0.0,cumulative40,87.0,72.26890756302521,19.0,15.126050420168067,35.0,28.571428571428573,38.65546218487395
opus,current_full,da-5-1,3,da-5-1--rep-003,50dcd82522cb2a7e033864a427abff94011794f0525d055aa3bf2649aac4d7d6,100.0,100.0,100.0,100.0,82.0,0.0,0.0,18.0,18.0,2.0,0.0,0.0,1.0,0.0,0.0,2.0,0.0,0.0,1.0,0.0,0.0,cumulative40,31.5,25.630252100840337,48.5,39.91596638655462,74.5,61.76470588235294,42.436974789915965
opus,current_full,da-6-5,1,da-6-5--rep-001,204ec4c9b9d59a0ac9aa0262bd576f273abbe802751636d502bf3e6e440e093b,100.0,100.0,95.0,84.66666666666667,22.0,5.0,10.333333333333329,62.66666666666667,78.0,1.0,0.0,0.0,1.0,0.0,0.0,1.0,0.0,0.0,2.0,0.0,0.0,cumulative40,70.5,58.403361344537814,116.0,96.63865546218487,120.0,100.0,85.0140056022409
opus,current_full,da-6-5,2,da-6-5--rep-002,1a87d8d001b31de9f609ac7ab62adede44ffc345b61e8305473fdb1f3ebd4359,100.0,100.0,100.0,100.0,74.0,0.0,0.0,26.0,26.0,1.0,0.0,0.0,1.0,0.0,0.0,1.0,0.0,0.0,1.0,0.0,0.0,cumulative40,31.5,25.630252100840337,48.5,39.91596638655462,94.0,78.15126050420169,47.89915966386555
opus,current_full,da-6-5,3,da-6-5--rep-003,8af52c49619255fa187ee348f500b22219597585f823d52ccd37cd870abc3d2e,100.0,100.0,100.0,100.0,78.0,0.0,0.0,22.0,22.0,1.0,0.0,0.0,1.0,0.0,0.0,0.0,0.0,0.0,1.0,0.0,0.0,cumulative40,31.5,25.630252100840337,48.5,39.91596638655462,85.5,71.00840336134453,45.51820728291317
opus,current_full,da-8-1,1,da-8-1--rep-001,12b660169831b7d224b4965ac0c46aa7ed8d9ea94d4e86eb570e6fc48dd7df27,100.0,100.0,100.0,100.0,79.0,0.0,0.0,21.0,21.0,1.0,0.0,0.0,1.0,0.0,0.0,1.0,0.0,0.0,1.0,0.0,0.0,cumulative40,31.5,25.630252100840337,48.5,39.91596638655462,83.0,68.90756302521008,44.817927170868344
opus,current_full,da-8-1,2,da-8-1--rep-002,366823a759f2cd52c6f0192ce41284a997e69ddd99c70aab6cf92e02b30ac9ad,100.0,100.0,100.0,100.0,72.0,0.0,0.0,28.0,28.0,1.0,0.0,0.0,1.0,0.0,0.0,1.0,0.0,0.0,1.0,0.0,0.0,cumulative40,31.5,25.630252100840337,48.5,39.91596638655462,100.0,83.19327731092437,49.57983193277311
opus,current_full,da-8-1,3,da-8-1--rep-003,4c4f2ff267fd6679892b6e1496a8558f7d0faf229ae460aeb5326b3900847a04,100.0,100.0,86.0,92.0,57.0,14.0,-6.0,35.0,43.0,2.0,0.0,0.0,1.0,0.0,0.0,1.0,0.0,0.0,0.0,0.0,0.0,cumulative40,101.0,84.03361344537815,7.0,5.042016806722689,107.5,89.49579831932773,59.523809523809526
opus,current_full,da-8-3,1,da-8-3--rep-001,7d8e335f91a45848411b998c1a5cb1e115fd1bedd3088bd1a168c5753fe63bd3,100.0,100.0,76.0,68.33333333333333,62.0,24.0,7.666666666666671,6.333333333333329,38.0,0.0,0.0,0.0,1.0,0.0,0.0,1.0,0.0,0.0,1.0,0.0,0.0,cumulative40,111.5,92.85714285714286,110.0,91.59663865546219,30.0,24.369747899159663,69.6078431372549
opus,current_full,da-8-3,2,da-8-3--rep-002,0a30c0f00519fd449b9f5a56c6be7d93456e18f43041e52c1fbba34ab2a6c9c9,100.0,100.0,76.0,76.0,54.0,24.0,0.0,22.0,46.0,1.0,0.0,0.0,1.0,0.0,0.0,1.0,0.0,0.0,0.0,0.0,0.0,cumulative40,111.5,92.85714285714286,48.5,39.91596638655462,85.5,71.00840336134453,67.92717086834733
opus,current_full,da-8-3,3,da-8-3--rep-003,8f08bf1a373529a65fc062e76eda747144d6180f37330377e0168e932ef9723e,100.0,100.0,76.0,73.0,62.0,24.0,3.0,11.0,38.0,2.0,0.0,0.0,2.0,0.0,0.0,1.0,0.0,0.0,1.0,0.0,0.0,cumulative40,111.5,92.85714285714286,86.5,71.84873949579831,40.0,32.773109243697476,65.82633053221288
opus,current_full,da-9-1,1,da-9-1--rep-001,03df4078648b486b92503b2b6f0f3c5a8d7adf29720b8c6981634f2cc6d4ce4f,100.0,100.0,95.0,96.66666666666667,72.0,5.0,-1.6666666666666714,24.66666666666667,28.0,2.0,0.0,0.0,1.0,0.0,0.0,1.0,0.0,0.0,2.0,0.0,0.0,cumulative40,70.5,58.403361344537814,15.5,12.184873949579831,90.0,74.78991596638656,48.4593837535014
opus,current_full,da-9-1,2,da-9-1--rep-002,5e6269a054e2ba527a66a7f2b568da3cd3763b853ec88db9d626e4b5e6e66170,100.0,100.0,95.0,90.0,70.0,5.0,5.0,20.0,30.0,3.0,0.0,0.0,1.0,0.0,0.0,1.0,0.0,0.0,1.0,0.0,0.0,cumulative40,70.5,58.403361344537814,100.0,83.19327731092437,80.0,66.38655462184875,69.32773109243698
opus,current_full,da-9-1,3,da-9-1--rep-003,341dec816c312ddeb50bc186c59bdecc547e7568e20bcc64e7ed381f0a0be05c,100.0,100.0,95.0,95.0,76.0,5.0,0.0,19.0,24.0,2.0,0.0,0.0,1.0,0.0,0.0,1.0,0.0,0.0,1.0,0.0,0.0,cumulative40,70.5,58.403361344537814,48.5,39.91596638655462,77.0,63.865546218487395,54.061624649859944
opus,current_full,da-9-7,1,da-9-7--rep-001,0a628d405fd5de3e7f3c2095bec2cdd70dcaf101770947b4f6d1595fb70bfa8a,100.0,100.0,100.0,100.0,80.0,0.0,0.0,20.0,20.0,1.0,0.0,0.0,1.0,0.0,0.0,1.0,0.0,0.0,1.0,0.0,0.0,cumulative40,31.5,25.630252100840337,48.5,39.91596638655462,80.0,66.38655462184875,43.977591036414566
opus,current_full,da-9-7,2,da-9-7--rep-002,a48d5584d1cda0f414be705fb4ffa0ac4708fa19d2013b3b9ca4ef4c69c32de4,100.0,100.0,93.0,89.66666666666667,76.0,7.0,3.3333333333333286,13.666666666666671,24.0,2.0,0.0,0.0,2.0,0.0,0.0,1.0,0.0,0.0,2.0,0.0,0.0,cumulative40,80.5,66.80672268907563,90.0,74.78991596638656,55.5,45.79831932773109,62.46498599439776
opus,current_full,da-9-7,3,da-9-7--rep-003,99e00800ef6d12badf8dff8274ce657323e98b12bd2973f1c4bb9e3dda6a13d6,93.0,93.0,93.0,82.33333333333333,72.0,0.0,10.666666666666671,10.333333333333329,21.0,5.0,0.0,100.0,4.0,0.0,0.0,4.0,0.0,0.0,5.0,0.0,100.0,cumulative40,31.5,25.630252100840337,117.0,97.47899159663865,37.0,30.252100840336134,51.120448179271705
opus,current_user,da-1-3,1,da-1-3--rep-001,5d3ef64216240a0b1df0133b1835ab72e2bab2d1a31f9acbdd11f9c35f20bb47,100.0,100.0,100.0,99.0,82.0,0.0,1.0,17.0,18.0,2.0,0.0,0.0,2.0,0.0,0.0,1.0,0.0,0.0,1.0,0.0,0.0,cumulative40,30.5,24.789915966386555,61.5,50.84033613445378,83.0,68.90756302521008,48.17927170868347
opus,current_user,da-1-3,2,da-1-3--rep-002,31177b6bf749aa9955327185f9607c4c0290659aae41c44b65448ddff613b8ae,100.0,100.0,95.0,93.66666666666667,89.0,5.0,1.3333333333333286,4.666666666666671,11.0,3.0,0.0,0.0,3.0,0.0,0.0,1.0,0.0,0.0,1.0,0.0,0.0,cumulative40,62.0,51.260504201680675,64.0,52.94117647058823,38.0,31.092436974789916,45.09803921568627
opus,current_user,da-1-3,3,da-1-3--rep-003,831ad3c7154ae1a059582999abac0191237eaf9b72aed0dddccd784299cc861f,100.0,100.0,93.0,87.0,84.0,7.0,6.0,3.0,16.0,1.0,0.0,0.0,1.0,0.0,0.0,1.0,0.0,0.0,2.0,0.0,0.0,cumulative40,71.5,59.2436974789916,93.5,77.73109243697479,31.5,25.630252100840337,54.20168067226891
opus,current_user,da-1-4,1,da-1-4--rep-001,8579f1d69821d8f95467324681e5de48dc9b533437b308282872bc828b2f3f12,91.0,91.0,91.0,88.66666666666667,85.0,0.0,2.3333333333333286,3.6666666666666714,6.0,1.0,0.0,0.0,1.0,0.0,0.0,1.0,0.0,0.0,1.0,0.0,0.0,cumulative40,30.5,24.789915966386555,71.0,58.8235294117647,33.5,27.310924369747898,36.97478991596638
opus,current_user,da-1-4,2,da-1-4--rep-002,16cc9e2d573864e05955a3fcacf526cb3b7f6fe9278bdf5ef17ad88a084562b5,100.0,100.0,100.0,98.0,85.0,0.0,2.0,13.0,15.0,1.0,0.0,0.0,1.0,0.0,0.0,1.0,0.0,0.0,1.0,0.0,0.0,cumulative40,30.5,24.789915966386555,69.0,57.142857142857146,65.0,53.78151260504202,45.23809523809524
opus,current_user,da-1-4,3,da-1-4--rep-003,60154c27e2ab3ff3bc19f636dc862c2a62a671934f29e94a788238946ea54b61,100.0,100.0,100.0,98.33333333333333,85.0,0.0,1.6666666666666714,13.333333333333329,15.0,1.0,0.0,0.0,1.0,0.0,0.0,1.0,0.0,0.0,1.0,0.0,0.0,cumulative40,30.5,24.789915966386555,68.0,56.30252100840336,66.5,55.04201680672269,45.378151260504204
opus,current_user,da-10-1,1,da-10-1--rep-001,8a59fa68dbcd5e8ae42ecd5148e7877fa04f672b4847eab901635ad0b0cfda04,100.0,100.0,100.0,99.0,76.0,0.0,1.0,23.0,24.0,1.0,0.0,0.0,1.0,0.0,0.0,1.0,0.0,0.0,1.0,0.0,0.0,cumulative40,30.5,24.789915966386555,61.5,50.84033613445378,98.0,81.5126050420168,52.38095238095238
opus,current_user,da-10-1,2,da-10-1--rep-002,28bb10a27cc5e7b0d29f2dee6658836679cca6dd5b1ee3c17e687f92b4a23d8e,100.0,100.0,100.0,96.33333333333333,76.0,0.0,3.6666666666666714,20.33333333333333,24.0,1.0,0.0,0.0,1.0,0.0,0.0,1.0,0.0,0.0,1.0,0.0,0.0,cumulative40,30.5,24.789915966386555,87.5,72.6890756302521,92.0,76.47058823529412,57.983193277310924
opus,current_user,da-10-1,3,da-10-1--rep-003,d77c9832e24c0b1a42f91901e0a69c073ab4c04c89ef662ec0344e1f778444bb,100.0,95.0,100.0,99.0,80.0,0.0,1.0,19.0,20.0,2.0,0.0,0.0,2.0,0.0,0.0,1.0,0.0,0.0,0.0,0.0,0.0,cumulative40,30.5,24.789915966386555,61.5,50.84033613445378,88.5,73.52941176470588,49.719887955182074
opus,current_user,da-10-3,1,da-10-3--rep-001,bcc9f280eaf5bcc981ab99bfffb5b40d9bf3ea870b24454dfd3bf94e4ca26edf,100.0,100.0,100.0,87.66666666666667,77.0,0.0,12.333333333333329,10.666666666666671,23.0,1.0,0.0,0.0,1.0,0.0,0.0,1.0,0.0,0.0,1.0,0.0,0.0,cumulative40,30.5,24.789915966386555,113.0,94.11764705882354,60.0,49.57983193277311,56.162464985994404
opus,current_user,da-10-3,2,da-10-3--rep-002,af1ead73430659ec7567418ef500f3a14330b21ef20c93d4f9ea7f58374e325f,100.0,100.0,85.0,91.66666666666667,72.0,15.0,-6.666666666666671,19.66666666666667,28.0,1.0,0.0,0.0,1.0,0.0,0.0,1.0,0.0,0.0,0.0,0.0,0.0,cumulative40,103.5,86.1344537815126,11.5,8.823529411764707,90.0,74.78991596638656,56.582633053221286
opus,current_user,da-10-3,3,da-10-3--rep-003,7eff9444a67bf46772b10655df63a85852ff1556f1b1f197c200e5344bc459b7,90.0,90.0,76.0,80.66666666666667,31.0,14.0,-4.666666666666671,49.66666666666667,59.0,1.0,0.0,0.0,1.0,0.0,0.0,1.0,0.0,0.0,1.0,0.0,0.0,cumulative40,100.0,83.19327731092437,18.0,14.285714285714286,119.0,99.15966386554622,65.54621848739497
opus,current_user,da-12-2,1,da-12-2--rep-001,aa5558f0bc70c3c0056596c6f332961c6a28149e5403459ae069d38d1744d6c2,75.0,75.0,75.0,65.0,58.0,0.0,10.0,7.0,17.0,3.0,0.0,0.0,2.0,0.0,0.0,2.0,0.0,0.0,6.0,100.0,0.0,cumulative40,30.5,24.789915966386555,108.5,90.33613445378151,46.0,37.81512605042017,50.98039215686275
opus,current_user,da-12-2,2,da-12-2--rep-002,953bdb85e14b9bb90c6086aaf50e1ad561a2281b02055778d4ba60644119181b,60.0,60.0,65.0,71.66666666666667,58.0,-5.0,-6.666666666666671,13.666666666666671,2.0,2.0,0.0,0.0,1.0,0.0,0.0,2.0,0.0,0.0,1.0,0.0,0.0,cumulative40,3.5,2.100840336134454,11.5,8.823529411764707,68.5,56.72268907563025,22.549019607843135
opus,current_user,da-12-2,3,da-12-2--rep-003,96658af61c93de4b8ed3e4d908009f3f76b8ddc8b0356d891fe518bda682c3e2,70.0,70.0,75.0,62.666666666666664,82.0,-5.0,12.333333333333336,-19.333333333333336,-12.0,5.0,0.0,100.0,2.0,0.0,0.0,2.0,0.0,0.0,2.0,0.0,0.0,cumulative40,3.5,2.100840336134454,114.0,94.95798319327731,5.0,3.361344537815126,33.4733893557423
opus,current_user,da-12-4,1,da-12-4--rep-001,f7cc404237a9fc22cdd1af5841696b058537a33a726d77cb37368ca002f6162c,86.0,86.0,86.0,86.0,78.0,0.0,0.0,8.0,8.0,4.0,0.0,0.0,7.0,100.0,0.0,1.0,0.0,0.0,5.0,0.0,100.0,cumulative40,30.5,24.789915966386555,45.0,36.97478991596638,51.5,42.436974789915965,34.73389355742297
opus,current_user,da-12-4,2,da-12-4--rep-002,d22048bbf9e9aeda018a6ef09192a2a3b59b0d996f764b8b241f87065d353eed,86.0,86.0,86.0,86.0,85.0,0.0,0.0,1.0,1.0,5.0,0.0,100.0,4.0,0.0,0.0,1.0,0.0,0.0,1.0,0.0,0.0,cumulative40,30.5,24.789915966386555,45.0,36.97478991596638,28.0,22.689075630252102,28.15126050420168
opus,current_user,da-12-4,3,da-12-4--rep-003,e631bcaaf0b93d7fac03c461e42334c064c26d702791dd8c34fe3da9ac47ce25,86.0,86.0,86.0,83.0,88.0,0.0,3.0,-5.0,-2.0,3.0,0.0,0.0,1.0,0.0,0.0,0.0,0.0,0.0,0.0,0.0,0.0,cumulative40,30.5,24.789915966386555,78.5,65.12605042016807,15.0,11.764705882352942,33.89355742296919
opus,current_user,da-13-1,1,da-13-1--rep-001,2687db1883433f202b5d8c4fa1eeb81260a954db4c9b219b9470ca88df6eb75a,100.0,100.0,100.0,100.0,85.0,0.0,0.0,15.0,15.0,1.0,0.0,0.0,1.0,0.0,0.0,1.0,0.0,0.0,1.0,0.0,0.0,cumulative40,30.5,24.789915966386555,45.0,36.97478991596638,76.0,63.02521008403362,41.596638655462186
opus,current_user,da-13-1,2,da-13-1--rep-002,cff05b668fee971c5af7a3bc1b18b31d9370768654b274ca8f88901252cba0b1,100.0,100.0,91.0,85.0,84.0,9.0,6.0,1.0,16.0,2.0,0.0,0.0,1.0,0.0,0.0,1.0,0.0,0.0,0.0,0.0,0.0,cumulative40,79.5,65.96638655462185,93.5,77.73109243697479,28.0,22.689075630252102,55.46218487394958
opus,current_user,da-13-1,3,da-13-1--rep-003,4872c95f9caa5c573f5e3056e2fc5bf40232784f95f8423cb777b3654cd139a1,100.0,100.0,91.0,88.0,79.0,9.0,3.0,9.0,21.0,1.0,0.0,0.0,1.0,0.0,0.0,1.0,0.0,0.0,1.0,0.0,0.0,cumulative40,79.5,65.96638655462185,78.5,65.12605042016807,54.5,44.95798319327731,58.68347338935574
opus,current_user,da-13-3,1,da-13-3--rep-001,13d1faa077f1168872dc928fe929fcfec5e2b5a7a004d404ecba57c1b0607a19,100.0,100.0,100.0,93.66666666666667,86.0,0.0,6.333333333333329,7.666666666666671,14.0,1.0,0.0,0.0,0.0,0.0,0.0,1.0,0.0,0.0,1.0,0.0,0.0,cumulative40,30.5,24.789915966386555,95.0,78.99159663865547,50.0,41.1764705882353,48.31932773109244
opus,current_user,da-13-3,2,da-13-3--rep-002,844644e69962c5c8f40741d7e7e809c2f33007ecd3483f925f52af4c3c55b383,100.0,100.0,86.0,90.66666666666667,85.0,14.0,-4.666666666666671,5.666666666666671,15.0,0.0,0.0,0.0,0.0,0.0,0.0,0.0,0.0,0.0,0.0,0.0,0.0,cumulative40,100.0,83.19327731092437,18.0,14.285714285714286,42.0,34.45378151260504,43.977591036414566
opus,current_user,da-13-3,3,da-13-3--rep-003,3b55f0efcc9addf6212ef1aea789ea400d6fdbd67280be554000a46a9fb72f40,100.0,100.0,91.0,86.0,85.0,9.0,5.0,1.0,15.0,0.0,0.0,0.0,0.0,0.0,0.0,1.0,0.0,0.0,0.0,0.0,0.0,cumulative40,79.5,65.96638655462185,90.5,75.21008403361344,28.0,22.689075630252102,54.621848739495796
opus,current_user,da-13-5,1,da-13-5--rep-001,e8908a1509166c699c3c01f2743ccef1b0ca5b45ba7e04fc5ec4c7407c720211,100.0,100.0,90.0,70.0,85.0,10.0,20.0,-15.0,15.0,0.0,0.0,0.0,1.0,0.0,0.0,1.0,0.0,0.0,0.0,0.0,0.0,cumulative40,83.5,69.32773109243698,120.0,100.0,6.0,4.201680672268908,57.84313725490196
opus,current_user,da-13-5,2,da-13-5--rep-002,34c7af044371da1b74591a96f6f536d2edc51341d276cd2c1ced555eb67b5bb3,95.0,95.0,70.0,80.0,85.0,25.0,-10.0,-5.0,10.0,1.0,0.0,0.0,0.0,0.0,0.0,1.0,0.0,0.0,2.0,0.0,0.0,cumulative40,114.5,95.3781512605042,4.0,2.5210084033613445,15.0,11.764705882352942,36.554621848739494
opus,current_user,da-13-5,3,da-13-5--rep-003,da45ed3657c57a505691d5a566d6bee40b749093aeb6f4c0e83249050a42da97,100.0,100.0,90.0,80.0,84.0,10.0,10.0,-4.0,16.0,1.0,0.0,0.0,1.0,0.0,0.0,3.0,0.0,0.0,1.0,0.0,0.0,cumulative40,83.5,69.32773109243698,108.5,90.33613445378151,18.5,14.705882352941176,58.12324929971989
opus,current_user,da-13-6,1,da-13-6--rep-001,4b91801b7b3b3c0722d4138099e799e529db27a6ec410c7f895baf46b5b5260e,100.0,100.0,70.0,63.333333333333336,88.0,30.0,6.666666666666664,-24.666666666666664,12.0,1.0,0.0,0.0,1.0,0.0,0.0,0.0,0.0,0.0,0.0,0.0,0.0,cumulative40,119.0,99.15966386554622,96.0,79.83193277310924,4.0,2.5210084033613445,60.50420168067227
opus,current_user,da-13-6,2,da-13-6--rep-002,70781e72c0bd769898685277e2b00f3b58af60dd021f75dee121e9669d39c8b5,100.0,100.0,55.0,51.666666666666664,86.0,45.0,3.3333333333333357,-34.333333333333336,14.0,1.0,0.0,0.0,1.0,0.0,0.0,1.0,0.0,0.0,0.0,0.0,0.0,cumulative40,120.0,100.0,85.5,71.00840336134453,1.0,0.0,57.002801120448176
opus,current_user,da-13-6,3,da-13-6--rep-003,8c39c24a1969119db9cb917eb6bb9b0d66834e1a2fe3e2dad56e988ed78d19bc,100.0,100.0,90.0,80.0,76.0,10.0,10.0,4.0,24.0,2.0,0.0,0.0,2.0,0.0,0.0,1.0,0.0,0.0,2.0,0.0,0.0,cumulative40,83.5,69.32773109243698,108.5,90.33613445378151,35.0,28.571428571428573,62.74509803921569
opus,current_user,da-14-1,1,da-14-1--rep-001,c58870f887fa50980bfb0a72ef12a02de1d44513021245911166f54fb4ab8849,100.0,100.0,93.0,78.0,82.0,7.0,15.0,-4.0,18.0,1.0,0.0,0.0,1.0,0.0,0.0,0.0,0.0,0.0,1.0,0.0,0.0,cumulative40,71.5,59.2436974789916,118.0,98.31932773109244,18.5,14.705882352941176,57.42296918767507
opus,current_user,da-14-1,2,da-14-1--rep-002,62a4f4e79c3ba40897079d2e4434524d0de6c7e9af55274bb103f10775894457,100.0,100.0,95.0,96.66666666666667,83.0,5.0,-1.6666666666666714,13.666666666666671,17.0,0.0,0.0,0.0,0.0,0.0,0.0,0.0,0.0,0.0,0.0,0.0,0.0,cumulative40,62.0,51.260504201680675,26.5,21.428571428571427,68.5,56.72268907563025,43.13725490196079
opus,current_user,da-14-1,3,da-14-1--rep-003,910c3ad981337a49826a2db6a9dcfeae79e59eea300411fa02d21a728b30d313,100.0,100.0,73.0,86.33333333333333,81.0,27.0,-13.333333333333329,5.333333333333329,19.0,1.0,0.0,0.0,1.0,0.0,0.0,0.0,0.0,0.0,0.0,0.0,0.0,cumulative40,117.0,97.47899159663865,1.0,0.0,41.0,33.61344537815126,43.69747899159664
opus,current_user,da-14-3,1,da-14-3--rep-001,443cef1315d563b38a073e85156b222064439a6e6924ece7a7cf696da81ca47d,100.0,100.0,100.0,100.0,86.0,0.0,0.0,14.0,14.0,2.0,0.0,0.0,1.0,0.0,0.0,1.0,0.0,0.0,1.0,0.0,0.0,cumulative40,30.5,24.789915966386555,45.0,36.97478991596638,71.5,59.2436974789916,40.33613445378151
opus,current_user,da-14-3,2,da-14-3--rep-002,b6bcfb1759100fb5dccdc6a0c96b2e53512990979748023f4dd66d1dafdae449,100.0,100.0,75.0,84.0,84.0,25.0,-9.0,0.0,16.0,1.0,0.0,0.0,1.0,0.0,0.0,1.0,0.0,0.0,1.0,0.0,0.0,cumulative40,114.5,95.3781512605042,5.5,3.7815126050420167,26.0,21.008403361344538,40.056022408963585
opus,current_user,da-14-3,3,da-14-3--rep-003,f490cd7d9aac7dd334b16cc234b86a204fe25c9123914094231ef40a35bf9865,100.0,100.0,100.0,96.33333333333333,88.0,0.0,3.6666666666666714,8.333333333333329,12.0,1.0,0.0,0.0,1.0,0.0,0.0,1.0,0.0,0.0,1.0,0.0,0.0,cumulative40,30.5,24.789915966386555,87.5,72.6890756302521,53.0,43.69747899159664,47.05882352941177
opus,current_user,da-14-8,1,da-14-8--rep-001,19e50d8f667891739f395ea6149e8c16e896b52239e2f28dc65435d959c044ea,93.0,93.0,78.0,80.33333333333333,56.0,15.0,-2.3333333333333286,24.33333333333333,37.0,4.0,0.0,0.0,3.0,0.0,0.0,1.0,0.0,0.0,1.0,0.0,0.0,cumulative40,103.5,86.1344537815126,23.5,18.907563025210084,101.0,84.03361344537815,63.02521008403362
opus,current_user,da-14-8,2,da-14-8--rep-002,1854b3c78047ce70c8c201e764f7834984a12b87d1e80fa39c8cebb687eb324c,58.0,58.0,61.0,57.666666666666664,62.0,-3.0,3.3333333333333357,-4.333333333333336,-4.0,6.0,100.0,0.0,6.0,100.0,0.0,2.0,0.0,0.0,4.0,0.0,0.0,cumulative40,5.0,3.361344537815126,85.5,71.00840336134453,17.0,13.445378151260504,29.27170868347339
opus,current_user,da-14-8,3,da-14-8--rep-003,1df4d0430e99e84f731048fd90fa72db44584ded655899682db950efc5095058,76.0,76.0,71.0,64.33333333333333,57.0,5.0,6.666666666666671,7.333333333333329,19.0,2.0,0.0,0.0,2.0,0.0,0.0,2.0,0.0,0.0,1.0,0.0,0.0,cumulative40,62.0,51.260504201680675,98.0,81.5126050420168,48.5,39.91596638655462,57.563025210084035
opus,current_user,da-15-1,1,da-15-1--rep-001,49778b345951f612f87bb67536902d62c4213099dc7e29ff5944d6732e6b15a9,87.0,87.0,87.0,87.0,70.0,0.0,0.0,17.0,17.0,1.0,0.0,0.0,1.0,0.0,0.0,1.0,0.0,0.0,1.0,0.0,0.0,cumulative40,30.5,24.789915966386555,45.0,36.97478991596638,83.0,68.90756302521008,43.55742296918767
opus,current_user,da-15-1,2,da-15-1--rep-002,d9e2dbdadadbc426045c351ebdf396cff880ef31da1dd828a4c565fa93d51ff1,87.0,87.0,87.0,91.33333333333333,78.0,0.0,-4.333333333333329,13.333333333333329,9.0,1.0,0.0,0.0,1.0,0.0,0.0,1.0,0.0,0.0,1.0,0.0,0.0,cumulative40,30.5,24.789915966386555,20.5,16.386554621848738,66.5,55.04201680672269,32.07282913165266
opus,current_user,da-15-1,3,da-15-1--rep-003,2c9b91497ed94a70515f7042413c19b3bc0eae6ec6fd40c1c6f08cdadf998bb8,87.0,87.0,87.0,91.33333333333333,62.0,0.0,-4.333333333333329,29.33333333333333,25.0,3.0,0.0,0.0,2.0,0.0,0.0,1.0,0.0,0.0,1.0,0.0,0.0,cumulative40,30.5,24.789915966386555,20.5,16.386554621848738,108.0,89.91596638655462,43.69747899159664
opus,current_user,da-15-2,1,da-15-2--rep-001,40eaa690bb269c30e6cb610f512a9ef7b79943582f2aa03760864a3f8c8fad8d,83.0,83.0,62.0,62.333333333333336,46.0,21.0,-0.3333333333333357,16.333333333333336,37.0,2.0,0.0,0.0,2.0,0.0,0.0,1.0,0.0,0.0,1.0,0.0,0.0,cumulative40,110.0,91.59663865546219,30.0,24.369747899159663,79.0,65.54621848739495,60.50420168067227
opus,current_user,da-15-2,2,da-15-2--rep-002,e50e296231d880e0bc0d5c30f44a8a25b92dac2ef762823c03fd9998c0ac1ecf,83.0,78.0,83.0,83.0,44.0,0.0,0.0,39.0,39.0,3.0,0.0,0.0,2.0,0.0,0.0,2.0,0.0,0.0,2.0,0.0,0.0,cumulative40,30.5,24.789915966386555,45.0,36.97478991596638,113.0,94.11764705882354,51.96078431372549
opus,current_user,da-15-2,3,da-15-2--rep-003,a47f7ea5c7ecc7ae88acd066c12e7174fac5d94cce460ba2da6d1b82c4d0c52e,63.0,63.0,35.0,45.333333333333336,41.0,28.0,-10.333333333333336,4.333333333333336,22.0,2.0,0.0,0.0,2.0,0.0,0.0,2.0,0.0,0.0,1.0,0.0,0.0,cumulative40,118.0,98.31932773109244,3.0,1.680672268907563,37.0,30.252100840336134,43.417366946778714
opus,current_user,da-15-7,1,da-15-7--rep-001,59ab428e187341a7a1df7121482cccdd91c9b745d63cec3a741018c1e3e6be6f,100.0,100.0,77.0,74.66666666666667,76.0,23.0,2.3333333333333286,-1.3333333333333286,24.0,3.0,0.0,0.0,3.0,0.0,0.0,1.0,0.0,0.0,1.0,0.0,0.0,cumulative40,111.0,92.43697478991596,71.0,58.8235294117647,22.5,18.067226890756302,56.44257703081232
opus,current_user,da-15-7,2,da-15-7--rep-002,e9c603185bbda601c1acd391f801e80efed3fe54741476906dab4ae86f8b3ef4,67.0,67.0,67.0,67.0,72.0,0.0,0.0,-5.0,-5.0,1.0,0.0,0.0,1.0,0.0,0.0,1.0,0.0,0.0,1.0,0.0,0.0,cumulative40,30.5,24.789915966386555,45.0,36.97478991596638,15.0,11.764705882352942,24.509803921568626
opus,current_user,da-15-7,3,da-15-7--rep-003,d3e0e167a77afc7c478738b92f976e9c286ae93e2c1056f27de50c7472d08cb7,77.0,77.0,70.0,74.66666666666667,68.0,7.0,-4.666666666666671,6.666666666666671,9.0,3.0,0.0,0.0,4.0,0.0,0.0,1.0,0.0,0.0,2.0,0.0,0.0,cumulative40,71.5,59.2436974789916,18.0,14.285714285714286,44.0,36.134453781512605,36.554621848739494
opus,current_user,da-15-8,1,da-15-8--rep-001,53a46b741b20fd7efb6942b743936da2713e7e4f7c0b7caca4c74840bd1c46b4,90.0,90.0,90.0,90.0,72.0,0.0,0.0,18.0,18.0,3.0,0.0,0.0,2.0,0.0,0.0,2.0,0.0,0.0,1.0,0.0,0.0,cumulative40,30.5,24.789915966386555,45.0,36.97478991596638,85.5,71.00840336134453,44.25770308123249
opus,current_user,da-15-8,2,da-15-8--rep-002,c41efbccbdce487e284c6cca7437b761647c4c3bd324b82add821555cc3af6e5,100.0,90.0,100.0,88.66666666666667,85.0,0.0,11.333333333333329,3.6666666666666714,15.0,2.0,0.0,0.0,3.0,0.0,0.0,1.0,0.0,0.0,1.0,0.0,0.0,cumulative40,30.5,24.789915966386555,112.0,93.27731092436974,33.5,27.310924369747898,48.4593837535014
opus,current_user,da-15-8,3,da-15-8--rep-003,88786bf677b29c911b61cc5e8508c231eceeaae998d287a14488a99cd07e8f59,90.0,90.0,77.0,90.0,58.0,13.0,-13.0,32.0,32.0,1.0,0.0,0.0,1.0,0.0,0.0,1.0,0.0,0.0,1.0,0.0,0.0,cumulative40,95.0,78.99159663865547,2.0,0.8403361344537815,109.0,90.75630252100841,56.86274509803922
opus,current_user,da-16-1,1,da-16-1--rep-001,03f392063162b1c738e767e709fe6f8588224063e90da612d8ace10d70f494d1,100.0,100.0,95.0,92.33333333333333,76.0,5.0,2.6666666666666714,16.33333333333333,24.0,1.0,0.0,0.0,1.0,0.0,0.0,1.0,0.0,0.0,1.0,0.0,0.0,cumulative40,62.0,51.260504201680675,75.5,62.60504201680672,78.0,64.70588235294117,59.523809523809526
opus,current_user,da-16-1,2,da-16-1--rep-002,f77c2af700524b3b1395f9eadb91da37e3bb9804384000e7d9c0386190a55209,100.0,100.0,95.0,96.66666666666667,70.0,5.0,-1.6666666666666714,26.66666666666667,30.0,1.0,0.0,0.0,1.0,0.0,0.0,1.0,0.0,0.0,0.0,0.0,0.0,cumulative40,62.0,51.260504201680675,26.5,21.428571428571427,106.0,88.23529411764706,53.641456582633054
opus,current_user,da-16-1,3,da-16-1--rep-003,73cdeed48bca0558d392c3dd44b39985a532fab27e0d15487cb91a54badcfe19,100.0,100.0,87.0,80.0,63.0,13.0,7.0,17.0,37.0,1.0,0.0,0.0,1.0,0.0,0.0,1.0,0.0,0.0,0.0,0.0,0.0,cumulative40,95.0,78.99159663865547,101.5,84.45378151260505,83.0,68.90756302521008,77.45098039215686
opus,current_user,da-17-1,1,da-17-1--rep-001,3a56cdb61ae0719d9193a75a6324c276717d48d5b909f473aeea1db823071664,90.0,90.0,90.0,90.0,82.0,0.0,0.0,8.0,8.0,1.0,0.0,0.0,2.0,0.0,0.0,2.0,0.0,0.0,3.0,0.0,0.0,cumulative40,30.5,24.789915966386555,45.0,36.97478991596638,51.5,42.436974789915965,34.73389355742297
opus,current_user,da-17-1,2,da-17-1--rep-002,c18b5fb1f06017d423bdb0e846f6c0aa380be15a5d2b59825a95b97933b6d655,90.0,90.0,82.0,75.33333333333333,85.0,8.0,6.666666666666671,-9.666666666666671,5.0,2.0,0.0,0.0,2.0,0.0,0.0,1.0,0.0,0.0,2.0,0.0,0.0,cumulative40,76.0,63.02521008403362,98.0,81.5126050420168,10.0,7.563025210084033,50.700280112044815
opus,current_user,da-17-1,3,da-17-1--rep-003,75e9a1196d77215c4c97eb668131739ec5c76d0135c82fd2fff693ae81d382e5,90.0,90.0,90.0,85.0,80.0,0.0,5.0,5.0,10.0,4.0,0.0,0.0,2.0,0.0,0.0,1.0,0.0,0.0,1.0,0.0,0.0,cumulative40,30.5,24.789915966386555,90.5,75.21008403361344,39.5,32.35294117647059,44.11764705882353
opus,current_user,da-17-3,1,da-17-3--rep-001,0f523220dc1cf46b2b8b8311258233a9d91daed3f3c20ccdaa93be77451a79a2,39.0,39.0,14.0,15.333333333333334,16.0,25.0,-1.333333333333334,-0.6666666666666661,23.0,0.0,0.0,0.0,1.0,0.0,0.0,1.0,0.0,0.0,1.0,0.0,0.0,cumulative40,114.5,95.3781512605042,29.0,23.529411764705884,25.0,20.168067226890756,46.358543417366946
opus,current_user,da-17-3,2,da-17-3--rep-002,3cb2307c0fe0a04eb1cebca83ba04c0ea03bfa6618daecae4cd0e71020bdd75f,22.0,22.0,7.0,4.666666666666667,12.0,15.0,2.333333333333333,-7.333333333333333,10.0,1.0,0.0,0.0,1.0,0.0,0.0,1.0,0.0,0.0,0.0,0.0,0.0,cumulative40,103.5,86.1344537815126,73.0,60.50420168067227,12.0,9.243697478991596,51.96078431372549
opus,current_user,da-17-3,3,da-17-3--rep-003,920bba4d837f25ef9bee6dedaac8d6a2ab425f159ed5c57a0c9a8b16188358be,100.0,100.0,82.0,74.33333333333333,68.0,18.0,7.666666666666671,6.333333333333329,32.0,2.0,0.0,0.0,2.0,0.0,0.0,1.0,0.0,0.0,1.0,0.0,0.0,cumulative40,109.0,90.75630252100841,105.5,87.81512605042016,43.0,35.294117647058826,71.28851540616246
opus,current_user,da-17-5,1,da-17-5--rep-001,6fd9cf0814ce9b2e53274edfc83e64e9f7f2683eb8909c5180393a5c5857344e,90.0,90.0,90.0,90.0,78.0,0.0,0.0,12.0,12.0,1.0,0.0,0.0,2.0,0.0,0.0,1.0,0.0,0.0,0.0,0.0,0.0,cumulative40,30.5,24.789915966386555,45.0,36.97478991596638,63.0,52.10084033613445,37.95518207282913
opus,current_user,da-17-5,2,da-17-5--rep-002,4eeb59cd6397fc912888a0d0ca2c1b1b5d9b008f1b82f2d0eef0eb130b6f98b7,77.0,77.0,90.0,76.33333333333333,30.0,-13.0,13.666666666666671,46.33333333333333,47.0,1.0,0.0,0.0,1.0,0.0,0.0,2.0,0.0,0.0,1.0,0.0,0.0,cumulative40,1.0,0.0,116.5,97.05882352941177,118.0,98.31932773109244,65.12605042016807
opus,current_user,da-17-5,3,da-17-5--rep-003,2489e5ff53145ddcd4e05c088183921a9cdc4e8e3cb24e7f9cd0b7b7b06437c3,90.0,90.0,90.0,90.0,76.0,0.0,0.0,14.0,14.0,1.0,0.0,0.0,1.0,0.0,0.0,1.0,0.0,0.0,2.0,0.0,0.0,cumulative40,30.5,24.789915966386555,45.0,36.97478991596638,71.5,59.2436974789916,40.33613445378151
opus,current_user,da-18-5,1,da-18-5--rep-001,e16aab443e445a25e328d42a825eafeb8dbce66b57e426a299c777841f64988a,100.0,100.0,100.0,96.66666666666667,72.0,0.0,3.3333333333333286,24.66666666666667,28.0,1.0,0.0,0.0,0.0,0.0,0.0,1.0,0.0,0.0,1.0,0.0,0.0,cumulative40,30.5,24.789915966386555,82.0,68.0672268907563,103.0,85.71428571428571,59.52380952380952
opus,current_user,da-18-5,2,da-18-5--rep-002,7e7dc16cd6b5657189453d3b97525954e7848ca4c813a787d72773fb1187805d,100.0,100.0,100.0,96.66666666666667,72.0,0.0,3.3333333333333286,24.66666666666667,28.0,1.0,0.0,0.0,0.0,0.0,0.0,1.0,0.0,0.0,1.0,0.0,0.0,cumulative40,30.5,24.789915966386555,82.0,68.0672268907563,103.0,85.71428571428571,59.52380952380952
opus,current_user,da-18-5,3,da-18-5--rep-003,2e3688af56b326420d8f1a14ef34853c0b6ebdec85e5c02ed7f3e51f35f97fcc,100.0,100.0,90.0,90.0,83.0,10.0,0.0,7.0,17.0,1.0,0.0,0.0,1.0,0.0,0.0,1.0,0.0,0.0,1.0,0.0,0.0,cumulative40,83.5,69.32773109243698,45.0,36.97478991596638,46.0,37.81512605042017,48.03921568627451
opus,current_user,da-18-7,1,da-18-7--rep-001,7a0fcb964647f6592e3015cc4721de083d9eafd4fe2bb761f2e09e2c21ba0441,85.0,85.0,87.0,87.0,68.0,-2.0,0.0,19.0,17.0,1.0,0.0,0.0,1.0,0.0,0.0,1.0,0.0,0.0,0.0,0.0,0.0,cumulative40,6.0,4.201680672268908,45.0,36.97478991596638,88.5,73.52941176470588,38.23529411764706
opus,current_user,da-18-7,2,da-18-7--rep-002,a68c6efb4d3088838ae3214b0eee1421242d79cd02b37205b52417718bb5d69c,92.0,87.0,100.0,100.0,74.0,-8.0,0.0,26.0,18.0,0.0,0.0,0.0,0.0,0.0,0.0,1.0,0.0,0.0,0.0,0.0,0.0,cumulative40,2.0,0.8403361344537815,45.0,36.97478991596638,105.0,87.39495798319328,41.73669467787115
opus,current_user,da-18-7,3,da-18-7--rep-003,c96906cd9bbe233732ab0a58f730d06d123b6b5000b55870f31665d7ff258a06,100.0,100.0,95.0,96.66666666666667,80.0,5.0,-1.6666666666666714,16.66666666666667,20.0,2.0,0.0,0.0,1.0,0.0,0.0,1.0,0.0,0.0,2.0,0.0,0.0,cumulative40,62.0,51.260504201680675,26.5,21.428571428571427,80.5,66.80672268907563,46.49859943977591
opus,current_user,da-19-1,1,da-19-1--rep-001,af15ae0a8c740adecf79c1fd6c39ec42ffb0e25acb0e09ce361bdc13ac55e900,100.0,100.0,88.0,96.0,89.0,12.0,-8.0,7.0,11.0,1.0,0.0,0.0,1.0,0.0,0.0,1.0,0.0,0.0,1.0,0.0,0.0,cumulative40,88.5,73.52941176470588,9.5,7.142857142857143,46.0,37.81512605042017,39.49579831932773
opus,current_user,da-19-1,2,da-19-1--rep-002,23950447b25a546d51126338de629eeaed3612b5bdefa5d02ada577f54cfae52,100.0,100.0,100.0,89.0,80.0,0.0,11.0,9.0,20.0,2.0,0.0,0.0,1.0,0.0,0.0,1.0,0.0,0.0,1.0,0.0,0.0,cumulative40,30.5,24.789915966386555,111.0,92.43697478991596,54.5,44.95798319327731,54.061624649859944
opus,current_user,da-19-1,3,da-19-1--rep-003,ec091ad49126a85e8b26312e2934437bb668c437c5e91faae91f81b2a36fdadf,100.0,100.0,91.0,92.66666666666667,80.0,9.0,-1.6666666666666714,12.666666666666671,20.0,2.0,0.0,0.0,1.0,0.0,0.0,2.0,0.0,0.0,1.0,0.0,0.0,cumulative40,79.5,65.96638655462185,26.5,21.428571428571427,64.0,52.94117647058823,46.778711484593835
opus,current_user,da-19-3,1,da-19-3--rep-001,71621ae228a547058abce0bb3162089a4709b0f092eab36a0b208b47a2ecc454,100.0,100.0,95.0,92.33333333333333,78.0,5.0,2.6666666666666714,14.333333333333329,22.0,2.0,0.0,0.0,1.0,0.0,0.0,1.0,0.0,0.0,1.0,0.0,0.0,cumulative40,62.0,51.260504201680675,75.5,62.60504201680672,74.0,61.34453781512605,58.403361344537814
opus,current_user,da-19-3,2,da-19-3--rep-002,4d3b1ab1e95978cf8c45396e1807af6c161ccc964081843d7b5ae23488b7ea11,100.0,100.0,100.0,100.0,80.0,0.0,0.0,20.0,20.0,1.0,0.0,0.0,0.0,0.0,0.0,0.0,0.0,0.0,1.0,0.0,0.0,cumulative40,30.5,24.789915966386555,45.0,36.97478991596638,91.0,75.63025210084034,45.79831932773109
opus,current_user,da-19-3,3,da-19-3--rep-003,205f21c0a39e966e073f859acac41bfd84fe8712855dcd9ea27a6fda0dac3977,100.0,100.0,100.0,96.66666666666667,80.0,0.0,3.3333333333333286,16.66666666666667,20.0,1.0,0.0,0.0,1.0,0.0,0.0,1.0,0.0,0.0,1.0,0.0,0.0,cumulative40,30.5,24.789915966386555,82.0,68.0672268907563,80.5,66.80672268907563,53.22128851540616
opus,current_user,da-19-6,1,da-19-6--rep-001,9a16f1ca31dcfabe5b6d4310edb3ad148676155750fd8b6230e516edca849bd6,35.0,35.0,34.0,21.0,34.0,1.0,13.0,-13.0,1.0,2.0,0.0,0.0,1.0,0.0,0.0,1.0,0.0,0.0,1.0,0.0,0.0,cumulative40,55.0,45.378151260504204,115.0,95.7983193277311,8.0,5.882352941176471,49.01960784313726
opus,current_user,da-19-6,2,da-19-6--rep-002,a8533f11a1771f2899ffade736efc0ba4d6cb1a19b394f02746cf72adcd38fac,47.0,47.0,22.0,20.333333333333332,29.0,25.0,1.6666666666666679,-8.666666666666668,18.0,1.0,0.0,0.0,1.0,0.0,0.0,1.0,0.0,0.0,1.0,0.0,0.0,cumulative40,114.5,95.3781512605042,67.0,55.46218487394958,11.0,8.403361344537815,53.081232492997195
opus,current_user,da-19-6,3,da-19-6--rep-003,91657fa87314f79c5f92844f0ee7e9b3b09cd224fef7af8dc31a99a7a11b6312,30.0,30.0,17.0,17.0,46.0,13.0,0.0,-29.0,-16.0,0.0,0.0,0.0,1.0,0.0,0.0,1.0,0.0,0.0,1.0,0.0,0.0,cumulative40,95.0,78.99159663865547,45.0,36.97478991596638,2.0,0.8403361344537815,38.93557422969187
opus,current_user,da-20-1,1,da-20-1--rep-001,ac5bc1975bea03b52142fb9d96b87eee16c2e7932b624241b92093a670009a34,90.0,90.0,78.0,71.33333333333333,62.0,12.0,6.666666666666671,9.333333333333329,28.0,2.0,0.0,0.0,1.0,0.0,0.0,1.0,0.0,0.0,0.0,0.0,0.0,cumulative40,88.5,73.52941176470588,98.0,81.5126050420168,56.0,46.21848739495798,67.08683473389355
opus,current_user,da-20-1,2,da-20-1--rep-002,f89dfdcd5ba5a9a7eb53afb28fb814752fb5f0939a7a11b52df372b18f33a4cc,100.0,100.0,88.0,84.66666666666667,86.0,12.0,3.3333333333333286,-1.3333333333333286,14.0,2.0,0.0,0.0,3.0,0.0,0.0,1.0,0.0,0.0,1.0,0.0,0.0,cumulative40,88.5,73.52941176470588,82.0,68.0672268907563,22.5,18.067226890756302,53.221288515406165
opus,current_user,da-20-1,3,da-20-1--rep-003,cb8e213b6078b0aaece482f9edcdecff47e14757fff259382ba1302949f6d81b,95.0,95.0,83.0,64.66666666666667,62.0,12.0,18.33333333333333,2.6666666666666714,33.0,1.0,0.0,0.0,1.0,0.0,0.0,1.0,0.0,0.0,1.0,0.0,0.0,cumulative40,88.5,73.52941176470588,119.0,99.15966386554622,30.0,24.369747899159663,65.68627450980392
opus,current_user,da-20-4,1,da-20-4--rep-001,a59cb4449436be572741e57207c0b8349d4af3cec4b7a11624e5232452656a1b,10.0,10.0,5.0,3.3333333333333335,16.0,5.0,1.6666666666666665,-12.666666666666666,-6.0,1.0,0.0,0.0,0.0,0.0,0.0,0.0,0.0,0.0,0.0,0.0,0.0,cumulative40,62.0,51.260504201680675,66.0,54.621848739495796,9.0,6.722689075630252,37.53501400560224
opus,current_user,da-20-4,2,da-20-4--rep-002,93e7a748c785a09b6468dee524aafb1c6a3a772cad5c82b0a7a40cf92c8c88cd,10.0,10.0,5.0,10.0,16.0,5.0,-5.0,-6.0,-6.0,1.0,0.0,0.0,0.0,0.0,0.0,1.0,0.0,0.0,0.0,0.0,0.0,cumulative40,62.0,51.260504201680675,16.0,12.605042016806722,13.0,10.084033613445378,24.649859943977592
opus,current_user,da-20-4,3,da-20-4--rep-003,7a46c3791f7cda1ba6ce754b2c0b78db4e5cb43c70dbfd46f182b464ea81ec96,20.0,20.0,15.0,13.333333333333334,42.0,5.0,1.666666666666666,-28.666666666666664,-22.0,1.0,0.0,0.0,1.0,0.0,0.0,1.0,0.0,0.0,1.0,0.0,0.0,cumulative40,62.0,51.260504201680675,65.0,53.78151260504202,3.0,1.680672268907563,35.57422969187675
opus,current_user,da-24-3,1,da-24-3--rep-001,f42a0cd151b82c3a74b7b662a0359972fd9674cdfba3795d430a44cc44ba7c1f,60.0,60.0,48.0,53.666666666666664,68.0,12.0,-5.666666666666664,-14.333333333333336,-8.0,2.0,0.0,0.0,3.0,0.0,0.0,1.0,0.0,0.0,1.0,0.0,0.0,cumulative40,88.5,73.52941176470588,14.0,10.92436974789916,7.0,5.042016806722689,29.831932773109244
opus,current_user,da-24-3,2,da-24-3--rep-002,c5a98e2998fb1a3f97e55aaae028dd156508894a55d4435d0a332c3f12009cbd,100.0,100.0,95.0,95.0,58.0,5.0,0.0,37.0,42.0,1.0,0.0,0.0,1.0,0.0,0.0,1.0,0.0,0.0,0.0,0.0,0.0,cumulative40,62.0,51.260504201680675,45.0,36.97478991596638,112.0,93.27731092436974,60.50420168067227
opus,current_user,da-24-3,3,da-24-3--rep-003,6f5fc7228728d8064939b62a52560d39ab1953d3a88485e4d7b579645d589e4c,80.0,80.0,80.0,70.0,67.0,0.0,10.0,3.0,13.0,2.0,0.0,0.0,1.0,0.0,0.0,1.0,0.0,0.0,0.0,0.0,0.0,cumulative40,30.5,24.789915966386555,108.5,90.33613445378151,31.5,25.630252100840337,46.9187675070028
opus,current_user,da-26-2,1,da-26-2--rep-001,2a8b04e8c8b437605e2cd228425284166426486a42f851f4703c1abb58a9b77f,71.0,71.0,71.0,70.0,36.0,0.0,1.0,34.0,35.0,2.0,0.0,0.0,1.0,0.0,0.0,1.0,0.0,0.0,1.0,0.0,0.0,cumulative40,30.5,24.789915966386555,61.5,50.84033613445378,110.5,92.01680672268908,55.88235294117647
opus,current_user,da-26-2,2,da-26-2--rep-002,58874b5fe68471f4ecced1cee4e5de3ce39aaee5be34a1ad4bfa6218ed542d26,71.0,71.0,66.0,71.66666666666667,29.0,5.0,-5.666666666666671,42.66666666666667,42.0,2.0,0.0,0.0,0.0,0.0,0.0,1.0,0.0,0.0,0.0,0.0,0.0,cumulative40,62.0,51.260504201680675,13.0,10.084033613445378,117.0,97.47899159663865,52.94117647058823
opus,current_user,da-26-2,3,da-26-2--rep-003,952ad828727e8f15834dc02aaea754dd9cd678ba9bbab0521a1144fc06501cc9,71.0,71.0,58.0,58.0,24.0,13.0,0.0,34.0,47.0,2.0,0.0,0.0,1.0,0.0,0.0,1.0,0.0,0.0,1.0,0.0,0.0,cumulative40,95.0,78.99159663865547,45.0,36.97478991596638,110.5,92.01680672268908,69.32773109243698
opus,current_user,da-26-4,1,da-26-4--rep-001,74b79ff61d02b55681536fad0edac3c09ef1c45af43a38aa5e3f0438ec0251db,57.0,57.0,57.0,57.0,33.0,0.0,0.0,24.0,24.0,3.0,0.0,0.0,2.0,0.0,0.0,2.0,0.0,0.0,1.0,0.0,0.0,cumulative40,30.5,24.789915966386555,45.0,36.97478991596638,99.5,82.77310924369748,48.17927170868347
opus,current_user,da-26-4,2,da-26-4--rep-002,698fe49708e2fa2dc8af5971682c794c63e9ac6c309ded101c26b0cd01005939,95.0,95.0,83.0,76.0,34.0,12.0,7.0,42.0,61.0,6.0,100.0,0.0,2.0,0.0,0.0,2.0,0.0,0.0,1.0,0.0,0.0,cumulative40,88.5,73.52941176470588,101.5,84.45378151260505,116.0,96.63865546218487,84.87394957983193
opus,current_user,da-26-4,3,da-26-4--rep-003,12c91b4047c0caadaa2cb1762b837e99fb9a7a6d446b69dd083ca104de67ccf4,30.0,30.0,30.0,23.0,18.0,0.0,7.0,5.0,12.0,2.0,0.0,0.0,2.0,0.0,0.0,1.0,0.0,0.0,2.0,0.0,0.0,cumulative40,30.5,24.789915966386555,101.5,84.45378151260505,39.5,32.35294117647059,47.19887955182073
opus,current_user,da-3-5,1,da-3-5--rep-001,2185ac6e96a5a87d7c8e3a9f5829f4593e61601ae86651971102e3d923328ae9,100.0,100.0,100.0,97.33333333333333,58.0,0.0,2.6666666666666714,39.33333333333333,42.0,2.0,0.0,0.0,2.0,0.0,0.0,2.0,0.0,0.0,2.0,0.0,0.0,cumulative40,30.5,24.789915966386555,75.5,62.60504201680672,114.0,94.95798319327731,60.78431372549019
opus,current_user,da-3-5,2,da-3-5--rep-002,feaf90a8d7b2d3f52289ac777233d0518445a3e647c26eb6fc230c1c000c1780,100.0,100.0,100.0,100.0,82.0,0.0,0.0,18.0,18.0,2.0,0.0,0.0,2.0,0.0,0.0,2.0,0.0,0.0,1.0,0.0,0.0,cumulative40,30.5,24.789915966386555,45.0,36.97478991596638,85.5,71.00840336134453,44.25770308123249
opus,current_user,da-3-5,3,da-3-5--rep-003,999f2c16809f8bba8130a006d8d304d37847e3c21f87cca78c2db08953e29947,100.0,100.0,92.0,97.33333333333333,76.0,8.0,-5.333333333333329,21.33333333333333,24.0,1.0,0.0,0.0,1.0,0.0,0.0,2.0,0.0,0.0,1.0,0.0,0.0,cumulative40,76.0,63.02521008403362,15.0,11.764705882352942,94.5,78.57142857142857,51.12044817927171
opus,current_user,da-4-1,1,da-4-1--rep-001,057f7a527956349d8e253766ccc333b25228f0214c7e702e4ebf01de87b2307d,86.0,86.0,79.0,76.66666666666667,66.0,7.0,2.3333333333333286,10.666666666666671,20.0,1.0,0.0,0.0,1.0,0.0,0.0,1.0,0.0,0.0,1.0,0.0,0.0,cumulative40,71.5,59.2436974789916,71.0,58.8235294117647,60.0,49.57983193277311,55.88235294117647
opus,current_user,da-4-1,2,da-4-1--rep-002,9c53b773849793077259d4e4789c8a60a846b489413644588ffdff4ccc703068,100.0,100.0,84.0,92.33333333333333,82.0,16.0,-8.333333333333329,10.333333333333329,18.0,2.0,0.0,0.0,1.0,0.0,0.0,1.0,0.0,0.0,1.0,0.0,0.0,cumulative40,107.0,89.07563025210084,7.5,5.46218487394958,57.5,47.47899159663866,47.338935574229694
opus,current_user,da-4-1,3,da-4-1--rep-003,12bc3f0f681d221a15606bd1ce516f1379b00f4435c10022d511d369313b541f,93.0,93.0,93.0,87.66666666666667,63.0,0.0,5.333333333333329,24.66666666666667,30.0,2.0,0.0,0.0,1.0,0.0,0.0,1.0,0.0,0.0,1.0,0.0,0.0,cumulative40,30.5,24.789915966386555,92.0,76.47058823529412,103.0,85.71428571428571,62.324929971988794
opus,current_user,da-4-6,1,da-4-6--rep-001,0f0c825028bfe48de9f7e71ca6d6c9e30ae4444a8d3e2245e6ee5822799c7574,100.0,100.0,100.0,100.0,86.0,0.0,0.0,14.0,14.0,1.0,0.0,0.0,1.0,0.0,0.0,0.0,0.0,0.0,0.0,0.0,0.0,cumulative40,30.5,24.789915966386555,45.0,36.97478991596638,71.5,59.2436974789916,40.33613445378151
opus,current_user,da-4-6,2,da-4-6--rep-002,39b590a763de4b215ab3d3357d2fa8abeab53e8a5389223f3c85a536b87974f0,100.0,100.0,100.0,100.0,86.0,0.0,0.0,14.0,14.0,2.0,0.0,0.0,2.0,0.0,0.0,1.0,0.0,0.0,1.0,0.0,0.0,cumulative40,30.5,24.789915966386555,45.0,36.97478991596638,71.5,59.2436974789916,40.33613445378151
opus,current_user,da-4-6,3,da-4-6--rep-003,4985a712df5c5253cfdc26000c68dd9533e7b619c638623d724eccf4af188d57,100.0,100.0,87.0,87.0,88.0,13.0,0.0,-1.0,12.0,1.0,0.0,0.0,1.0,0.0,0.0,0.0,0.0,0.0,1.0,0.0,0.0,cumulative40,95.0,78.99159663865547,45.0,36.97478991596638,24.0,19.327731092436974,45.09803921568627
opus,current_user,da-5-1,1,da-5-1--rep-001,0e9ecb6785a00f2a6404ebd5c22505a29aa7869e70a17f799e44688006b1fca9,100.0,100.0,95.0,87.33333333333333,80.0,5.0,7.666666666666671,7.333333333333329,20.0,2.0,0.0,0.0,2.0,0.0,0.0,3.0,0.0,0.0,1.0,0.0,0.0,cumulative40,62.0,51.260504201680675,105.5,87.81512605042016,48.5,39.91596638655462,59.66386554621849
opus,current_user,da-5-1,2,da-5-1--rep-002,447f6841feba72a1c7305fd5f4694e3b89ebaf80b324b00ee30e47c9f1cd2e72,100.0,100.0,84.0,92.33333333333333,82.0,16.0,-8.333333333333329,10.333333333333329,18.0,1.0,0.0,0.0,1.0,0.0,0.0,1.0,0.0,0.0,1.0,0.0,0.0,cumulative40,107.0,89.07563025210084,7.5,5.46218487394958,57.5,47.47899159663866,47.338935574229694
opus,current_user,da-5-1,3,da-5-1--rep-003,50dcd82522cb2a7e033864a427abff94011794f0525d055aa3bf2649aac4d7d6,100.0,100.0,84.0,86.33333333333333,82.0,16.0,-2.3333333333333286,4.333333333333329,18.0,2.0,0.0,0.0,2.0,0.0,0.0,2.0,0.0,0.0,2.0,0.0,0.0,cumulative40,107.0,89.07563025210084,23.5,18.907563025210084,36.0,29.41176470588235,45.79831932773109
opus,current_user,da-6-5,1,da-6-5--rep-001,204ec4c9b9d59a0ac9aa0262bd576f273abbe802751636d502bf3e6e440e093b,100.0,100.0,87.0,95.0,27.0,13.0,-8.0,68.0,73.0,2.0,0.0,0.0,1.0,0.0,0.0,2.0,0.0,0.0,1.0,0.0,0.0,cumulative40,95.0,78.99159663865547,9.5,7.142857142857143,120.0,100.0,62.04481792717087
opus,current_user,da-6-5,2,da-6-5--rep-002,1a87d8d001b31de9f609ac7ab62adede44ffc345b61e8305473fdb1f3ebd4359,100.0,100.0,100.0,100.0,79.0,0.0,0.0,21.0,21.0,1.0,0.0,0.0,1.0,0.0,0.0,1.0,0.0,0.0,1.0,0.0,0.0,cumulative40,30.5,24.789915966386555,45.0,36.97478991596638,93.0,77.3109243697479,46.358543417366946
opus,current_user,da-6-5,3,da-6-5--rep-003,8af52c49619255fa187ee348f500b22219597585f823d52ccd37cd870abc3d2e,100.0,100.0,100.0,97.33333333333333,82.0,0.0,2.6666666666666714,15.333333333333329,18.0,1.0,0.0,0.0,0.0,0.0,0.0,1.0,0.0,0.0,1.0,0.0,0.0,cumulative40,30.5,24.789915966386555,75.5,62.60504201680672,77.0,63.865546218487395,50.42016806722689
opus,current_user,da-8-1,1,da-8-1--rep-001,12b660169831b7d224b4965ac0c46aa7ed8d9ea94d4e86eb570e6fc48dd7df27,100.0,100.0,92.0,94.66666666666667,80.0,8.0,-2.6666666666666714,14.666666666666671,20.0,2.0,0.0,0.0,2.0,0.0,0.0,1.0,0.0,0.0,0.0,0.0,0.0,cumulative40,76.0,63.02521008403362,22.0,17.647058823529413,75.0,62.18487394957983,47.61904761904762
opus,current_user,da-8-1,2,da-8-1--rep-002,366823a759f2cd52c6f0192ce41284a997e69ddd99c70aab6cf92e02b30ac9ad,92.0,92.0,92.0,92.0,52.0,0.0,0.0,40.0,40.0,3.0,0.0,0.0,3.0,0.0,0.0,1.0,0.0,0.0,2.0,0.0,0.0,cumulative40,30.5,24.789915966386555,45.0,36.97478991596638,115.0,95.7983193277311,52.52100840336134
opus,current_user,da-8-1,3,da-8-1--rep-003,4c4f2ff267fd6679892b6e1496a8558f7d0faf229ae460aeb5326b3900847a04,100.0,100.0,100.0,100.0,76.0,0.0,0.0,24.0,24.0,1.0,0.0,0.0,1.0,0.0,0.0,1.0,0.0,0.0,1.0,0.0,0.0,cumulative40,30.5,24.789915966386555,45.0,36.97478991596638,99.5,82.77310924369748,48.17927170868347
opus,current_user,da-8-3,1,da-8-3--rep-001,7d8e335f91a45848411b998c1a5cb1e115fd1bedd3088bd1a168c5753fe63bd3,100.0,100.0,87.0,73.33333333333333,55.0,13.0,13.666666666666671,18.33333333333333,45.0,1.0,0.0,0.0,3.0,0.0,0.0,1.0,0.0,0.0,2.0,0.0,0.0,cumulative40,95.0,78.99159663865547,116.5,97.05882352941177,87.0,72.26890756302521,82.77310924369748
opus,current_user,da-8-3,2,da-8-3--rep-002,0a30c0f00519fd449b9f5a56c6be7d93456e18f43041e52c1fbba34ab2a6c9c9,92.0,92.0,77.0,77.0,55.0,15.0,0.0,22.0,37.0,1.0,0.0,0.0,1.0,0.0,0.0,1.0,0.0,0.0,1.0,0.0,0.0,cumulative40,103.5,86.1344537815126,45.0,36.97478991596638,96.5,80.25210084033614,67.78711484593838
opus,current_user,da-8-3,3,da-8-3--rep-003,8f08bf1a373529a65fc062e76eda747144d6180f37330377e0168e932ef9723e,100.0,100.0,76.0,85.0,58.0,24.0,-9.0,27.0,42.0,3.0,0.0,0.0,4.0,0.0,0.0,1.0,0.0,0.0,2.0,0.0,0.0,cumulative40,112.0,93.27731092436974,5.5,3.7815126050420167,107.0,89.07563025210084,62.04481792717087
opus,current_user,da-9-1,1,da-9-1--rep-001,03df4078648b486b92503b2b6f0f3c5a8d7adf29720b8c6981634f2cc6d4ce4f,100.0,100.0,100.0,95.33333333333333,74.0,0.0,4.666666666666671,21.33333333333333,26.0,2.0,0.0,0.0,2.0,0.0,0.0,2.0,0.0,0.0,1.0,0.0,0.0,cumulative40,30.5,24.789915966386555,89.0,73.94957983193277,94.5,78.57142857142857,59.10364145658263
opus,current_user,da-9-1,2,da-9-1--rep-002,5e6269a054e2ba527a66a7f2b568da3cd3763b853ec88db9d626e4b5e6e66170,100.0,100.0,86.0,82.66666666666667,72.0,14.0,3.3333333333333286,10.666666666666671,28.0,1.0,0.0,0.0,1.0,0.0,0.0,1.0,0.0,0.0,1.0,0.0,0.0,cumulative40,100.0,83.19327731092437,82.0,68.0672268907563,60.0,49.57983193277311,66.9467787114846
opus,current_user,da-9-1,3,da-9-1--rep-003,341dec816c312ddeb50bc186c59bdecc547e7568e20bcc64e7ed381f0a0be05c,100.0,100.0,93.0,93.0,82.0,7.0,0.0,11.0,18.0,2.0,0.0,0.0,1.0,0.0,0.0,1.0,0.0,0.0,1.0,0.0,0.0,cumulative40,71.5,59.2436974789916,45.0,36.97478991596638,62.0,51.260504201680675,49.15966386554622
opus,current_user,da-9-7,1,da-9-7--rep-001,0a628d405fd5de3e7f3c2095bec2cdd70dcaf101770947b4f6d1595fb70bfa8a,93.0,93.0,93.0,86.0,88.0,0.0,7.0,-2.0,5.0,6.0,100.0,0.0,4.0,0.0,0.0,1.0,0.0,0.0,2.0,0.0,0.0,cumulative40,30.5,24.789915966386555,101.5,84.45378151260505,21.0,16.80672268907563,42.016806722689076
opus,current_user,da-9-7,2,da-9-7--rep-002,a48d5584d1cda0f414be705fb4ffa0ac4708fa19d2013b3b9ca4ef4c69c32de4,100.0,100.0,100.0,100.0,78.0,0.0,0.0,22.0,22.0,2.0,0.0,0.0,1.0,0.0,0.0,1.0,0.0,0.0,0.0,0.0,0.0,cumulative40,30.5,24.789915966386555,45.0,36.97478991596638,96.5,80.25210084033614,47.338935574229694
opus,current_user,da-9-7,3,da-9-7--rep-003,99e00800ef6d12badf8dff8274ce657323e98b12bd2973f1c4bb9e3dda6a13d6,93.0,93.0,86.0,78.66666666666667,82.0,7.0,7.333333333333329,-3.3333333333333286,11.0,1.0,0.0,0.0,1.0,0.0,0.0,1.0,0.0,0.0,0.0,0.0,0.0,cumulative40,71.5,59.2436974789916,104.0,86.5546218487395,20.0,15.966386554621849,53.92156862745098
gemini,current_full,da-1-3,1,da-1-3--rep-001,5d3ef64216240a0b1df0133b1835ab72e2bab2d1a31f9acbdd11f9c35f20bb47,100.0,100.0,100.0,100.0,100.0,0.0,0.0,0.0,0.0,0.0,0.0,0.0,0.0,0.0,0.0,0.0,0.0,0.0,0.0,0.0,0.0,cumulative40,59.5,49.15966386554622,56.0,46.21848739495798,63.0,52.10084033613445,49.15966386554622
gemini,current_full,da-1-3,2,da-1-3--rep-002,31177b6bf749aa9955327185f9607c4c0290659aae41c44b65448ddff613b8ae,100.0,100.0,100.0,100.0,100.0,0.0,0.0,0.0,0.0,0.0,0.0,0.0,0.0,0.0,0.0,0.0,0.0,0.0,0.0,0.0,0.0,cumulative40,59.5,49.15966386554622,56.0,46.21848739495798,63.0,52.10084033613445,49.15966386554622
gemini,current_full,da-1-3,3,da-1-3--rep-003,831ad3c7154ae1a059582999abac0191237eaf9b72aed0dddccd784299cc861f,100.0,100.0,100.0,100.0,92.0,0.0,0.0,8.0,8.0,0.0,0.0,0.0,0.0,0.0,0.0,0.0,0.0,0.0,0.0,0.0,0.0,cumulative40,59.5,49.15966386554622,56.0,46.21848739495798,112.5,93.69747899159664,63.02521008403362
gemini,current_full,da-1-4,1,da-1-4--rep-001,8579f1d69821d8f95467324681e5de48dc9b533437b308282872bc828b2f3f12,100.0,100.0,100.0,100.0,100.0,0.0,0.0,0.0,0.0,0.0,0.0,0.0,0.0,0.0,0.0,0.0,0.0,0.0,0.0,0.0,0.0,cumulative40,59.5,49.15966386554622,56.0,46.21848739495798,63.0,52.10084033613445,49.15966386554622
gemini,current_full,da-1-4,2,da-1-4--rep-002,16cc9e2d573864e05955a3fcacf526cb3b7f6fe9278bdf5ef17ad88a084562b5,100.0,100.0,100.0,100.0,100.0,0.0,0.0,0.0,0.0,0.0,0.0,0.0,0.0,0.0,0.0,0.0,0.0,0.0,0.0,0.0,0.0,cumulative40,59.5,49.15966386554622,56.0,46.21848739495798,63.0,52.10084033613445,49.15966386554622
gemini,current_full,da-1-4,3,da-1-4--rep-003,60154c27e2ab3ff3bc19f636dc862c2a62a671934f29e94a788238946ea54b61,100.0,100.0,100.0,100.0,100.0,0.0,0.0,0.0,0.0,0.0,0.0,0.0,0.0,0.0,0.0,0.0,0.0,0.0,0.0,0.0,0.0,cumulative40,59.5,49.15966386554622,56.0,46.21848739495798,63.0,52.10084033613445,49.15966386554622
gemini,current_full,da-10-1,1,da-10-1--rep-001,8a59fa68dbcd5e8ae42ecd5148e7877fa04f672b4847eab901635ad0b0cfda04,100.0,100.0,100.0,100.0,96.0,0.0,0.0,4.0,4.0,0.0,0.0,0.0,0.0,0.0,0.0,0.0,0.0,0.0,0.0,0.0,0.0,cumulative40,59.5,49.15966386554622,56.0,46.21848739495798,104.5,86.97478991596638,60.78431372549019
gemini,current_full,da-10-1,2,da-10-1--rep-002,28bb10a27cc5e7b0d29f2dee6658836679cca6dd5b1ee3c17e687f92b4a23d8e,100.0,100.0,100.0,100.0,100.0,0.0,0.0,0.0,0.0,0.0,0.0,0.0,0.0,0.0,0.0,0.0,0.0,0.0,0.0,0.0,0.0,cumulative40,59.5,49.15966386554622,56.0,46.21848739495798,63.0,52.10084033613445,49.15966386554622
gemini,current_full,da-10-1,3,da-10-1--rep-003,d77c9832e24c0b1a42f91901e0a69c073ab4c04c89ef662ec0344e1f778444bb,100.0,100.0,100.0,100.0,100.0,0.0,0.0,0.0,0.0,0.0,0.0,0.0,0.0,0.0,0.0,0.0,0.0,0.0,0.0,0.0,0.0,cumulative40,59.5,49.15966386554622,56.0,46.21848739495798,63.0,52.10084033613445,49.15966386554622
gemini,current_full,da-10-3,1,da-10-3--rep-001,bcc9f280eaf5bcc981ab99bfffb5b40d9bf3ea870b24454dfd3bf94e4ca26edf,100.0,100.0,100.0,100.0,100.0,0.0,0.0,0.0,0.0,0.0,0.0,0.0,0.0,0.0,0.0,0.0,0.0,0.0,0.0,0.0,0.0,cumulative40,59.5,49.15966386554622,56.0,46.21848739495798,63.0,52.10084033613445,49.15966386554622
gemini,current_full,da-10-3,2,da-10-3--rep-002,af1ead73430659ec7567418ef500f3a14330b21ef20c93d4f9ea7f58374e325f,100.0,100.0,100.0,100.0,92.0,0.0,0.0,8.0,8.0,0.0,0.0,0.0,0.0,0.0,0.0,0.0,0.0,0.0,0.0,0.0,0.0,cumulative40,59.5,49.15966386554622,56.0,46.21848739495798,112.5,93.69747899159664,63.02521008403362
gemini,current_full,da-10-3,3,da-10-3--rep-003,7eff9444a67bf46772b10655df63a85852ff1556f1b1f197c200e5344bc459b7,100.0,100.0,100.0,100.0,98.0,0.0,0.0,2.0,2.0,0.0,0.0,0.0,0.0,0.0,0.0,0.0,0.0,0.0,0.0,0.0,0.0,cumulative40,59.5,49.15966386554622,56.0,46.21848739495798,99.5,82.77310924369748,59.38375350140056
gemini,current_full,da-12-2,1,da-12-2--rep-001,aa5558f0bc70c3c0056596c6f332961c6a28149e5403459ae069d38d1744d6c2,100.0,95.0,100.0,100.0,100.0,0.0,0.0,0.0,0.0,0.0,0.0,0.0,0.0,0.0,0.0,9.0,100.0,0.0,0.0,0.0,0.0,cumulative40,59.5,49.15966386554622,56.0,46.21848739495798,63.0,52.10084033613445,49.15966386554622
gemini,current_full,da-12-2,2,da-12-2--rep-002,953bdb85e14b9bb90c6086aaf50e1ad561a2281b02055778d4ba60644119181b,70.0,70.0,75.0,75.0,100.0,-5.0,0.0,-25.0,-30.0,0.0,0.0,0.0,0.0,0.0,0.0,0.0,0.0,0.0,0.0,0.0,0.0,cumulative40,9.5,7.142857142857143,56.0,46.21848739495798,2.5,1.2605042016806722,18.207282913165265
gemini,current_full,da-12-2,3,da-12-2--rep-003,96658af61c93de4b8ed3e4d908009f3f76b8ddc8b0356d891fe518bda682c3e2,100.0,100.0,100.0,100.0,100.0,0.0,0.0,0.0,0.0,0.0,0.0,0.0,0.0,0.0,0.0,0.0,0.0,0.0,0.0,0.0,0.0,cumulative40,59.5,49.15966386554622,56.0,46.21848739495798,63.0,52.10084033613445,49.15966386554622
gemini,current_full,da-12-4,1,da-12-4--rep-001,f7cc404237a9fc22cdd1af5841696b058537a33a726d77cb37368ca002f6162c,86.0,86.0,100.0,95.33333333333333,100.0,-14.0,4.666666666666671,-4.666666666666671,-14.0,0.0,0.0,0.0,0.0,0.0,0.0,0.0,0.0,0.0,0.0,0.0,0.0,cumulative40,1.0,0.0,112.5,93.69747899159664,28.0,22.689075630252102,38.79551820728291
gemini,current_full,da-12-4,2,da-12-4--rep-002,d22048bbf9e9aeda018a6ef09192a2a3b59b0d996f764b8b241f87065d353eed,100.0,100.0,100.0,100.0,100.0,0.0,0.0,0.0,0.0,0.0,0.0,0.0,0.0,0.0,0.0,0.0,0.0,0.0,0.0,0.0,0.0,cumulative40,59.5,49.15966386554622,56.0,46.21848739495798,63.0,52.10084033613445,49.15966386554622
gemini,current_full,da-12-4,3,da-12-4--rep-003,e631bcaaf0b93d7fac03c461e42334c064c26d702791dd8c34fe3da9ac47ce25,86.0,86.0,86.0,86.0,100.0,0.0,0.0,-14.0,-14.0,0.0,0.0,0.0,0.0,0.0,0.0,0.0,0.0,0.0,0.0,0.0,0.0,cumulative40,59.5,49.15966386554622,56.0,46.21848739495798,12.0,9.243697478991596,34.87394957983193
gemini,current_full,da-13-1,1,da-13-1--rep-001,2687db1883433f202b5d8c4fa1eeb81260a954db4c9b219b9470ca88df6eb75a,100.0,100.0,100.0,100.0,100.0,0.0,0.0,0.0,0.0,0.0,0.0,0.0,0.0,0.0,0.0,0.0,0.0,0.0,0.0,0.0,0.0,cumulative40,59.5,49.15966386554622,56.0,46.21848739495798,63.0,52.10084033613445,49.15966386554622
gemini,current_full,da-13-1,2,da-13-1--rep-002,cff05b668fee971c5af7a3bc1b18b31d9370768654b274ca8f88901252cba0b1,100.0,100.0,100.0,100.0,100.0,0.0,0.0,0.0,0.0,0.0,0.0,0.0,0.0,0.0,0.0,0.0,0.0,0.0,0.0,0.0,0.0,cumulative40,59.5,49.15966386554622,56.0,46.21848739495798,63.0,52.10084033613445,49.15966386554622
gemini,current_full,da-13-1,3,da-13-1--rep-003,4872c95f9caa5c573f5e3056e2fc5bf40232784f95f8423cb777b3654cd139a1,100.0,100.0,100.0,100.0,100.0,0.0,0.0,0.0,0.0,0.0,0.0,0.0,0.0,0.0,0.0,0.0,0.0,0.0,0.0,0.0,0.0,cumulative40,59.5,49.15966386554622,56.0,46.21848739495798,63.0,52.10084033613445,49.15966386554622
gemini,current_full,da-13-3,1,da-13-3--rep-001,13d1faa077f1168872dc928fe929fcfec5e2b5a7a004d404ecba57c1b0607a19,100.0,100.0,100.0,100.0,100.0,0.0,0.0,0.0,0.0,0.0,0.0,0.0,0.0,0.0,0.0,0.0,0.0,0.0,0.0,0.0,0.0,cumulative40,59.5,49.15966386554622,56.0,46.21848739495798,63.0,52.10084033613445,49.15966386554622
gemini,current_full,da-13-3,2,da-13-3--rep-002,844644e69962c5c8f40741d7e7e809c2f33007ecd3483f925f52af4c3c55b383,100.0,100.0,100.0,100.0,100.0,0.0,0.0,0.0,0.0,0.0,0.0,0.0,0.0,0.0,0.0,0.0,0.0,0.0,0.0,0.0,0.0,cumulative40,59.5,49.15966386554622,56.0,46.21848739495798,63.0,52.10084033613445,49.15966386554622
gemini,current_full,da-13-3,3,da-13-3--rep-003,3b55f0efcc9addf6212ef1aea789ea400d6fdbd67280be554000a46a9fb72f40,100.0,100.0,100.0,100.0,100.0,0.0,0.0,0.0,0.0,0.0,0.0,0.0,0.0,0.0,0.0,0.0,0.0,0.0,0.0,0.0,0.0,cumulative40,59.5,49.15966386554622,56.0,46.21848739495798,63.0,52.10084033613445,49.15966386554622
gemini,current_full,da-13-5,1,da-13-5--rep-001,e8908a1509166c699c3c01f2743ccef1b0ca5b45ba7e04fc5ec4c7407c720211,100.0,100.0,100.0,100.0,100.0,0.0,0.0,0.0,0.0,0.0,0.0,0.0,0.0,0.0,0.0,0.0,0.0,0.0,0.0,0.0,0.0,cumulative40,59.5,49.15966386554622,56.0,46.21848739495798,63.0,52.10084033613445,49.15966386554622
gemini,current_full,da-13-5,2,da-13-5--rep-002,34c7af044371da1b74591a96f6f536d2edc51341d276cd2c1ced555eb67b5bb3,100.0,100.0,100.0,100.0,100.0,0.0,0.0,0.0,0.0,0.0,0.0,0.0,0.0,0.0,0.0,0.0,0.0,0.0,0.0,0.0,0.0,cumulative40,59.5,49.15966386554622,56.0,46.21848739495798,63.0,52.10084033613445,49.15966386554622
gemini,current_full,da-13-5,3,da-13-5--rep-003,da45ed3657c57a505691d5a566d6bee40b749093aeb6f4c0e83249050a42da97,100.0,100.0,100.0,100.0,100.0,0.0,0.0,0.0,0.0,0.0,0.0,0.0,0.0,0.0,0.0,0.0,0.0,0.0,0.0,0.0,0.0,cumulative40,59.5,49.15966386554622,56.0,46.21848739495798,63.0,52.10084033613445,49.15966386554622
gemini,current_full,da-13-6,1,da-13-6--rep-001,4b91801b7b3b3c0722d4138099e799e529db27a6ec410c7f895baf46b5b5260e,100.0,100.0,100.0,100.0,100.0,0.0,0.0,0.0,0.0,0.0,0.0,0.0,0.0,0.0,0.0,0.0,0.0,0.0,0.0,0.0,0.0,cumulative40,59.5,49.15966386554622,56.0,46.21848739495798,63.0,52.10084033613445,49.15966386554622
gemini,current_full,da-13-6,2,da-13-6--rep-002,70781e72c0bd769898685277e2b00f3b58af60dd021f75dee121e9669d39c8b5,100.0,100.0,90.0,90.0,100.0,10.0,0.0,-10.0,0.0,0.0,0.0,0.0,0.0,0.0,0.0,0.0,0.0,0.0,0.0,0.0,0.0,cumulative40,113.5,94.53781512605042,56.0,46.21848739495798,17.0,13.445378151260504,51.40056022408964
gemini,current_full,da-13-6,3,da-13-6--rep-003,8c39c24a1969119db9cb917eb6bb9b0d66834e1a2fe3e2dad56e988ed78d19bc,100.0,100.0,90.0,90.0,100.0,10.0,0.0,-10.0,0.0,0.0,0.0,0.0,0.0,0.0,0.0,0.0,0.0,0.0,0.0,0.0,0.0,cumulative40,113.5,94.53781512605042,56.0,46.21848739495798,17.0,13.445378151260504,51.40056022408964
gemini,current_full,da-14-1,1,da-14-1--rep-001,c58870f887fa50980bfb0a72ef12a02de1d44513021245911166f54fb4ab8849,100.0,100.0,100.0,100.0,100.0,0.0,0.0,0.0,0.0,0.0,0.0,0.0,0.0,0.0,0.0,0.0,0.0,0.0,0.0,0.0,0.0,cumulative40,59.5,49.15966386554622,56.0,46.21848739495798,63.0,52.10084033613445,49.15966386554622
gemini,current_full,da-14-1,2,da-14-1--rep-002,62a4f4e79c3ba40897079d2e4434524d0de6c7e9af55274bb103f10775894457,100.0,100.0,100.0,100.0,100.0,0.0,0.0,0.0,0.0,0.0,0.0,0.0,0.0,0.0,0.0,0.0,0.0,0.0,0.0,0.0,0.0,cumulative40,59.5,49.15966386554622,56.0,46.21848739495798,63.0,52.10084033613445,49.15966386554622
gemini,current_full,da-14-1,3,da-14-1--rep-003,910c3ad981337a49826a2db6a9dcfeae79e59eea300411fa02d21a728b30d313,100.0,100.0,100.0,100.0,100.0,0.0,0.0,0.0,0.0,0.0,0.0,0.0,0.0,0.0,0.0,0.0,0.0,0.0,0.0,0.0,0.0,cumulative40,59.5,49.15966386554622,56.0,46.21848739495798,63.0,52.10084033613445,49.15966386554622
gemini,current_full,da-14-3,1,da-14-3--rep-001,443cef1315d563b38a073e85156b222064439a6e6924ece7a7cf696da81ca47d,100.0,100.0,100.0,100.0,100.0,0.0,0.0,0.0,0.0,0.0,0.0,0.0,0.0,0.0,0.0,0.0,0.0,0.0,0.0,0.0,0.0,cumulative40,59.5,49.15966386554622,56.0,46.21848739495798,63.0,52.10084033613445,49.15966386554622
gemini,current_full,da-14-3,2,da-14-3--rep-002,b6bcfb1759100fb5dccdc6a0c96b2e53512990979748023f4dd66d1dafdae449,100.0,100.0,100.0,100.0,100.0,0.0,0.0,0.0,0.0,0.0,0.0,0.0,0.0,0.0,0.0,0.0,0.0,0.0,0.0,0.0,0.0,cumulative40,59.5,49.15966386554622,56.0,46.21848739495798,63.0,52.10084033613445,49.15966386554622
gemini,current_full,da-14-3,3,da-14-3--rep-003,f490cd7d9aac7dd334b16cc234b86a204fe25c9123914094231ef40a35bf9865,100.0,100.0,100.0,100.0,100.0,0.0,0.0,0.0,0.0,0.0,0.0,0.0,0.0,0.0,0.0,0.0,0.0,0.0,0.0,0.0,0.0,cumulative40,59.5,49.15966386554622,56.0,46.21848739495798,63.0,52.10084033613445,49.15966386554622
gemini,current_full,da-14-8,1,da-14-8--rep-001,19e50d8f667891739f395ea6149e8c16e896b52239e2f28dc65435d959c044ea,100.0,100.0,100.0,100.0,100.0,0.0,0.0,0.0,0.0,0.0,0.0,0.0,0.0,0.0,0.0,0.0,0.0,0.0,0.0,0.0,0.0,cumulative40,59.5,49.15966386554622,56.0,46.21848739495798,63.0,52.10084033613445,49.15966386554622
gemini,current_full,da-14-8,2,da-14-8--rep-002,1854b3c78047ce70c8c201e764f7834984a12b87d1e80fa39c8cebb687eb324c,100.0,100.0,100.0,100.0,100.0,0.0,0.0,0.0,0.0,0.0,0.0,0.0,0.0,0.0,0.0,0.0,0.0,0.0,0.0,0.0,0.0,cumulative40,59.5,49.15966386554622,56.0,46.21848739495798,63.0,52.10084033613445,49.15966386554622
gemini,current_full,da-14-8,3,da-14-8--rep-003,1df4d0430e99e84f731048fd90fa72db44584ded655899682db950efc5095058,100.0,100.0,100.0,100.0,100.0,0.0,0.0,0.0,0.0,0.0,0.0,0.0,0.0,0.0,0.0,0.0,0.0,0.0,0.0,0.0,0.0,cumulative40,59.5,49.15966386554622,56.0,46.21848739495798,63.0,52.10084033613445,49.15966386554622
gemini,current_full,da-15-1,1,da-15-1--rep-001,49778b345951f612f87bb67536902d62c4213099dc7e29ff5944d6732e6b15a9,100.0,100.0,100.0,100.0,100.0,0.0,0.0,0.0,0.0,0.0,0.0,0.0,0.0,0.0,0.0,0.0,0.0,0.0,0.0,0.0,0.0,cumulative40,59.5,49.15966386554622,56.0,46.21848739495798,63.0,52.10084033613445,49.15966386554622
gemini,current_full,da-15-1,2,da-15-1--rep-002,d9e2dbdadadbc426045c351ebdf396cff880ef31da1dd828a4c565fa93d51ff1,87.0,87.0,87.0,87.0,98.0,0.0,0.0,-11.0,-11.0,0.0,0.0,0.0,0.0,0.0,0.0,0.0,0.0,0.0,0.0,0.0,0.0,cumulative40,59.5,49.15966386554622,56.0,46.21848739495798,15.0,11.764705882352942,35.714285714285715
gemini,current_full,da-15-1,3,da-15-1--rep-003,2c9b91497ed94a70515f7042413c19b3bc0eae6ec6fd40c1c6f08cdadf998bb8,87.0,87.0,87.0,87.0,96.0,0.0,0.0,-9.0,-9.0,0.0,0.0,0.0,0.0,0.0,0.0,0.0,0.0,0.0,0.0,0.0,0.0,cumulative40,59.5,49.15966386554622,56.0,46.21848739495798,19.0,15.126050420168067,36.83473389355743
gemini,current_full,da-15-2,1,da-15-2--rep-001,40eaa690bb269c30e6cb610f512a9ef7b79943582f2aa03760864a3f8c8fad8d,73.0,73.0,83.0,76.33333333333333,92.0,-10.0,6.666666666666671,-15.666666666666671,-19.0,0.0,0.0,0.0,0.0,0.0,0.0,0.0,0.0,0.0,0.0,0.0,0.0,cumulative40,3.5,2.100840336134454,116.5,97.05882352941177,11.0,8.403361344537815,35.85434173669468
gemini,current_full,da-15-2,2,da-15-2--rep-002,e50e296231d880e0bc0d5c30f44a8a25b92dac2ef762823c03fd9998c0ac1ecf,100.0,95.0,83.0,83.0,95.0,17.0,0.0,-12.0,5.0,0.0,0.0,0.0,0.0,0.0,0.0,0.0,0.0,0.0,0.0,0.0,0.0,cumulative40,117.0,97.47899159663865,56.0,46.21848739495798,13.5,10.504201680672269,51.40056022408963
gemini,current_full,da-15-2,3,da-15-2--rep-003,a47f7ea5c7ecc7ae88acd066c12e7174fac5d94cce460ba2da6d1b82c4d0c52e,83.0,83.0,73.0,76.33333333333333,100.0,10.0,-3.3333333333333286,-23.66666666666667,-17.0,0.0,0.0,0.0,0.0,0.0,0.0,0.0,0.0,0.0,0.0,0.0,0.0,cumulative40,113.5,94.53781512605042,3.0,1.680672268907563,4.0,2.5210084033613445,32.91316526610644
gemini,current_full,da-15-7,1,da-15-7--rep-001,59ab428e187341a7a1df7121482cccdd91c9b745d63cec3a741018c1e3e6be6f,77.0,77.0,67.0,67.0,85.0,10.0,0.0,-18.0,-8.0,0.0,0.0,0.0,0.0,0.0,0.0,0.0,0.0,0.0,0.0,0.0,0.0,cumulative40,113.5,94.53781512605042,56.0,46.21848739495798,9.0,6.722689075630252,49.159663865546214
gemini,current_full,da-15-7,2,da-15-7--rep-002,e9c603185bbda601c1acd391f801e80efed3fe54741476906dab4ae86f8b3ef4,77.0,77.0,77.0,77.0,96.0,0.0,0.0,-19.0,-19.0,0.0,0.0,0.0,0.0,0.0,0.0,0.0,0.0,0.0,0.0,0.0,0.0,cumulative40,59.5,49.15966386554622,56.0,46.21848739495798,7.0,5.042016806722689,33.4733893557423
gemini,current_full,da-15-7,3,da-15-7--rep-003,d3e0e167a77afc7c478738b92f976e9c286ae93e2c1056f27de50c7472d08cb7,67.0,67.0,67.0,67.0,92.0,0.0,0.0,-25.0,-25.0,0.0,0.0,0.0,0.0,0.0,0.0,0.0,0.0,0.0,0.0,0.0,0.0,cumulative40,59.5,49.15966386554622,56.0,46.21848739495798,2.5,1.2605042016806722,32.212885154061624
gemini,current_full,da-15-8,1,da-15-8--rep-001,53a46b741b20fd7efb6942b743936da2713e7e4f7c0b7caca4c74840bd1c46b4,100.0,100.0,100.0,93.0,100.0,0.0,7.0,-7.0,0.0,0.0,0.0,0.0,0.0,0.0,0.0,0.0,0.0,0.0,0.0,0.0,0.0,cumulative40,59.5,49.15966386554622,118.5,98.73949579831933,21.5,17.22689075630252,55.042016806722685
gemini,current_full,da-15-8,2,da-15-8--rep-002,c41efbccbdce487e284c6cca7437b761647c4c3bd324b82add821555cc3af6e5,100.0,100.0,100.0,100.0,45.0,0.0,0.0,55.0,55.0,0.0,0.0,0.0,0.0,0.0,0.0,0.0,0.0,0.0,0.0,0.0,0.0,cumulative40,59.5,49.15966386554622,56.0,46.21848739495798,120.0,100.0,65.12605042016807
gemini,current_full,da-15-8,3,da-15-8--rep-003,88786bf677b29c911b61cc5e8508c231eceeaae998d287a14488a99cd07e8f59,100.0,100.0,100.0,100.0,100.0,0.0,0.0,0.0,0.0,0.0,0.0,0.0,0.0,0.0,0.0,0.0,0.0,0.0,0.0,0.0,0.0,cumulative40,59.5,49.15966386554622,56.0,46.21848739495798,63.0,52.10084033613445,49.15966386554622
gemini,current_full,da-16-1,1,da-16-1--rep-001,03f392063162b1c738e767e709fe6f8588224063e90da612d8ace10d70f494d1,100.0,100.0,100.0,100.0,100.0,0.0,0.0,0.0,0.0,0.0,0.0,0.0,0.0,0.0,0.0,0.0,0.0,0.0,0.0,0.0,0.0,cumulative40,59.5,49.15966386554622,56.0,46.21848739495798,63.0,52.10084033613445,49.15966386554622
gemini,current_full,da-16-1,2,da-16-1--rep-002,f77c2af700524b3b1395f9eadb91da37e3bb9804384000e7d9c0386190a55209,100.0,100.0,100.0,100.0,100.0,0.0,0.0,0.0,0.0,0.0,0.0,0.0,0.0,0.0,0.0,0.0,0.0,0.0,0.0,0.0,0.0,cumulative40,59.5,49.15966386554622,56.0,46.21848739495798,63.0,52.10084033613445,49.15966386554622
gemini,current_full,da-16-1,3,da-16-1--rep-003,73cdeed48bca0558d392c3dd44b39985a532fab27e0d15487cb91a54badcfe19,100.0,100.0,95.0,98.33333333333333,98.0,5.0,-3.3333333333333286,0.3333333333333286,2.0,0.0,0.0,0.0,0.0,0.0,0.0,0.0,0.0,0.0,0.0,0.0,0.0,cumulative40,108.5,90.33613445378151,3.0,1.680672268907563,95.5,79.41176470588235,57.14285714285714
gemini,current_full,da-17-1,1,da-17-1--rep-001,3a56cdb61ae0719d9193a75a6324c276717d48d5b909f473aeea1db823071664,90.0,90.0,90.0,90.0,92.0,0.0,0.0,-2.0,-2.0,0.0,0.0,0.0,0.0,0.0,0.0,0.0,0.0,0.0,0.0,0.0,0.0,cumulative40,59.5,49.15966386554622,56.0,46.21848739495798,30.5,24.789915966386555,40.056022408963585
gemini,current_full,da-17-1,2,da-17-1--rep-002,c18b5fb1f06017d423bdb0e846f6c0aa380be15a5d2b59825a95b97933b6d655,90.0,90.0,90.0,90.0,92.0,0.0,0.0,-2.0,-2.0,0.0,0.0,0.0,0.0,0.0,0.0,0.0,0.0,0.0,0.0,0.0,0.0,cumulative40,59.5,49.15966386554622,56.0,46.21848739495798,30.5,24.789915966386555,40.056022408963585
gemini,current_full,da-17-1,3,da-17-1--rep-003,75e9a1196d77215c4c97eb668131739ec5c76d0135c82fd2fff693ae81d382e5,90.0,90.0,90.0,93.33333333333333,100.0,0.0,-3.3333333333333286,-6.666666666666671,-10.0,0.0,0.0,0.0,0.0,0.0,0.0,0.0,0.0,0.0,0.0,0.0,0.0,cumulative40,59.5,49.15966386554622,3.0,1.680672268907563,23.5,18.907563025210084,23.249299719887958
gemini,current_full,da-17-3,1,da-17-3--rep-001,0f523220dc1cf46b2b8b8311258233a9d91daed3f3c20ccdaa93be77451a79a2,100.0,100.0,100.0,96.66666666666667,95.0,0.0,3.3333333333333286,1.6666666666666714,5.0,0.0,0.0,0.0,0.0,0.0,0.0,0.0,0.0,0.0,0.0,0.0,0.0,cumulative40,59.5,49.15966386554622,108.0,89.91596638655462,97.5,81.09243697478992,73.38935574229691
gemini,current_full,da-17-3,2,da-17-3--rep-002,3cb2307c0fe0a04eb1cebca83ba04c0ea03bfa6618daecae4cd0e71020bdd75f,56.0,51.0,15.0,15.0,12.0,41.0,0.0,3.0,44.0,0.0,0.0,0.0,0.0,0.0,0.0,0.0,0.0,0.0,0.0,0.0,0.0,cumulative40,120.0,100.0,56.0,46.21848739495798,102.5,85.29411764705883,77.17086834733894
gemini,current_full,da-17-3,3,da-17-3--rep-003,920bba4d837f25ef9bee6dedaac8d6a2ab425f159ed5c57a0c9a8b16188358be,30.0,30.0,22.0,17.333333333333332,15.0,8.0,4.666666666666668,2.333333333333332,15.0,0.0,0.0,0.0,0.0,0.0,0.0,0.0,0.0,0.0,0.0,0.0,0.0,cumulative40,110.5,92.01680672268908,111.0,92.43697478991596,101.0,84.03361344537815,89.49579831932773
gemini,current_full,da-17-5,1,da-17-5--rep-001,6fd9cf0814ce9b2e53274edfc83e64e9f7f2683eb8909c5180393a5c5857344e,90.0,90.0,100.0,93.33333333333333,100.0,-10.0,6.666666666666671,-6.666666666666671,-10.0,0.0,0.0,0.0,0.0,0.0,0.0,0.0,0.0,0.0,0.0,0.0,0.0,cumulative40,3.5,2.100840336134454,116.5,97.05882352941177,23.5,18.907563025210084,39.35574229691877
gemini,current_full,da-17-5,2,da-17-5--rep-002,4eeb59cd6397fc912888a0d0ca2c1b1b5d9b008f1b82f2d0eef0eb130b6f98b7,90.0,90.0,90.0,90.0,100.0,0.0,0.0,-10.0,-10.0,0.0,0.0,0.0,0.0,0.0,0.0,0.0,0.0,0.0,0.0,0.0,0.0,cumulative40,59.5,49.15966386554622,56.0,46.21848739495798,17.0,13.445378151260504,36.27450980392157
gemini,current_full,da-17-5,3,da-17-5--rep-003,2489e5ff53145ddcd4e05c088183921a9cdc4e8e3cb24e7f9cd0b7b7b06437c3,90.0,90.0,90.0,90.0,95.0,0.0,0.0,-5.0,-5.0,0.0,0.0,0.0,0.0,0.0,0.0,0.0,0.0,0.0,0.0,0.0,0.0,cumulative40,59.5,49.15966386554622,56.0,46.21848739495798,26.0,21.008403361344538,38.79551820728291
gemini,current_full,da-18-5,1,da-18-5--rep-001,e16aab443e445a25e328d42a825eafeb8dbce66b57e426a299c777841f64988a,100.0,100.0,100.0,100.0,100.0,0.0,0.0,0.0,0.0,0.0,0.0,0.0,0.0,0.0,0.0,0.0,0.0,0.0,0.0,0.0,0.0,cumulative40,59.5,49.15966386554622,56.0,46.21848739495798,63.0,52.10084033613445,49.15966386554622
gemini,current_full,da-18-5,2,da-18-5--rep-002,7e7dc16cd6b5657189453d3b97525954e7848ca4c813a787d72773fb1187805d,100.0,100.0,100.0,100.0,100.0,0.0,0.0,0.0,0.0,0.0,0.0,0.0,0.0,0.0,0.0,0.0,0.0,0.0,0.0,0.0,0.0,cumulative40,59.5,49.15966386554622,56.0,46.21848739495798,63.0,52.10084033613445,49.15966386554622
gemini,current_full,da-18-5,3,da-18-5--rep-003,2e3688af56b326420d8f1a14ef34853c0b6ebdec85e5c02ed7f3e51f35f97fcc,100.0,100.0,100.0,100.0,100.0,0.0,0.0,0.0,0.0,0.0,0.0,0.0,0.0,0.0,0.0,0.0,0.0,0.0,0.0,0.0,0.0,cumulative40,59.5,49.15966386554622,56.0,46.21848739495798,63.0,52.10084033613445,49.15966386554622
gemini,current_full,da-18-7,1,da-18-7--rep-001,7a0fcb964647f6592e3015cc4721de083d9eafd4fe2bb761f2e09e2c21ba0441,92.0,92.0,100.0,100.0,100.0,-8.0,0.0,0.0,-8.0,0.0,0.0,0.0,0.0,0.0,0.0,0.0,0.0,0.0,0.0,0.0,0.0,cumulative40,5.5,3.7815126050420167,56.0,46.21848739495798,63.0,52.10084033613445,34.03361344537815
gemini,current_full,da-18-7,2,da-18-7--rep-002,a68c6efb4d3088838ae3214b0eee1421242d79cd02b37205b52417718bb5d69c,100.0,100.0,100.0,100.0,100.0,0.0,0.0,0.0,0.0,0.0,0.0,0.0,0.0,0.0,0.0,0.0,0.0,0.0,0.0,0.0,0.0,cumulative40,59.5,49.15966386554622,56.0,46.21848739495798,63.0,52.10084033613445,49.15966386554622
gemini,current_full,da-18-7,3,da-18-7--rep-003,c96906cd9bbe233732ab0a58f730d06d123b6b5000b55870f31665d7ff258a06,100.0,100.0,100.0,100.0,100.0,0.0,0.0,0.0,0.0,0.0,0.0,0.0,0.0,0.0,0.0,0.0,0.0,0.0,0.0,0.0,0.0,cumulative40,59.5,49.15966386554622,56.0,46.21848739495798,63.0,52.10084033613445,49.15966386554622
gemini,current_full,da-19-1,1,da-19-1--rep-001,af15ae0a8c740adecf79c1fd6c39ec42ffb0e25acb0e09ce361bdc13ac55e900,100.0,100.0,100.0,100.0,100.0,0.0,0.0,0.0,0.0,0.0,0.0,0.0,0.0,0.0,0.0,0.0,0.0,0.0,0.0,0.0,0.0,cumulative40,59.5,49.15966386554622,56.0,46.21848739495798,63.0,52.10084033613445,49.15966386554622
gemini,current_full,da-19-1,2,da-19-1--rep-002,23950447b25a546d51126338de629eeaed3612b5bdefa5d02ada577f54cfae52,100.0,100.0,100.0,100.0,100.0,0.0,0.0,0.0,0.0,0.0,0.0,0.0,0.0,0.0,0.0,0.0,0.0,0.0,0.0,0.0,0.0,cumulative40,59.5,49.15966386554622,56.0,46.21848739495798,63.0,52.10084033613445,49.15966386554622
gemini,current_full,da-19-1,3,da-19-1--rep-003,ec091ad49126a85e8b26312e2934437bb668c437c5e91faae91f81b2a36fdadf,100.0,100.0,100.0,100.0,100.0,0.0,0.0,0.0,0.0,0.0,0.0,0.0,0.0,0.0,0.0,0.0,0.0,0.0,0.0,0.0,0.0,cumulative40,59.5,49.15966386554622,56.0,46.21848739495798,63.0,52.10084033613445,49.15966386554622
gemini,current_full,da-19-3,1,da-19-3--rep-001,71621ae228a547058abce0bb3162089a4709b0f092eab36a0b208b47a2ecc454,100.0,100.0,100.0,100.0,100.0,0.0,0.0,0.0,0.0,0.0,0.0,0.0,0.0,0.0,0.0,0.0,0.0,0.0,0.0,0.0,0.0,cumulative40,59.5,49.15966386554622,56.0,46.21848739495798,63.0,52.10084033613445,49.15966386554622
gemini,current_full,da-19-3,2,da-19-3--rep-002,4d3b1ab1e95978cf8c45396e1807af6c161ccc964081843d7b5ae23488b7ea11,100.0,100.0,100.0,100.0,100.0,0.0,0.0,0.0,0.0,0.0,0.0,0.0,0.0,0.0,0.0,0.0,0.0,0.0,0.0,0.0,0.0,cumulative40,59.5,49.15966386554622,56.0,46.21848739495798,63.0,52.10084033613445,49.15966386554622
gemini,current_full,da-19-3,3,da-19-3--rep-003,205f21c0a39e966e073f859acac41bfd84fe8712855dcd9ea27a6fda0dac3977,100.0,100.0,100.0,100.0,100.0,0.0,0.0,0.0,0.0,0.0,0.0,0.0,0.0,0.0,0.0,0.0,0.0,0.0,0.0,0.0,0.0,cumulative40,59.5,49.15966386554622,56.0,46.21848739495798,63.0,52.10084033613445,49.15966386554622
gemini,current_full,da-19-6,1,da-19-6--rep-001,9a16f1ca31dcfabe5b6d4310edb3ad148676155750fd8b6230e516edca849bd6,71.0,71.0,79.0,73.66666666666667,92.0,-8.0,5.333333333333329,-18.33333333333333,-21.0,0.0,0.0,0.0,0.0,0.0,0.0,0.0,0.0,0.0,0.0,0.0,0.0,cumulative40,5.5,3.7815126050420167,114.0,94.95798319327731,8.0,5.882352941176471,34.87394957983194
gemini,current_full,da-19-6,2,da-19-6--rep-002,a8533f11a1771f2899ffade736efc0ba4d6cb1a19b394f02746cf72adcd38fac,34.0,34.0,46.0,42.0,90.0,-12.0,4.0,-48.0,-56.0,0.0,0.0,0.0,0.0,0.0,0.0,0.0,0.0,0.0,0.0,0.0,0.0,cumulative40,2.0,0.8403361344537815,109.0,90.75630252100841,1.0,0.0,30.532212885154063
gemini,current_full,da-19-6,3,da-19-6--rep-003,91657fa87314f79c5f92844f0ee7e9b3b09cd224fef7af8dc31a99a7a11b6312,74.0,74.0,79.0,74.66666666666667,98.0,-5.0,4.333333333333329,-23.33333333333333,-24.0,0.0,0.0,0.0,0.0,0.0,0.0,0.0,0.0,0.0,0.0,0.0,0.0,cumulative40,9.5,7.142857142857143,110.0,91.59663865546219,5.0,3.361344537815126,34.03361344537815
gemini,current_full,da-20-1,1,da-20-1--rep-001,ac5bc1975bea03b52142fb9d96b87eee16c2e7932b624241b92093a670009a34,100.0,100.0,88.0,88.0,100.0,12.0,0.0,-12.0,0.0,0.0,0.0,0.0,0.0,0.0,0.0,0.0,0.0,0.0,0.0,0.0,0.0,cumulative40,116.0,96.63865546218487,56.0,46.21848739495798,13.5,10.504201680672269,51.120448179271705
gemini,current_full,da-20-1,2,da-20-1--rep-002,f89dfdcd5ba5a9a7eb53afb28fb814752fb5f0939a7a11b52df372b18f33a4cc,83.0,83.0,65.0,59.333333333333336,35.0,18.0,5.666666666666664,24.333333333333336,48.0,0.0,0.0,0.0,0.0,0.0,0.0,0.0,0.0,0.0,0.0,0.0,0.0,cumulative40,118.0,98.31932773109244,115.0,95.7983193277311,117.0,97.47899159663865,97.19887955182072
gemini,current_full,da-20-1,3,da-20-1--rep-003,cb8e213b6078b0aaece482f9edcdecff47e14757fff259382ba1302949f6d81b,100.0,100.0,100.0,100.0,100.0,0.0,0.0,0.0,0.0,0.0,0.0,0.0,0.0,0.0,0.0,0.0,0.0,0.0,0.0,0.0,0.0,cumulative40,59.5,49.15966386554622,56.0,46.21848739495798,63.0,52.10084033613445,49.15966386554622
gemini,current_full,da-20-4,1,da-20-4--rep-001,a59cb4449436be572741e57207c0b8349d4af3cec4b7a11624e5232452656a1b,10.0,10.0,10.0,10.0,10.0,0.0,0.0,0.0,0.0,7.0,100.0,0.0,0.0,0.0,0.0,0.0,0.0,0.0,0.0,0.0,0.0,cumulative40,59.5,49.15966386554622,56.0,46.21848739495798,63.0,52.10084033613445,49.15966386554622
gemini,current_full,da-20-4,2,da-20-4--rep-002,93e7a748c785a09b6468dee524aafb1c6a3a772cad5c82b0a7a40cf92c8c88cd,25.0,25.0,5.0,10.0,15.0,20.0,-5.0,-5.0,10.0,9.0,100.0,0.0,0.0,0.0,0.0,0.0,0.0,0.0,0.0,0.0,0.0,cumulative40,119.0,99.15966386554622,1.0,0.0,26.0,21.008403361344538,40.056022408963585
gemini,current_full,da-20-4,3,da-20-4--rep-003,7a46c3791f7cda1ba6ce754b2c0b78db4e5cb43c70dbfd46f182b464ea81ec96,10.0,10.0,10.0,10.0,10.0,0.0,0.0,0.0,0.0,0.0,0.0,0.0,0.0,0.0,0.0,0.0,0.0,0.0,0.0,0.0,0.0,cumulative40,59.5,49.15966386554622,56.0,46.21848739495798,63.0,52.10084033613445,49.15966386554622
gemini,current_full,da-24-3,1,da-24-3--rep-001,f42a0cd151b82c3a74b7b662a0359972fd9674cdfba3795d430a44cc44ba7c1f,100.0,100.0,100.0,95.33333333333333,95.0,0.0,4.666666666666671,0.3333333333333286,5.0,0.0,0.0,0.0,0.0,0.0,0.0,0.0,0.0,0.0,0.0,0.0,0.0,cumulative40,59.5,49.15966386554622,112.5,93.69747899159664,95.5,79.41176470588235,74.08963585434174
gemini,current_full,da-24-3,2,da-24-3--rep-002,c5a98e2998fb1a3f97e55aaae028dd156508894a55d4435d0a332c3f12009cbd,100.0,100.0,95.0,96.66666666666667,95.0,5.0,-1.6666666666666714,1.6666666666666714,5.0,0.0,0.0,0.0,0.0,0.0,0.0,0.0,0.0,0.0,0.0,0.0,0.0,cumulative40,108.5,90.33613445378151,5.0,3.361344537815126,97.5,81.09243697478992,58.26330532212885
gemini,current_full,da-24-3,3,da-24-3--rep-003,6f5fc7228728d8064939b62a52560d39ab1953d3a88485e4d7b579645d589e4c,85.0,85.0,85.0,85.0,92.0,0.0,0.0,-7.0,-7.0,0.0,0.0,0.0,0.0,0.0,0.0,0.0,0.0,0.0,0.0,0.0,0.0,cumulative40,59.5,49.15966386554622,56.0,46.21848739495798,21.5,17.22689075630252,37.53501400560224
gemini,current_full,da-26-2,1,da-26-2--rep-001,2a8b04e8c8b437605e2cd228425284166426486a42f851f4703c1abb58a9b77f,76.0,76.0,76.0,76.0,92.0,0.0,0.0,-16.0,-16.0,0.0,0.0,0.0,0.0,0.0,0.0,0.0,0.0,0.0,0.0,0.0,0.0,cumulative40,59.5,49.15966386554622,56.0,46.21848739495798,10.0,7.563025210084033,34.31372549019608
gemini,current_full,da-26-2,2,da-26-2--rep-002,58874b5fe68471f4ecced1cee4e5de3ce39aaee5be34a1ad4bfa6218ed542d26,100.0,100.0,100.0,100.0,92.0,0.0,0.0,8.0,8.0,0.0,0.0,0.0,0.0,0.0,0.0,0.0,0.0,0.0,0.0,0.0,0.0,cumulative40,59.5,49.15966386554622,56.0,46.21848739495798,112.5,93.69747899159664,63.02521008403362
gemini,current_full,da-26-2,3,da-26-2--rep-003,952ad828727e8f15834dc02aaea754dd9cd678ba9bbab0521a1144fc06501cc9,76.0,76.0,79.0,79.0,100.0,-3.0,0.0,-21.0,-24.0,0.0,0.0,0.0,0.0,0.0,0.0,0.0,0.0,0.0,0.0,0.0,0.0,cumulative40,11.0,8.403361344537815,56.0,46.21848739495798,6.0,4.201680672268908,19.607843137254903
gemini,current_full,da-26-4,1,da-26-4--rep-001,74b79ff61d02b55681536fad0edac3c09ef1c45af43a38aa5e3f0438ec0251db,95.0,95.0,95.0,95.0,92.0,0.0,0.0,3.0,3.0,0.0,0.0,0.0,0.0,0.0,0.0,0.0,0.0,0.0,0.0,0.0,0.0,cumulative40,59.5,49.15966386554622,56.0,46.21848739495798,102.5,85.29411764705883,60.22408963585434
gemini,current_full,da-26-4,2,da-26-4--rep-002,698fe49708e2fa2dc8af5971682c794c63e9ac6c309ded101c26b0cd01005939,63.0,63.0,63.0,43.0,48.0,0.0,20.0,-5.0,15.0,0.0,0.0,0.0,0.0,0.0,0.0,0.0,0.0,0.0,0.0,0.0,0.0,cumulative40,59.5,49.15966386554622,120.0,100.0,26.0,21.008403361344538,56.72268907563026
gemini,current_full,da-26-4,3,da-26-4--rep-003,12c91b4047c0caadaa2cb1762b837e99fb9a7a6d446b69dd083ca104de67ccf4,81.0,81.0,88.0,81.0,45.0,-7.0,7.0,36.0,36.0,7.0,100.0,0.0,0.0,0.0,0.0,0.0,0.0,0.0,0.0,0.0,0.0,cumulative40,7.5,5.46218487394958,118.5,98.73949579831933,118.0,98.31932773109244,67.50700280112045
gemini,current_full,da-3-5,1,da-3-5--rep-001,2185ac6e96a5a87d7c8e3a9f5829f4593e61601ae86651971102e3d923328ae9,100.0,100.0,100.0,100.0,60.0,0.0,0.0,40.0,40.0,0.0,0.0,0.0,0.0,0.0,0.0,0.0,0.0,0.0,0.0,0.0,0.0,cumulative40,59.5,49.15966386554622,56.0,46.21848739495798,119.0,99.15966386554622,64.84593837535014
gemini,current_full,da-3-5,2,da-3-5--rep-002,feaf90a8d7b2d3f52289ac777233d0518445a3e647c26eb6fc230c1c000c1780,100.0,100.0,100.0,100.0,95.0,0.0,0.0,5.0,5.0,0.0,0.0,0.0,0.0,0.0,0.0,0.0,0.0,0.0,0.0,0.0,0.0,cumulative40,59.5,49.15966386554622,56.0,46.21848739495798,107.5,89.49579831932773,61.62464985994398
gemini,current_full,da-3-5,3,da-3-5--rep-003,999f2c16809f8bba8130a006d8d304d37847e3c21f87cca78c2db08953e29947,100.0,100.0,100.0,100.0,92.0,0.0,0.0,8.0,8.0,0.0,0.0,0.0,0.0,0.0,0.0,0.0,0.0,0.0,0.0,0.0,0.0,cumulative40,59.5,49.15966386554622,56.0,46.21848739495798,112.5,93.69747899159664,63.02521008403362
gemini,current_full,da-4-1,1,da-4-1--rep-001,057f7a527956349d8e253766ccc333b25228f0214c7e702e4ebf01de87b2307d,100.0,100.0,100.0,100.0,100.0,0.0,0.0,0.0,0.0,0.0,0.0,0.0,0.0,0.0,0.0,0.0,0.0,0.0,0.0,0.0,0.0,cumulative40,59.5,49.15966386554622,56.0,46.21848739495798,63.0,52.10084033613445,49.15966386554622
gemini,current_full,da-4-1,2,da-4-1--rep-002,9c53b773849793077259d4e4789c8a60a846b489413644588ffdff4ccc703068,100.0,100.0,100.0,97.66666666666667,100.0,0.0,2.3333333333333286,-2.3333333333333286,0.0,0.0,0.0,0.0,0.0,0.0,0.0,0.0,0.0,0.0,0.0,0.0,0.0,cumulative40,59.5,49.15966386554622,107.0,89.07563025210084,29.0,23.529411764705884,53.92156862745098
gemini,current_full,da-4-1,3,da-4-1--rep-003,12bc3f0f681d221a15606bd1ce516f1379b00f4435c10022d511d369313b541f,100.0,100.0,100.0,100.0,100.0,0.0,0.0,0.0,0.0,0.0,0.0,0.0,0.0,0.0,0.0,0.0,0.0,0.0,0.0,0.0,0.0,cumulative40,59.5,49.15966386554622,56.0,46.21848739495798,63.0,52.10084033613445,49.15966386554622
gemini,current_full,da-4-6,1,da-4-6--rep-001,0f0c825028bfe48de9f7e71ca6d6c9e30ae4444a8d3e2245e6ee5822799c7574,100.0,100.0,100.0,100.0,100.0,0.0,0.0,0.0,0.0,0.0,0.0,0.0,0.0,0.0,0.0,0.0,0.0,0.0,0.0,0.0,0.0,cumulative40,59.5,49.15966386554622,56.0,46.21848739495798,63.0,52.10084033613445,49.15966386554622
gemini,current_full,da-4-6,2,da-4-6--rep-002,39b590a763de4b215ab3d3357d2fa8abeab53e8a5389223f3c85a536b87974f0,100.0,100.0,100.0,100.0,100.0,0.0,0.0,0.0,0.0,0.0,0.0,0.0,0.0,0.0,0.0,0.0,0.0,0.0,0.0,0.0,0.0,cumulative40,59.5,49.15966386554622,56.0,46.21848739495798,63.0,52.10084033613445,49.15966386554622
gemini,current_full,da-4-6,3,da-4-6--rep-003,4985a712df5c5253cfdc26000c68dd9533e7b619c638623d724eccf4af188d57,100.0,100.0,100.0,100.0,100.0,0.0,0.0,0.0,0.0,0.0,0.0,0.0,0.0,0.0,0.0,0.0,0.0,0.0,0.0,0.0,0.0,cumulative40,59.5,49.15966386554622,56.0,46.21848739495798,63.0,52.10084033613445,49.15966386554622
gemini,current_full,da-5-1,1,da-5-1--rep-001,0e9ecb6785a00f2a6404ebd5c22505a29aa7869e70a17f799e44688006b1fca9,100.0,100.0,100.0,100.0,100.0,0.0,0.0,0.0,0.0,0.0,0.0,0.0,0.0,0.0,0.0,0.0,0.0,0.0,0.0,0.0,0.0,cumulative40,59.5,49.15966386554622,56.0,46.21848739495798,63.0,52.10084033613445,49.15966386554622
gemini,current_full,da-5-1,2,da-5-1--rep-002,447f6841feba72a1c7305fd5f4694e3b89ebaf80b324b00ee30e47c9f1cd2e72,100.0,100.0,100.0,100.0,100.0,0.0,0.0,0.0,0.0,0.0,0.0,0.0,0.0,0.0,0.0,0.0,0.0,0.0,0.0,0.0,0.0,cumulative40,59.5,49.15966386554622,56.0,46.21848739495798,63.0,52.10084033613445,49.15966386554622
gemini,current_full,da-5-1,3,da-5-1--rep-003,50dcd82522cb2a7e033864a427abff94011794f0525d055aa3bf2649aac4d7d6,100.0,100.0,100.0,100.0,100.0,0.0,0.0,0.0,0.0,0.0,0.0,0.0,0.0,0.0,0.0,0.0,0.0,0.0,0.0,0.0,0.0,cumulative40,59.5,49.15966386554622,56.0,46.21848739495798,63.0,52.10084033613445,49.15966386554622
gemini,current_full,da-6-5,1,da-6-5--rep-001,204ec4c9b9d59a0ac9aa0262bd576f273abbe802751636d502bf3e6e440e093b,100.0,100.0,100.0,100.0,85.0,0.0,0.0,15.0,15.0,0.0,0.0,0.0,0.0,0.0,0.0,0.0,0.0,0.0,0.0,0.0,0.0,cumulative40,59.5,49.15966386554622,56.0,46.21848739495798,116.0,96.63865546218487,64.00560224089637
gemini,current_full,da-6-5,2,da-6-5--rep-002,1a87d8d001b31de9f609ac7ab62adede44ffc345b61e8305473fdb1f3ebd4359,100.0,100.0,100.0,100.0,95.0,0.0,0.0,5.0,5.0,0.0,0.0,0.0,0.0,0.0,0.0,0.0,0.0,0.0,0.0,0.0,0.0,cumulative40,59.5,49.15966386554622,56.0,46.21848739495798,107.5,89.49579831932773,61.62464985994398
gemini,current_full,da-6-5,3,da-6-5--rep-003,8af52c49619255fa187ee348f500b22219597585f823d52ccd37cd870abc3d2e,100.0,100.0,100.0,100.0,100.0,0.0,0.0,0.0,0.0,0.0,0.0,0.0,0.0,0.0,0.0,0.0,0.0,0.0,0.0,0.0,0.0,cumulative40,59.5,49.15966386554622,56.0,46.21848739495798,63.0,52.10084033613445,49.15966386554622
gemini,current_full,da-8-1,1,da-8-1--rep-001,12b660169831b7d224b4965ac0c46aa7ed8d9ea94d4e86eb570e6fc48dd7df27,100.0,100.0,100.0,100.0,100.0,0.0,0.0,0.0,0.0,0.0,0.0,0.0,0.0,0.0,0.0,0.0,0.0,0.0,0.0,0.0,0.0,cumulative40,59.5,49.15966386554622,56.0,46.21848739495798,63.0,52.10084033613445,49.15966386554622
gemini,current_full,da-8-1,2,da-8-1--rep-002,366823a759f2cd52c6f0192ce41284a997e69ddd99c70aab6cf92e02b30ac9ad,100.0,100.0,100.0,100.0,100.0,0.0,0.0,0.0,0.0,0.0,0.0,0.0,0.0,0.0,0.0,0.0,0.0,0.0,0.0,0.0,0.0,cumulative40,59.5,49.15966386554622,56.0,46.21848739495798,63.0,52.10084033613445,49.15966386554622
gemini,current_full,da-8-1,3,da-8-1--rep-003,4c4f2ff267fd6679892b6e1496a8558f7d0faf229ae460aeb5326b3900847a04,100.0,100.0,92.0,92.0,100.0,8.0,0.0,-8.0,0.0,0.0,0.0,0.0,0.0,0.0,0.0,0.0,0.0,0.0,0.0,0.0,0.0,cumulative40,110.5,92.01680672268908,56.0,46.21848739495798,20.0,15.966386554621849,51.40056022408964
gemini,current_full,da-8-3,1,da-8-3--rep-001,7d8e335f91a45848411b998c1a5cb1e115fd1bedd3088bd1a168c5753fe63bd3,100.0,100.0,100.0,100.0,96.0,0.0,0.0,4.0,4.0,0.0,0.0,0.0,0.0,0.0,0.0,0.0,0.0,0.0,0.0,0.0,0.0,cumulative40,59.5,49.15966386554622,56.0,46.21848739495798,104.5,86.97478991596638,60.78431372549019
gemini,current_full,da-8-3,2,da-8-3--rep-002,0a30c0f00519fd449b9f5a56c6be7d93456e18f43041e52c1fbba34ab2a6c9c9,100.0,100.0,100.0,100.0,92.0,0.0,0.0,8.0,8.0,0.0,0.0,0.0,0.0,0.0,0.0,0.0,0.0,0.0,0.0,0.0,0.0,cumulative40,59.5,49.15966386554622,56.0,46.21848739495798,112.5,93.69747899159664,63.02521008403362
gemini,current_full,da-8-3,3,da-8-3--rep-003,8f08bf1a373529a65fc062e76eda747144d6180f37330377e0168e932ef9723e,100.0,100.0,100.0,100.0,92.0,0.0,0.0,8.0,8.0,0.0,0.0,0.0,0.0,0.0,0.0,0.0,0.0,0.0,0.0,0.0,0.0,cumulative40,59.5,49.15966386554622,56.0,46.21848739495798,112.5,93.69747899159664,63.02521008403362
gemini,current_full,da-9-1,1,da-9-1--rep-001,03df4078648b486b92503b2b6f0f3c5a8d7adf29720b8c6981634f2cc6d4ce4f,100.0,100.0,100.0,100.0,100.0,0.0,0.0,0.0,0.0,0.0,0.0,0.0,0.0,0.0,0.0,0.0,0.0,0.0,0.0,0.0,0.0,cumulative40,59.5,49.15966386554622,56.0,46.21848739495798,63.0,52.10084033613445,49.15966386554622
gemini,current_full,da-9-1,2,da-9-1--rep-002,5e6269a054e2ba527a66a7f2b568da3cd3763b853ec88db9d626e4b5e6e66170,100.0,100.0,100.0,100.0,95.0,0.0,0.0,5.0,5.0,0.0,0.0,0.0,0.0,0.0,0.0,0.0,0.0,0.0,0.0,0.0,0.0,cumulative40,59.5,49.15966386554622,56.0,46.21848739495798,107.5,89.49579831932773,61.62464985994398
gemini,current_full,da-9-1,3,da-9-1--rep-003,341dec816c312ddeb50bc186c59bdecc547e7568e20bcc64e7ed381f0a0be05c,100.0,100.0,100.0,100.0,98.0,0.0,0.0,2.0,2.0,0.0,0.0,0.0,0.0,0.0,0.0,0.0,0.0,0.0,0.0,0.0,0.0,cumulative40,59.5,49.15966386554622,56.0,46.21848739495798,99.5,82.77310924369748,59.38375350140056
gemini,current_full,da-9-7,1,da-9-7--rep-001,0a628d405fd5de3e7f3c2095bec2cdd70dcaf101770947b4f6d1595fb70bfa8a,100.0,100.0,100.0,100.0,100.0,0.0,0.0,0.0,0.0,0.0,0.0,0.0,0.0,0.0,0.0,0.0,0.0,0.0,0.0,0.0,0.0,cumulative40,59.5,49.15966386554622,56.0,46.21848739495798,63.0,52.10084033613445,49.15966386554622
gemini,current_full,da-9-7,2,da-9-7--rep-002,a48d5584d1cda0f414be705fb4ffa0ac4708fa19d2013b3b9ca4ef4c69c32de4,100.0,100.0,100.0,100.0,100.0,0.0,0.0,0.0,0.0,0.0,0.0,0.0,0.0,0.0,0.0,0.0,0.0,0.0,0.0,0.0,0.0,cumulative40,59.5,49.15966386554622,56.0,46.21848739495798,63.0,52.10084033613445,49.15966386554622
gemini,current_full,da-9-7,3,da-9-7--rep-003,99e00800ef6d12badf8dff8274ce657323e98b12bd2973f1c4bb9e3dda6a13d6,93.0,93.0,100.0,100.0,95.0,-7.0,0.0,5.0,-2.0,0.0,0.0,0.0,0.0,0.0,0.0,0.0,0.0,0.0,0.0,0.0,0.0,cumulative40,7.5,5.46218487394958,56.0,46.21848739495798,107.5,89.49579831932773,47.05882352941177
gemini,current_user,da-1-3,1,da-1-3--rep-001,5d3ef64216240a0b1df0133b1835ab72e2bab2d1a31f9acbdd11f9c35f20bb47,100.0,100.0,100.0,100.0,100.0,0.0,0.0,0.0,0.0,0.0,0.0,0.0,0.0,0.0,0.0,0.0,0.0,0.0,0.0,0.0,0.0,cumulative40,61.5,50.84033613445378,57.0,47.05882352941177,69.0,57.142857142857146,51.680672268907564
gemini,current_user,da-1-3,2,da-1-3--rep-002,31177b6bf749aa9955327185f9607c4c0290659aae41c44b65448ddff613b8ae,100.0,100.0,100.0,100.0,100.0,0.0,0.0,0.0,0.0,0.0,0.0,0.0,0.0,0.0,0.0,0.0,0.0,0.0,0.0,0.0,0.0,cumulative40,61.5,50.84033613445378,57.0,47.05882352941177,69.0,57.142857142857146,51.680672268907564
gemini,current_user,da-1-3,3,da-1-3--rep-003,831ad3c7154ae1a059582999abac0191237eaf9b72aed0dddccd784299cc861f,100.0,100.0,100.0,100.0,100.0,0.0,0.0,0.0,0.0,0.0,0.0,0.0,0.0,0.0,0.0,0.0,0.0,0.0,0.0,0.0,0.0,cumulative40,61.5,50.84033613445378,57.0,47.05882352941177,69.0,57.142857142857146,51.680672268907564
gemini,current_user,da-1-4,1,da-1-4--rep-001,8579f1d69821d8f95467324681e5de48dc9b533437b308282872bc828b2f3f12,91.0,91.0,96.0,96.0,100.0,-5.0,0.0,-4.0,-9.0,0.0,0.0,0.0,0.0,0.0,0.0,0.0,0.0,0.0,0.0,0.0,0.0,cumulative40,21.0,16.80672268907563,57.0,47.05882352941177,34.0,27.73109243697479,30.532212885154063
gemini,current_user,da-1-4,2,da-1-4--rep-002,16cc9e2d573864e05955a3fcacf526cb3b7f6fe9278bdf5ef17ad88a084562b5,100.0,100.0,100.0,100.0,100.0,0.0,0.0,0.0,0.0,0.0,0.0,0.0,0.0,0.0,0.0,0.0,0.0,0.0,0.0,0.0,0.0,cumulative40,61.5,50.84033613445378,57.0,47.05882352941177,69.0,57.142857142857146,51.680672268907564
gemini,current_user,da-1-4,3,da-1-4--rep-003,60154c27e2ab3ff3bc19f636dc862c2a62a671934f29e94a788238946ea54b61,100.0,100.0,100.0,100.0,100.0,0.0,0.0,0.0,0.0,0.0,0.0,0.0,0.0,0.0,0.0,0.0,0.0,0.0,0.0,0.0,0.0,cumulative40,61.5,50.84033613445378,57.0,47.05882352941177,69.0,57.142857142857146,51.680672268907564
gemini,current_user,da-10-1,1,da-10-1--rep-001,8a59fa68dbcd5e8ae42ecd5148e7877fa04f672b4847eab901635ad0b0cfda04,100.0,100.0,100.0,100.0,100.0,0.0,0.0,0.0,0.0,0.0,0.0,0.0,0.0,0.0,0.0,0.0,0.0,0.0,0.0,0.0,0.0,cumulative40,61.5,50.84033613445378,57.0,47.05882352941177,69.0,57.142857142857146,51.680672268907564
gemini,current_user,da-10-1,2,da-10-1--rep-002,28bb10a27cc5e7b0d29f2dee6658836679cca6dd5b1ee3c17e687f92b4a23d8e,100.0,100.0,100.0,100.0,100.0,0.0,0.0,0.0,0.0,0.0,0.0,0.0,0.0,0.0,0.0,0.0,0.0,0.0,0.0,0.0,0.0,cumulative40,61.5,50.84033613445378,57.0,47.05882352941177,69.0,57.142857142857146,51.680672268907564
gemini,current_user,da-10-1,3,da-10-1--rep-003,d77c9832e24c0b1a42f91901e0a69c073ab4c04c89ef662ec0344e1f778444bb,100.0,95.0,100.0,100.0,98.0,0.0,0.0,2.0,2.0,0.0,0.0,0.0,0.0,0.0,0.0,0.0,0.0,0.0,0.0,0.0,0.0,cumulative40,61.5,50.84033613445378,57.0,47.05882352941177,101.0,84.03361344537815,60.64425770308123
gemini,current_user,da-10-3,1,da-10-3--rep-001,bcc9f280eaf5bcc981ab99bfffb5b40d9bf3ea870b24454dfd3bf94e4ca26edf,100.0,100.0,100.0,100.0,100.0,0.0,0.0,0.0,0.0,0.0,0.0,0.0,0.0,0.0,0.0,0.0,0.0,0.0,0.0,0.0,0.0,cumulative40,61.5,50.84033613445378,57.0,47.05882352941177,69.0,57.142857142857146,51.680672268907564
gemini,current_user,da-10-3,2,da-10-3--rep-002,af1ead73430659ec7567418ef500f3a14330b21ef20c93d4f9ea7f58374e325f,100.0,100.0,100.0,100.0,92.0,0.0,0.0,8.0,8.0,0.0,0.0,0.0,0.0,0.0,0.0,0.0,0.0,0.0,0.0,0.0,0.0,cumulative40,61.5,50.84033613445378,57.0,47.05882352941177,112.0,93.27731092436974,63.72549019607843
gemini,current_user,da-10-3,3,da-10-3--rep-003,7eff9444a67bf46772b10655df63a85852ff1556f1b1f197c200e5344bc459b7,90.0,90.0,100.0,96.66666666666667,92.0,-10.0,3.3333333333333286,4.666666666666671,-2.0,0.0,0.0,0.0,0.0,0.0,0.0,0.0,0.0,0.0,0.0,0.0,0.0,cumulative40,13.0,10.084033613445378,111.0,92.43697478991596,108.5,90.33613445378151,64.28571428571428
gemini,current_user,da-12-2,1,da-12-2--rep-001,aa5558f0bc70c3c0056596c6f332961c6a28149e5403459ae069d38d1744d6c2,75.0,75.0,75.0,75.0,100.0,0.0,0.0,-25.0,-25.0,0.0,0.0,0.0,0.0,0.0,0.0,0.0,0.0,0.0,0.0,0.0,0.0,cumulative40,61.5,50.84033613445378,57.0,47.05882352941177,7.5,5.46218487394958,34.45378151260504
gemini,current_user,da-12-2,2,da-12-2--rep-002,953bdb85e14b9bb90c6086aaf50e1ad561a2281b02055778d4ba60644119181b,60.0,60.0,75.0,75.0,100.0,-15.0,0.0,-25.0,-40.0,0.0,0.0,0.0,0.0,0.0,0.0,0.0,0.0,0.0,0.0,0.0,0.0,cumulative40,4.0,2.5210084033613445,57.0,47.05882352941177,7.5,5.46218487394958,18.347338935574232
gemini,current_user,da-12-2,3,da-12-2--rep-003,96658af61c93de4b8ed3e4d908009f3f76b8ddc8b0356d891fe518bda682c3e2,70.0,70.0,87.0,87.0,100.0,-17.0,0.0,-13.0,-30.0,0.0,0.0,0.0,0.0,0.0,0.0,0.0,0.0,0.0,0.0,0.0,0.0,cumulative40,2.0,0.8403361344537815,57.0,47.05882352941177,17.0,13.445378151260504,20.448179271708685
gemini,current_user,da-12-4,1,da-12-4--rep-001,f7cc404237a9fc22cdd1af5841696b058537a33a726d77cb37368ca002f6162c,86.0,86.0,100.0,100.0,100.0,-14.0,0.0,0.0,-14.0,0.0,0.0,0.0,0.0,0.0,0.0,0.0,0.0,0.0,0.0,0.0,0.0,cumulative40,7.0,5.042016806722689,57.0,47.05882352941177,69.0,57.142857142857146,36.41456582633053
gemini,current_user,da-12-4,2,da-12-4--rep-002,d22048bbf9e9aeda018a6ef09192a2a3b59b0d996f764b8b241f87065d353eed,86.0,86.0,100.0,100.0,100.0,-14.0,0.0,0.0,-14.0,0.0,0.0,0.0,0.0,0.0,0.0,0.0,0.0,0.0,0.0,0.0,0.0,cumulative40,7.0,5.042016806722689,57.0,47.05882352941177,69.0,57.142857142857146,36.41456582633053
gemini,current_user,da-12-4,3,da-12-4--rep-003,e631bcaaf0b93d7fac03c461e42334c064c26d702791dd8c34fe3da9ac47ce25,86.0,86.0,100.0,100.0,100.0,-14.0,0.0,0.0,-14.0,0.0,0.0,0.0,0.0,0.0,0.0,0.0,0.0,0.0,0.0,0.0,0.0,cumulative40,7.0,5.042016806722689,57.0,47.05882352941177,69.0,57.142857142857146,36.41456582633053
gemini,current_user,da-13-1,1,da-13-1--rep-001,2687db1883433f202b5d8c4fa1eeb81260a954db4c9b219b9470ca88df6eb75a,100.0,100.0,100.0,100.0,100.0,0.0,0.0,0.0,0.0,0.0,0.0,0.0,0.0,0.0,0.0,0.0,0.0,0.0,0.0,0.0,0.0,cumulative40,61.5,50.84033613445378,57.0,47.05882352941177,69.0,57.142857142857146,51.680672268907564
gemini,current_user,da-13-1,2,da-13-1--rep-002,cff05b668fee971c5af7a3bc1b18b31d9370768654b274ca8f88901252cba0b1,100.0,100.0,100.0,100.0,98.0,0.0,0.0,2.0,2.0,0.0,0.0,0.0,0.0,0.0,0.0,0.0,0.0,0.0,0.0,0.0,0.0,cumulative40,61.5,50.84033613445378,57.0,47.05882352941177,101.0,84.03361344537815,60.64425770308123
gemini,current_user,da-13-1,3,da-13-1--rep-003,4872c95f9caa5c573f5e3056e2fc5bf40232784f95f8423cb777b3654cd139a1,100.0,100.0,100.0,100.0,100.0,0.0,0.0,0.0,0.0,0.0,0.0,0.0,0.0,0.0,0.0,0.0,0.0,0.0,0.0,0.0,0.0,cumulative40,61.5,50.84033613445378,57.0,47.05882352941177,69.0,57.142857142857146,51.680672268907564
gemini,current_user,da-13-3,1,da-13-3--rep-001,13d1faa077f1168872dc928fe929fcfec5e2b5a7a004d404ecba57c1b0607a19,100.0,100.0,100.0,100.0,100.0,0.0,0.0,0.0,0.0,0.0,0.0,0.0,0.0,0.0,0.0,0.0,0.0,0.0,0.0,0.0,0.0,cumulative40,61.5,50.84033613445378,57.0,47.05882352941177,69.0,57.142857142857146,51.680672268907564
gemini,current_user,da-13-3,2,da-13-3--rep-002,844644e69962c5c8f40741d7e7e809c2f33007ecd3483f925f52af4c3c55b383,100.0,100.0,100.0,100.0,100.0,0.0,0.0,0.0,0.0,0.0,0.0,0.0,0.0,0.0,0.0,0.0,0.0,0.0,0.0,0.0,0.0,cumulative40,61.5,50.84033613445378,57.0,47.05882352941177,69.0,57.142857142857146,51.680672268907564
gemini,current_user,da-13-3,3,da-13-3--rep-003,3b55f0efcc9addf6212ef1aea789ea400d6fdbd67280be554000a46a9fb72f40,100.0,100.0,100.0,100.0,100.0,0.0,0.0,0.0,0.0,0.0,0.0,0.0,0.0,0.0,0.0,0.0,0.0,0.0,0.0,0.0,0.0,cumulative40,61.5,50.84033613445378,57.0,47.05882352941177,69.0,57.142857142857146,51.680672268907564
gemini,current_user,da-13-5,1,da-13-5--rep-001,e8908a1509166c699c3c01f2743ccef1b0ca5b45ba7e04fc5ec4c7407c720211,100.0,100.0,100.0,96.66666666666667,100.0,0.0,3.3333333333333286,-3.3333333333333286,0.0,0.0,0.0,0.0,0.0,0.0,0.0,0.0,0.0,0.0,0.0,0.0,0.0,cumulative40,61.5,50.84033613445378,111.0,92.43697478991596,36.0,29.41176470588235,57.563025210084035
gemini,current_user,da-13-5,2,da-13-5--rep-002,34c7af044371da1b74591a96f6f536d2edc51341d276cd2c1ced555eb67b5bb3,95.0,95.0,100.0,100.0,100.0,-5.0,0.0,0.0,-5.0,0.0,0.0,0.0,0.0,0.0,0.0,0.0,0.0,0.0,0.0,0.0,0.0,cumulative40,21.0,16.80672268907563,57.0,47.05882352941177,69.0,57.142857142857146,40.33613445378151
gemini,current_user,da-13-5,3,da-13-5--rep-003,da45ed3657c57a505691d5a566d6bee40b749093aeb6f4c0e83249050a42da97,100.0,100.0,100.0,100.0,100.0,0.0,0.0,0.0,0.0,0.0,0.0,0.0,0.0,0.0,0.0,0.0,0.0,0.0,0.0,0.0,0.0,cumulative40,61.5,50.84033613445378,57.0,47.05882352941177,69.0,57.142857142857146,51.680672268907564
gemini,current_user,da-13-6,1,da-13-6--rep-001,4b91801b7b3b3c0722d4138099e799e529db27a6ec410c7f895baf46b5b5260e,100.0,100.0,70.0,70.0,100.0,30.0,0.0,-30.0,0.0,0.0,0.0,0.0,0.0,0.0,0.0,0.0,0.0,0.0,0.0,0.0,0.0,cumulative40,119.0,99.15966386554622,57.0,47.05882352941177,4.0,2.5210084033613445,49.57983193277311
gemini,current_user,da-13-6,2,da-13-6--rep-002,70781e72c0bd769898685277e2b00f3b58af60dd021f75dee121e9669d39c8b5,100.0,100.0,90.0,90.0,100.0,10.0,0.0,-10.0,0.0,0.0,0.0,0.0,0.0,0.0,0.0,0.0,0.0,0.0,0.0,0.0,0.0,cumulative40,111.5,92.85714285714286,57.0,47.05882352941177,20.5,16.386554621848738,52.10084033613445
gemini,current_user,da-13-6,3,da-13-6--rep-003,8c39c24a1969119db9cb917eb6bb9b0d66834e1a2fe3e2dad56e988ed78d19bc,100.0,100.0,100.0,100.0,100.0,0.0,0.0,0.0,0.0,0.0,0.0,0.0,0.0,0.0,0.0,0.0,0.0,0.0,0.0,0.0,0.0,cumulative40,61.5,50.84033613445378,57.0,47.05882352941177,69.0,57.142857142857146,51.680672268907564
gemini,current_user,da-14-1,1,da-14-1--rep-001,c58870f887fa50980bfb0a72ef12a02de1d44513021245911166f54fb4ab8849,100.0,100.0,100.0,100.0,100.0,0.0,0.0,0.0,0.0,0.0,0.0,0.0,0.0,0.0,0.0,0.0,0.0,0.0,0.0,0.0,0.0,cumulative40,61.5,50.84033613445378,57.0,47.05882352941177,69.0,57.142857142857146,51.680672268907564
gemini,current_user,da-14-1,2,da-14-1--rep-002,62a4f4e79c3ba40897079d2e4434524d0de6c7e9af55274bb103f10775894457,100.0,100.0,100.0,100.0,100.0,0.0,0.0,0.0,0.0,0.0,0.0,0.0,0.0,0.0,0.0,0.0,0.0,0.0,0.0,0.0,0.0,cumulative40,61.5,50.84033613445378,57.0,47.05882352941177,69.0,57.142857142857146,51.680672268907564
gemini,current_user,da-14-1,3,da-14-1--rep-003,910c3ad981337a49826a2db6a9dcfeae79e59eea300411fa02d21a728b30d313,100.0,100.0,100.0,100.0,100.0,0.0,0.0,0.0,0.0,0.0,0.0,0.0,0.0,0.0,0.0,0.0,0.0,0.0,0.0,0.0,0.0,cumulative40,61.5,50.84033613445378,57.0,47.05882352941177,69.0,57.142857142857146,51.680672268907564
gemini,current_user,da-14-3,1,da-14-3--rep-001,443cef1315d563b38a073e85156b222064439a6e6924ece7a7cf696da81ca47d,100.0,100.0,100.0,100.0,100.0,0.0,0.0,0.0,0.0,0.0,0.0,0.0,0.0,0.0,0.0,0.0,0.0,0.0,0.0,0.0,0.0,cumulative40,61.5,50.84033613445378,57.0,47.05882352941177,69.0,57.142857142857146,51.680672268907564
gemini,current_user,da-14-3,2,da-14-3--rep-002,b6bcfb1759100fb5dccdc6a0c96b2e53512990979748023f4dd66d1dafdae449,100.0,100.0,100.0,100.0,100.0,0.0,0.0,0.0,0.0,0.0,0.0,0.0,0.0,0.0,0.0,0.0,0.0,0.0,0.0,0.0,0.0,cumulative40,61.5,50.84033613445378,57.0,47.05882352941177,69.0,57.142857142857146,51.680672268907564
gemini,current_user,da-14-3,3,da-14-3--rep-003,f490cd7d9aac7dd334b16cc234b86a204fe25c9123914094231ef40a35bf9865,100.0,100.0,100.0,100.0,100.0,0.0,0.0,0.0,0.0,0.0,0.0,0.0,0.0,0.0,0.0,0.0,0.0,0.0,0.0,0.0,0.0,cumulative40,61.5,50.84033613445378,57.0,47.05882352941177,69.0,57.142857142857146,51.680672268907564
gemini,current_user,da-14-8,1,da-14-8--rep-001,19e50d8f667891739f395ea6149e8c16e896b52239e2f28dc65435d959c044ea,93.0,93.0,93.0,95.33333333333333,100.0,0.0,-2.3333333333333286,-4.666666666666671,-7.0,0.0,0.0,0.0,0.0,0.0,0.0,0.0,0.0,0.0,0.0,0.0,0.0,cumulative40,61.5,50.84033613445378,7.5,5.46218487394958,32.5,26.470588235294116,27.591036414565824
gemini,current_user,da-14-8,2,da-14-8--rep-002,1854b3c78047ce70c8c201e764f7834984a12b87d1e80fa39c8cebb687eb324c,58.0,58.0,76.0,71.0,100.0,-18.0,5.0,-29.0,-42.0,0.0,0.0,0.0,0.0,0.0,0.0,0.0,0.0,0.0,0.0,0.0,0.0,cumulative40,1.0,0.0,115.0,95.7983193277311,5.0,3.361344537815126,33.05322128851541
gemini,current_user,da-14-8,3,da-14-8--rep-003,1df4d0430e99e84f731048fd90fa72db44584ded655899682db950efc5095058,76.0,76.0,71.0,71.0,95.0,5.0,0.0,-24.0,-19.0,0.0,0.0,0.0,0.0,0.0,0.0,0.0,0.0,0.0,0.0,0.0,0.0,cumulative40,105.5,87.81512605042016,57.0,47.05882352941177,10.0,7.563025210084033,47.47899159663866
gemini,current_user,da-15-1,1,da-15-1--rep-001,49778b345951f612f87bb67536902d62c4213099dc7e29ff5944d6732e6b15a9,87.0,87.0,100.0,100.0,92.0,-13.0,0.0,8.0,-5.0,0.0,0.0,0.0,0.0,0.0,0.0,0.0,0.0,0.0,0.0,0.0,0.0,cumulative40,10.0,7.563025210084033,57.0,47.05882352941177,112.0,93.27731092436974,49.299719887955185
gemini,current_user,da-15-1,2,da-15-1--rep-002,d9e2dbdadadbc426045c351ebdf396cff880ef31da1dd828a4c565fa93d51ff1,87.0,87.0,100.0,100.0,98.0,-13.0,0.0,2.0,-11.0,0.0,0.0,0.0,0.0,0.0,0.0,0.0,0.0,0.0,0.0,0.0,0.0,cumulative40,10.0,7.563025210084033,57.0,47.05882352941177,101.0,84.03361344537815,46.21848739495798
gemini,current_user,da-15-1,3,da-15-1--rep-003,2c9b91497ed94a70515f7042413c19b3bc0eae6ec6fd40c1c6f08cdadf998bb8,87.0,87.0,100.0,100.0,95.0,-13.0,0.0,5.0,-8.0,0.0,0.0,0.0,0.0,0.0,0.0,0.0,0.0,0.0,0.0,0.0,0.0,cumulative40,10.0,7.563025210084033,57.0,47.05882352941177,110.0,91.59663865546219,48.73949579831933
gemini,current_user,da-15-2,1,da-15-2--rep-001,40eaa690bb269c30e6cb610f512a9ef7b79943582f2aa03760864a3f8c8fad8d,83.0,83.0,73.0,79.66666666666667,75.0,10.0,-6.666666666666671,4.666666666666671,8.0,0.0,0.0,0.0,0.0,0.0,0.0,0.0,0.0,0.0,0.0,0.0,0.0,cumulative40,111.5,92.85714285714286,3.0,1.680672268907563,108.5,90.33613445378151,61.62464985994398
gemini,current_user,da-15-2,2,da-15-2--rep-002,e50e296231d880e0bc0d5c30f44a8a25b92dac2ef762823c03fd9998c0ac1ecf,83.0,78.0,83.0,83.0,92.0,0.0,0.0,-9.0,-9.0,0.0,0.0,0.0,0.0,0.0,0.0,0.0,0.0,0.0,0.0,0.0,0.0,cumulative40,61.5,50.84033613445378,57.0,47.05882352941177,24.0,19.327731092436974,39.07563025210084
gemini,current_user,da-15-2,3,da-15-2--rep-003,a47f7ea5c7ecc7ae88acd066c12e7174fac5d94cce460ba2da6d1b82c4d0c52e,63.0,63.0,63.0,73.0,65.0,0.0,-10.0,8.0,-2.0,0.0,0.0,0.0,0.0,0.0,0.0,0.0,0.0,0.0,0.0,0.0,0.0,cumulative40,61.5,50.84033613445378,1.5,0.42016806722689076,112.0,93.27731092436974,48.17927170868347
gemini,current_user,da-15-7,1,da-15-7--rep-001,59ab428e187341a7a1df7121482cccdd91c9b745d63cec3a741018c1e3e6be6f,100.0,100.0,100.0,100.0,98.0,0.0,0.0,2.0,2.0,0.0,0.0,0.0,0.0,0.0,0.0,0.0,0.0,0.0,0.0,0.0,0.0,cumulative40,61.5,50.84033613445378,57.0,47.05882352941177,101.0,84.03361344537815,60.64425770308123
gemini,current_user,da-15-7,2,da-15-7--rep-002,e9c603185bbda601c1acd391f801e80efed3fe54741476906dab4ae86f8b3ef4,67.0,67.0,67.0,67.0,92.0,0.0,0.0,-25.0,-25.0,0.0,0.0,0.0,0.0,0.0,0.0,0.0,0.0,0.0,0.0,0.0,0.0,cumulative40,61.5,50.84033613445378,57.0,47.05882352941177,7.5,5.46218487394958,34.45378151260504
gemini,current_user,da-15-7,3,da-15-7--rep-003,d3e0e167a77afc7c478738b92f976e9c286ae93e2c1056f27de50c7472d08cb7,77.0,77.0,77.0,77.0,95.0,0.0,0.0,-18.0,-18.0,0.0,0.0,0.0,0.0,0.0,0.0,0.0,0.0,0.0,0.0,0.0,0.0,cumulative40,61.5,50.84033613445378,57.0,47.05882352941177,14.0,10.92436974789916,36.27450980392157
gemini,current_user,da-15-8,1,da-15-8--rep-001,53a46b741b20fd7efb6942b743936da2713e7e4f7c0b7caca4c74840bd1c46b4,90.0,90.0,90.0,100.0,100.0,0.0,-10.0,0.0,-10.0,0.0,0.0,0.0,0.0,0.0,0.0,0.0,0.0,0.0,0.0,0.0,0.0,cumulative40,61.5,50.84033613445378,1.5,0.42016806722689076,69.0,57.142857142857146,36.134453781512605
gemini,current_user,da-15-8,2,da-15-8--rep-002,c41efbccbdce487e284c6cca7437b761647c4c3bd324b82add821555cc3af6e5,100.0,90.0,93.0,95.33333333333333,100.0,7.0,-2.3333333333333286,-4.666666666666671,0.0,0.0,0.0,0.0,0.0,0.0,0.0,0.0,0.0,0.0,0.0,0.0,0.0,cumulative40,108.5,90.33613445378151,7.5,5.46218487394958,32.5,26.470588235294116,40.7563025210084
gemini,current_user,da-15-8,3,da-15-8--rep-003,88786bf677b29c911b61cc5e8508c231eceeaae998d287a14488a99cd07e8f59,90.0,90.0,100.0,100.0,45.0,-10.0,0.0,55.0,45.0,0.0,0.0,0.0,0.0,0.0,0.0,0.0,0.0,0.0,0.0,0.0,0.0,cumulative40,13.0,10.084033613445378,57.0,47.05882352941177,119.0,99.15966386554622,52.10084033613445
gemini,current_user,da-16-1,1,da-16-1--rep-001,03f392063162b1c738e767e709fe6f8588224063e90da612d8ace10d70f494d1,100.0,100.0,100.0,100.0,100.0,0.0,0.0,0.0,0.0,0.0,0.0,0.0,0.0,0.0,0.0,0.0,0.0,0.0,0.0,0.0,0.0,cumulative40,61.5,50.84033613445378,57.0,47.05882352941177,69.0,57.142857142857146,51.680672268907564
gemini,current_user,da-16-1,2,da-16-1--rep-002,f77c2af700524b3b1395f9eadb91da37e3bb9804384000e7d9c0386190a55209,100.0,100.0,100.0,100.0,100.0,0.0,0.0,0.0,0.0,0.0,0.0,0.0,0.0,0.0,0.0,0.0,0.0,0.0,0.0,0.0,0.0,cumulative40,61.5,50.84033613445378,57.0,47.05882352941177,69.0,57.142857142857146,51.680672268907564
gemini,current_user,da-16-1,3,da-16-1--rep-003,73cdeed48bca0558d392c3dd44b39985a532fab27e0d15487cb91a54badcfe19,100.0,100.0,87.0,87.66666666666667,96.0,13.0,-0.6666666666666714,-8.333333333333329,4.0,0.0,0.0,0.0,0.0,0.0,0.0,0.0,0.0,0.0,0.0,0.0,0.0,cumulative40,114.5,95.3781512605042,11.0,8.403361344537815,25.0,20.168067226890756,41.31652661064425
gemini,current_user,da-17-1,1,da-17-1--rep-001,3a56cdb61ae0719d9193a75a6324c276717d48d5b909f473aeea1db823071664,90.0,90.0,90.0,93.33333333333333,100.0,0.0,-3.3333333333333286,-6.666666666666671,-10.0,0.0,0.0,0.0,0.0,0.0,0.0,0.0,0.0,0.0,0.0,0.0,0.0,cumulative40,61.5,50.84033613445378,5.5,3.7815126050420167,27.0,21.84873949579832,25.49019607843137
gemini,current_user,da-17-1,2,da-17-1--rep-002,c18b5fb1f06017d423bdb0e846f6c0aa380be15a5d2b59825a95b97933b6d655,90.0,90.0,90.0,90.0,100.0,0.0,0.0,-10.0,-10.0,0.0,0.0,0.0,0.0,0.0,0.0,0.0,0.0,0.0,0.0,0.0,0.0,cumulative40,61.5,50.84033613445378,57.0,47.05882352941177,20.5,16.386554621848738,38.095238095238095
gemini,current_user,da-17-1,3,da-17-1--rep-003,75e9a1196d77215c4c97eb668131739ec5c76d0135c82fd2fff693ae81d382e5,90.0,90.0,100.0,93.33333333333333,96.0,-10.0,6.666666666666671,-2.6666666666666714,-6.0,0.0,0.0,0.0,0.0,0.0,0.0,0.0,0.0,0.0,0.0,0.0,0.0,cumulative40,13.0,10.084033613445378,116.5,97.05882352941177,37.5,30.672268907563026,45.938375350140056
gemini,current_user,da-17-3,1,da-17-3--rep-001,0f523220dc1cf46b2b8b8311258233a9d91daed3f3c20ccdaa93be77451a79a2,39.0,39.0,0.0,0.0,8.0,39.0,0.0,-8.0,31.0,0.0,0.0,0.0,0.0,0.0,0.0,0.0,0.0,0.0,0.0,0.0,0.0,cumulative40,120.0,100.0,57.0,47.05882352941177,26.0,21.008403361344538,56.022408963585434
gemini,current_user,da-17-3,2,da-17-3--rep-002,3cb2307c0fe0a04eb1cebca83ba04c0ea03bfa6618daecae4cd0e71020bdd75f,22.0,22.0,0.0,0.0,10.0,22.0,0.0,-10.0,12.0,0.0,0.0,0.0,0.0,0.0,0.0,0.0,0.0,0.0,0.0,0.0,0.0,cumulative40,118.0,98.31932773109244,57.0,47.05882352941177,20.5,16.386554621848738,53.92156862745098
gemini,current_user,da-17-3,3,da-17-3--rep-003,920bba4d837f25ef9bee6dedaac8d6a2ab425f159ed5c57a0c9a8b16188358be,100.0,100.0,100.0,93.33333333333333,95.0,0.0,6.666666666666671,-1.6666666666666714,5.0,0.0,0.0,0.0,0.0,0.0,0.0,0.0,0.0,0.0,0.0,0.0,0.0,cumulative40,61.5,50.84033613445378,116.5,97.05882352941177,39.0,31.932773109243698,59.943977591036415
gemini,current_user,da-17-5,1,da-17-5--rep-001,6fd9cf0814ce9b2e53274edfc83e64e9f7f2683eb8909c5180393a5c5857344e,90.0,90.0,90.0,90.0,95.0,0.0,0.0,-5.0,-5.0,0.0,0.0,0.0,0.0,0.0,0.0,0.0,0.0,0.0,0.0,0.0,0.0,cumulative40,61.5,50.84033613445378,57.0,47.05882352941177,30.0,24.369747899159663,40.7563025210084
gemini,current_user,da-17-5,2,da-17-5--rep-002,4eeb59cd6397fc912888a0d0ca2c1b1b5d9b008f1b82f2d0eef0eb130b6f98b7,77.0,77.0,83.0,83.0,100.0,-6.0,0.0,-17.0,-23.0,0.0,0.0,0.0,0.0,0.0,0.0,0.0,0.0,0.0,0.0,0.0,0.0,cumulative40,19.0,15.126050420168067,57.0,47.05882352941177,15.0,11.764705882352942,24.649859943977592
gemini,current_user,da-17-5,3,da-17-5--rep-003,2489e5ff53145ddcd4e05c088183921a9cdc4e8e3cb24e7f9cd0b7b7b06437c3,90.0,90.0,90.0,90.0,100.0,0.0,0.0,-10.0,-10.0,0.0,0.0,0.0,0.0,0.0,0.0,0.0,0.0,0.0,0.0,0.0,0.0,cumulative40,61.5,50.84033613445378,57.0,47.05882352941177,20.5,16.386554621848738,38.095238095238095
gemini,current_user,da-18-5,1,da-18-5--rep-001,e16aab443e445a25e328d42a825eafeb8dbce66b57e426a299c777841f64988a,100.0,100.0,100.0,100.0,100.0,0.0,0.0,0.0,0.0,0.0,0.0,0.0,0.0,0.0,0.0,0.0,0.0,0.0,0.0,0.0,0.0,cumulative40,61.5,50.84033613445378,57.0,47.05882352941177,69.0,57.142857142857146,51.680672268907564
gemini,current_user,da-18-5,2,da-18-5--rep-002,7e7dc16cd6b5657189453d3b97525954e7848ca4c813a787d72773fb1187805d,100.0,100.0,100.0,100.0,100.0,0.0,0.0,0.0,0.0,0.0,0.0,0.0,0.0,0.0,0.0,0.0,0.0,0.0,0.0,0.0,0.0,cumulative40,61.5,50.84033613445378,57.0,47.05882352941177,69.0,57.142857142857146,51.680672268907564
gemini,current_user,da-18-5,3,da-18-5--rep-003,2e3688af56b326420d8f1a14ef34853c0b6ebdec85e5c02ed7f3e51f35f97fcc,100.0,100.0,100.0,100.0,100.0,0.0,0.0,0.0,0.0,0.0,0.0,0.0,0.0,0.0,0.0,0.0,0.0,0.0,0.0,0.0,0.0,cumulative40,61.5,50.84033613445378,57.0,47.05882352941177,69.0,57.142857142857146,51.680672268907564
gemini,current_user,da-18-7,1,da-18-7--rep-001,7a0fcb964647f6592e3015cc4721de083d9eafd4fe2bb761f2e09e2c21ba0441,85.0,85.0,100.0,97.33333333333333,75.0,-15.0,2.6666666666666714,22.33333333333333,10.0,0.0,0.0,0.0,0.0,0.0,0.0,0.0,0.0,0.0,0.0,0.0,0.0,cumulative40,4.0,2.5210084033613445,108.5,90.33613445378151,116.0,96.63865546218487,63.16526610644257
gemini,current_user,da-18-7,2,da-18-7--rep-002,a68c6efb4d3088838ae3214b0eee1421242d79cd02b37205b52417718bb5d69c,92.0,87.0,100.0,100.0,100.0,-8.0,0.0,0.0,-8.0,0.0,0.0,0.0,0.0,0.0,0.0,0.0,0.0,0.0,0.0,0.0,0.0,cumulative40,15.5,12.184873949579831,57.0,47.05882352941177,69.0,57.142857142857146,38.79551820728292
gemini,current_user,da-18-7,3,da-18-7--rep-003,c96906cd9bbe233732ab0a58f730d06d123b6b5000b55870f31665d7ff258a06,100.0,100.0,100.0,100.0,100.0,0.0,0.0,0.0,0.0,0.0,0.0,0.0,0.0,0.0,0.0,0.0,0.0,0.0,0.0,0.0,0.0,cumulative40,61.5,50.84033613445378,57.0,47.05882352941177,69.0,57.142857142857146,51.680672268907564
gemini,current_user,da-19-1,1,da-19-1--rep-001,af15ae0a8c740adecf79c1fd6c39ec42ffb0e25acb0e09ce361bdc13ac55e900,100.0,100.0,100.0,100.0,100.0,0.0,0.0,0.0,0.0,0.0,0.0,0.0,0.0,0.0,0.0,0.0,0.0,0.0,0.0,0.0,0.0,cumulative40,61.5,50.84033613445378,57.0,47.05882352941177,69.0,57.142857142857146,51.680672268907564
gemini,current_user,da-19-1,2,da-19-1--rep-002,23950447b25a546d51126338de629eeaed3612b5bdefa5d02ada577f54cfae52,100.0,100.0,100.0,100.0,100.0,0.0,0.0,0.0,0.0,0.0,0.0,0.0,0.0,0.0,0.0,0.0,0.0,0.0,0.0,0.0,0.0,cumulative40,61.5,50.84033613445378,57.0,47.05882352941177,69.0,57.142857142857146,51.680672268907564
gemini,current_user,da-19-1,3,da-19-1--rep-003,ec091ad49126a85e8b26312e2934437bb668c437c5e91faae91f81b2a36fdadf,100.0,100.0,100.0,100.0,100.0,0.0,0.0,0.0,0.0,0.0,0.0,0.0,0.0,0.0,0.0,0.0,0.0,0.0,0.0,0.0,0.0,cumulative40,61.5,50.84033613445378,57.0,47.05882352941177,69.0,57.142857142857146,51.680672268907564
gemini,current_user,da-19-3,1,da-19-3--rep-001,71621ae228a547058abce0bb3162089a4709b0f092eab36a0b208b47a2ecc454,100.0,100.0,100.0,100.0,100.0,0.0,0.0,0.0,0.0,0.0,0.0,0.0,0.0,0.0,0.0,0.0,0.0,0.0,0.0,0.0,0.0,cumulative40,61.5,50.84033613445378,57.0,47.05882352941177,69.0,57.142857142857146,51.680672268907564
gemini,current_user,da-19-3,2,da-19-3--rep-002,4d3b1ab1e95978cf8c45396e1807af6c161ccc964081843d7b5ae23488b7ea11,100.0,100.0,100.0,100.0,100.0,0.0,0.0,0.0,0.0,0.0,0.0,0.0,0.0,0.0,0.0,0.0,0.0,0.0,0.0,0.0,0.0,cumulative40,61.5,50.84033613445378,57.0,47.05882352941177,69.0,57.142857142857146,51.680672268907564
gemini,current_user,da-19-3,3,da-19-3--rep-003,205f21c0a39e966e073f859acac41bfd84fe8712855dcd9ea27a6fda0dac3977,100.0,100.0,95.0,95.0,100.0,5.0,0.0,-5.0,0.0,0.0,0.0,0.0,0.0,0.0,0.0,0.0,0.0,0.0,0.0,0.0,0.0,cumulative40,105.5,87.81512605042016,57.0,47.05882352941177,30.0,24.369747899159663,53.081232492997195
gemini,current_user,da-19-6,1,da-19-6--rep-001,9a16f1ca31dcfabe5b6d4310edb3ad148676155750fd8b6230e516edca849bd6,35.0,35.0,22.0,19.333333333333332,60.0,13.0,2.666666666666668,-40.66666666666667,-25.0,0.0,0.0,0.0,0.0,0.0,0.0,0.0,0.0,0.0,0.0,0.0,0.0,cumulative40,114.5,95.3781512605042,107.0,89.07563025210084,2.0,0.8403361344537815,61.764705882352935
gemini,current_user,da-19-6,2,da-19-6--rep-002,a8533f11a1771f2899ffade736efc0ba4d6cb1a19b394f02746cf72adcd38fac,47.0,47.0,27.0,23.666666666666668,45.0,20.0,3.333333333333332,-21.333333333333332,2.0,0.0,0.0,0.0,0.0,0.0,0.0,0.0,0.0,0.0,0.0,0.0,0.0,cumulative40,117.0,97.47899159663865,113.0,94.11764705882354,11.0,8.403361344537815,66.66666666666667
gemini,current_user,da-19-6,3,da-19-6--rep-003,91657fa87314f79c5f92844f0ee7e9b3b09cd224fef7af8dc31a99a7a11b6312,30.0,30.0,22.0,22.0,68.0,8.0,0.0,-46.0,-38.0,0.0,0.0,0.0,0.0,0.0,0.0,0.0,0.0,0.0,0.0,0.0,0.0,cumulative40,110.0,91.59663865546219,57.0,47.05882352941177,1.0,0.0,46.21848739495798
gemini,current_user,da-20-1,1,da-20-1--rep-001,ac5bc1975bea03b52142fb9d96b87eee16c2e7932b624241b92093a670009a34,90.0,90.0,78.0,78.0,75.0,12.0,0.0,3.0,15.0,0.0,0.0,0.0,0.0,0.0,0.0,0.0,0.0,0.0,0.0,0.0,0.0,cumulative40,113.0,94.11764705882354,57.0,47.05882352941177,105.5,87.81512605042016,76.33053221288516
gemini,current_user,da-20-1,2,da-20-1--rep-002,f89dfdcd5ba5a9a7eb53afb28fb814752fb5f0939a7a11b52df372b18f33a4cc,100.0,100.0,100.0,89.33333333333333,100.0,0.0,10.666666666666671,-10.666666666666671,0.0,0.0,0.0,0.0,0.0,0.0,0.0,0.0,0.0,0.0,0.0,0.0,0.0,cumulative40,61.5,50.84033613445378,119.0,99.15966386554622,18.0,14.285714285714286,54.76190476190476
gemini,current_user,da-20-1,3,da-20-1--rep-003,cb8e213b6078b0aaece482f9edcdecff47e14757fff259382ba1302949f6d81b,95.0,95.0,100.0,87.0,92.0,-5.0,13.0,-5.0,3.0,0.0,0.0,0.0,0.0,0.0,0.0,0.0,0.0,0.0,0.0,0.0,0.0,cumulative40,21.0,16.80672268907563,120.0,100.0,30.0,24.369747899159663,47.05882352941177
gemini,current_user,da-20-4,1,da-20-4--rep-001,a59cb4449436be572741e57207c0b8349d4af3cec4b7a11624e5232452656a1b,10.0,10.0,10.0,8.333333333333334,10.0,0.0,1.666666666666666,-1.666666666666666,0.0,0.0,0.0,0.0,0.0,0.0,0.0,0.0,0.0,0.0,0.0,0.0,0.0,cumulative40,61.5,50.84033613445378,103.5,86.1344537815126,40.0,32.773109243697476,56.582633053221286
gemini,current_user,da-20-4,2,da-20-4--rep-002,93e7a748c785a09b6468dee524aafb1c6a3a772cad5c82b0a7a40cf92c8c88cd,10.0,10.0,10.0,8.333333333333334,12.0,0.0,1.666666666666666,-3.666666666666666,-2.0,0.0,0.0,0.0,0.0,0.0,0.0,0.0,0.0,0.0,0.0,0.0,0.0,cumulative40,61.5,50.84033613445378,103.5,86.1344537815126,35.0,28.571428571428573,55.182072829131656
gemini,current_user,da-20-4,3,da-20-4--rep-003,7a46c3791f7cda1ba6ce754b2c0b78db4e5cb43c70dbfd46f182b464ea81ec96,20.0,20.0,20.0,20.0,45.0,0.0,0.0,-25.0,-25.0,0.0,0.0,0.0,0.0,0.0,0.0,0.0,0.0,0.0,0.0,0.0,0.0,cumulative40,61.5,50.84033613445378,57.0,47.05882352941177,7.5,5.46218487394958,34.45378151260504
gemini,current_user,da-24-3,1,da-24-3--rep-001,f42a0cd151b82c3a74b7b662a0359972fd9674cdfba3795d430a44cc44ba7c1f,60.0,60.0,55.0,58.333333333333336,90.0,5.0,-3.3333333333333357,-31.666666666666664,-30.0,0.0,0.0,0.0,0.0,0.0,0.0,0.0,0.0,0.0,0.0,0.0,0.0,cumulative40,105.5,87.81512605042016,4.0,2.5210084033613445,3.0,1.680672268907563,30.672268907563023
gemini,current_user,da-24-3,2,da-24-3--rep-002,c5a98e2998fb1a3f97e55aaae028dd156508894a55d4435d0a332c3f12009cbd,100.0,100.0,95.0,96.66666666666667,95.0,5.0,-1.6666666666666714,1.6666666666666714,5.0,0.0,0.0,0.0,0.0,0.0,0.0,0.0,0.0,0.0,0.0,0.0,0.0,cumulative40,105.5,87.81512605042016,9.0,6.722689075630252,98.0,81.5126050420168,58.68347338935574
gemini,current_user,da-24-3,3,da-24-3--rep-003,6f5fc7228728d8064939b62a52560d39ab1953d3a88485e4d7b579645d589e4c,80.0,80.0,95.0,95.0,92.0,-15.0,0.0,3.0,-12.0,0.0,0.0,0.0,0.0,0.0,0.0,0.0,0.0,0.0,0.0,0.0,0.0,cumulative40,4.0,2.5210084033613445,57.0,47.05882352941177,105.5,87.81512605042016,45.79831932773109
gemini,current_user,da-26-2,1,da-26-2--rep-001,2a8b04e8c8b437605e2cd228425284166426486a42f851f4703c1abb58a9b77f,71.0,71.0,71.0,71.0,92.0,0.0,0.0,-21.0,-21.0,0.0,0.0,0.0,0.0,0.0,0.0,0.0,0.0,0.0,0.0,0.0,0.0,cumulative40,61.5,50.84033613445378,57.0,47.05882352941177,13.0,10.084033613445378,35.99439775910364
gemini,current_user,da-26-2,2,da-26-2--rep-002,58874b5fe68471f4ecced1cee4e5de3ce39aaee5be34a1ad4bfa6218ed542d26,71.0,71.0,71.0,74.33333333333333,65.0,0.0,-3.3333333333333286,9.333333333333329,6.0,0.0,0.0,0.0,0.0,0.0,0.0,0.0,0.0,0.0,0.0,0.0,0.0,cumulative40,61.5,50.84033613445378,5.5,3.7815126050420167,114.0,94.95798319327731,49.85994397759104
gemini,current_user,da-26-2,3,da-26-2--rep-003,952ad828727e8f15834dc02aaea754dd9cd678ba9bbab0521a1144fc06501cc9,71.0,71.0,68.0,64.66666666666667,30.0,3.0,3.3333333333333286,34.66666666666667,41.0,0.0,0.0,0.0,0.0,0.0,0.0,0.0,0.0,0.0,0.0,0.0,0.0,cumulative40,102.0,84.87394957983193,111.0,92.43697478991596,117.0,97.47899159663865,91.59663865546219
gemini,current_user,da-26-4,1,da-26-4--rep-001,74b79ff61d02b55681536fad0edac3c09ef1c45af43a38aa5e3f0438ec0251db,57.0,57.0,57.0,57.0,45.0,0.0,0.0,12.0,12.0,0.0,0.0,0.0,0.0,0.0,0.0,0.0,0.0,0.0,0.0,0.0,0.0,cumulative40,61.5,50.84033613445378,57.0,47.05882352941177,115.0,95.7983193277311,64.56582633053222
gemini,current_user,da-26-4,2,da-26-4--rep-002,698fe49708e2fa2dc8af5971682c794c63e9ac6c309ded101c26b0cd01005939,95.0,95.0,95.0,87.0,38.0,0.0,8.0,49.0,57.0,0.0,0.0,0.0,0.0,0.0,0.0,0.0,0.0,0.0,0.0,0.0,0.0,cumulative40,61.5,50.84033613445378,118.0,98.31932773109244,118.0,98.31932773109244,82.49299719887955
gemini,current_user,da-26-4,3,da-26-4--rep-003,12c91b4047c0caadaa2cb1762b837e99fb9a7a6d446b69dd083ca104de67ccf4,30.0,30.0,29.0,24.666666666666668,30.0,1.0,4.333333333333332,-5.333333333333332,0.0,0.0,0.0,0.0,0.0,0.0,0.0,0.0,0.0,0.0,0.0,0.0,0.0,cumulative40,101.0,84.03361344537815,114.0,94.95798319327731,28.0,22.689075630252102,67.22689075630252
gemini,current_user,da-3-5,1,da-3-5--rep-001,2185ac6e96a5a87d7c8e3a9f5829f4593e61601ae86651971102e3d923328ae9,100.0,100.0,100.0,100.0,100.0,0.0,0.0,0.0,0.0,0.0,0.0,0.0,0.0,0.0,0.0,0.0,0.0,0.0,0.0,0.0,0.0,cumulative40,61.5,50.84033613445378,57.0,47.05882352941177,69.0,57.142857142857146,51.680672268907564
gemini,current_user,da-3-5,2,da-3-5--rep-002,feaf90a8d7b2d3f52289ac777233d0518445a3e647c26eb6fc230c1c000c1780,100.0,100.0,100.0,100.0,100.0,0.0,0.0,0.0,0.0,0.0,0.0,0.0,0.0,0.0,0.0,0.0,0.0,0.0,0.0,0.0,0.0,cumulative40,61.5,50.84033613445378,57.0,47.05882352941177,69.0,57.142857142857146,51.680672268907564
gemini,current_user,da-3-5,3,da-3-5--rep-003,999f2c16809f8bba8130a006d8d304d37847e3c21f87cca78c2db08953e29947,100.0,100.0,100.0,100.0,100.0,0.0,0.0,0.0,0.0,0.0,0.0,0.0,0.0,0.0,0.0,0.0,0.0,0.0,0.0,0.0,0.0,cumulative40,61.5,50.84033613445378,57.0,47.05882352941177,69.0,57.142857142857146,51.680672268907564
gemini,current_user,da-4-1,1,da-4-1--rep-001,057f7a527956349d8e253766ccc333b25228f0214c7e702e4ebf01de87b2307d,86.0,86.0,93.0,90.66666666666667,100.0,-7.0,2.3333333333333286,-9.333333333333329,-14.0,0.0,0.0,0.0,0.0,0.0,0.0,0.0,0.0,0.0,0.0,0.0,0.0,cumulative40,17.5,13.865546218487395,105.5,87.81512605042016,23.0,18.48739495798319,40.056022408963585
gemini,current_user,da-4-1,2,da-4-1--rep-002,9c53b773849793077259d4e4789c8a60a846b489413644588ffdff4ccc703068,100.0,100.0,100.0,100.0,100.0,0.0,0.0,0.0,0.0,0.0,0.0,0.0,0.0,0.0,0.0,0.0,0.0,0.0,0.0,0.0,0.0,cumulative40,61.5,50.84033613445378,57.0,47.05882352941177,69.0,57.142857142857146,51.680672268907564
gemini,current_user,da-4-1,3,da-4-1--rep-003,12bc3f0f681d221a15606bd1ce516f1379b00f4435c10022d511d369313b541f,93.0,93.0,79.0,76.66666666666667,98.0,14.0,2.3333333333333286,-21.33333333333333,-5.0,0.0,0.0,0.0,0.0,0.0,0.0,0.0,0.0,0.0,0.0,0.0,0.0,cumulative40,116.0,96.63865546218487,105.5,87.81512605042016,12.0,9.243697478991596,64.5658263305322
gemini,current_user,da-4-6,1,da-4-6--rep-001,0f0c825028bfe48de9f7e71ca6d6c9e30ae4444a8d3e2245e6ee5822799c7574,100.0,100.0,100.0,100.0,100.0,0.0,0.0,0.0,0.0,0.0,0.0,0.0,0.0,0.0,0.0,0.0,0.0,0.0,0.0,0.0,0.0,cumulative40,61.5,50.84033613445378,57.0,47.05882352941177,69.0,57.142857142857146,51.680672268907564
gemini,current_user,da-4-6,2,da-4-6--rep-002,39b590a763de4b215ab3d3357d2fa8abeab53e8a5389223f3c85a536b87974f0,100.0,100.0,100.0,100.0,100.0,0.0,0.0,0.0,0.0,0.0,0.0,0.0,0.0,0.0,0.0,0.0,0.0,0.0,0.0,0.0,0.0,cumulative40,61.5,50.84033613445378,57.0,47.05882352941177,69.0,57.142857142857146,51.680672268907564
gemini,current_user,da-4-6,3,da-4-6--rep-003,4985a712df5c5253cfdc26000c68dd9533e7b619c638623d724eccf4af188d57,100.0,100.0,100.0,100.0,100.0,0.0,0.0,0.0,0.0,0.0,0.0,0.0,0.0,0.0,0.0,0.0,0.0,0.0,0.0,0.0,0.0,cumulative40,61.5,50.84033613445378,57.0,47.05882352941177,69.0,57.142857142857146,51.680672268907564
gemini,current_user,da-5-1,1,da-5-1--rep-001,0e9ecb6785a00f2a6404ebd5c22505a29aa7869e70a17f799e44688006b1fca9,100.0,100.0,100.0,100.0,100.0,0.0,0.0,0.0,0.0,0.0,0.0,0.0,0.0,0.0,0.0,0.0,0.0,0.0,0.0,0.0,0.0,cumulative40,61.5,50.84033613445378,57.0,47.05882352941177,69.0,57.142857142857146,51.680672268907564
gemini,current_user,da-5-1,2,da-5-1--rep-002,447f6841feba72a1c7305fd5f4694e3b89ebaf80b324b00ee30e47c9f1cd2e72,100.0,100.0,100.0,100.0,100.0,0.0,0.0,0.0,0.0,0.0,0.0,0.0,0.0,0.0,0.0,0.0,0.0,0.0,0.0,0.0,0.0,cumulative40,61.5,50.84033613445378,57.0,47.05882352941177,69.0,57.142857142857146,51.680672268907564
gemini,current_user,da-5-1,3,da-5-1--rep-003,50dcd82522cb2a7e033864a427abff94011794f0525d055aa3bf2649aac4d7d6,100.0,100.0,100.0,100.0,100.0,0.0,0.0,0.0,0.0,0.0,0.0,0.0,0.0,0.0,0.0,0.0,0.0,0.0,0.0,0.0,0.0,cumulative40,61.5,50.84033613445378,57.0,47.05882352941177,69.0,57.142857142857146,51.680672268907564
gemini,current_user,da-6-5,1,da-6-5--rep-001,204ec4c9b9d59a0ac9aa0262bd576f273abbe802751636d502bf3e6e440e093b,100.0,100.0,100.0,100.0,38.0,0.0,0.0,62.0,62.0,0.0,0.0,0.0,0.0,0.0,0.0,0.0,0.0,0.0,0.0,0.0,0.0,cumulative40,61.5,50.84033613445378,57.0,47.05882352941177,120.0,100.0,65.96638655462185
gemini,current_user,da-6-5,2,da-6-5--rep-002,1a87d8d001b31de9f609ac7ab62adede44ffc345b61e8305473fdb1f3ebd4359,100.0,100.0,100.0,100.0,100.0,0.0,0.0,0.0,0.0,0.0,0.0,0.0,0.0,0.0,0.0,0.0,0.0,0.0,0.0,0.0,0.0,cumulative40,61.5,50.84033613445378,57.0,47.05882352941177,69.0,57.142857142857146,51.680672268907564
gemini,current_user,da-6-5,3,da-6-5--rep-003,8af52c49619255fa187ee348f500b22219597585f823d52ccd37cd870abc3d2e,100.0,100.0,100.0,100.0,100.0,0.0,0.0,0.0,0.0,0.0,0.0,0.0,0.0,0.0,0.0,0.0,0.0,0.0,0.0,0.0,0.0,cumulative40,61.5,50.84033613445378,57.0,47.05882352941177,69.0,57.142857142857146,51.680672268907564
gemini,current_user,da-8-1,1,da-8-1--rep-001,12b660169831b7d224b4965ac0c46aa7ed8d9ea94d4e86eb570e6fc48dd7df27,100.0,100.0,100.0,100.0,100.0,0.0,0.0,0.0,0.0,0.0,0.0,0.0,0.0,0.0,0.0,0.0,0.0,0.0,0.0,0.0,0.0,cumulative40,61.5,50.84033613445378,57.0,47.05882352941177,69.0,57.142857142857146,51.680672268907564
gemini,current_user,da-8-1,2,da-8-1--rep-002,366823a759f2cd52c6f0192ce41284a997e69ddd99c70aab6cf92e02b30ac9ad,92.0,92.0,92.0,92.0,90.0,0.0,0.0,2.0,2.0,0.0,0.0,0.0,0.0,0.0,0.0,0.0,0.0,0.0,0.0,0.0,0.0,cumulative40,61.5,50.84033613445378,57.0,47.05882352941177,101.0,84.03361344537815,60.64425770308123
gemini,current_user,da-8-1,3,da-8-1--rep-003,4c4f2ff267fd6679892b6e1496a8558f7d0faf229ae460aeb5326b3900847a04,100.0,100.0,100.0,100.0,100.0,0.0,0.0,0.0,0.0,0.0,0.0,0.0,0.0,0.0,0.0,0.0,0.0,0.0,0.0,0.0,0.0,cumulative40,61.5,50.84033613445378,57.0,47.05882352941177,69.0,57.142857142857146,51.680672268907564
gemini,current_user,da-8-3,1,da-8-3--rep-001,7d8e335f91a45848411b998c1a5cb1e115fd1bedd3088bd1a168c5753fe63bd3,100.0,100.0,96.0,97.33333333333333,95.0,4.0,-1.3333333333333286,2.3333333333333286,5.0,0.0,0.0,0.0,0.0,0.0,0.0,0.0,0.0,0.0,0.0,0.0,0.0,cumulative40,103.0,85.71428571428571,10.0,7.563025210084033,104.0,86.5546218487395,59.943977591036415
gemini,current_user,da-8-3,2,da-8-3--rep-002,0a30c0f00519fd449b9f5a56c6be7d93456e18f43041e52c1fbba34ab2a6c9c9,92.0,92.0,100.0,97.33333333333333,100.0,-8.0,2.6666666666666714,-2.6666666666666714,-8.0,0.0,0.0,0.0,0.0,0.0,0.0,0.0,0.0,0.0,0.0,0.0,0.0,cumulative40,15.5,12.184873949579831,108.5,90.33613445378151,37.5,30.672268907563026,44.397759103641455
gemini,current_user,da-8-3,3,da-8-3--rep-003,8f08bf1a373529a65fc062e76eda747144d6180f37330377e0168e932ef9723e,100.0,100.0,100.0,100.0,96.0,0.0,0.0,4.0,4.0,0.0,0.0,0.0,0.0,0.0,0.0,0.0,0.0,0.0,0.0,0.0,0.0,cumulative40,61.5,50.84033613445378,57.0,47.05882352941177,107.0,89.07563025210084,62.324929971988794
gemini,current_user,da-9-1,1,da-9-1--rep-001,03df4078648b486b92503b2b6f0f3c5a8d7adf29720b8c6981634f2cc6d4ce4f,100.0,100.0,100.0,100.0,100.0,0.0,0.0,0.0,0.0,0.0,0.0,0.0,0.0,0.0,0.0,0.0,0.0,0.0,0.0,0.0,0.0,cumulative40,61.5,50.84033613445378,57.0,47.05882352941177,69.0,57.142857142857146,51.680672268907564
gemini,current_user,da-9-1,2,da-9-1--rep-002,5e6269a054e2ba527a66a7f2b568da3cd3763b853ec88db9d626e4b5e6e66170,100.0,100.0,100.0,100.0,100.0,0.0,0.0,0.0,0.0,0.0,0.0,0.0,0.0,0.0,0.0,0.0,0.0,0.0,0.0,0.0,0.0,cumulative40,61.5,50.84033613445378,57.0,47.05882352941177,69.0,57.142857142857146,51.680672268907564
gemini,current_user,da-9-1,3,da-9-1--rep-003,341dec816c312ddeb50bc186c59bdecc547e7568e20bcc64e7ed381f0a0be05c,100.0,100.0,100.0,100.0,100.0,0.0,0.0,0.0,0.0,0.0,0.0,0.0,0.0,0.0,0.0,0.0,0.0,0.0,0.0,0.0,0.0,cumulative40,61.5,50.84033613445378,57.0,47.05882352941177,69.0,57.142857142857146,51.680672268907564
gemini,current_user,da-9-7,1,da-9-7--rep-001,0a628d405fd5de3e7f3c2095bec2cdd70dcaf101770947b4f6d1595fb70bfa8a,93.0,93.0,100.0,100.0,100.0,-7.0,0.0,0.0,-7.0,0.0,0.0,0.0,0.0,0.0,0.0,0.0,0.0,0.0,0.0,0.0,0.0,cumulative40,17.5,13.865546218487395,57.0,47.05882352941177,69.0,57.142857142857146,39.35574229691877
gemini,current_user,da-9-7,2,da-9-7--rep-002,a48d5584d1cda0f414be705fb4ffa0ac4708fa19d2013b3b9ca4ef4c69c32de4,100.0,100.0,100.0,100.0,100.0,0.0,0.0,0.0,0.0,0.0,0.0,0.0,0.0,0.0,0.0,0.0,0.0,0.0,0.0,0.0,0.0,cumulative40,61.5,50.84033613445378,57.0,47.05882352941177,69.0,57.142857142857146,51.680672268907564
gemini,current_user,da-9-7,3,da-9-7--rep-003,99e00800ef6d12badf8dff8274ce657323e98b12bd2973f1c4bb9e3dda6a13d6,93.0,93.0,86.0,86.0,100.0,7.0,0.0,-14.0,-7.0,0.0,0.0,0.0,0.0,0.0,0.0,0.0,0.0,0.0,0.0,0.0,0.0,cumulative40,108.5,90.33613445378151,57.0,47.05882352941177,16.0,12.605042016806722,50.0
sol_opus_gemini,current_full,da-1-3,1,da-1-3--rep-001,5d3ef64216240a0b1df0133b1835ab72e2bab2d1a31f9acbdd11f9c35f20bb47,100.0,100.0,98.33333333333333,98.33333333333333,89.0,1.6666666666666667,0.0,9.333333333333334,11.0,0.3333333333333333,0.0,0.0,0.3333333333333333,0.0,0.0,0.3333333333333333,0.0,0.0,0.3333333333333333,0.0,0.0,cumulative40,56.0,46.21848739495798,45.0,36.97478991596638,58.0,47.89915966386555,43.69747899159664
sol_opus_gemini,current_full,da-1-3,2,da-1-3--rep-002,31177b6bf749aa9955327185f9607c4c0290659aae41c44b65448ddff613b8ae,100.0,100.0,100.0,98.88888888888889,91.0,0.0,1.1111111111111096,7.88888888888889,9.0,0.6666666666666666,0.0,0.0,0.3333333333333333,0.0,0.0,0.3333333333333333,0.0,0.0,0.3333333333333333,0.0,0.0,cumulative40,25.0,20.168067226890756,76.0,63.02521008403362,54.0,44.53781512605042,42.57703081232493
sol_opus_gemini,current_full,da-1-3,3,da-1-3--rep-003,831ad3c7154ae1a059582999abac0191237eaf9b72aed0dddccd784299cc861f,100.0,100.0,93.0,91.11111111111111,67.33333333333333,7.0,1.8888888888888904,23.777777777777775,32.666666666666664,0.6666666666666666,0.0,0.0,0.3333333333333333,0.0,0.0,0.6666666666666666,0.0,0.0,0.3333333333333333,0.0,0.0,cumulative40,86.5,71.84873949579831,96.0,79.83193277310924,104.0,86.5546218487395,79.41176470588235
sol_opus_gemini,current_full,da-1-4,1,da-1-4--rep-001,8579f1d69821d8f95467324681e5de48dc9b533437b308282872bc828b2f3f12,100.0,100.0,98.33333333333333,98.88888888888889,85.66666666666667,1.6666666666666667,-0.5555555555555571,13.222222222222223,14.333333333333334,0.6666666666666666,0.0,0.0,0.3333333333333333,0.0,0.0,0.3333333333333333,0.0,0.0,0.3333333333333333,0.0,0.0,cumulative40,56.0,46.21848739495798,24.5,19.747899159663866,74.0,61.34453781512605,42.436974789915965
sol_opus_gemini,current_full,da-1-4,2,da-1-4--rep-002,16cc9e2d573864e05955a3fcacf526cb3b7f6fe9278bdf5ef17ad88a084562b5,100.0,100.0,100.0,100.0,90.0,0.0,0.0,10.0,10.0,0.6666666666666666,0.0,0.0,0.3333333333333333,0.0,0.0,0.3333333333333333,0.0,0.0,0.6666666666666666,0.0,0.0,cumulative40,25.0,20.168067226890756,45.0,36.97478991596638,61.0,50.42016806722689,35.85434173669468
sol_opus_gemini,current_full,da-1-4,3,da-1-4--rep-003,60154c27e2ab3ff3bc19f636dc862c2a62a671934f29e94a788238946ea54b61,100.0,100.0,95.66666666666667,95.66666666666667,88.66666666666667,4.333333333333333,0.0,7.0,11.333333333333334,0.3333333333333333,0.0,0.0,0.3333333333333333,0.0,0.0,0.3333333333333333,0.0,0.0,0.3333333333333333,0.0,0.0,cumulative40,79.5,65.96638655462185,45.0,36.97478991596638,50.5,41.596638655462186,48.17927170868347
sol_opus_gemini,current_full,da-10-1,1,da-10-1--rep-001,8a59fa68dbcd5e8ae42ecd5148e7877fa04f672b4847eab901635ad0b0cfda04,100.0,100.0,100.0,100.0,84.0,0.0,0.0,16.0,16.0,0.3333333333333333,0.0,0.0,0.0,0.0,0.0,0.3333333333333333,0.0,0.0,0.3333333333333333,0.0,0.0,cumulative40,25.0,20.168067226890756,45.0,36.97478991596638,88.0,73.10924369747899,43.41736694677871
sol_opus_gemini,current_full,da-10-1,2,da-10-1--rep-002,28bb10a27cc5e7b0d29f2dee6658836679cca6dd5b1ee3c17e687f92b4a23d8e,100.0,100.0,97.33333333333333,97.33333333333333,86.0,2.6666666666666665,0.0,11.333333333333334,14.0,0.3333333333333333,0.0,0.0,0.3333333333333333,0.0,0.0,0.3333333333333333,0.0,0.0,0.3333333333333333,0.0,0.0,cumulative40,72.5,60.08403361344538,45.0,36.97478991596638,65.5,54.20168067226891,50.42016806722689
sol_opus_gemini,current_full,da-10-1,3,da-10-1--rep-003,d77c9832e24c0b1a42f91901e0a69c073ab4c04c89ef662ec0344e1f778444bb,100.0,100.0,98.66666666666667,100.0,91.0,1.3333333333333333,-1.3333333333333333,9.0,9.0,0.3333333333333333,0.0,0.0,0.3333333333333333,0.0,0.0,0.3333333333333333,0.0,0.0,0.3333333333333333,0.0,0.0,cumulative40,47.0,38.65546218487395,12.0,9.243697478991596,57.0,47.05882352941177,31.65266106442577
sol_opus_gemini,current_full,da-10-3,1,da-10-3--rep-001,bcc9f280eaf5bcc981ab99bfffb5b40d9bf3ea870b24454dfd3bf94e4ca26edf,100.0,100.0,100.0,100.0,87.0,0.0,0.0,13.0,13.0,0.3333333333333333,0.0,0.0,0.3333333333333333,0.0,0.0,0.3333333333333333,0.0,0.0,0.3333333333333333,0.0,0.0,cumulative40,25.0,20.168067226890756,45.0,36.97478991596638,73.0,60.50420168067227,39.2156862745098
sol_opus_gemini,current_full,da-10-3,2,da-10-3--rep-002,af1ead73430659ec7567418ef500f3a14330b21ef20c93d4f9ea7f58374e325f,100.0,100.0,98.33333333333333,99.44444444444444,75.0,1.6666666666666667,-1.1111111111111096,24.444444444444443,25.0,0.3333333333333333,0.0,0.0,0.3333333333333333,0.0,0.0,0.3333333333333333,0.0,0.0,0.3333333333333333,0.0,0.0,cumulative40,56.0,46.21848739495798,17.5,13.865546218487395,107.0,89.07563025210084,49.719887955182074
sol_opus_gemini,current_full,da-10-3,3,da-10-3--rep-003,7eff9444a67bf46772b10655df63a85852ff1556f1b1f197c200e5344bc459b7,100.0,100.0,100.0,98.77777777777777,78.33333333333333,0.0,1.2222222222222239,20.444444444444443,21.666666666666668,0.3333333333333333,0.0,0.0,0.3333333333333333,0.0,0.0,0.3333333333333333,0.0,0.0,0.3333333333333333,0.0,0.0,cumulative40,25.0,20.168067226890756,80.0,66.38655462184875,98.0,81.5126050420168,56.022408963585434
sol_opus_gemini,current_full,da-12-2,1,da-12-2--rep-001,aa5558f0bc70c3c0056596c6f332961c6a28149e5403459ae069d38d1744d6c2,100.0,95.0,100.0,100.0,74.0,0.0,0.0,26.0,26.0,5.333333333333333,66.66666666666667,0.0,5.0,66.66666666666667,0.0,8.333333333333334,100.0,0.0,5.0,66.66666666666667,0.0,cumulative40,25.0,20.168067226890756,45.0,36.97478991596638,108.0,89.91596638655462,49.01960784313725
sol_opus_gemini,current_full,da-12-2,2,da-12-2--rep-002,953bdb85e14b9bb90c6086aaf50e1ad561a2281b02055778d4ba60644119181b,70.0,70.0,70.0,71.66666666666667,87.0,0.0,-1.6666666666666667,-15.333333333333334,-17.0,0.3333333333333333,0.0,0.0,0.0,0.0,0.0,0.3333333333333333,0.0,0.0,0.6666666666666666,0.0,0.0,cumulative40,25.0,20.168067226890756,11.0,8.403361344537815,4.0,2.5210084033613445,10.364145658263306
sol_opus_gemini,current_full,da-12-2,3,da-12-2--rep-003,96658af61c93de4b8ed3e4d908009f3f76b8ddc8b0356d891fe518bda682c3e2,100.0,100.0,100.0,100.0,93.33333333333333,0.0,0.0,6.666666666666667,6.666666666666667,2.6666666666666665,0.0,33.333333333333336,1.0,0.0,0.0,1.0,0.0,0.0,0.6666666666666666,0.0,0.0,cumulative40,25.0,20.168067226890756,45.0,36.97478991596638,47.5,39.075630252100844,32.07282913165266
sol_opus_gemini,current_full,da-12-4,1,da-12-4--rep-001,f7cc404237a9fc22cdd1af5841696b058537a33a726d77cb37368ca002f6162c,86.0,86.0,90.66666666666667,89.11111111111111,91.66666666666667,-4.666666666666667,1.5555555555555571,-2.555555555555557,-5.666666666666667,0.3333333333333333,0.0,0.0,0.3333333333333333,0.0,0.0,0.3333333333333333,0.0,0.0,0.3333333333333333,0.0,0.0,cumulative40,2.0,0.8403361344537815,85.5,71.00840336134453,18.5,14.705882352941176,28.851540616246496
sol_opus_gemini,current_full,da-12-4,2,da-12-4--rep-002,d22048bbf9e9aeda018a6ef09192a2a3b59b0d996f764b8b241f87065d353eed,100.0,100.0,100.0,100.0,78.0,0.0,0.0,22.0,22.0,5.0,66.66666666666667,0.0,0.3333333333333333,0.0,0.0,0.6666666666666666,0.0,0.0,0.3333333333333333,0.0,0.0,cumulative40,25.0,20.168067226890756,45.0,36.97478991596638,99.0,82.3529411764706,46.49859943977591
sol_opus_gemini,current_full,da-12-4,3,da-12-4--rep-003,e631bcaaf0b93d7fac03c461e42334c064c26d702791dd8c34fe3da9ac47ce25,86.0,86.0,85.33333333333333,79.88888888888889,90.66666666666667,0.6666666666666666,5.444444444444443,-10.777777777777777,-4.666666666666667,2.3333333333333335,0.0,0.0,1.6666666666666667,0.0,0.0,0.3333333333333333,0.0,0.0,1.3333333333333333,0.0,0.0,cumulative40,46.0,37.81512605042017,118.5,98.73949579831933,5.0,3.361344537815126,46.63865546218487
sol_opus_gemini,current_full,da-13-1,1,da-13-1--rep-001,2687db1883433f202b5d8c4fa1eeb81260a954db4c9b219b9470ca88df6eb75a,100.0,100.0,94.0,93.0,88.66666666666667,6.0,1.0,4.333333333333333,11.333333333333334,0.3333333333333333,0.0,0.0,0.3333333333333333,0.0,0.0,0.0,0.0,0.0,0.3333333333333333,0.0,0.0,cumulative40,83.5,69.32773109243698,72.0,59.66386554621849,33.5,27.310924369747898,52.10084033613445
sol_opus_gemini,current_full,da-13-1,2,da-13-1--rep-002,cff05b668fee971c5af7a3bc1b18b31d9370768654b274ca8f88901252cba0b1,100.0,100.0,100.0,100.0,85.0,0.0,0.0,15.0,15.0,0.3333333333333333,0.0,0.0,0.3333333333333333,0.0,0.0,0.3333333333333333,0.0,0.0,0.3333333333333333,0.0,0.0,cumulative40,25.0,20.168067226890756,45.0,36.97478991596638,81.0,67.22689075630252,41.45658263305322
sol_opus_gemini,current_full,da-13-1,3,da-13-1--rep-003,4872c95f9caa5c573f5e3056e2fc5bf40232784f95f8423cb777b3654cd139a1,100.0,100.0,91.0,88.77777777777777,81.33333333333333,9.0,2.2222222222222237,7.444444444444443,18.666666666666668,1.3333333333333333,0.0,0.0,0.3333333333333333,0.0,0.0,0.3333333333333333,0.0,0.0,0.3333333333333333,0.0,0.0,cumulative40,93.5,77.73109243697479,99.0,82.3529411764706,52.0,42.857142857142854,67.64705882352942
sol_opus_gemini,current_full,da-13-3,1,da-13-3--rep-001,13d1faa077f1168872dc928fe929fcfec5e2b5a7a004d404ecba57c1b0607a19,100.0,100.0,100.0,100.0,93.0,0.0,0.0,7.0,7.0,0.3333333333333333,0.0,0.0,0.0,0.0,0.0,0.0,0.0,0.0,0.3333333333333333,0.0,0.0,cumulative40,25.0,20.168067226890756,45.0,36.97478991596638,50.5,41.596638655462186,32.91316526610644
sol_opus_gemini,current_full,da-13-3,2,da-13-3--rep-002,844644e69962c5c8f40741d7e7e809c2f33007ecd3483f925f52af4c3c55b383,100.0,100.0,100.0,98.44444444444444,89.0,0.0,1.5555555555555571,9.444444444444443,11.0,0.3333333333333333,0.0,0.0,0.3333333333333333,0.0,0.0,0.3333333333333333,0.0,0.0,0.3333333333333333,0.0,0.0,cumulative40,25.0,20.168067226890756,85.5,71.00840336134453,59.0,48.739495798319325,46.63865546218487
sol_opus_gemini,current_full,da-13-3,3,da-13-3--rep-003,3b55f0efcc9addf6212ef1aea789ea400d6fdbd67280be554000a46a9fb72f40,100.0,100.0,100.0,98.44444444444444,92.33333333333333,0.0,1.5555555555555571,6.11111111111111,7.666666666666667,0.3333333333333333,0.0,0.0,0.3333333333333333,0.0,0.0,0.3333333333333333,0.0,0.0,0.3333333333333333,0.0,0.0,cumulative40,25.0,20.168067226890756,85.5,71.00840336134453,44.0,36.134453781512605,42.436974789915965
sol_opus_gemini,current_full,da-13-5,1,da-13-5--rep-001,e8908a1509166c699c3c01f2743ccef1b0ca5b45ba7e04fc5ec4c7407c720211,100.0,100.0,100.0,98.88888888888889,88.0,0.0,1.1111111111111096,10.888888888888891,12.0,0.6666666666666666,0.0,0.0,0.6666666666666666,0.0,0.0,0.3333333333333333,0.0,0.0,0.3333333333333333,0.0,0.0,cumulative40,25.0,20.168067226890756,76.0,63.02521008403362,63.0,52.10084033613445,45.09803921568628
sol_opus_gemini,current_full,da-13-5,2,da-13-5--rep-002,34c7af044371da1b74591a96f6f536d2edc51341d276cd2c1ced555eb67b5bb3,100.0,100.0,93.33333333333333,90.55555555555556,90.33333333333333,6.666666666666667,2.777777777777781,0.22222222222221907,9.666666666666666,0.3333333333333333,0.0,0.0,0.0,0.0,0.0,0.0,0.0,0.0,0.3333333333333333,0.0,0.0,cumulative40,85.0,70.58823529411765,104.0,86.5546218487395,25.0,20.168067226890756,59.103641456582636
sol_opus_gemini,current_full,da-13-5,3,da-13-5--rep-003,da45ed3657c57a505691d5a566d6bee40b749093aeb6f4c0e83249050a42da97,100.0,100.0,90.0,91.11111111111111,93.66666666666667,10.0,-1.1111111111111096,-2.555555555555557,6.333333333333333,0.6666666666666666,0.0,0.0,0.3333333333333333,0.0,0.0,0.3333333333333333,0.0,0.0,0.3333333333333333,0.0,0.0,cumulative40,97.5,81.09243697478992,17.5,13.865546218487395,18.5,14.705882352941176,36.554621848739494
sol_opus_gemini,current_full,da-13-6,1,da-13-6--rep-001,4b91801b7b3b3c0722d4138099e799e529db27a6ec410c7f895baf46b5b5260e,100.0,100.0,100.0,97.77777777777777,79.0,0.0,2.2222222222222237,18.777777777777775,21.0,0.6666666666666666,0.0,0.0,0.3333333333333333,0.0,0.0,0.3333333333333333,0.0,0.0,0.3333333333333333,0.0,0.0,cumulative40,25.0,20.168067226890756,99.0,82.3529411764706,96.0,79.83193277310924,60.7843137254902
sol_opus_gemini,current_full,da-13-6,2,da-13-6--rep-002,70781e72c0bd769898685277e2b00f3b58af60dd021f75dee121e9669d39c8b5,100.0,100.0,80.0,75.55555555555556,84.33333333333333,20.0,4.4444444444444455,-8.777777777777779,15.666666666666666,0.3333333333333333,0.0,0.0,0.3333333333333333,0.0,0.0,0.3333333333333333,0.0,0.0,0.0,0.0,0.0,cumulative40,116.0,96.63865546218487,113.0,94.11764705882354,9.0,6.722689075630252,65.82633053221289
sol_opus_gemini,current_full,da-13-6,3,da-13-6--rep-003,8c39c24a1969119db9cb917eb6bb9b0d66834e1a2fe3e2dad56e988ed78d19bc,100.0,100.0,73.33333333333333,74.44444444444444,84.66666666666667,26.666666666666668,-1.1111111111111118,-10.222222222222221,15.333333333333334,0.3333333333333333,0.0,0.0,0.3333333333333333,0.0,0.0,0.3333333333333333,0.0,0.0,0.3333333333333333,0.0,0.0,cumulative40,118.0,98.31932773109244,14.0,10.92436974789916,6.0,4.201680672268908,37.81512605042017
sol_opus_gemini,current_full,da-14-1,1,da-14-1--rep-001,c58870f887fa50980bfb0a72ef12a02de1d44513021245911166f54fb4ab8849,100.0,100.0,98.33333333333333,94.33333333333333,93.0,1.6666666666666667,4.0,1.3333333333333333,7.0,0.3333333333333333,0.0,0.0,0.3333333333333333,0.0,0.0,0.0,0.0,0.0,0.3333333333333333,0.0,0.0,cumulative40,56.0,46.21848739495798,111.0,92.43697478991596,30.0,24.369747899159663,54.34173669467787
sol_opus_gemini,current_full,da-14-1,2,da-14-1--rep-002,62a4f4e79c3ba40897079d2e4434524d0de6c7e9af55274bb103f10775894457,100.0,100.0,92.66666666666667,89.33333333333333,92.33333333333333,7.333333333333333,3.3333333333333335,-3.0,7.666666666666667,0.3333333333333333,0.0,0.0,0.0,0.0,0.0,0.0,0.0,0.0,0.3333333333333333,0.0,0.0,cumulative40,89.0,73.94957983193277,105.0,87.39495798319328,16.5,13.025210084033613,58.12324929971989
sol_opus_gemini,current_full,da-14-1,3,da-14-1--rep-003,910c3ad981337a49826a2db6a9dcfeae79e59eea300411fa02d21a728b30d313,100.0,100.0,97.66666666666667,96.55555555555556,91.33333333333333,2.3333333333333335,1.1111111111111096,5.222222222222224,8.666666666666666,0.3333333333333333,0.0,0.0,0.3333333333333333,0.0,0.0,0.0,0.0,0.0,0.3333333333333333,0.0,0.0,cumulative40,68.5,56.72268907563025,76.0,63.02521008403362,38.0,31.092436974789916,50.280112044817926
sol_opus_gemini,current_full,da-14-3,1,da-14-3--rep-001,443cef1315d563b38a073e85156b222064439a6e6924ece7a7cf696da81ca47d,100.0,100.0,100.0,100.0,94.66666666666667,0.0,0.0,5.333333333333333,5.333333333333333,0.3333333333333333,0.0,0.0,0.3333333333333333,0.0,0.0,0.3333333333333333,0.0,0.0,0.3333333333333333,0.0,0.0,cumulative40,25.0,20.168067226890756,45.0,36.97478991596638,40.0,32.773109243697476,29.971988795518204
sol_opus_gemini,current_full,da-14-3,2,da-14-3--rep-002,b6bcfb1759100fb5dccdc6a0c96b2e53512990979748023f4dd66d1dafdae449,100.0,100.0,100.0,100.0,94.66666666666667,0.0,0.0,5.333333333333333,5.333333333333333,0.6666666666666666,0.0,0.0,0.3333333333333333,0.0,0.0,0.3333333333333333,0.0,0.0,0.3333333333333333,0.0,0.0,cumulative40,25.0,20.168067226890756,45.0,36.97478991596638,40.0,32.773109243697476,29.971988795518204
sol_opus_gemini,current_full,da-14-3,3,da-14-3--rep-003,f490cd7d9aac7dd334b16cc234b86a204fe25c9123914094231ef40a35bf9865,100.0,100.0,100.0,100.0,94.66666666666667,0.0,0.0,5.333333333333333,5.333333333333333,0.3333333333333333,0.0,0.0,0.3333333333333333,0.0,0.0,0.0,0.0,0.0,0.3333333333333333,0.0,0.0,cumulative40,25.0,20.168067226890756,45.0,36.97478991596638,40.0,32.773109243697476,29.971988795518204
sol_opus_gemini,current_full,da-14-8,1,da-14-8--rep-001,19e50d8f667891739f395ea6149e8c16e896b52239e2f28dc65435d959c044ea,100.0,100.0,100.0,100.0,71.0,0.0,0.0,29.0,29.0,2.3333333333333335,0.0,0.0,0.3333333333333333,0.0,0.0,1.3333333333333333,0.0,0.0,0.3333333333333333,0.0,0.0,cumulative40,25.0,20.168067226890756,45.0,36.97478991596638,111.0,92.43697478991596,49.85994397759104
sol_opus_gemini,current_full,da-14-8,2,da-14-8--rep-002,1854b3c78047ce70c8c201e764f7834984a12b87d1e80fa39c8cebb687eb324c,100.0,100.0,100.0,100.0,73.66666666666667,0.0,0.0,26.333333333333332,26.333333333333332,3.3333333333333335,33.333333333333336,0.0,2.0,0.0,33.333333333333336,0.3333333333333333,0.0,0.0,0.3333333333333333,0.0,0.0,cumulative40,25.0,20.168067226890756,45.0,36.97478991596638,109.0,90.75630252100841,49.299719887955185
sol_opus_gemini,current_full,da-14-8,3,da-14-8--rep-003,1df4d0430e99e84f731048fd90fa72db44584ded655899682db950efc5095058,100.0,100.0,95.0,94.44444444444444,72.0,5.0,0.5555555555555571,22.444444444444443,28.0,2.6666666666666665,0.0,0.0,0.3333333333333333,0.0,0.0,1.0,0.0,0.0,0.6666666666666666,0.0,0.0,cumulative40,81.0,67.22689075630252,68.0,56.30252100840336,101.0,84.03361344537815,69.187675070028
sol_opus_gemini,current_full,da-15-1,1,da-15-1--rep-001,49778b345951f612f87bb67536902d62c4213099dc7e29ff5944d6732e6b15a9,100.0,100.0,98.33333333333333,98.33333333333333,82.0,1.6666666666666667,0.0,16.333333333333332,18.0,2.3333333333333335,33.333333333333336,0.0,0.0,0.0,0.0,0.3333333333333333,0.0,0.0,0.0,0.0,0.0,cumulative40,56.0,46.21848739495798,45.0,36.97478991596638,89.5,74.36974789915966,52.52100840336134
sol_opus_gemini,current_full,da-15-1,2,da-15-1--rep-002,d9e2dbdadadbc426045c351ebdf396cff880ef31da1dd828a4c565fa93d51ff1,87.0,87.0,87.0,87.0,87.33333333333333,0.0,0.0,-0.3333333333333333,-0.3333333333333333,0.3333333333333333,0.0,0.0,0.0,0.0,0.0,0.3333333333333333,0.0,0.0,0.6666666666666666,0.0,0.0,cumulative40,25.0,20.168067226890756,45.0,36.97478991596638,22.0,17.647058823529413,24.92997198879552
sol_opus_gemini,current_full,da-15-1,3,da-15-1--rep-003,2c9b91497ed94a70515f7042413c19b3bc0eae6ec6fd40c1c6f08cdadf998bb8,87.0,87.0,87.0,85.33333333333333,87.66666666666667,0.0,1.6666666666666667,-2.3333333333333335,-0.6666666666666666,1.3333333333333333,0.0,0.0,0.6666666666666666,0.0,0.0,0.0,0.0,0.0,0.0,0.0,0.0,cumulative40,25.0,20.168067226890756,90.0,74.78991596638656,20.5,16.386554621848738,37.11484593837535
sol_opus_gemini,current_full,da-15-2,1,da-15-2--rep-001,40eaa690bb269c30e6cb610f512a9ef7b79943582f2aa03760864a3f8c8fad8d,73.0,73.0,71.0,69.44444444444444,68.33333333333333,2.0,1.5555555555555547,1.1111111111111118,4.666666666666667,2.0,0.0,0.0,3.0,33.333333333333336,0.0,1.3333333333333333,0.0,0.0,1.0,0.0,0.0,cumulative40,65.5,54.20168067226891,83.0,68.90756302521008,28.0,22.689075630252102,48.59943977591036
sol_opus_gemini,current_full,da-15-2,2,da-15-2--rep-002,e50e296231d880e0bc0d5c30f44a8a25b92dac2ef762823c03fd9998c0ac1ecf,100.0,95.0,83.0,78.55555555555556,72.0,17.0,4.444444444444447,6.555555555555553,28.0,0.6666666666666666,0.0,0.0,0.6666666666666666,0.0,0.0,0.3333333333333333,0.0,0.0,0.3333333333333333,0.0,0.0,cumulative40,112.0,93.27731092436974,114.5,95.3781512605042,46.0,37.81512605042017,75.49019607843137
sol_opus_gemini,current_full,da-15-2,3,da-15-2--rep-003,a47f7ea5c7ecc7ae88acd066c12e7174fac5d94cce460ba2da6d1b82c4d0c52e,83.0,83.0,73.0,75.22222222222221,84.66666666666667,10.0,-2.222222222222219,-9.444444444444448,-1.6666666666666667,0.6666666666666666,0.0,0.0,0.6666666666666666,0.0,0.0,0.6666666666666666,0.0,0.0,0.6666666666666666,0.0,0.0,cumulative40,97.5,81.09243697478992,8.0,5.882352941176471,7.0,5.042016806722689,30.672268907563026
sol_opus_gemini,current_full,da-15-7,1,da-15-7--rep-001,59ab428e187341a7a1df7121482cccdd91c9b745d63cec3a741018c1e3e6be6f,77.0,77.0,62.0,65.33333333333333,57.666666666666664,15.0,-3.3333333333333335,7.666666666666667,19.333333333333332,1.3333333333333333,0.0,0.0,0.3333333333333333,0.0,0.0,0.6666666666666666,0.0,0.0,0.0,0.0,0.0,cumulative40,109.0,90.75630252100841,3.0,1.680672268907563,53.0,43.69747899159664,45.378151260504204
sol_opus_gemini,current_full,da-15-7,2,da-15-7--rep-002,e9c603185bbda601c1acd391f801e80efed3fe54741476906dab4ae86f8b3ef4,77.0,77.0,74.66666666666667,74.66666666666667,78.66666666666667,2.3333333333333335,0.0,-4.0,-1.6666666666666667,1.6666666666666667,0.0,0.0,0.6666666666666666,0.0,0.0,0.0,0.0,0.0,0.6666666666666666,0.0,0.0,cumulative40,68.5,56.72268907563025,45.0,36.97478991596638,13.5,10.504201680672269,34.73389355742297
sol_opus_gemini,current_full,da-15-7,3,da-15-7--rep-003,d3e0e167a77afc7c478738b92f976e9c286ae93e2c1056f27de50c7472d08cb7,67.0,67.0,65.33333333333333,64.77777777777777,73.0,1.6666666666666667,0.5555555555555548,-8.222222222222221,-6.0,1.6666666666666667,0.0,0.0,0.6666666666666666,0.0,0.0,0.6666666666666666,0.0,0.0,0.6666666666666666,0.0,0.0,cumulative40,56.0,46.21848739495798,66.0,54.621848739495796,10.0,7.563025210084033,36.134453781512605
sol_opus_gemini,current_full,da-15-8,1,da-15-8--rep-001,53a46b741b20fd7efb6942b743936da2713e7e4f7c0b7caca4c74840bd1c46b4,100.0,100.0,80.33333333333333,81.33333333333333,83.66666666666667,19.666666666666668,-1.0,-2.3333333333333335,16.333333333333332,0.3333333333333333,0.0,0.0,0.3333333333333333,0.0,0.0,0.3333333333333333,0.0,0.0,0.3333333333333333,0.0,0.0,cumulative40,115.0,95.7983193277311,21.0,16.80672268907563,20.5,16.386554621848738,42.99719887955182
sol_opus_gemini,current_full,da-15-8,2,da-15-8--rep-002,c41efbccbdce487e284c6cca7437b761647c4c3bd324b82add821555cc3af6e5,100.0,100.0,87.66666666666667,86.11111111111111,45.0,12.333333333333334,1.5555555555555525,41.111111111111114,55.0,0.3333333333333333,0.0,0.0,0.3333333333333333,0.0,0.0,1.0,0.0,0.0,0.3333333333333333,0.0,0.0,cumulative40,104.0,86.5546218487395,82.0,68.0672268907563,118.0,98.31932773109244,84.31372549019608
sol_opus_gemini,current_full,da-15-8,3,da-15-8--rep-003,88786bf677b29c911b61cc5e8508c231eceeaae998d287a14488a99cd07e8f59,100.0,100.0,100.0,95.55555555555556,60.666666666666664,0.0,4.444444444444447,34.888888888888886,39.333333333333336,2.0,0.0,0.0,0.3333333333333333,0.0,0.0,0.6666666666666666,0.0,0.0,0.3333333333333333,0.0,0.0,cumulative40,25.0,20.168067226890756,114.5,95.3781512605042,116.0,96.63865546218487,70.72829131652661
sol_opus_gemini,current_full,da-16-1,1,da-16-1--rep-001,03f392063162b1c738e767e709fe6f8588224063e90da612d8ace10d70f494d1,100.0,100.0,98.33333333333333,98.33333333333333,83.66666666666667,1.6666666666666667,0.0,14.666666666666666,16.333333333333332,0.6666666666666666,0.0,0.0,0.3333333333333333,0.0,0.0,0.0,0.0,0.0,0.0,0.0,0.0,cumulative40,56.0,46.21848739495798,45.0,36.97478991596638,79.5,65.96638655462185,49.719887955182074
sol_opus_gemini,current_full,da-16-1,2,da-16-1--rep-002,f77c2af700524b3b1395f9eadb91da37e3bb9804384000e7d9c0386190a55209,100.0,100.0,98.33333333333333,97.77777777777777,86.0,1.6666666666666667,0.5555555555555571,11.777777777777777,14.0,0.3333333333333333,0.0,0.0,0.3333333333333333,0.0,0.0,0.0,0.0,0.0,0.3333333333333333,0.0,0.0,cumulative40,56.0,46.21848739495798,68.0,56.30252100840336,67.0,55.46218487394958,52.661064425770306
sol_opus_gemini,current_full,da-16-1,3,da-16-1--rep-003,73cdeed48bca0558d392c3dd44b39985a532fab27e0d15487cb91a54badcfe19,100.0,100.0,96.66666666666667,97.77777777777777,82.66666666666667,3.3333333333333335,-1.1111111111111096,15.111111111111109,17.333333333333332,0.3333333333333333,0.0,0.0,0.3333333333333333,0.0,0.0,0.3333333333333333,0.0,0.0,0.3333333333333333,0.0,0.0,cumulative40,76.0,63.02521008403362,17.5,13.865546218487395,83.5,69.32773109243698,48.73949579831933
sol_opus_gemini,current_full,da-17-1,1,da-17-1--rep-001,3a56cdb61ae0719d9193a75a6324c276717d48d5b909f473aeea1db823071664,90.0,90.0,88.0,86.44444444444444,84.66666666666667,2.0,1.5555555555555571,1.7777777777777761,5.333333333333333,2.3333333333333335,0.0,0.0,0.0,0.0,0.0,0.3333333333333333,0.0,0.0,0.6666666666666666,0.0,0.0,cumulative40,65.5,54.20168067226891,85.5,71.00840336134453,32.0,26.050420168067227,50.42016806722689
sol_opus_gemini,current_full,da-17-1,2,da-17-1--rep-002,c18b5fb1f06017d423bdb0e846f6c0aa380be15a5d2b59825a95b97933b6d655,90.0,90.0,88.33333333333333,87.44444444444444,80.66666666666667,1.6666666666666667,0.8888888888888905,6.777777777777776,9.333333333333334,0.6666666666666666,0.0,0.0,0.0,0.0,0.0,0.3333333333333333,0.0,0.0,0.3333333333333333,0.0,0.0,cumulative40,56.0,46.21848739495798,70.5,58.403361344537814,49.0,40.33613445378151,48.319327731092436
sol_opus_gemini,current_full,da-17-1,3,da-17-1--rep-003,75e9a1196d77215c4c97eb668131739ec5c76d0135c82fd2fff693ae81d382e5,90.0,90.0,83.0,83.0,89.33333333333333,7.0,0.0,-6.333333333333333,0.6666666666666666,3.6666666666666665,33.333333333333336,0.0,0.0,0.0,0.0,0.3333333333333333,0.0,0.0,0.0,0.0,0.0,cumulative40,86.5,71.84873949579831,45.0,36.97478991596638,11.0,8.403361344537815,39.07563025210084
sol_opus_gemini,current_full,da-17-3,1,da-17-3--rep-001,0f523220dc1cf46b2b8b8311258233a9d91daed3f3c20ccdaa93be77451a79a2,100.0,100.0,76.0,82.66666666666667,68.33333333333333,24.0,-6.666666666666671,14.333333333333337,31.666666666666668,0.6666666666666666,0.0,0.0,0.3333333333333333,0.0,0.0,2.3333333333333335,33.333333333333336,0.0,1.3333333333333333,0.0,0.0,cumulative40,117.0,97.47899159663865,1.0,0.0,77.0,63.865546218487395,53.78151260504202
sol_opus_gemini,current_full,da-17-3,2,da-17-3--rep-002,3cb2307c0fe0a04eb1cebca83ba04c0ea03bfa6618daecae4cd0e71020bdd75f,56.0,51.0,20.333333333333332,17.555555555555557,17.333333333333332,35.666666666666664,2.7777777777777772,0.22222222222222263,38.666666666666664,0.0,0.0,0.0,0.3333333333333333,0.0,0.0,0.3333333333333333,0.0,0.0,0.3333333333333333,0.0,0.0,cumulative40,119.0,99.15966386554622,103.0,85.71428571428571,26.0,21.008403361344538,68.62745098039215
sol_opus_gemini,current_full,da-17-3,3,da-17-3--rep-003,920bba4d837f25ef9bee6dedaac8d6a2ab425f159ed5c57a0c9a8b16188358be,30.0,30.0,18.0,15.666666666666666,15.0,12.0,2.333333333333334,0.6666666666666661,15.0,0.6666666666666666,0.0,0.0,0.6666666666666666,0.0,0.0,0.3333333333333333,0.0,0.0,0.3333333333333333,0.0,0.0,cumulative40,101.0,84.03361344537815,101.0,84.03361344537815,27.0,21.84873949579832,63.30532212885154
sol_opus_gemini,current_full,da-17-5,1,da-17-5--rep-001,6fd9cf0814ce9b2e53274edfc83e64e9f7f2683eb8909c5180393a5c5857344e,90.0,90.0,93.33333333333333,91.11111111111111,91.0,-3.3333333333333335,2.2222222222222237,0.11111111111110954,-1.0,0.6666666666666666,0.0,0.0,0.0,0.0,0.0,0.3333333333333333,0.0,0.0,0.0,0.0,0.0,cumulative40,3.0,1.680672268907563,99.0,82.3529411764706,24.0,19.327731092436974,34.45378151260504
sol_opus_gemini,current_full,da-17-5,2,da-17-5--rep-002,4eeb59cd6397fc912888a0d0ca2c1b1b5d9b008f1b82f2d0eef0eb130b6f98b7,90.0,90.0,87.33333333333333,89.11111111111111,89.33333333333333,2.6666666666666665,-1.7777777777777761,-0.2222222222222238,0.6666666666666666,0.6666666666666666,0.0,0.0,0.6666666666666666,0.0,0.0,0.3333333333333333,0.0,0.0,0.3333333333333333,0.0,0.0,cumulative40,72.5,60.08403361344538,10.0,7.563025210084033,23.0,18.48739495798319,28.711484593837532
sol_opus_gemini,current_full,da-17-5,3,da-17-5--rep-003,2489e5ff53145ddcd4e05c088183921a9cdc4e8e3cb24e7f9cd0b7b7b06437c3,90.0,90.0,87.33333333333333,85.55555555555556,81.0,2.6666666666666665,1.7777777777777761,4.555555555555557,9.0,2.0,0.0,0.0,1.3333333333333333,0.0,0.0,1.3333333333333333,0.0,0.0,0.0,0.0,0.0,cumulative40,72.5,60.08403361344538,93.0,77.3109243697479,35.0,28.571428571428573,55.32212885154061
sol_opus_gemini,current_full,da-18-5,1,da-18-5--rep-001,e16aab443e445a25e328d42a825eafeb8dbce66b57e426a299c777841f64988a,100.0,100.0,96.66666666666667,97.77777777777779,67.33333333333333,3.3333333333333335,-1.1111111111111143,30.444444444444446,32.666666666666664,0.6666666666666666,0.0,0.0,0.3333333333333333,0.0,0.0,0.3333333333333333,0.0,0.0,0.3333333333333333,0.0,0.0,cumulative40,76.0,63.02521008403362,13.0,10.084033613445378,112.0,93.27731092436974,55.46218487394958
sol_opus_gemini,current_full,da-18-5,2,da-18-5--rep-002,7e7dc16cd6b5657189453d3b97525954e7848ca4c813a787d72773fb1187805d,100.0,100.0,96.66666666666667,95.55555555555556,67.66666666666667,3.3333333333333335,1.1111111111111096,27.88888888888889,32.333333333333336,0.6666666666666666,0.0,0.0,0.3333333333333333,0.0,0.0,0.6666666666666666,0.0,0.0,0.3333333333333333,0.0,0.0,cumulative40,76.0,63.02521008403362,76.0,63.02521008403362,110.0,91.59663865546219,72.54901960784314
sol_opus_gemini,current_full,da-18-5,3,da-18-5--rep-003,2e3688af56b326420d8f1a14ef34853c0b6ebdec85e5c02ed7f3e51f35f97fcc,100.0,100.0,100.0,96.33333333333333,78.0,0.0,3.6666666666666665,18.333333333333332,22.0,0.3333333333333333,0.0,0.0,0.3333333333333333,0.0,0.0,0.3333333333333333,0.0,0.0,0.0,0.0,0.0,cumulative40,25.0,20.168067226890756,108.5,90.33613445378151,95.0,78.99159663865547,63.16526610644258
sol_opus_gemini,current_full,da-18-7,1,da-18-7--rep-001,7a0fcb964647f6592e3015cc4721de083d9eafd4fe2bb761f2e09e2c21ba0441,92.0,92.0,95.0,97.33333333333333,77.0,-3.0,-2.3333333333333335,20.333333333333332,15.0,1.0,0.0,0.0,0.3333333333333333,0.0,0.0,0.6666666666666666,0.0,0.0,0.3333333333333333,0.0,0.0,cumulative40,4.0,2.5210084033613445,5.5,3.7815126050420167,97.0,80.67226890756302,28.991596638655462
sol_opus_gemini,current_full,da-18-7,2,da-18-7--rep-002,a68c6efb4d3088838ae3214b0eee1421242d79cd02b37205b52417718bb5d69c,100.0,100.0,100.0,99.11111111111111,84.66666666666667,0.0,0.8888888888888905,14.444444444444443,15.333333333333334,0.6666666666666666,0.0,0.0,0.3333333333333333,0.0,0.0,0.6666666666666666,0.0,0.0,0.3333333333333333,0.0,0.0,cumulative40,25.0,20.168067226890756,70.5,58.403361344537814,78.0,64.70588235294117,47.75910364145658
sol_opus_gemini,current_full,da-18-7,3,da-18-7--rep-003,c96906cd9bbe233732ab0a58f730d06d123b6b5000b55870f31665d7ff258a06,100.0,100.0,97.33333333333333,97.33333333333333,80.33333333333333,2.6666666666666665,0.0,17.0,19.666666666666668,0.6666666666666666,0.0,0.0,0.3333333333333333,0.0,0.0,0.0,0.0,0.0,0.3333333333333333,0.0,0.0,cumulative40,72.5,60.08403361344538,45.0,36.97478991596638,92.0,76.47058823529412,57.84313725490196
sol_opus_gemini,current_full,da-19-1,1,da-19-1--rep-001,af15ae0a8c740adecf79c1fd6c39ec42ffb0e25acb0e09ce361bdc13ac55e900,100.0,100.0,94.66666666666667,95.55555555555556,90.0,5.333333333333333,-0.8888888888888905,5.555555555555557,10.0,0.3333333333333333,0.0,0.0,0.0,0.0,0.0,0.3333333333333333,0.0,0.0,0.3333333333333333,0.0,0.0,cumulative40,82.0,68.0672268907563,22.0,17.647058823529413,42.0,34.45378151260504,40.056022408963585
sol_opus_gemini,current_full,da-19-1,2,da-19-1--rep-002,23950447b25a546d51126338de629eeaed3612b5bdefa5d02ada577f54cfae52,100.0,100.0,100.0,100.0,94.0,0.0,0.0,6.0,6.0,0.3333333333333333,0.0,0.0,0.0,0.0,0.0,0.0,0.0,0.0,0.3333333333333333,0.0,0.0,cumulative40,25.0,20.168067226890756,45.0,36.97478991596638,43.0,35.294117647058826,30.81232492997199
sol_opus_gemini,current_full,da-19-1,3,da-19-1--rep-003,ec091ad49126a85e8b26312e2934437bb668c437c5e91faae91f81b2a36fdadf,100.0,100.0,100.0,100.0,93.33333333333333,0.0,0.0,6.666666666666667,6.666666666666667,0.3333333333333333,0.0,0.0,0.3333333333333333,0.0,0.0,0.0,0.0,0.0,0.3333333333333333,0.0,0.0,cumulative40,25.0,20.168067226890756,45.0,36.97478991596638,47.5,39.075630252100844,32.07282913165266
sol_opus_gemini,current_full,da-19-3,1,da-19-3--rep-001,71621ae228a547058abce0bb3162089a4709b0f092eab36a0b208b47a2ecc454,100.0,100.0,98.33333333333333,98.88888888888889,75.33333333333333,1.6666666666666667,-0.5555555555555571,23.555555555555557,24.666666666666668,5.0,66.66666666666667,0.0,0.3333333333333333,0.0,0.0,0.3333333333333333,0.0,0.0,0.3333333333333333,0.0,0.0,cumulative40,56.0,46.21848739495798,24.5,19.747899159663866,102.0,84.87394957983193,50.280112044817926
sol_opus_gemini,current_full,da-19-3,2,da-19-3--rep-002,4d3b1ab1e95978cf8c45396e1807af6c161ccc964081843d7b5ae23488b7ea11,100.0,100.0,100.0,98.88888888888889,86.33333333333333,0.0,1.1111111111111096,12.555555555555557,13.666666666666666,0.3333333333333333,0.0,0.0,0.3333333333333333,0.0,0.0,0.3333333333333333,0.0,0.0,0.3333333333333333,0.0,0.0,cumulative40,25.0,20.168067226890756,76.0,63.02521008403362,71.0,58.8235294117647,47.338935574229694
sol_opus_gemini,current_full,da-19-3,3,da-19-3--rep-003,205f21c0a39e966e073f859acac41bfd84fe8712855dcd9ea27a6fda0dac3977,100.0,100.0,100.0,98.88888888888889,82.0,0.0,1.1111111111111096,16.88888888888889,18.0,0.3333333333333333,0.0,0.0,0.3333333333333333,0.0,0.0,0.3333333333333333,0.0,0.0,0.3333333333333333,0.0,0.0,cumulative40,25.0,20.168067226890756,76.0,63.02521008403362,91.0,75.63025210084034,52.94117647058824
sol_opus_gemini,current_full,da-19-6,1,da-19-6--rep-001,9a16f1ca31dcfabe5b6d4310edb3ad148676155750fd8b6230e516edca849bd6,71.0,71.0,58.666666666666664,54.0,77.33333333333333,12.333333333333334,4.666666666666664,-23.333333333333332,-6.333333333333333,1.3333333333333333,0.0,0.0,0.3333333333333333,0.0,0.0,0.3333333333333333,0.0,0.0,0.0,0.0,0.0,cumulative40,104.0,86.5546218487395,116.0,96.63865546218487,2.0,0.8403361344537815,61.34453781512605
sol_opus_gemini,current_full,da-19-6,2,da-19-6--rep-002,a8533f11a1771f2899ffade736efc0ba4d6cb1a19b394f02746cf72adcd38fac,34.0,34.0,40.666666666666664,38.77777777777778,70.33333333333333,-6.666666666666667,1.8888888888888893,-31.555555555555557,-36.333333333333336,0.3333333333333333,0.0,0.0,0.0,0.0,0.0,0.3333333333333333,0.0,0.0,0.0,0.0,0.0,cumulative40,1.0,0.0,95.0,78.99159663865547,1.0,0.0,26.330532212885156
sol_opus_gemini,current_full,da-19-6,3,da-19-6--rep-003,91657fa87314f79c5f92844f0ee7e9b3b09cd224fef7af8dc31a99a7a11b6312,74.0,74.0,66.33333333333333,64.44444444444444,83.33333333333333,7.666666666666667,1.8888888888888857,-18.888888888888886,-9.333333333333334,0.6666666666666666,0.0,0.0,0.0,0.0,0.0,0.3333333333333333,0.0,0.0,0.3333333333333333,0.0,0.0,cumulative40,91.0,75.63025210084034,94.0,78.15126050420169,3.0,1.680672268907563,51.82072829131653
sol_opus_gemini,current_full,da-20-1,1,da-20-1--rep-001,ac5bc1975bea03b52142fb9d96b87eee16c2e7932b624241b92093a670009a34,100.0,100.0,84.66666666666667,85.22222222222223,76.66666666666667,15.333333333333334,-0.5555555555555571,8.555555555555557,23.333333333333332,1.0,0.0,0.0,0.6666666666666666,0.0,0.0,1.3333333333333333,0.0,0.0,0.3333333333333333,0.0,0.0,cumulative40,110.0,91.59663865546219,24.5,19.747899159663866,55.0,45.378151260504204,52.24089635854342
sol_opus_gemini,current_full,da-20-1,2,da-20-1--rep-002,f89dfdcd5ba5a9a7eb53afb28fb814752fb5f0939a7a11b52df372b18f33a4cc,83.0,83.0,40.0,41.0,26.0,43.0,-1.000000000000001,15.000000000000002,57.0,1.0,0.0,0.0,0.6666666666666666,0.0,0.0,1.0,0.0,0.0,0.3333333333333333,0.0,0.0,cumulative40,120.0,100.0,20.0,15.966386554621849,82.0,68.0672268907563,61.34453781512605
sol_opus_gemini,current_full,da-20-1,3,da-20-1--rep-003,cb8e213b6078b0aaece482f9edcdecff47e14757fff259382ba1302949f6d81b,100.0,100.0,98.33333333333333,97.77777777777777,82.66666666666667,1.6666666666666667,0.5555555555555571,15.111111111111109,17.333333333333332,1.3333333333333333,0.0,0.0,0.6666666666666666,0.0,0.0,0.3333333333333333,0.0,0.0,0.3333333333333333,0.0,0.0,cumulative40,56.0,46.21848739495798,68.0,56.30252100840336,83.5,69.32773109243698,57.28291316526611
sol_opus_gemini,current_full,da-20-4,1,da-20-4--rep-001,a59cb4449436be572741e57207c0b8349d4af3cec4b7a11624e5232452656a1b,10.0,10.0,8.333333333333334,8.333333333333334,11.333333333333334,1.6666666666666667,0.0,-3.0,-1.3333333333333333,8.666666666666666,100.0,0.0,4.0,33.333333333333336,33.333333333333336,1.0,0.0,0.0,0.6666666666666666,0.0,0.0,cumulative40,56.0,46.21848739495798,45.0,36.97478991596638,16.5,13.025210084033613,32.07282913165266
sol_opus_gemini,current_full,da-20-4,2,da-20-4--rep-002,93e7a748c785a09b6468dee524aafb1c6a3a772cad5c82b0a7a40cf92c8c88cd,25.0,25.0,8.333333333333334,9.444444444444445,18.333333333333332,16.666666666666668,-1.1111111111111114,-8.88888888888889,6.666666666666667,9.666666666666666,100.0,0.0,0.3333333333333333,0.0,0.0,1.0,0.0,0.0,0.0,0.0,0.0,cumulative40,111.0,92.43697478991596,15.0,11.764705882352942,8.0,5.882352941176471,36.69467787114846
sol_opus_gemini,current_full,da-20-4,3,da-20-4--rep-003,7a46c3791f7cda1ba6ce754b2c0b78db4e5cb43c70dbfd46f182b464ea81ec96,10.0,10.0,8.333333333333334,6.666666666666667,10.666666666666666,1.6666666666666667,1.6666666666666667,-4.0,-0.6666666666666666,1.0,0.0,0.0,0.0,0.0,0.0,0.3333333333333333,0.0,0.0,0.0,0.0,0.0,cumulative40,56.0,46.21848739495798,90.0,74.78991596638656,13.5,10.504201680672269,43.8375350140056
sol_opus_gemini,current_full,da-24-3,1,da-24-3--rep-001,f42a0cd151b82c3a74b7b662a0359972fd9674cdfba3795d430a44cc44ba7c1f,100.0,100.0,90.0,82.88888888888889,60.666666666666664,10.0,7.111111111111112,22.22222222222222,39.333333333333336,1.3333333333333333,0.0,0.0,0.6666666666666666,0.0,0.0,0.6666666666666666,0.0,0.0,0.6666666666666666,0.0,0.0,cumulative40,97.5,81.09243697478992,120.0,100.0,100.0,83.19327731092437,88.0952380952381
sol_opus_gemini,current_full,da-24-3,2,da-24-3--rep-002,c5a98e2998fb1a3f97e55aaae028dd156508894a55d4435d0a332c3f12009cbd,100.0,100.0,91.66666666666667,89.44444444444444,73.66666666666667,8.333333333333334,2.222222222222219,15.77777777777778,26.333333333333332,2.3333333333333335,0.0,33.333333333333336,0.3333333333333333,0.0,0.0,0.3333333333333333,0.0,0.0,1.3333333333333333,0.0,0.0,cumulative40,92.0,76.47058823529412,97.0,80.67226890756302,86.0,71.42857142857143,76.19047619047619
sol_opus_gemini,current_full,da-24-3,3,da-24-3--rep-003,6f5fc7228728d8064939b62a52560d39ab1953d3a88485e4d7b579645d589e4c,85.0,85.0,71.66666666666667,73.88888888888889,58.0,13.333333333333334,-2.2222222222222214,15.888888888888888,27.0,2.6666666666666665,33.333333333333336,0.0,1.0,0.0,0.0,0.3333333333333333,0.0,0.0,0.3333333333333333,0.0,0.0,cumulative40,107.0,89.07563025210084,7.0,5.042016806722689,87.0,72.26890756302521,55.46218487394958
sol_opus_gemini,current_full,da-26-2,1,da-26-2--rep-001,2a8b04e8c8b437605e2cd228425284166426486a42f851f4703c1abb58a9b77f,76.0,76.0,76.0,75.66666666666667,61.0,0.0,0.3333333333333333,14.666666666666666,15.0,1.3333333333333333,0.0,0.0,0.0,0.0,0.0,0.6666666666666666,0.0,0.0,0.0,0.0,0.0,cumulative40,25.0,20.168067226890756,63.0,52.10084033613445,79.5,65.96638655462185,46.07843137254902
sol_opus_gemini,current_full,da-26-2,2,da-26-2--rep-002,58874b5fe68471f4ecced1cee4e5de3ce39aaee5be34a1ad4bfa6218ed542d26,100.0,100.0,85.33333333333333,87.66666666666667,56.0,14.666666666666666,-2.3333333333333335,31.666666666666668,44.0,2.6666666666666665,0.0,33.333333333333336,0.3333333333333333,0.0,0.0,0.3333333333333333,0.0,0.0,0.3333333333333333,0.0,0.0,cumulative40,108.0,89.91596638655462,5.5,3.7815126050420167,114.0,94.95798319327731,62.88515406162465
sol_opus_gemini,current_full,da-26-2,3,da-26-2--rep-003,952ad828727e8f15834dc02aaea754dd9cd678ba9bbab0521a1144fc06501cc9,76.0,76.0,77.0,75.33333333333333,62.666666666666664,-1.0,1.6666666666666667,12.666666666666666,13.333333333333334,1.0,0.0,0.0,0.3333333333333333,0.0,0.0,0.6666666666666666,0.0,0.0,0.3333333333333333,0.0,0.0,cumulative40,5.0,3.361344537815126,90.0,74.78991596638656,72.0,59.66386554621849,45.938375350140056
sol_opus_gemini,current_full,da-26-4,1,da-26-4--rep-001,74b79ff61d02b55681536fad0edac3c09ef1c45af43a38aa5e3f0438ec0251db,95.0,95.0,87.66666666666667,84.88888888888889,50.0,7.333333333333333,2.7777777777777763,34.88888888888889,45.0,3.6666666666666665,33.333333333333336,0.0,1.3333333333333333,0.0,0.0,1.3333333333333333,0.0,0.0,1.3333333333333333,0.0,0.0,cumulative40,89.0,73.94957983193277,102.0,84.87394957983193,117.0,97.47899159663865,85.43417366946778
sol_opus_gemini,current_full,da-26-4,2,da-26-4--rep-002,698fe49708e2fa2dc8af5971682c794c63e9ac6c309ded101c26b0cd01005939,63.0,63.0,45.666666666666664,40.666666666666664,34.333333333333336,17.333333333333332,5.0,6.333333333333333,28.666666666666668,4.0,33.333333333333336,0.0,1.3333333333333333,0.0,0.0,1.6666666666666667,0.0,0.0,1.3333333333333333,0.0,0.0,cumulative40,113.0,94.11764705882354,117.0,97.47899159663865,45.0,36.97478991596638,76.19047619047619
sol_opus_gemini,current_full,da-26-4,3,da-26-4--rep-003,12c91b4047c0caadaa2cb1762b837e99fb9a7a6d446b69dd083ca104de67ccf4,81.0,81.0,80.66666666666667,75.22222222222223,29.666666666666668,0.3333333333333333,5.444444444444443,45.55555555555556,51.333333333333336,5.333333333333333,66.66666666666667,0.0,1.0,0.0,0.0,1.0,0.0,0.0,1.0,0.0,0.0,cumulative40,45.0,36.97478991596638,118.5,98.73949579831933,119.0,99.15966386554622,78.29131652661064
sol_opus_gemini,current_full,da-3-5,1,da-3-5--rep-001,2185ac6e96a5a87d7c8e3a9f5829f4593e61601ae86651971102e3d923328ae9,100.0,100.0,100.0,100.0,68.0,0.0,0.0,32.0,32.0,0.6666666666666666,0.0,0.0,0.3333333333333333,0.0,0.0,1.0,0.0,0.0,0.3333333333333333,0.0,0.0,cumulative40,25.0,20.168067226890756,45.0,36.97478991596638,115.0,95.7983193277311,50.98039215686274
sol_opus_gemini,current_full,da-3-5,2,da-3-5--rep-002,feaf90a8d7b2d3f52289ac777233d0518445a3e647c26eb6fc230c1c000c1780,100.0,100.0,100.0,100.0,87.66666666666667,0.0,0.0,12.333333333333334,12.333333333333334,0.6666666666666666,0.0,0.0,0.3333333333333333,0.0,0.0,0.6666666666666666,0.0,0.0,0.3333333333333333,0.0,0.0,cumulative40,25.0,20.168067226890756,45.0,36.97478991596638,69.5,57.563025210084035,38.23529411764706
sol_opus_gemini,current_full,da-3-5,3,da-3-5--rep-003,999f2c16809f8bba8130a006d8d304d37847e3c21f87cca78c2db08953e29947,100.0,100.0,95.66666666666667,95.66666666666667,79.33333333333333,4.333333333333333,0.0,16.333333333333332,20.666666666666668,0.3333333333333333,0.0,0.0,0.3333333333333333,0.0,0.0,0.6666666666666666,0.0,0.0,0.3333333333333333,0.0,0.0,cumulative40,79.5,65.96638655462185,45.0,36.97478991596638,89.5,74.36974789915966,59.10364145658263
sol_opus_gemini,current_full,da-4-1,1,da-4-1--rep-001,057f7a527956349d8e253766ccc333b25228f0214c7e702e4ebf01de87b2307d,100.0,100.0,96.33333333333333,96.77777777777777,86.66666666666667,3.6666666666666665,-0.44444444444444287,10.111111111111109,13.333333333333334,0.6666666666666666,0.0,0.0,0.3333333333333333,0.0,0.0,0.3333333333333333,0.0,0.0,0.3333333333333333,0.0,0.0,cumulative40,78.0,64.70588235294117,27.0,21.84873949579832,62.0,51.260504201680675,45.938375350140056
sol_opus_gemini,current_full,da-4-1,2,da-4-1--rep-002,9c53b773849793077259d4e4789c8a60a846b489413644588ffdff4ccc703068,100.0,100.0,97.66666666666667,93.66666666666667,84.0,2.3333333333333335,3.999999999999995,9.666666666666671,16.0,0.6666666666666666,0.0,0.0,0.3333333333333333,0.0,0.0,0.3333333333333333,0.0,0.0,0.3333333333333333,0.0,0.0,cumulative40,68.5,56.72268907563025,110.0,91.59663865546219,60.0,49.57983193277311,65.96638655462185
sol_opus_gemini,current_full,da-4-1,3,da-4-1--rep-003,12bc3f0f681d221a15606bd1ce516f1379b00f4435c10022d511d369313b541f,100.0,100.0,91.0,86.55555555555556,91.0,9.0,4.444444444444443,-4.444444444444443,9.0,0.6666666666666666,0.0,0.0,0.3333333333333333,0.0,0.0,0.3333333333333333,0.0,0.0,0.3333333333333333,0.0,0.0,cumulative40,93.5,77.73109243697479,112.0,93.27731092436974,12.0,9.243697478991596,60.08403361344538
sol_opus_gemini,current_full,da-4-6,1,da-4-6--rep-001,0f0c825028bfe48de9f7e71ca6d6c9e30ae4444a8d3e2245e6ee5822799c7574,100.0,100.0,92.66666666666667,96.33333333333333,92.0,7.333333333333333,-3.6666666666666665,4.333333333333333,8.0,0.3333333333333333,0.0,0.0,0.3333333333333333,0.0,0.0,0.0,0.0,0.0,0.3333333333333333,0.0,0.0,cumulative40,89.0,73.94957983193277,2.0,0.8403361344537815,33.5,27.310924369747898,34.03361344537815
sol_opus_gemini,current_full,da-4-6,2,da-4-6--rep-002,39b590a763de4b215ab3d3357d2fa8abeab53e8a5389223f3c85a536b87974f0,100.0,100.0,87.66666666666667,90.11111111111111,78.0,12.333333333333334,-2.444444444444443,12.111111111111109,22.0,1.3333333333333333,0.0,0.0,0.6666666666666666,0.0,0.0,0.3333333333333333,0.0,0.0,0.3333333333333333,0.0,0.0,cumulative40,104.0,86.5546218487395,4.0,2.5210084033613445,68.0,56.30252100840336,48.4593837535014
sol_opus_gemini,current_full,da-4-6,3,da-4-6--rep-003,4985a712df5c5253cfdc26000c68dd9533e7b619c638623d724eccf4af188d57,100.0,100.0,82.33333333333333,83.44444444444444,82.0,17.666666666666668,-1.1111111111111096,1.4444444444444429,18.0,0.3333333333333333,0.0,0.0,0.3333333333333333,0.0,0.0,0.3333333333333333,0.0,0.0,0.3333333333333333,0.0,0.0,cumulative40,114.0,94.95798319327731,17.5,13.865546218487395,31.0,25.210084033613445,44.67787114845939
sol_opus_gemini,current_full,da-5-1,1,da-5-1--rep-001,0e9ecb6785a00f2a6404ebd5c22505a29aa7869e70a17f799e44688006b1fca9,100.0,100.0,97.66666666666667,94.0,89.33333333333333,2.3333333333333335,3.6666666666666665,4.666666666666667,10.666666666666666,1.3333333333333333,0.0,0.0,0.3333333333333333,0.0,0.0,0.3333333333333333,0.0,0.0,0.3333333333333333,0.0,0.0,cumulative40,68.5,56.72268907563025,108.5,90.33613445378151,36.0,29.41176470588235,58.8235294117647
sol_opus_gemini,current_full,da-5-1,2,da-5-1--rep-002,447f6841feba72a1c7305fd5f4694e3b89ebaf80b324b00ee30e47c9f1cd2e72,100.0,100.0,94.0,93.44444444444444,92.33333333333333,6.0,0.5555555555555524,1.1111111111111143,7.666666666666667,1.0,0.0,0.0,0.3333333333333333,0.0,0.0,0.6666666666666666,0.0,0.0,0.6666666666666666,0.0,0.0,cumulative40,83.5,69.32773109243698,65.0,53.78151260504202,29.0,23.529411764705884,48.879551820728295
sol_opus_gemini,current_full,da-5-1,3,da-5-1--rep-003,50dcd82522cb2a7e033864a427abff94011794f0525d055aa3bf2649aac4d7d6,100.0,100.0,100.0,100.0,88.66666666666667,0.0,0.0,11.333333333333334,11.333333333333334,1.0,0.0,0.0,0.3333333333333333,0.0,0.0,0.6666666666666666,0.0,0.0,0.3333333333333333,0.0,0.0,cumulative40,25.0,20.168067226890756,45.0,36.97478991596638,65.5,54.20168067226891,37.114845938375346
sol_opus_gemini,current_full,da-6-5,1,da-6-5--rep-001,204ec4c9b9d59a0ac9aa0262bd576f273abbe802751636d502bf3e6e440e093b,100.0,100.0,98.33333333333333,94.88888888888889,46.333333333333336,1.6666666666666667,3.444444444444443,48.55555555555556,53.666666666666664,0.3333333333333333,0.0,0.0,0.3333333333333333,0.0,0.0,0.3333333333333333,0.0,0.0,0.6666666666666666,0.0,0.0,cumulative40,56.0,46.21848739495798,106.0,88.23529411764706,120.0,100.0,78.15126050420167
sol_opus_gemini,current_full,da-6-5,2,da-6-5--rep-002,1a87d8d001b31de9f609ac7ab62adede44ffc345b61e8305473fdb1f3ebd4359,100.0,100.0,100.0,100.0,75.66666666666667,0.0,0.0,24.333333333333332,24.333333333333332,0.3333333333333333,0.0,0.0,0.3333333333333333,0.0,0.0,0.3333333333333333,0.0,0.0,0.3333333333333333,0.0,0.0,cumulative40,25.0,20.168067226890756,45.0,36.97478991596638,106.0,88.23529411764706,48.4593837535014
sol_opus_gemini,current_full,da-6-5,3,da-6-5--rep-003,8af52c49619255fa187ee348f500b22219597585f823d52ccd37cd870abc3d2e,100.0,100.0,100.0,100.0,86.66666666666667,0.0,0.0,13.333333333333334,13.333333333333334,0.3333333333333333,0.0,0.0,0.3333333333333333,0.0,0.0,0.0,0.0,0.0,0.3333333333333333,0.0,0.0,cumulative40,25.0,20.168067226890756,45.0,36.97478991596638,75.0,62.18487394957983,39.77591036414566
sol_opus_gemini,current_full,da-8-1,1,da-8-1--rep-001,12b660169831b7d224b4965ac0c46aa7ed8d9ea94d4e86eb570e6fc48dd7df27,100.0,100.0,100.0,100.0,87.66666666666667,0.0,0.0,12.333333333333334,12.333333333333334,0.3333333333333333,0.0,0.0,0.3333333333333333,0.0,0.0,0.3333333333333333,0.0,0.0,0.3333333333333333,0.0,0.0,cumulative40,25.0,20.168067226890756,45.0,36.97478991596638,69.5,57.563025210084035,38.23529411764706
sol_opus_gemini,current_full,da-8-1,2,da-8-1--rep-002,366823a759f2cd52c6f0192ce41284a997e69ddd99c70aab6cf92e02b30ac9ad,100.0,100.0,100.0,98.33333333333333,84.66666666666667,0.0,1.6666666666666667,13.666666666666666,15.333333333333334,0.3333333333333333,0.0,0.0,0.3333333333333333,0.0,0.0,0.3333333333333333,0.0,0.0,0.3333333333333333,0.0,0.0,cumulative40,25.0,20.168067226890756,90.0,74.78991596638656,76.0,63.02521008403362,52.66106442577031
sol_opus_gemini,current_full,da-8-1,3,da-8-1--rep-003,4c4f2ff267fd6679892b6e1496a8558f7d0faf229ae460aeb5326b3900847a04,100.0,100.0,90.0,92.0,68.33333333333333,10.0,-2.0,23.666666666666668,31.666666666666668,1.0,0.0,0.0,0.3333333333333333,0.0,0.0,0.3333333333333333,0.0,0.0,0.0,0.0,0.0,cumulative40,97.5,81.09243697478992,9.0,6.722689075630252,103.0,85.71428571428571,57.84313725490196
sol_opus_gemini,current_full,da-8-3,1,da-8-3--rep-001,7d8e335f91a45848411b998c1a5cb1e115fd1bedd3088bd1a168c5753fe63bd3,100.0,100.0,90.33333333333333,88.88888888888889,71.0,9.666666666666666,1.4444444444444475,17.888888888888886,29.0,0.0,0.0,0.0,0.3333333333333333,0.0,0.0,0.6666666666666666,0.0,0.0,0.3333333333333333,0.0,0.0,cumulative40,95.0,78.99159663865547,81.0,67.22689075630252,93.0,77.3109243697479,74.50980392156863
sol_opus_gemini,current_full,da-8-3,2,da-8-3--rep-002,0a30c0f00519fd449b9f5a56c6be7d93456e18f43041e52c1fbba34ab2a6c9c9,100.0,100.0,89.33333333333333,89.33333333333333,58.0,10.666666666666666,0.0,31.333333333333332,42.0,0.3333333333333333,0.0,0.0,0.3333333333333333,0.0,0.0,0.6666666666666666,0.0,0.0,0.0,0.0,0.0,cumulative40,100.0,83.19327731092437,45.0,36.97478991596638,113.0,94.11764705882354,71.42857142857143
sol_opus_gemini,current_full,da-8-3,3,da-8-3--rep-003,8f08bf1a373529a65fc062e76eda747144d6180f37330377e0168e932ef9723e,100.0,100.0,87.66666666666667,87.22222222222223,63.0,12.333333333333334,0.44444444444444287,24.222222222222225,37.0,1.3333333333333333,0.0,0.0,2.0,0.0,0.0,0.3333333333333333,0.0,0.0,0.3333333333333333,0.0,0.0,cumulative40,104.0,86.5546218487395,64.0,52.94117647058823,105.0,87.39495798319328,75.63025210084034
sol_opus_gemini,current_full,da-9-1,1,da-9-1--rep-001,03df4078648b486b92503b2b6f0f3c5a8d7adf29720b8c6981634f2cc6d4ce4f,100.0,100.0,98.33333333333333,98.88888888888889,81.0,1.6666666666666667,-0.5555555555555571,17.88888888888889,19.0,1.0,0.0,0.0,0.3333333333333333,0.0,0.0,0.3333333333333333,0.0,0.0,0.6666666666666666,0.0,0.0,cumulative40,56.0,46.21848739495798,24.5,19.747899159663866,94.0,78.15126050420169,48.03921568627451
sol_opus_gemini,current_full,da-9-1,2,da-9-1--rep-002,5e6269a054e2ba527a66a7f2b568da3cd3763b853ec88db9d626e4b5e6e66170,100.0,100.0,98.33333333333333,96.66666666666667,81.0,1.6666666666666667,1.6666666666666667,15.666666666666666,19.0,4.0,33.333333333333336,0.0,0.3333333333333333,0.0,0.0,0.3333333333333333,0.0,0.0,0.3333333333333333,0.0,0.0,cumulative40,56.0,46.21848739495798,90.0,74.78991596638656,85.0,70.58823529411765,63.865546218487395
sol_opus_gemini,current_full,da-9-1,3,da-9-1--rep-003,341dec816c312ddeb50bc186c59bdecc547e7568e20bcc64e7ed381f0a0be05c,100.0,100.0,98.33333333333333,98.33333333333333,87.33333333333333,1.6666666666666667,0.0,11.0,12.666666666666666,0.6666666666666666,0.0,0.0,0.3333333333333333,0.0,0.0,0.3333333333333333,0.0,0.0,0.3333333333333333,0.0,0.0,cumulative40,56.0,46.21848739495798,45.0,36.97478991596638,64.0,52.94117647058823,45.3781512605042
sol_opus_gemini,current_full,da-9-7,1,da-9-7--rep-001,0a628d405fd5de3e7f3c2095bec2cdd70dcaf101770947b4f6d1595fb70bfa8a,100.0,100.0,100.0,100.0,91.33333333333333,0.0,0.0,8.666666666666666,8.666666666666666,0.3333333333333333,0.0,0.0,0.3333333333333333,0.0,0.0,0.3333333333333333,0.0,0.0,0.3333333333333333,0.0,0.0,cumulative40,25.0,20.168067226890756,45.0,36.97478991596638,56.0,46.21848739495798,34.45378151260504
sol_opus_gemini,current_full,da-9-7,2,da-9-7--rep-002,a48d5584d1cda0f414be705fb4ffa0ac4708fa19d2013b3b9ca4ef4c69c32de4,100.0,100.0,87.66666666666667,86.55555555555556,90.0,12.333333333333334,1.1111111111111096,-3.444444444444443,10.0,1.0,0.0,0.0,0.6666666666666666,0.0,0.0,0.3333333333333333,0.0,0.0,0.6666666666666666,0.0,0.0,cumulative40,104.0,86.5546218487395,76.0,63.02521008403362,15.0,11.764705882352942,53.78151260504202
sol_opus_gemini,current_full,da-9-7,3,da-9-7--rep-003,99e00800ef6d12badf8dff8274ce657323e98b12bd2973f1c4bb9e3dda6a13d6,93.0,93.0,93.0,89.44444444444444,84.33333333333333,0.0,3.555555555555557,5.11111111111111,8.666666666666666,2.0,0.0,33.333333333333336,2.3333333333333335,0.0,0.0,1.6666666666666667,0.0,0.0,3.0,0.0,33.333333333333336,cumulative40,25.0,20.168067226890756,107.0,89.07563025210084,37.0,30.252100840336134,46.49859943977591
sol_opus_gemini,current_user,da-1-3,1,da-1-3--rep-001,5d3ef64216240a0b1df0133b1835ab72e2bab2d1a31f9acbdd11f9c35f20bb47,100.0,100.0,100.0,99.33333333333333,92.0,0.0,0.6666666666666666,7.333333333333333,8.0,0.6666666666666666,0.0,0.0,0.6666666666666666,0.0,0.0,0.3333333333333333,0.0,0.0,0.3333333333333333,0.0,0.0,cumulative40,26.5,21.428571428571427,56.5,46.63865546218487,76.0,63.02521008403362,43.69747899159664
sol_opus_gemini,current_user,da-1-3,2,da-1-3--rep-002,31177b6bf749aa9955327185f9607c4c0290659aae41c44b65448ddff613b8ae,100.0,100.0,98.33333333333333,95.88888888888889,94.0,1.6666666666666667,2.444444444444443,1.8888888888888904,6.0,2.0,0.0,0.0,1.6666666666666667,0.0,0.0,0.3333333333333333,0.0,0.0,0.3333333333333333,0.0,0.0,cumulative40,46.5,38.23529411764706,88.5,73.52941176470588,47.0,38.65546218487395,50.14005602240896
sol_opus_gemini,current_user,da-1-3,3,da-1-3--rep-003,831ad3c7154ae1a059582999abac0191237eaf9b72aed0dddccd784299cc861f,100.0,100.0,96.66666666666667,94.22222222222223,89.33333333333333,3.3333333333333335,2.444444444444443,4.88888888888889,10.666666666666666,0.6666666666666666,0.0,0.0,0.6666666666666666,0.0,0.0,0.3333333333333333,0.0,0.0,0.6666666666666666,0.0,0.0,cumulative40,59.5,49.15966386554622,88.5,73.52941176470588,65.0,53.78151260504202,58.82352941176471
sol_opus_gemini,current_user,da-1-4,1,da-1-4--rep-001,8579f1d69821d8f95467324681e5de48dc9b533437b308282872bc828b2f3f12,91.0,91.0,94.33333333333333,91.66666666666667,93.66666666666667,-3.3333333333333335,2.6666666666666665,-2.0,-2.6666666666666665,0.3333333333333333,0.0,0.0,0.3333333333333333,0.0,0.0,0.3333333333333333,0.0,0.0,0.3333333333333333,0.0,0.0,cumulative40,10.0,7.563025210084033,91.5,76.05042016806723,33.5,27.310924369747898,36.97478991596639
sol_opus_gemini,current_user,da-1-4,2,da-1-4--rep-002,16cc9e2d573864e05955a3fcacf526cb3b7f6fe9278bdf5ef17ad88a084562b5,100.0,100.0,100.0,99.33333333333333,92.33333333333333,0.0,0.6666666666666666,7.0,7.666666666666667,0.6666666666666666,0.0,0.0,0.3333333333333333,0.0,0.0,0.6666666666666666,0.0,0.0,0.3333333333333333,0.0,0.0,cumulative40,26.5,21.428571428571427,56.5,46.63865546218487,75.0,62.18487394957983,43.417366946778714
sol_opus_gemini,current_user,da-1-4,3,da-1-4--rep-003,60154c27e2ab3ff3bc19f636dc862c2a62a671934f29e94a788238946ea54b61,100.0,100.0,100.0,99.44444444444444,81.0,0.0,0.5555555555555571,18.444444444444443,19.0,0.3333333333333333,0.0,0.0,0.3333333333333333,0.0,0.0,0.3333333333333333,0.0,0.0,0.3333333333333333,0.0,0.0,cumulative40,26.5,21.428571428571427,54.5,44.95798319327731,107.0,89.07563025210084,51.82072829131653
sol_opus_gemini,current_user,da-10-1,1,da-10-1--rep-001,8a59fa68dbcd5e8ae42ecd5148e7877fa04f672b4847eab901635ad0b0cfda04,100.0,100.0,97.66666666666667,99.0,88.0,2.3333333333333335,-1.3333333333333333,11.0,12.0,0.3333333333333333,0.0,0.0,0.6666666666666666,0.0,0.0,0.3333333333333333,0.0,0.0,0.3333333333333333,0.0,0.0,cumulative40,54.0,44.53781512605042,20.0,15.966386554621849,91.0,75.63025210084034,45.378151260504204
sol_opus_gemini,current_user,da-10-1,2,da-10-1--rep-002,28bb10a27cc5e7b0d29f2dee6658836679cca6dd5b1ee3c17e687f92b4a23d8e,100.0,100.0,95.66666666666667,97.77777777777777,90.0,4.333333333333333,-2.1111111111111094,7.777777777777776,10.0,0.6666666666666666,0.0,0.0,0.3333333333333333,0.0,0.0,0.3333333333333333,0.0,0.0,0.3333333333333333,0.0,0.0,cumulative40,65.5,54.20168067226891,12.0,9.243697478991596,78.0,64.70588235294117,42.71708683473389
sol_opus_gemini,current_user,da-10-1,3,da-10-1--rep-003,d77c9832e24c0b1a42f91901e0a69c073ab4c04c89ef662ec0344e1f778444bb,100.0,95.0,99.0,98.66666666666667,88.33333333333333,1.0,0.3333333333333333,10.333333333333334,11.666666666666666,0.6666666666666666,0.0,0.0,1.0,0.0,0.0,0.3333333333333333,0.0,0.0,0.0,0.0,0.0,cumulative40,39.0,31.932773109243698,48.5,39.91596638655462,88.0,73.10924369747899,48.319327731092436
sol_opus_gemini,current_user,da-10-3,1,da-10-3--rep-001,bcc9f280eaf5bcc981ab99bfffb5b40d9bf3ea870b24454dfd3bf94e4ca26edf,100.0,100.0,100.0,95.88888888888889,83.0,0.0,4.11111111111111,12.888888888888891,17.0,0.3333333333333333,0.0,0.0,0.3333333333333333,0.0,0.0,0.3333333333333333,0.0,0.0,0.3333333333333333,0.0,0.0,cumulative40,26.5,21.428571428571427,106.0,88.23529411764706,96.0,79.83193277310924,63.16526610644257
sol_opus_gemini,current_user,da-10-3,2,da-10-3--rep-002,af1ead73430659ec7567418ef500f3a14330b21ef20c93d4f9ea7f58374e325f,100.0,100.0,91.66666666666667,97.22222222222223,75.66666666666667,8.333333333333334,-5.555555555555557,21.555555555555557,24.333333333333332,0.6666666666666666,0.0,0.0,0.6666666666666666,0.0,0.0,0.3333333333333333,0.0,0.0,0.0,0.0,0.0,cumulative40,84.5,70.16806722689076,2.0,0.8403361344537815,111.0,92.43697478991596,54.48179271708683
sol_opus_gemini,current_user,da-10-3,3,da-10-3--rep-003,7eff9444a67bf46772b10655df63a85852ff1556f1b1f197c200e5344bc459b7,90.0,90.0,88.66666666666667,87.44444444444444,59.0,1.3333333333333333,1.222222222222219,28.444444444444446,31.0,0.6666666666666666,0.0,0.0,0.6666666666666666,0.0,0.0,0.6666666666666666,0.0,0.0,0.3333333333333333,0.0,0.0,cumulative40,41.0,33.61344537815126,71.5,59.2436974789916,117.0,97.47899159663865,63.445378151260506
sol_opus_gemini,current_user,da-12-2,1,da-12-2--rep-001,aa5558f0bc70c3c0056596c6f332961c6a28149e5403459ae069d38d1744d6c2,75.0,75.0,75.0,71.11111111111111,84.66666666666667,0.0,3.8888888888888906,-13.555555555555557,-9.666666666666666,3.3333333333333335,33.333333333333336,0.0,2.6666666666666665,33.333333333333336,0.0,0.6666666666666666,0.0,0.0,2.6666666666666665,33.333333333333336,0.0,cumulative40,26.5,21.428571428571427,103.5,86.1344537815126,9.0,6.722689075630252,38.095238095238095
sol_opus_gemini,current_user,da-12-2,2,da-12-2--rep-002,953bdb85e14b9bb90c6086aaf50e1ad561a2281b02055778d4ba60644119181b,60.0,60.0,71.66666666666667,72.22222222222223,85.33333333333333,-11.666666666666666,-0.5555555555555571,-13.111111111111109,-25.333333333333332,1.0,0.0,0.0,0.3333333333333333,0.0,0.0,0.6666666666666666,0.0,0.0,0.3333333333333333,0.0,0.0,cumulative40,1.0,0.0,27.5,22.26890756302521,10.5,7.983193277310924,10.084033613445378
sol_opus_gemini,current_user,da-12-2,3,da-12-2--rep-003,96658af61c93de4b8ed3e4d908009f3f76b8ddc8b0356d891fe518bda682c3e2,70.0,70.0,79.0,74.33333333333333,91.66666666666667,-9.0,4.666666666666669,-17.333333333333336,-21.666666666666668,2.0,0.0,33.333333333333336,1.0,0.0,0.0,0.6666666666666666,0.0,0.0,1.0,0.0,0.0,cumulative40,2.0,0.8403361344537815,110.0,91.59663865546219,7.0,5.042016806722689,32.49299719887955
sol_opus_gemini,current_user,da-12-4,1,da-12-4--rep-001,f7cc404237a9fc22cdd1af5841696b058537a33a726d77cb37368ca002f6162c,86.0,86.0,90.66666666666667,88.33333333333333,88.0,-4.666666666666667,2.3333333333333335,0.3333333333333333,-2.0,4.666666666666667,33.333333333333336,0.0,5.666666666666667,66.66666666666667,0.0,0.3333333333333333,0.0,0.0,4.333333333333333,33.333333333333336,33.333333333333336,cumulative40,7.0,5.042016806722689,85.5,71.00840336134453,42.0,34.45378151260504,36.83473389355742
sol_opus_gemini,current_user,da-12-4,2,da-12-4--rep-002,d22048bbf9e9aeda018a6ef09192a2a3b59b0d996f764b8b241f87065d353eed,86.0,86.0,90.66666666666667,90.66666666666667,93.0,-4.666666666666667,0.0,-2.3333333333333335,-7.0,3.0,0.0,33.333333333333336,1.6666666666666667,0.0,0.0,0.3333333333333333,0.0,0.0,0.3333333333333333,0.0,0.0,cumulative40,7.0,5.042016806722689,40.5,33.19327731092437,32.0,26.050420168067227,21.42857142857143
sol_opus_gemini,current_user,da-12-4,3,da-12-4--rep-003,e631bcaaf0b93d7fac03c461e42334c064c26d702791dd8c34fe3da9ac47ce25,86.0,86.0,90.66666666666667,89.66666666666667,90.0,-4.666666666666667,1.0,-0.3333333333333333,-4.0,1.6666666666666667,0.0,0.0,0.6666666666666666,0.0,0.0,0.0,0.0,0.0,0.0,0.0,0.0,cumulative40,7.0,5.042016806722689,65.5,54.20168067226891,40.0,32.773109243697476,30.672268907563023
sol_opus_gemini,current_user,da-13-1,1,da-13-1--rep-001,2687db1883433f202b5d8c4fa1eeb81260a954db4c9b219b9470ca88df6eb75a,100.0,100.0,100.0,100.0,86.33333333333333,0.0,0.0,13.666666666666666,13.666666666666666,1.0,0.0,0.0,0.6666666666666666,0.0,0.0,0.3333333333333333,0.0,0.0,0.6666666666666666,0.0,0.0,cumulative40,26.5,21.428571428571427,40.5,33.19327731092437,97.0,80.67226890756302,45.09803921568627
sol_opus_gemini,current_user,da-13-1,2,da-13-1--rep-002,cff05b668fee971c5af7a3bc1b18b31d9370768654b274ca8f88901252cba0b1,100.0,100.0,91.0,92.0,88.66666666666667,9.0,-1.0,3.3333333333333335,11.333333333333334,1.0,0.0,0.0,0.6666666666666666,0.0,0.0,0.3333333333333333,0.0,0.0,0.0,0.0,0.0,cumulative40,86.5,71.84873949579831,22.0,17.647058823529413,54.0,44.53781512605042,44.67787114845938
sol_opus_gemini,current_user,da-13-1,3,da-13-1--rep-003,4872c95f9caa5c573f5e3056e2fc5bf40232784f95f8423cb777b3654cd139a1,100.0,100.0,91.0,90.0,85.66666666666667,9.0,1.0,4.333333333333333,14.333333333333334,0.6666666666666666,0.0,0.0,0.3333333333333333,0.0,0.0,0.3333333333333333,0.0,0.0,0.3333333333333333,0.0,0.0,cumulative40,86.5,71.84873949579831,65.5,54.20168067226891,62.0,51.260504201680675,59.10364145658263
sol_opus_gemini,current_user,da-13-3,1,da-13-3--rep-001,13d1faa077f1168872dc928fe929fcfec5e2b5a7a004d404ecba57c1b0607a19,100.0,100.0,100.0,97.88888888888889,92.66666666666667,0.0,2.1111111111111094,5.222222222222224,7.333333333333333,0.3333333333333333,0.0,0.0,0.0,0.0,0.0,0.3333333333333333,0.0,0.0,0.3333333333333333,0.0,0.0,cumulative40,26.5,21.428571428571427,78.5,65.12605042016807,67.0,55.46218487394958,47.338935574229694
sol_opus_gemini,current_user,da-13-3,2,da-13-3--rep-002,844644e69962c5c8f40741d7e7e809c2f33007ecd3483f925f52af4c3c55b383,100.0,100.0,95.33333333333333,95.33333333333333,89.66666666666667,4.666666666666667,0.0,5.666666666666667,10.333333333333334,0.0,0.0,0.0,0.0,0.0,0.0,0.0,0.0,0.0,0.0,0.0,0.0,cumulative40,68.5,56.72268907563025,40.5,33.19327731092437,68.0,56.30252100840336,48.739495798319325
sol_opus_gemini,current_user,da-13-3,3,da-13-3--rep-003,3b55f0efcc9addf6212ef1aea789ea400d6fdbd67280be554000a46a9fb72f40,100.0,100.0,94.0,92.33333333333333,93.66666666666667,6.0,1.6666666666666667,-1.3333333333333333,6.333333333333333,0.0,0.0,0.0,0.0,0.0,0.0,0.3333333333333333,0.0,0.0,0.0,0.0,0.0,cumulative40,75.0,62.18487394957983,76.5,63.445378151260506,36.5,29.831932773109244,51.82072829131653
sol_opus_gemini,current_user,da-13-5,1,da-13-5--rep-001,e8908a1509166c699c3c01f2743ccef1b0ca5b45ba7e04fc5ec4c7407c720211,100.0,100.0,90.0,82.22222222222223,85.66666666666667,10.0,7.777777777777776,-3.444444444444443,14.333333333333334,0.0,0.0,0.0,0.3333333333333333,0.0,0.0,0.3333333333333333,0.0,0.0,0.0,0.0,0.0,cumulative40,91.0,75.63025210084034,118.5,98.73949579831933,30.0,24.369747899159663,66.24649859943978
sol_opus_gemini,current_user,da-13-5,2,da-13-5--rep-002,34c7af044371da1b74591a96f6f536d2edc51341d276cd2c1ced555eb67b5bb3,95.0,95.0,81.66666666666667,85.0,89.0,13.333333333333334,-3.3333333333333335,-4.0,6.0,0.3333333333333333,0.0,0.0,0.0,0.0,0.0,0.3333333333333333,0.0,0.0,0.6666666666666666,0.0,0.0,cumulative40,104.5,86.97478991596638,4.0,2.5210084033613445,28.5,23.10924369747899,37.53501400560224
sol_opus_gemini,current_user,da-13-5,3,da-13-5--rep-003,da45ed3657c57a505691d5a566d6bee40b749093aeb6f4c0e83249050a42da97,100.0,100.0,93.33333333333333,90.0,88.66666666666667,6.666666666666667,3.3333333333333335,1.3333333333333333,11.333333333333334,0.3333333333333333,0.0,0.0,0.3333333333333333,0.0,0.0,1.3333333333333333,0.0,0.0,0.3333333333333333,0.0,0.0,cumulative40,77.5,64.28571428571429,99.0,82.3529411764706,43.0,35.294117647058826,60.64425770308124
sol_opus_gemini,current_user,da-13-6,1,da-13-6--rep-001,4b91801b7b3b3c0722d4138099e799e529db27a6ec410c7f895baf46b5b5260e,100.0,100.0,73.33333333333333,72.22222222222223,93.33333333333333,26.666666666666668,1.1111111111111118,-21.11111111111111,6.666666666666667,0.3333333333333333,0.0,0.0,0.3333333333333333,0.0,0.0,0.0,0.0,0.0,0.0,0.0,0.0,cumulative40,118.5,98.73949579831933,69.5,57.563025210084035,6.0,4.201680672268908,53.50140056022409
sol_opus_gemini,current_user,da-13-6,2,da-13-6--rep-002,70781e72c0bd769898685277e2b00f3b58af60dd021f75dee121e9669d39c8b5,100.0,100.0,73.33333333333333,71.11111111111111,92.66666666666667,26.666666666666668,2.2222222222222214,-21.555555555555554,7.333333333333333,0.6666666666666666,0.0,0.0,0.6666666666666666,0.0,0.0,0.3333333333333333,0.0,0.0,0.0,0.0,0.0,cumulative40,118.5,98.73949579831933,81.0,67.22689075630252,5.0,3.361344537815126,56.44257703081232
sol_opus_gemini,current_user,da-13-6,3,da-13-6--rep-003,8c39c24a1969119db9cb917eb6bb9b0d66834e1a2fe3e2dad56e988ed78d19bc,100.0,100.0,96.66666666666667,93.33333333333333,90.66666666666667,3.3333333333333335,3.3333333333333335,2.6666666666666665,9.333333333333334,1.3333333333333333,0.0,0.0,1.0,0.0,0.0,0.3333333333333333,0.0,0.0,0.6666666666666666,0.0,0.0,cumulative40,59.5,49.15966386554622,99.0,82.3529411764706,52.0,42.857142857142854,58.12324929971989
sol_opus_gemini,current_user,da-14-1,1,da-14-1--rep-001,c58870f887fa50980bfb0a72ef12a02de1d44513021245911166f54fb4ab8849,100.0,100.0,84.66666666666667,80.44444444444444,92.0,15.333333333333334,4.222222222222221,-11.555555555555555,8.0,0.3333333333333333,0.0,0.0,0.3333333333333333,0.0,0.0,0.0,0.0,0.0,0.3333333333333333,0.0,0.0,cumulative40,109.5,91.17647058823529,107.0,89.07563025210084,12.0,9.243697478991596,63.16526610644257
sol_opus_gemini,current_user,da-14-1,2,da-14-1--rep-002,62a4f4e79c3ba40897079d2e4434524d0de6c7e9af55274bb103f10775894457,100.0,100.0,98.33333333333333,90.66666666666667,92.66666666666667,1.6666666666666667,7.666666666666667,-2.0,7.333333333333333,0.0,0.0,0.0,0.0,0.0,0.0,0.0,0.0,0.0,0.0,0.0,0.0,cumulative40,46.5,38.23529411764706,117.0,97.47899159663865,33.5,27.310924369747898,54.34173669467787
sol_opus_gemini,current_user,da-14-1,3,da-14-1--rep-003,910c3ad981337a49826a2db6a9dcfeae79e59eea300411fa02d21a728b30d313,100.0,100.0,83.0,83.55555555555556,91.66666666666667,17.0,-0.5555555555555524,-8.111111111111114,8.333333333333334,0.3333333333333333,0.0,0.0,0.3333333333333333,0.0,0.0,0.0,0.0,0.0,0.0,0.0,0.0,cumulative40,113.0,94.11764705882354,32.0,26.050420168067227,17.0,13.445378151260504,44.537815126050425
sol_opus_gemini,current_user,da-14-3,1,da-14-3--rep-001,443cef1315d563b38a073e85156b222064439a6e6924ece7a7cf696da81ca47d,100.0,100.0,100.0,100.0,95.0,0.0,0.0,5.0,5.0,0.6666666666666666,0.0,0.0,0.3333333333333333,0.0,0.0,0.3333333333333333,0.0,0.0,0.3333333333333333,0.0,0.0,cumulative40,26.5,21.428571428571427,40.5,33.19327731092437,66.0,54.621848739495796,36.41456582633053
sol_opus_gemini,current_user,da-14-3,2,da-14-3--rep-002,b6bcfb1759100fb5dccdc6a0c96b2e53512990979748023f4dd66d1dafdae449,100.0,100.0,88.0,86.33333333333333,92.0,12.0,1.6666666666666667,-5.666666666666667,8.0,0.3333333333333333,0.0,0.0,0.3333333333333333,0.0,0.0,0.3333333333333333,0.0,0.0,0.3333333333333333,0.0,0.0,cumulative40,100.0,83.19327731092437,76.5,63.445378151260506,22.0,17.647058823529413,54.761904761904766
sol_opus_gemini,current_user,da-14-3,3,da-14-3--rep-003,f490cd7d9aac7dd334b16cc234b86a204fe25c9123914094231ef40a35bf9865,100.0,100.0,100.0,98.77777777777777,95.0,0.0,1.2222222222222239,3.7777777777777763,5.0,0.3333333333333333,0.0,0.0,0.3333333333333333,0.0,0.0,0.3333333333333333,0.0,0.0,0.3333333333333333,0.0,0.0,cumulative40,26.5,21.428571428571427,73.0,60.50420168067227,56.0,46.21848739495798,42.71708683473389
sol_opus_gemini,current_user,da-14-8,1,da-14-8--rep-001,19e50d8f667891739f395ea6149e8c16e896b52239e2f28dc65435d959c044ea,93.0,93.0,79.66666666666667,81.22222222222221,82.66666666666667,13.333333333333334,-1.5555555555555525,-1.4444444444444475,10.333333333333334,2.3333333333333335,0.0,0.0,1.3333333333333333,0.0,0.0,0.3333333333333333,0.0,0.0,0.3333333333333333,0.0,0.0,cumulative40,104.5,86.97478991596638,16.0,12.605042016806722,35.0,28.571428571428573,42.71708683473389
sol_opus_gemini,current_user,da-14-8,2,da-14-8--rep-002,1854b3c78047ce70c8c201e764f7834984a12b87d1e80fa39c8cebb687eb324c,58.0,58.0,66.0,65.44444444444444,73.33333333333333,-8.0,0.5555555555555548,-7.888888888888888,-15.333333333333334,3.3333333333333335,33.333333333333336,0.0,3.6666666666666665,33.333333333333336,33.333333333333336,1.0,0.0,0.0,2.0,0.0,0.0,cumulative40,4.0,2.5210084033613445,50.5,41.596638655462186,18.0,14.285714285714286,19.46778711484594
sol_opus_gemini,current_user,da-14-8,3,da-14-8--rep-003,1df4d0430e99e84f731048fd90fa72db44584ded655899682db950efc5095058,76.0,76.0,67.66666666666667,65.44444444444444,76.66666666666667,8.333333333333334,2.2222222222222237,-11.222222222222223,-0.6666666666666666,3.3333333333333335,33.333333333333336,0.0,3.3333333333333335,33.333333333333336,0.0,1.0,0.0,0.0,0.3333333333333333,0.0,0.0,cumulative40,84.5,70.16806722689076,83.5,69.32773109243698,13.0,10.084033613445378,49.85994397759104
sol_opus_gemini,current_user,da-15-1,1,da-15-1--rep-001,49778b345951f612f87bb67536902d62c4213099dc7e29ff5944d6732e6b15a9,87.0,87.0,89.66666666666667,89.66666666666667,74.0,-2.6666666666666665,0.0,15.666666666666666,13.0,0.3333333333333333,0.0,0.0,0.3333333333333333,0.0,0.0,0.3333333333333333,0.0,0.0,0.3333333333333333,0.0,0.0,cumulative40,12.0,9.243697478991596,40.5,33.19327731092437,102.0,84.87394957983193,42.436974789915965
sol_opus_gemini,current_user,da-15-1,2,da-15-1--rep-002,d9e2dbdadadbc426045c351ebdf396cff880ef31da1dd828a4c565fa93d51ff1,87.0,87.0,91.33333333333333,92.77777777777777,83.66666666666667,-4.333333333333333,-1.4444444444444429,9.111111111111109,3.3333333333333335,0.6666666666666666,0.0,0.0,0.3333333333333333,0.0,0.0,0.3333333333333333,0.0,0.0,0.3333333333333333,0.0,0.0,cumulative40,9.0,6.722689075630252,18.0,14.285714285714286,84.0,69.74789915966386,30.252100840336134
sol_opus_gemini,current_user,da-15-1,3,da-15-1--rep-003,2c9b91497ed94a70515f7042413c19b3bc0eae6ec6fd40c1c6f08cdadf998bb8,87.0,87.0,95.66666666666667,97.11111111111111,74.0,-8.666666666666666,-1.4444444444444429,23.11111111111111,13.0,1.3333333333333333,0.0,0.0,1.3333333333333333,0.0,0.0,0.3333333333333333,0.0,0.0,0.6666666666666666,0.0,0.0,cumulative40,3.0,1.680672268907563,18.0,14.285714285714286,114.0,94.95798319327731,36.97478991596639
sol_opus_gemini,current_user,da-15-2,1,da-15-2--rep-001,40eaa690bb269c30e6cb610f512a9ef7b79943582f2aa03760864a3f8c8fad8d,83.0,83.0,69.33333333333333,71.66666666666667,59.666666666666664,13.666666666666666,-2.3333333333333357,12.000000000000002,23.333333333333332,1.3333333333333333,0.0,0.0,1.3333333333333333,0.0,0.0,0.3333333333333333,0.0,0.0,0.3333333333333333,0.0,0.0,cumulative40,106.0,88.23529411764706,9.0,6.722689075630252,95.0,78.99159663865547,57.983193277310924
sol_opus_gemini,current_user,da-15-2,2,da-15-2--rep-002,e50e296231d880e0bc0d5c30f44a8a25b92dac2ef762823c03fd9998c0ac1ecf,83.0,78.0,79.66666666666667,74.33333333333333,58.0,3.3333333333333335,5.333333333333333,16.333333333333332,25.0,1.6666666666666667,0.0,0.0,1.3333333333333333,0.0,0.0,1.0,0.0,0.0,1.3333333333333333,0.0,0.0,cumulative40,59.5,49.15966386554622,112.0,93.27731092436974,103.0,85.71428571428571,76.05042016806722
sol_opus_gemini,current_user,da-15-2,3,da-15-2--rep-003,a47f7ea5c7ecc7ae88acd066c12e7174fac5d94cce460ba2da6d1b82c4d0c52e,63.0,63.0,46.666666666666664,53.44444444444444,49.333333333333336,16.333333333333332,-6.777777777777779,4.111111111111112,13.666666666666666,1.6666666666666667,0.0,0.0,1.0,0.0,0.0,1.0,0.0,0.0,0.6666666666666666,0.0,0.0,cumulative40,112.0,93.27731092436974,1.0,0.0,61.0,50.42016806722689,47.89915966386555
sol_opus_gemini,current_user,da-15-7,1,da-15-7--rep-001,59ab428e187341a7a1df7121482cccdd91c9b745d63cec3a741018c1e3e6be6f,100.0,100.0,82.33333333333333,81.55555555555556,74.0,17.666666666666668,0.7777777777777762,7.555555555555557,26.0,1.6666666666666667,0.0,0.0,1.6666666666666667,0.0,0.0,0.3333333333333333,0.0,0.0,0.3333333333333333,0.0,0.0,cumulative40,115.0,95.7983193277311,58.0,47.89915966386555,77.0,63.865546218487395,69.187675070028
sol_opus_gemini,current_user,da-15-7,2,da-15-7--rep-002,e9c603185bbda601c1acd391f801e80efed3fe54741476906dab4ae86f8b3ef4,67.0,67.0,64.66666666666667,64.66666666666667,69.33333333333333,2.3333333333333335,0.0,-4.666666666666667,-2.3333333333333335,0.3333333333333333,0.0,0.0,0.6666666666666666,0.0,0.0,0.3333333333333333,0.0,0.0,0.3333333333333333,0.0,0.0,cumulative40,54.0,44.53781512605042,40.5,33.19327731092437,26.0,21.008403361344538,32.913165266106446
sol_opus_gemini,current_user,da-15-7,3,da-15-7--rep-003,d3e0e167a77afc7c478738b92f976e9c286ae93e2c1056f27de50c7472d08cb7,77.0,77.0,71.33333333333333,72.88888888888889,78.33333333333333,5.666666666666667,-1.5555555555555571,-5.444444444444443,-1.3333333333333333,2.3333333333333335,0.0,0.0,2.0,0.0,0.0,1.0,0.0,0.0,1.3333333333333333,0.0,0.0,cumulative40,73.5,60.924369747899156,15.0,11.764705882352942,23.0,18.48739495798319,30.392156862745097
sol_opus_gemini,current_user,da-15-8,1,da-15-8--rep-001,53a46b741b20fd7efb6942b743936da2713e7e4f7c0b7caca4c74840bd1c46b4,90.0,90.0,88.33333333333333,90.55555555555556,71.33333333333333,1.6666666666666667,-2.2222222222222237,19.222222222222225,18.666666666666668,2.0,0.0,0.0,1.0,0.0,0.0,1.0,0.0,0.0,0.3333333333333333,0.0,0.0,cumulative40,46.5,38.23529411764706,11.0,8.403361344537815,108.0,89.91596638655462,45.51820728291316
sol_opus_gemini,current_user,da-15-8,2,da-15-8--rep-002,c41efbccbdce487e284c6cca7437b761647c4c3bd324b82add821555cc3af6e5,100.0,90.0,92.0,89.0,93.0,8.0,3.0,-4.0,7.0,1.0,0.0,0.0,1.3333333333333333,0.0,0.0,0.3333333333333333,0.0,0.0,0.3333333333333333,0.0,0.0,cumulative40,82.5,68.4873949579832,94.0,78.15126050420169,28.5,23.10924369747899,56.58263305322129
sol_opus_gemini,current_user,da-15-8,3,da-15-8--rep-003,88786bf677b29c911b61cc5e8508c231eceeaae998d287a14488a99cd07e8f59,90.0,90.0,89.0,93.33333333333333,47.0,1.0,-4.333333333333333,46.333333333333336,43.0,0.6666666666666666,0.0,0.0,0.3333333333333333,0.0,0.0,0.3333333333333333,0.0,0.0,0.3333333333333333,0.0,0.0,cumulative40,39.0,31.932773109243698,3.0,1.680672268907563,119.0,99.15966386554622,44.25770308123249
sol_opus_gemini,current_user,da-16-1,1,da-16-1--rep-001,03f392063162b1c738e767e709fe6f8588224063e90da612d8ace10d70f494d1,100.0,100.0,98.33333333333333,97.44444444444444,88.0,1.6666666666666667,0.8888888888888905,9.444444444444443,12.0,0.3333333333333333,0.0,0.0,0.3333333333333333,0.0,0.0,0.3333333333333333,0.0,0.0,0.3333333333333333,0.0,0.0,cumulative40,46.5,38.23529411764706,62.0,51.260504201680675,85.5,71.00840336134453,53.50140056022409
sol_opus_gemini,current_user,da-16-1,2,da-16-1--rep-002,f77c2af700524b3b1395f9eadb91da37e3bb9804384000e7d9c0386190a55209,100.0,100.0,98.33333333333333,98.88888888888889,84.66666666666667,1.6666666666666667,-0.5555555555555571,14.222222222222223,15.333333333333334,0.3333333333333333,0.0,0.0,0.6666666666666666,0.0,0.0,0.3333333333333333,0.0,0.0,0.0,0.0,0.0,cumulative40,46.5,38.23529411764706,27.5,22.26890756302521,99.0,82.3529411764706,47.61904761904762
sol_opus_gemini,current_user,da-16-1,3,da-16-1--rep-003,73cdeed48bca0558d392c3dd44b39985a532fab27e0d15487cb91a54badcfe19,100.0,100.0,87.0,84.88888888888889,80.33333333333333,13.0,2.1111111111111094,4.555555555555557,19.666666666666668,0.3333333333333333,0.0,0.0,0.3333333333333333,0.0,0.0,0.3333333333333333,0.0,0.0,0.0,0.0,0.0,cumulative40,102.5,85.29411764705883,78.5,65.12605042016807,64.0,52.94117647058823,67.78711484593838
sol_opus_gemini,current_user,da-17-1,1,da-17-1--rep-001,3a56cdb61ae0719d9193a75a6324c276717d48d5b909f473aeea1db823071664,90.0,90.0,90.0,91.11111111111111,88.0,0.0,-1.1111111111111096,3.1111111111111094,2.0,1.0,0.0,0.0,2.6666666666666665,33.333333333333336,0.0,0.6666666666666666,0.0,0.0,1.3333333333333333,0.0,0.0,cumulative40,26.5,21.428571428571427,21.0,16.80672268907563,53.0,43.69747899159664,27.310924369747898
sol_opus_gemini,current_user,da-17-1,2,da-17-1--rep-002,c18b5fb1f06017d423bdb0e846f6c0aa380be15a5d2b59825a95b97933b6d655,90.0,90.0,84.33333333333333,80.33333333333333,85.66666666666667,5.666666666666667,4.0,-5.333333333333333,4.333333333333333,2.0,0.0,0.0,2.3333333333333335,0.0,33.333333333333336,0.3333333333333333,0.0,0.0,1.6666666666666667,0.0,0.0,cumulative40,73.5,60.924369747899156,105.0,87.39495798319328,24.0,19.327731092436974,55.88235294117647
sol_opus_gemini,current_user,da-17-1,3,da-17-1--rep-003,75e9a1196d77215c4c97eb668131739ec5c76d0135c82fd2fff693ae81d382e5,90.0,90.0,90.33333333333333,86.44444444444444,89.33333333333333,-0.3333333333333333,3.8888888888888906,-2.8888888888888906,0.6666666666666666,4.0,33.333333333333336,0.0,1.0,0.0,0.0,0.3333333333333333,0.0,0.0,0.3333333333333333,0.0,0.0,cumulative40,15.0,11.764705882352942,103.5,86.1344537815126,31.0,25.210084033613445,41.036414565826334
sol_opus_gemini,current_user,da-17-3,1,da-17-3--rep-001,0f523220dc1cf46b2b8b8311258233a9d91daed3f3c20ccdaa93be77451a79a2,39.0,39.0,7.0,7.555555555555555,14.0,32.0,-0.5555555555555557,-6.444444444444445,25.0,0.0,0.0,0.0,0.3333333333333333,0.0,0.0,0.3333333333333333,0.0,0.0,0.3333333333333333,0.0,0.0,cumulative40,120.0,100.0,30.0,24.369747899159663,21.0,16.80672268907563,47.05882352941177
sol_opus_gemini,current_user,da-17-3,2,da-17-3--rep-002,3cb2307c0fe0a04eb1cebca83ba04c0ea03bfa6618daecae4cd0e71020bdd75f,22.0,22.0,4.666666666666667,3.888888888888889,11.333333333333334,17.333333333333332,0.7777777777777777,-7.444444444444445,10.666666666666666,0.3333333333333333,0.0,0.0,0.3333333333333333,0.0,0.0,0.3333333333333333,0.0,0.0,0.0,0.0,0.0,cumulative40,114.0,94.95798319327731,59.0,48.739495798319325,20.0,15.966386554621849,53.221288515406165
sol_opus_gemini,current_user,da-17-3,3,da-17-3--rep-003,920bba4d837f25ef9bee6dedaac8d6a2ab425f159ed5c57a0c9a8b16188358be,100.0,100.0,84.66666666666667,77.11111111111111,78.0,15.333333333333334,7.55555555555556,-0.8888888888888928,22.0,1.6666666666666667,0.0,0.0,1.3333333333333333,0.0,0.0,0.3333333333333333,0.0,0.0,0.6666666666666666,0.0,0.0,cumulative40,109.5,91.17647058823529,116.0,96.63865546218487,38.0,31.092436974789916,72.96918767507003
sol_opus_gemini,current_user,da-17-5,1,da-17-5--rep-001,6fd9cf0814ce9b2e53274edfc83e64e9f7f2683eb8909c5180393a5c5857344e,90.0,90.0,90.0,89.11111111111111,87.0,0.0,0.8888888888888905,2.1111111111111094,3.0,1.0,0.0,0.0,1.3333333333333333,0.0,0.0,0.3333333333333333,0.0,0.0,0.0,0.0,0.0,cumulative40,26.5,21.428571428571427,62.0,51.260504201680675,48.5,39.91596638655462,37.53501400560224
sol_opus_gemini,current_user,da-17-5,2,da-17-5--rep-002,4eeb59cd6397fc912888a0d0ca2c1b1b5d9b008f1b82f2d0eef0eb130b6f98b7,77.0,77.0,82.66666666666667,75.66666666666667,57.333333333333336,-5.666666666666667,7.0,18.333333333333332,19.666666666666668,1.0,0.0,0.0,0.6666666666666666,0.0,0.0,0.6666666666666666,0.0,0.0,0.3333333333333333,0.0,0.0,cumulative40,5.0,3.361344537815126,115.0,95.7983193277311,106.0,88.23529411764706,62.46498599439776
sol_opus_gemini,current_user,da-17-5,3,da-17-5--rep-003,2489e5ff53145ddcd4e05c088183921a9cdc4e8e3cb24e7f9cd0b7b7b06437c3,90.0,90.0,87.33333333333333,84.66666666666667,89.33333333333333,2.6666666666666665,2.6666666666666665,-4.666666666666667,0.6666666666666666,0.6666666666666666,0.0,0.0,0.3333333333333333,0.0,0.0,0.3333333333333333,0.0,0.0,1.0,0.0,0.0,cumulative40,56.0,46.21848739495798,91.5,76.05042016806723,26.0,21.008403361344538,47.75910364145658
sol_opus_gemini,current_user,da-18-5,1,da-18-5--rep-001,e16aab443e445a25e328d42a825eafeb8dbce66b57e426a299c777841f64988a,100.0,100.0,100.0,96.33333333333333,86.33333333333333,0.0,3.6666666666666665,10.0,13.666666666666666,0.3333333333333333,0.0,0.0,0.0,0.0,0.0,0.3333333333333333,0.0,0.0,0.3333333333333333,0.0,0.0,cumulative40,26.5,21.428571428571427,101.5,84.45378151260505,87.0,72.26890756302521,59.38375350140056
sol_opus_gemini,current_user,da-18-5,2,da-18-5--rep-002,7e7dc16cd6b5657189453d3b97525954e7848ca4c813a787d72773fb1187805d,100.0,100.0,100.0,97.77777777777779,89.0,0.0,2.222222222222219,8.77777777777778,11.0,0.3333333333333333,0.0,0.0,0.0,0.0,0.0,0.3333333333333333,0.0,0.0,0.3333333333333333,0.0,0.0,cumulative40,26.5,21.428571428571427,80.0,66.38655462184875,83.0,68.90756302521008,52.24089635854342
sol_opus_gemini,current_user,da-18-5,3,da-18-5--rep-003,2e3688af56b326420d8f1a14ef34853c0b6ebdec85e5c02ed7f3e51f35f97fcc,100.0,100.0,96.66666666666667,94.44444444444444,93.0,3.3333333333333335,2.2222222222222237,1.4444444444444429,7.0,0.3333333333333333,0.0,0.0,0.3333333333333333,0.0,0.0,0.3333333333333333,0.0,0.0,0.3333333333333333,0.0,0.0,cumulative40,59.5,49.15966386554622,83.5,69.32773109243698,44.0,36.134453781512605,51.5406162464986
sol_opus_gemini,current_user,da-18-7,1,da-18-7--rep-001,7a0fcb964647f6592e3015cc4721de083d9eafd4fe2bb761f2e09e2c21ba0441,85.0,85.0,84.0,80.88888888888889,69.33333333333333,1.0,3.111111111111112,11.555555555555555,15.666666666666666,0.6666666666666666,0.0,0.0,0.3333333333333333,0.0,0.0,0.3333333333333333,0.0,0.0,0.0,0.0,0.0,cumulative40,39.0,31.932773109243698,95.0,78.99159663865547,94.0,78.15126050420169,63.02521008403362
sol_opus_gemini,current_user,da-18-7,2,da-18-7--rep-002,a68c6efb4d3088838ae3214b0eee1421242d79cd02b37205b52417718bb5d69c,92.0,87.0,95.0,97.33333333333333,82.0,-3.0,-2.3333333333333335,15.333333333333334,10.0,0.0,0.0,0.0,0.0,0.0,0.0,0.3333333333333333,0.0,0.0,0.0,0.0,0.0,cumulative40,11.0,8.403361344537815,10.0,7.563025210084033,101.0,84.03361344537815,33.333333333333336
sol_opus_gemini,current_user,da-18-7,3,da-18-7--rep-003,c96906cd9bbe233732ab0a58f730d06d123b6b5000b55870f31665d7ff258a06,100.0,100.0,98.33333333333333,98.88888888888889,91.0,1.6666666666666667,-0.5555555555555571,7.88888888888889,9.0,0.6666666666666666,0.0,0.0,0.3333333333333333,0.0,0.0,0.3333333333333333,0.0,0.0,1.0,0.0,0.0,cumulative40,46.5,38.23529411764706,27.5,22.26890756302521,79.0,65.54621848739495,42.016806722689076
sol_opus_gemini,current_user,da-19-1,1,da-19-1--rep-001,af15ae0a8c740adecf79c1fd6c39ec42ffb0e25acb0e09ce361bdc13ac55e900,100.0,100.0,93.33333333333333,96.0,94.33333333333333,6.666666666666667,-2.6666666666666665,1.6666666666666667,5.666666666666667,0.3333333333333333,0.0,0.0,0.3333333333333333,0.0,0.0,0.3333333333333333,0.0,0.0,0.3333333333333333,0.0,0.0,cumulative40,77.5,64.28571428571429,7.5,5.46218487394958,46.0,37.81512605042017,35.85434173669468
sol_opus_gemini,current_user,da-19-1,2,da-19-1--rep-002,23950447b25a546d51126338de629eeaed3612b5bdefa5d02ada577f54cfae52,100.0,100.0,100.0,96.33333333333333,92.33333333333333,0.0,3.6666666666666665,4.0,7.666666666666667,0.6666666666666666,0.0,0.0,0.3333333333333333,0.0,0.0,0.3333333333333333,0.0,0.0,0.3333333333333333,0.0,0.0,cumulative40,26.5,21.428571428571427,101.5,84.45378151260505,59.5,49.15966386554622,51.680672268907564
sol_opus_gemini,current_user,da-19-1,3,da-19-1--rep-003,ec091ad49126a85e8b26312e2934437bb668c437c5e91faae91f81b2a36fdadf,100.0,100.0,95.66666666666667,94.44444444444444,92.33333333333333,4.333333333333333,1.222222222222219,2.1111111111111143,7.666666666666667,0.6666666666666666,0.0,0.0,0.3333333333333333,0.0,0.0,1.0,0.0,0.0,0.3333333333333333,0.0,0.0,cumulative40,65.5,54.20168067226891,71.5,59.2436974789916,50.0,41.1764705882353,51.5406162464986
sol_opus_gemini,current_user,da-19-3,1,da-19-3--rep-001,71621ae228a547058abce0bb3162089a4709b0f092eab36a0b208b47a2ecc454,100.0,100.0,98.33333333333333,97.44444444444444,88.0,1.6666666666666667,0.8888888888888905,9.444444444444443,12.0,0.6666666666666666,0.0,0.0,0.3333333333333333,0.0,0.0,0.3333333333333333,0.0,0.0,0.6666666666666666,0.0,0.0,cumulative40,46.5,38.23529411764706,62.0,51.260504201680675,85.5,71.00840336134453,53.50140056022409
sol_opus_gemini,current_user,da-19-3,2,da-19-3--rep-002,4d3b1ab1e95978cf8c45396e1807af6c161ccc964081843d7b5ae23488b7ea11,100.0,100.0,100.0,100.0,80.66666666666667,0.0,0.0,19.333333333333332,19.333333333333332,0.3333333333333333,0.0,0.0,0.0,0.0,0.0,0.0,0.0,0.0,0.3333333333333333,0.0,0.0,cumulative40,26.5,21.428571428571427,40.5,33.19327731092437,109.5,91.17647058823529,48.59943977591036
sol_opus_gemini,current_user,da-19-3,3,da-19-3--rep-003,205f21c0a39e966e073f859acac41bfd84fe8712855dcd9ea27a6fda0dac3977,100.0,100.0,96.66666666666667,93.88888888888889,82.66666666666667,3.3333333333333335,2.7777777777777763,11.222222222222223,17.333333333333332,0.6666666666666666,0.0,0.0,0.3333333333333333,0.0,0.0,0.3333333333333333,0.0,0.0,0.3333333333333333,0.0,0.0,cumulative40,59.5,49.15966386554622,93.0,77.3109243697479,92.0,76.47058823529412,67.6470588235294
sol_opus_gemini,current_user,da-19-6,1,da-19-6--rep-001,9a16f1ca31dcfabe5b6d4310edb3ad148676155750fd8b6230e516edca849bd6,35.0,35.0,22.666666666666668,16.88888888888889,55.333333333333336,12.333333333333334,5.777777777777778,-38.44444444444444,-20.333333333333332,1.0,0.0,0.0,0.3333333333333333,0.0,0.0,0.3333333333333333,0.0,0.0,0.3333333333333333,0.0,0.0,cumulative40,101.0,84.03361344537815,113.0,94.11764705882354,2.0,0.8403361344537815,59.66386554621849
sol_opus_gemini,current_user,da-19-6,2,da-19-6--rep-002,a8533f11a1771f2899ffade736efc0ba4d6cb1a19b394f02746cf72adcd38fac,47.0,47.0,22.0,19.77777777777778,44.0,25.0,2.222222222222222,-24.22222222222222,3.0,0.3333333333333333,0.0,0.0,0.3333333333333333,0.0,0.0,0.3333333333333333,0.0,0.0,0.3333333333333333,0.0,0.0,cumulative40,117.0,97.47899159663865,82.0,68.0672268907563,3.5,2.100840336134454,55.88235294117647
sol_opus_gemini,current_user,da-19-6,3,da-19-6--rep-003,91657fa87314f79c5f92844f0ee7e9b3b09cd224fef7af8dc31a99a7a11b6312,30.0,30.0,17.0,17.555555555555557,66.0,13.0,-0.5555555555555554,-48.44444444444444,-36.0,0.0,0.0,0.0,0.3333333333333333,0.0,0.0,0.3333333333333333,0.0,0.0,0.3333333333333333,0.0,0.0,cumulative40,102.5,85.29411764705883,31.0,25.210084033613445,1.0,0.0,36.83473389355743
sol_opus_gemini,current_user,da-20-1,1,da-20-1--rep-001,ac5bc1975bea03b52142fb9d96b87eee16c2e7932b624241b92093a670009a34,90.0,90.0,71.33333333333333,70.22222222222223,70.0,18.666666666666668,1.1111111111111118,0.22222222222222143,20.0,1.3333333333333333,0.0,0.0,1.0,0.0,0.0,0.3333333333333333,0.0,0.0,0.3333333333333333,0.0,0.0,cumulative40,116.0,96.63865546218487,69.5,57.563025210084035,41.0,33.61344537815126,62.60504201680672
sol_opus_gemini,current_user,da-20-1,2,da-20-1--rep-002,f89dfdcd5ba5a9a7eb53afb28fb814752fb5f0939a7a11b52df372b18f33a4cc,100.0,100.0,88.66666666666667,84.0,93.33333333333333,11.333333333333334,4.666666666666667,-9.333333333333334,6.666666666666667,1.6666666666666667,0.0,0.0,2.3333333333333335,0.0,0.0,0.3333333333333333,0.0,0.0,0.3333333333333333,0.0,0.0,cumulative40,99.0,82.3529411764706,109.0,90.75630252100841,15.5,12.184873949579831,61.76470588235294
sol_opus_gemini,current_user,da-20-1,3,da-20-1--rep-003,cb8e213b6078b0aaece482f9edcdecff47e14757fff259382ba1302949f6d81b,95.0,95.0,85.33333333333333,76.0,72.0,9.666666666666666,9.333333333333334,4.0,23.0,0.6666666666666666,0.0,0.0,0.6666666666666666,0.0,0.0,1.0,0.0,0.0,0.6666666666666666,0.0,0.0,cumulative40,89.0,73.94957983193277,120.0,100.0,59.5,49.15966386554622,74.36974789915966
sol_opus_gemini,current_user,da-20-4,1,da-20-4--rep-001,a59cb4449436be572741e57207c0b8349d4af3cec4b7a11624e5232452656a1b,10.0,10.0,5.0,5.0,14.666666666666666,5.0,-2.9605947323337506e-16,-9.666666666666666,-4.666666666666667,0.6666666666666666,0.0,0.0,0.0,0.0,0.0,0.0,0.0,0.0,0.0,0.0,0.0,cumulative40,70.0,57.983193277310924,33.0,26.89075630252101,14.0,10.92436974789916,31.932773109243698
sol_opus_gemini,current_user,da-20-4,2,da-20-4--rep-002,93e7a748c785a09b6468dee524aafb1c6a3a772cad5c82b0a7a40cf92c8c88cd,10.0,10.0,8.333333333333334,7.777777777777778,15.333333333333334,1.6666666666666667,0.5555555555555554,-7.555555555555555,-5.333333333333333,0.6666666666666666,0.0,0.0,0.0,0.0,0.0,0.3333333333333333,0.0,0.0,0.0,0.0,0.0,cumulative40,46.5,38.23529411764706,52.5,43.27731092436975,19.0,15.126050420168067,32.212885154061624
sol_opus_gemini,current_user,da-20-4,3,da-20-4--rep-003,7a46c3791f7cda1ba6ce754b2c0b78db4e5cb43c70dbfd46f182b464ea81ec96,20.0,20.0,16.666666666666668,16.11111111111111,40.333333333333336,3.3333333333333335,0.5555555555555554,-24.22222222222222,-20.333333333333332,0.3333333333333333,0.0,0.0,0.6666666666666666,0.0,0.0,0.3333333333333333,0.0,0.0,0.3333333333333333,0.0,0.0,cumulative40,59.5,49.15966386554622,52.5,43.27731092436975,3.5,2.100840336134454,31.51260504201681
sol_opus_gemini,current_user,da-24-3,1,da-24-3--rep-001,f42a0cd151b82c3a74b7b662a0359972fd9674cdfba3795d430a44cc44ba7c1f,60.0,60.0,49.333333333333336,51.22222222222222,67.66666666666667,10.666666666666666,-1.8888888888888882,-16.444444444444446,-7.666666666666667,1.0,0.0,0.0,1.3333333333333333,0.0,0.0,0.6666666666666666,0.0,0.0,0.3333333333333333,0.0,0.0,cumulative40,96.0,79.83193277310924,13.0,10.084033613445378,8.0,5.882352941176471,31.932773109243698
sol_opus_gemini,current_user,da-24-3,2,da-24-3--rep-002,c5a98e2998fb1a3f97e55aaae028dd156508894a55d4435d0a332c3f12009cbd,100.0,100.0,90.0,90.55555555555556,68.33333333333333,10.0,-0.5555555555555571,22.222222222222225,31.666666666666668,0.6666666666666666,0.0,0.0,0.3333333333333333,0.0,0.0,0.3333333333333333,0.0,0.0,0.0,0.0,0.0,cumulative40,91.0,75.63025210084034,27.5,22.26890756302521,112.0,93.27731092436974,63.72549019607843
sol_opus_gemini,current_user,da-24-3,3,da-24-3--rep-003,6f5fc7228728d8064939b62a52560d39ab1953d3a88485e4d7b579645d589e4c,80.0,80.0,81.66666666666667,78.33333333333333,67.0,-1.6666666666666667,3.3333333333333335,11.333333333333334,13.0,1.3333333333333333,0.0,0.0,1.0,0.0,0.0,0.3333333333333333,0.0,0.0,0.0,0.0,0.0,cumulative40,14.0,10.92436974789916,99.0,82.3529411764706,93.0,77.3109243697479,56.86274509803921
sol_opus_gemini,current_user,da-26-2,1,da-26-2--rep-001,2a8b04e8c8b437605e2cd228425284166426486a42f851f4703c1abb58a9b77f,71.0,71.0,66.33333333333333,65.77777777777777,62.0,4.666666666666667,0.5555555555555548,3.7777777777777786,9.0,1.0,0.0,0.0,0.6666666666666666,0.0,0.0,0.6666666666666666,0.0,0.0,0.3333333333333333,0.0,0.0,cumulative40,68.5,56.72268907563025,50.5,41.596638655462186,57.0,47.05882352941177,48.4593837535014
sol_opus_gemini,current_user,da-26-2,2,da-26-2--rep-002,58874b5fe68471f4ecced1cee4e5de3ce39aaee5be34a1ad4bfa6218ed542d26,71.0,71.0,69.33333333333333,72.33333333333333,47.333333333333336,1.6666666666666667,-3.0,25.0,23.666666666666668,1.0,0.0,0.0,0.0,0.0,0.0,0.6666666666666666,0.0,0.0,0.0,0.0,0.0,cumulative40,46.5,38.23529411764706,5.0,3.361344537815126,115.0,95.7983193277311,45.79831932773109
sol_opus_gemini,current_user,da-26-2,3,da-26-2--rep-003,952ad828727e8f15834dc02aaea754dd9cd678ba9bbab0521a1144fc06501cc9,71.0,71.0,56.666666666666664,48.88888888888889,32.0,14.333333333333334,7.777777777777776,16.88888888888889,39.0,1.3333333333333333,0.0,0.0,0.6666666666666666,0.0,0.0,0.6666666666666666,0.0,0.0,0.3333333333333333,0.0,0.0,cumulative40,107.5,89.49579831932773,118.5,98.73949579831933,104.0,86.5546218487395,91.59663865546219
sol_opus_gemini,current_user,da-26-4,1,da-26-4--rep-001,74b79ff61d02b55681536fad0edac3c09ef1c45af43a38aa5e3f0438ec0251db,57.0,57.0,57.0,57.0,37.666666666666664,0.0,0.0,19.333333333333332,19.333333333333332,4.0,33.333333333333336,0.0,2.0,0.0,0.0,1.3333333333333333,0.0,0.0,0.3333333333333333,0.0,0.0,cumulative40,26.5,21.428571428571427,40.5,33.19327731092437,109.5,91.17647058823529,48.59943977591036
sol_opus_gemini,current_user,da-26-4,2,da-26-4--rep-002,698fe49708e2fa2dc8af5971682c794c63e9ac6c309ded101c26b0cd01005939,95.0,95.0,84.66666666666667,79.66666666666667,38.0,10.333333333333334,5.0,41.666666666666664,57.0,5.0,66.66666666666667,0.0,2.0,0.0,0.0,1.3333333333333333,0.0,0.0,0.6666666666666666,0.0,0.0,cumulative40,93.5,77.73109243697479,111.0,92.43697478991596,118.0,98.31932773109244,89.49579831932773
sol_opus_gemini,current_user,da-26-4,3,da-26-4--rep-003,12c91b4047c0caadaa2cb1762b837e99fb9a7a6d446b69dd083ca104de67ccf4,30.0,30.0,28.0,23.444444444444446,22.0,2.0,4.5555555555555545,1.4444444444444453,8.0,1.6666666666666667,0.0,0.0,1.0,0.0,0.0,0.6666666666666666,0.0,0.0,1.3333333333333333,0.0,0.0,cumulative40,52.0,42.857142857142854,108.0,89.91596638655462,45.0,36.97478991596638,56.582633053221286
sol_opus_gemini,current_user,da-3-5,1,da-3-5--rep-001,2185ac6e96a5a87d7c8e3a9f5829f4593e61601ae86651971102e3d923328ae9,100.0,100.0,93.0,92.11111111111111,81.33333333333333,7.0,0.8888888888888905,10.777777777777777,18.666666666666668,0.6666666666666666,0.0,0.0,0.6666666666666666,0.0,0.0,0.6666666666666666,0.0,0.0,0.6666666666666666,0.0,0.0,cumulative40,79.5,65.96638655462185,62.0,51.260504201680675,90.0,74.78991596638656,64.00560224089637
sol_opus_gemini,current_user,da-3-5,2,da-3-5--rep-002,feaf90a8d7b2d3f52289ac777233d0518445a3e647c26eb6fc230c1c000c1780,100.0,100.0,100.0,100.0,93.33333333333333,0.0,0.0,6.666666666666667,6.666666666666667,0.6666666666666666,0.0,0.0,0.6666666666666666,0.0,0.0,0.6666666666666666,0.0,0.0,0.3333333333333333,0.0,0.0,cumulative40,26.5,21.428571428571427,40.5,33.19327731092437,73.5,60.924369747899156,38.515406162464984
sol_opus_gemini,current_user,da-3-5,3,da-3-5--rep-003,999f2c16809f8bba8130a006d8d304d37847e3c21f87cca78c2db08953e29947,100.0,100.0,94.66666666666667,96.44444444444444,86.0,5.333333333333333,-1.7777777777777761,10.444444444444443,14.0,0.3333333333333333,0.0,0.0,0.3333333333333333,0.0,0.0,0.6666666666666666,0.0,0.0,0.3333333333333333,0.0,0.0,cumulative40,71.5,59.2436974789916,14.0,10.92436974789916,89.0,73.94957983193277,48.03921568627451
sol_opus_gemini,current_user,da-4-1,1,da-4-1--rep-001,057f7a527956349d8e253766ccc333b25228f0214c7e702e4ebf01de87b2307d,86.0,86.0,88.33333333333333,85.0,78.66666666666667,-2.3333333333333335,3.3333333333333286,6.333333333333338,7.333333333333333,0.3333333333333333,0.0,0.0,0.3333333333333333,0.0,0.0,0.3333333333333333,0.0,0.0,0.3333333333333333,0.0,0.0,cumulative40,13.0,10.084033613445378,97.0,80.67226890756302,72.0,59.66386554621849,50.14005602240896
sol_opus_gemini,current_user,da-4-1,2,da-4-1--rep-002,9c53b773849793077259d4e4789c8a60a846b489413644588ffdff4ccc703068,100.0,100.0,89.33333333333333,92.11111111111111,86.0,10.666666666666666,-2.7777777777777763,6.11111111111111,14.0,1.0,0.0,0.0,0.6666666666666666,0.0,0.0,0.3333333333333333,0.0,0.0,0.3333333333333333,0.0,0.0,cumulative40,96.0,79.83193277310924,6.0,4.201680672268908,71.0,58.8235294117647,47.61904761904762
sol_opus_gemini,current_user,da-4-1,3,da-4-1--rep-003,12bc3f0f681d221a15606bd1ce516f1379b00f4435c10022d511d369313b541f,93.0,93.0,85.33333333333333,84.0,79.66666666666667,7.666666666666667,1.3333333333333286,4.333333333333338,13.333333333333334,1.3333333333333333,0.0,0.0,0.6666666666666666,0.0,0.0,0.3333333333333333,0.0,0.0,0.6666666666666666,0.0,0.0,cumulative40,81.0,67.22689075630252,74.0,61.34453781512605,63.0,52.10084033613445,60.22408963585434
sol_opus_gemini,current_user,da-4-6,1,da-4-6--rep-001,0f0c825028bfe48de9f7e71ca6d6c9e30ae4444a8d3e2245e6ee5822799c7574,100.0,100.0,100.0,97.55555555555556,93.66666666666667,0.0,2.444444444444443,3.8888888888888906,6.333333333333333,0.3333333333333333,0.0,0.0,0.3333333333333333,0.0,0.0,0.0,0.0,0.0,0.0,0.0,0.0,cumulative40,26.5,21.428571428571427,88.5,73.52941176470588,58.0,47.89915966386555,47.61904761904762
sol_opus_gemini,current_user,da-4-6,2,da-4-6--rep-002,39b590a763de4b215ab3d3357d2fa8abeab53e8a5389223f3c85a536b87974f0,100.0,100.0,95.66666666666667,97.11111111111111,94.66666666666667,4.333333333333333,-1.4444444444444429,2.444444444444443,5.333333333333333,1.0,0.0,0.0,1.0,0.0,0.0,0.3333333333333333,0.0,0.0,0.3333333333333333,0.0,0.0,cumulative40,65.5,54.20168067226891,18.0,14.285714285714286,51.0,42.016806722689076,36.83473389355742
sol_opus_gemini,current_user,da-4-6,3,da-4-6--rep-003,4985a712df5c5253cfdc26000c68dd9533e7b619c638623d724eccf4af188d57,100.0,100.0,84.0,84.0,93.33333333333333,16.0,0.0,-9.333333333333334,6.666666666666667,0.3333333333333333,0.0,0.0,0.3333333333333333,0.0,0.0,0.0,0.0,0.0,0.3333333333333333,0.0,0.0,cumulative40,111.0,92.43697478991596,40.5,33.19327731092437,15.5,12.184873949579831,45.938375350140056
sol_opus_gemini,current_user,da-5-1,1,da-5-1--rep-001,0e9ecb6785a00f2a6404ebd5c22505a29aa7869e70a17f799e44688006b1fca9,100.0,100.0,90.0,89.44444444444444,87.33333333333333,10.0,0.5555555555555571,2.1111111111111094,12.666666666666666,0.6666666666666666,0.0,0.0,0.6666666666666666,0.0,0.0,1.0,0.0,0.0,0.3333333333333333,0.0,0.0,cumulative40,91.0,75.63025210084034,54.5,44.95798319327731,48.5,39.91596638655462,53.50140056022409
sol_opus_gemini,current_user,da-5-1,2,da-5-1--rep-002,447f6841feba72a1c7305fd5f4694e3b89ebaf80b324b00ee30e47c9f1cd2e72,100.0,100.0,90.66666666666667,91.44444444444444,92.33333333333333,9.333333333333334,-0.7777777777777762,-0.8888888888888905,7.666666666666667,0.3333333333333333,0.0,0.0,0.3333333333333333,0.0,0.0,0.3333333333333333,0.0,0.0,0.3333333333333333,0.0,0.0,cumulative40,88.0,73.10924369747899,24.0,19.327731092436974,39.0,31.932773109243698,41.456582633053216
sol_opus_gemini,current_user,da-5-1,3,da-5-1--rep-003,50dcd82522cb2a7e033864a427abff94011794f0525d055aa3bf2649aac4d7d6,100.0,100.0,85.66666666666667,85.33333333333333,86.66666666666667,14.333333333333334,0.3333333333333333,-1.3333333333333333,13.333333333333334,1.0,0.0,0.0,0.6666666666666666,0.0,0.0,0.6666666666666666,0.0,0.0,0.6666666666666666,0.0,0.0,cumulative40,107.5,89.49579831932773,48.5,39.91596638655462,36.5,29.831932773109244,53.0812324929972
sol_opus_gemini,current_user,da-6-5,1,da-6-5--rep-001,204ec4c9b9d59a0ac9aa0262bd576f273abbe802751636d502bf3e6e440e093b,100.0,100.0,95.66666666666667,98.33333333333333,34.333333333333336,4.333333333333333,-2.6666666666666665,64.0,65.66666666666667,1.0,0.0,0.0,0.6666666666666666,0.0,0.0,1.6666666666666667,0.0,0.0,0.3333333333333333,0.0,0.0,cumulative40,65.5,54.20168067226891,7.5,5.46218487394958,120.0,100.0,53.221288515406165
sol_opus_gemini,current_user,da-6-5,2,da-6-5--rep-002,1a87d8d001b31de9f609ac7ab62adede44ffc345b61e8305473fdb1f3ebd4359,100.0,100.0,100.0,100.0,85.66666666666667,0.0,0.0,14.333333333333334,14.333333333333334,1.0,0.0,0.0,0.3333333333333333,0.0,0.0,0.3333333333333333,0.0,0.0,0.3333333333333333,0.0,0.0,cumulative40,26.5,21.428571428571427,40.5,33.19327731092437,100.0,83.19327731092437,45.938375350140056
sol_opus_gemini,current_user,da-6-5,3,da-6-5--rep-003,8af52c49619255fa187ee348f500b22219597585f823d52ccd37cd870abc3d2e,100.0,100.0,100.0,99.11111111111111,90.33333333333333,0.0,0.8888888888888905,8.777777777777777,9.666666666666666,0.6666666666666666,0.0,0.0,0.0,0.0,0.0,0.6666666666666666,0.0,0.0,0.3333333333333333,0.0,0.0,cumulative40,26.5,21.428571428571427,62.0,51.260504201680675,81.5,67.6470588235294,46.778711484593835
sol_opus_gemini,current_user,da-8-1,1,da-8-1--rep-001,12b660169831b7d224b4965ac0c46aa7ed8d9ea94d4e86eb570e6fc48dd7df27,100.0,100.0,94.66666666666667,95.55555555555556,87.33333333333333,5.333333333333333,-0.8888888888888905,8.222222222222223,12.666666666666666,1.0,0.0,0.0,1.0,0.0,0.0,0.3333333333333333,0.0,0.0,0.0,0.0,0.0,cumulative40,71.5,59.2436974789916,23.0,18.48739495798319,80.0,66.38655462184875,48.03921568627451
sol_opus_gemini,current_user,da-8-1,2,da-8-1--rep-002,366823a759f2cd52c6f0192ce41284a997e69ddd99c70aab6cf92e02b30ac9ad,92.0,92.0,90.33333333333333,89.22222222222223,66.66666666666667,1.6666666666666667,1.1111111111111096,22.555555555555557,25.333333333333332,1.6666666666666667,0.0,0.0,1.6666666666666667,0.0,0.0,0.3333333333333333,0.0,0.0,0.6666666666666666,0.0,0.0,cumulative40,46.5,38.23529411764706,67.5,55.88235294117647,113.0,94.11764705882354,62.74509803921569
sol_opus_gemini,current_user,da-8-1,3,da-8-1--rep-003,4c4f2ff267fd6679892b6e1496a8558f7d0faf229ae460aeb5326b3900847a04,100.0,100.0,100.0,100.0,86.0,0.0,0.0,14.0,14.0,0.3333333333333333,0.0,0.0,0.3333333333333333,0.0,0.0,0.3333333333333333,0.0,0.0,0.3333333333333333,0.0,0.0,cumulative40,26.5,21.428571428571427,40.5,33.19327731092437,98.0,81.5126050420168,45.3781512605042
sol_opus_gemini,current_user,da-8-3,1,da-8-3--rep-001,7d8e335f91a45848411b998c1a5cb1e115fd1bedd3088bd1a168c5753fe63bd3,100.0,100.0,93.0,86.22222222222221,69.0,7.0,6.777777777777781,17.222222222222218,31.0,1.0,0.0,0.0,1.3333333333333333,0.0,0.0,0.6666666666666666,0.0,0.0,1.3333333333333333,0.0,0.0,cumulative40,79.5,65.96638655462185,114.0,94.95798319327731,105.0,87.39495798319328,82.77310924369748
sol_opus_gemini,current_user,da-8-3,2,da-8-3--rep-002,0a30c0f00519fd449b9f5a56c6be7d93456e18f43041e52c1fbba34ab2a6c9c9,92.0,92.0,81.66666666666667,80.22222222222221,74.33333333333333,10.333333333333334,1.4444444444444475,5.888888888888886,17.666666666666668,1.0,0.0,0.0,1.0,0.0,0.0,0.6666666666666666,0.0,0.0,1.0,0.0,0.0,cumulative40,93.5,77.73109243697479,75.0,62.18487394957983,69.0,57.142857142857146,65.68627450980392
sol_opus_gemini,current_user,da-8-3,3,da-8-3--rep-003,8f08bf1a373529a65fc062e76eda747144d6180f37330377e0168e932ef9723e,100.0,100.0,92.0,92.66666666666667,65.66666666666667,8.0,-0.6666666666666666,27.0,34.333333333333336,4.0,33.333333333333336,0.0,4.333333333333333,33.333333333333336,0.0,0.6666666666666666,0.0,0.0,1.0,0.0,0.0,cumulative40,82.5,68.4873949579832,25.0,20.168067226890756,116.0,96.63865546218487,61.76470588235294
sol_opus_gemini,current_user,da-9-1,1,da-9-1--rep-001,03df4078648b486b92503b2b6f0f3c5a8d7adf29720b8c6981634f2cc6d4ce4f,100.0,100.0,97.66666666666667,94.44444444444444,85.66666666666667,2.3333333333333335,3.2222222222222237,8.777777777777777,14.333333333333334,0.6666666666666666,0.0,0.0,0.6666666666666666,0.0,0.0,0.6666666666666666,0.0,0.0,0.3333333333333333,0.0,0.0,cumulative40,54.0,44.53781512605042,96.0,79.83193277310924,81.5,67.6470588235294,64.00560224089635
sol_opus_gemini,current_user,da-9-1,2,da-9-1--rep-002,5e6269a054e2ba527a66a7f2b568da3cd3763b853ec88db9d626e4b5e6e66170,100.0,100.0,89.0,87.88888888888889,82.0,11.0,1.1111111111111096,5.88888888888889,18.0,0.3333333333333333,0.0,0.0,0.3333333333333333,0.0,0.0,0.3333333333333333,0.0,0.0,0.3333333333333333,0.0,0.0,cumulative40,98.0,81.5126050420168,67.5,55.88235294117647,70.0,57.983193277310924,65.12605042016807
sol_opus_gemini,current_user,da-9-1,3,da-9-1--rep-003,341dec816c312ddeb50bc186c59bdecc547e7568e20bcc64e7ed381f0a0be05c,100.0,100.0,93.66666666666667,93.66666666666667,90.0,6.333333333333333,0.0,3.6666666666666665,10.0,1.0,0.0,0.0,0.6666666666666666,0.0,0.0,0.3333333333333333,0.0,0.0,0.3333333333333333,0.0,0.0,cumulative40,76.0,63.02521008403362,40.5,33.19327731092437,55.0,45.378151260504204,47.19887955182073
sol_opus_gemini,current_user,da-9-7,1,da-9-7--rep-001,0a628d405fd5de3e7f3c2095bec2cdd70dcaf101770947b4f6d1595fb70bfa8a,93.0,93.0,93.0,90.66666666666667,95.33333333333333,0.0,2.3333333333333335,-4.666666666666667,-2.3333333333333335,4.0,66.66666666666667,0.0,3.6666666666666665,33.333333333333336,0.0,0.3333333333333333,0.0,0.0,1.0,0.0,0.0,cumulative40,26.5,21.428571428571427,85.5,71.00840336134453,26.0,21.008403361344538,37.81512605042017
sol_opus_gemini,current_user,da-9-7,2,da-9-7--rep-002,a48d5584d1cda0f414be705fb4ffa0ac4708fa19d2013b3b9ca4ef4c69c32de4,100.0,100.0,96.33333333333333,96.33333333333333,89.66666666666667,3.6666666666666665,0.0,6.666666666666667,10.333333333333334,1.3333333333333333,0.0,0.0,0.3333333333333333,0.0,0.0,0.6666666666666666,0.0,0.0,0.0,0.0,0.0,cumulative40,63.0,52.10084033613445,40.5,33.19327731092437,73.5,60.924369747899156,48.739495798319325
sol_opus_gemini,current_user,da-9-7,3,da-9-7--rep-003,99e00800ef6d12badf8dff8274ce657323e98b12bd2973f1c4bb9e3dda6a13d6,93.0,93.0,82.33333333333333,79.88888888888889,93.0,10.666666666666666,2.444444444444443,-13.111111111111109,0.0,0.3333333333333333,0.0,0.0,0.3333333333333333,0.0,0.0,0.3333333333333333,0.0,0.0,0.0,0.0,0.0,cumulative40,96.0,79.83193277310924,88.5,73.52941176470588,10.5,7.983193277310924,53.78151260504202
