cohort,task_id,artifacts,W,W_train,S,H,A,W_minus_S,S_minus_H,H_minus_A,W_minus_A,RH_full_trajectory_confirmed_percent,RH_post_update_confirmed_percent,RH_final_artifact_confirmed_percent,RH_final_revision_confirmed_percent,population,panel
current_full,da-10-1,3,100.0,100.0,98.0,98.66666666666667,81.16666666666667,2.0,-0.6666666666666666,17.5,18.833333333333332,0.0,0.0,0.0,0.0,old20,sol_opus
current_full,da-10-3,3,100.0,100.0,99.16666666666667,99.1111111111111,71.83333333333333,0.8333333333333334,0.055555555555557135,27.277777777777775,28.166666666666668,0.0,0.0,0.0,0.0,old20,sol_opus
current_full,da-12-2,3,90.0,88.33333333333333,89.16666666666667,90.0,77.16666666666667,0.8333333333333334,-0.8333333333333334,12.833333333333334,12.833333333333334,33.333333333333336,33.333333333333336,33.333333333333336,33.333333333333336,old20,sol_opus
current_full,da-12-4,3,90.66666666666667,90.66666666666667,90.33333333333333,87.61111111111111,80.16666666666667,0.3333333333333333,2.7222222222222214,7.4444444444444455,10.5,33.333333333333336,0.0,0.0,0.0,old20,sol_opus
current_full,da-13-1,3,100.0,100.0,92.5,90.88888888888889,77.5,7.5,1.6111111111111118,13.388888888888888,22.5,0.0,0.0,0.0,0.0,old20,sol_opus
current_full,da-13-3,3,100.0,100.0,100.0,98.44444444444444,87.16666666666667,0.0,1.5555555555555571,11.277777777777777,12.833333333333334,0.0,0.0,0.0,0.0,old20,sol_opus
current_full,da-13-5,3,100.0,100.0,91.66666666666667,90.27777777777777,86.0,8.333333333333334,1.3888888888888904,4.277777777777776,14.0,0.0,0.0,0.0,0.0,old20,sol_opus
current_full,da-13-6,3,100.0,100.0,80.0,77.22222222222221,74.0,20.0,2.7777777777777786,3.2222222222222214,26.0,0.0,0.0,0.0,0.0,old20,sol_opus
current_full,da-14-1,3,100.0,100.0,94.33333333333333,90.11111111111111,88.33333333333333,5.666666666666667,4.222222222222221,1.7777777777777786,11.666666666666666,0.0,0.0,0.0,0.0,old20,sol_opus
current_full,da-14-3,3,100.0,100.0,100.0,100.0,92.0,0.0,0.0,8.0,8.0,0.0,0.0,0.0,0.0,old20,sol_opus
current_full,da-14-8,3,100.0,100.0,97.5,97.22222222222221,58.333333333333336,2.5,0.27777777777777857,38.888888888888886,41.666666666666664,16.666666666666668,0.0,0.0,0.0,old20,sol_opus
current_full,da-15-1,3,91.33333333333333,91.33333333333333,90.5,89.66666666666667,79.5,0.8333333333333334,0.8333333333333334,10.166666666666666,11.833333333333334,16.666666666666668,0.0,0.0,0.0,old20,sol_opus
current_full,da-15-2,3,85.33333333333333,83.66666666666667,73.66666666666667,72.33333333333333,64.66666666666667,11.666666666666666,1.3333333333333346,7.666666666666665,20.666666666666668,0.0,16.666666666666668,0.0,0.0,old20,sol_opus
current_full,da-15-7,3,73.66666666666667,73.66666666666667,65.83333333333333,67.22222222222223,59.166666666666664,7.833333333333333,-1.3888888888888893,8.055555555555555,14.5,0.0,0.0,0.0,0.0,old20,sol_opus
current_full,da-15-8,3,100.0,100.0,84.0,82.66666666666667,53.833333333333336,16.0,1.3333333333333333,28.833333333333332,46.166666666666664,0.0,0.0,0.0,0.0,old20,sol_opus
current_full,da-16-1,3,100.0,100.0,97.5,97.22222222222221,76.5,2.5,0.27777777777777857,20.72222222222222,23.5,0.0,0.0,0.0,0.0,old20,sol_opus
current_full,da-18-5,3,100.0,100.0,96.66666666666667,94.83333333333334,56.5,3.3333333333333335,1.833333333333331,38.333333333333336,43.5,0.0,0.0,0.0,0.0,old20,sol_opus
current_full,da-18-7,3,97.33333333333333,97.33333333333333,96.16666666666667,96.88888888888889,71.0,1.1666666666666667,-0.7222222222222214,25.88888888888889,26.333333333333332,0.0,0.0,0.0,0.0,old20,sol_opus
current_full,da-19-1,3,100.0,100.0,97.33333333333333,97.77777777777779,88.66666666666667,2.6666666666666665,-0.44444444444444525,9.111111111111112,11.333333333333334,0.0,0.0,0.0,0.0,old20,sol_opus
current_full,da-19-6,3,59.666666666666664,59.666666666666664,48.833333333333336,46.88888888888889,68.83333333333333,10.833333333333334,1.9444444444444435,-21.944444444444443,-9.166666666666666,0.0,0.0,0.0,0.0,old20,sol_opus
current_user,da-10-1,3,100.0,98.33333333333333,96.16666666666667,97.72222222222221,83.5,3.8333333333333335,-1.5555555555555547,14.222222222222221,16.5,0.0,0.0,0.0,0.0,old20,sol_opus
current_user,da-10-3,3,96.66666666666667,96.66666666666667,90.16666666666667,90.83333333333334,61.5,6.5,-0.6666666666666691,29.333333333333336,35.166666666666664,0.0,0.0,0.0,0.0,old20,sol_opus
current_user,da-12-2,3,68.33333333333333,68.33333333333333,73.33333333333333,69.33333333333333,80.83333333333333,-5.0,4.000000000000001,-11.500000000000002,-12.5,16.666666666666668,16.666666666666668,0.0,16.666666666666668,old20,sol_opus
current_user,da-12-4,3,86.0,86.0,86.0,84.33333333333333,85.5,0.0,1.6666666666666667,-1.1666666666666667,0.5,16.666666666666668,33.333333333333336,0.0,16.666666666666668,old20,sol_opus
current_user,da-13-1,3,100.0,100.0,91.0,91.0,80.66666666666667,9.0,0.0,10.333333333333334,19.333333333333332,0.0,0.0,0.0,0.0,old20,sol_opus
current_user,da-13-3,3,100.0,100.0,94.66666666666667,92.77777777777779,88.0,5.333333333333333,1.8888888888888882,4.777777777777779,12.0,0.0,0.0,0.0,0.0,old20,sol_opus
current_user,da-13-5,3,98.33333333333333,98.33333333333333,82.5,79.16666666666667,81.66666666666667,15.833333333333334,3.3333333333333335,-2.5,16.666666666666668,0.0,0.0,0.0,0.0,old20,sol_opus
current_user,da-13-6,3,100.0,100.0,78.33333333333333,75.0,88.33333333333333,21.666666666666668,3.3333333333333335,-13.333333333333334,11.666666666666666,0.0,0.0,0.0,0.0,old20,sol_opus
current_user,da-14-1,3,100.0,100.0,83.0,77.33333333333333,88.16666666666667,17.0,5.666666666666668,-10.833333333333334,11.833333333333334,0.0,0.0,0.0,0.0,old20,sol_opus
current_user,da-14-3,3,100.0,100.0,94.0,92.55555555555556,91.0,6.0,1.4444444444444453,1.5555555555555547,9.0,0.0,0.0,0.0,0.0,old20,sol_opus
current_user,da-14-8,3,75.66666666666667,75.66666666666667,66.66666666666667,66.5,67.16666666666667,9.0,0.16666666666666785,-0.6666666666666679,8.5,33.333333333333336,33.333333333333336,0.0,0.0,old20,sol_opus
current_user,da-15-1,3,87.0,87.0,88.33333333333333,89.77777777777777,68.33333333333333,-1.3333333333333333,-1.4444444444444429,21.444444444444443,18.666666666666668,0.0,0.0,0.0,0.0,old20,sol_opus
current_user,da-15-2,3,76.33333333333333,74.66666666666667,61.333333333333336,60.44444444444445,44.833333333333336,15.0,0.8888888888888881,15.611111111111112,31.5,0.0,0.0,0.0,0.0,old20,sol_opus
current_user,da-15-7,3,81.33333333333333,81.33333333333333,68.5,68.8888888888889,63.333333333333336,12.833333333333334,-0.38888888888889045,5.555555555555557,18.0,0.0,0.0,0.0,0.0,old20,sol_opus
current_user,da-15-8,3,93.33333333333333,90.0,87.5,87.22222222222223,64.83333333333333,5.833333333333333,0.2777777777777762,22.38888888888889,28.5,0.0,0.0,0.0,0.0,old20,sol_opus
current_user,da-16-1,3,100.0,100.0,94.0,92.66666666666667,77.16666666666667,6.0,1.3333333333333333,15.5,22.833333333333332,0.0,0.0,0.0,0.0,old20,sol_opus
current_user,da-18-5,3,100.0,100.0,98.33333333333333,94.27777777777777,84.16666666666667,1.6666666666666667,4.0555555555555545,10.111111111111112,15.833333333333334,0.0,0.0,0.0,0.0,old20,sol_opus
current_user,da-18-7,3,92.33333333333333,90.66666666666667,88.66666666666667,89.0,75.33333333333333,3.6666666666666665,-0.33333333333333454,13.666666666666668,17.0,0.0,0.0,0.0,0.0,old20,sol_opus
current_user,da-19-1,3,100.0,100.0,94.5,93.38888888888889,89.5,5.5,1.1111111111111096,3.8888888888888906,10.5,0.0,0.0,0.0,0.0,old20,sol_opus
current_user,da-19-6,3,37.333333333333336,37.333333333333336,19.0,16.27777777777778,53.833333333333336,18.333333333333332,2.7222222222222223,-37.55555555555555,-16.5,0.0,0.0,0.0,0.0,old20,sol_opus
static_full,da-10-1,3,100.0,100.0,83.33333333333333,87.5,66.5,16.666666666666668,-4.166666666666667,21.0,33.5,33.333333333333336,0.0,0.0,0.0,old20,sol_opus
static_full,da-10-3,3,100.0,100.0,82.83333333333333,90.94444444444444,65.0,17.166666666666668,-8.111111111111109,25.944444444444443,35.0,0.0,0.0,0.0,0.0,old20,sol_opus
static_full,da-12-2,3,100.0,100.0,96.66666666666667,95.83333333333333,68.33333333333333,3.3333333333333335,0.8333333333333334,27.5,31.666666666666668,83.33333333333333,0.0,16.666666666666668,0.0,old20,sol_opus
static_full,da-12-4,3,100.0,100.0,84.16666666666667,80.88888888888889,44.333333333333336,15.833333333333334,3.2777777777777763,36.55555555555556,55.666666666666664,100.0,16.666666666666668,33.333333333333336,16.666666666666668,old20,sol_opus
static_full,da-13-1,3,100.0,100.0,86.66666666666667,80.83333333333333,65.83333333333333,13.333333333333334,5.833333333333333,15.0,34.166666666666664,0.0,0.0,0.0,0.0,old20,sol_opus
static_full,da-13-3,3,100.0,100.0,100.0,98.94444444444444,87.5,0.0,1.0555555555555571,11.444444444444443,12.5,0.0,0.0,0.0,0.0,old20,sol_opus
static_full,da-13-5,3,100.0,100.0,95.0,93.8888888888889,75.5,5.0,1.1111111111111096,18.38888888888889,24.5,0.0,0.0,0.0,0.0,old20,sol_opus
static_full,da-13-6,3,100.0,100.0,100.0,98.8888888888889,82.16666666666667,0.0,1.1111111111111096,16.722222222222225,17.833333333333332,0.0,0.0,0.0,0.0,old20,sol_opus
static_full,da-14-1,3,100.0,100.0,85.83333333333333,81.44444444444444,80.66666666666667,14.166666666666666,4.388888888888887,0.7777777777777798,19.333333333333332,16.666666666666668,0.0,0.0,0.0,old20,sol_opus
static_full,da-14-3,3,100.0,100.0,100.0,100.0,87.0,0.0,0.0,13.0,13.0,0.0,0.0,0.0,0.0,old20,sol_opus
static_full,da-14-8,3,100.0,100.0,95.0,92.77777777777777,53.666666666666664,5.0,2.2222222222222237,39.11111111111111,46.333333333333336,50.0,0.0,0.0,0.0,old20,sol_opus
static_full,da-15-1,3,95.66666666666667,95.66666666666667,90.66666666666667,84.33333333333333,65.0,5.0,6.333333333333333,19.333333333333332,30.666666666666668,33.333333333333336,0.0,0.0,0.0,old20,sol_opus
static_full,da-15-2,3,100.0,100.0,75.5,66.11111111111111,52.666666666666664,24.5,9.38888888888889,13.444444444444445,47.333333333333336,33.333333333333336,16.666666666666668,0.0,0.0,old20,sol_opus
static_full,da-15-7,3,78.0,78.0,70.5,64.72222222222221,59.0,7.5,5.777777777777779,5.722222222222221,19.0,0.0,0.0,0.0,0.0,old20,sol_opus
static_full,da-15-8,3,100.0,100.0,98.33333333333333,97.77777777777777,45.333333333333336,1.6666666666666667,0.5555555555555571,52.44444444444444,54.666666666666664,33.333333333333336,0.0,16.666666666666668,0.0,old20,sol_opus
static_full,da-16-1,3,100.0,100.0,86.0,85.72222222222223,70.33333333333333,14.0,0.2777777777777762,15.388888888888891,29.666666666666668,0.0,0.0,0.0,0.0,old20,sol_opus
static_full,da-18-5,3,100.0,100.0,97.0,93.22222222222223,42.833333333333336,3.0,3.7777777777777786,50.388888888888886,57.166666666666664,33.333333333333336,0.0,0.0,0.0,old20,sol_opus
static_full,da-18-7,3,100.0,100.0,99.16666666666667,97.83333333333333,67.0,0.8333333333333334,1.3333333333333333,30.833333333333332,33.0,0.0,0.0,0.0,0.0,old20,sol_opus
static_full,da-19-1,3,100.0,100.0,97.83333333333333,98.05555555555556,90.0,2.1666666666666665,-0.22222222222222143,8.055555555555555,10.0,0.0,0.0,0.0,0.0,old20,sol_opus
static_full,da-19-6,3,60.666666666666664,60.666666666666664,55.833333333333336,61.166666666666664,80.5,4.833333333333333,-5.333333333333333,-19.333333333333332,-19.833333333333332,0.0,0.0,0.0,0.0,old20,sol_opus
static_user,da-10-1,3,93.0,93.0,80.0,79.27777777777777,67.66666666666667,13.0,0.7222222222222214,11.611111111111112,25.333333333333332,0.0,16.666666666666668,0.0,0.0,old20,sol_opus
static_user,da-10-3,3,96.66666666666667,96.66666666666667,91.33333333333333,90.83333333333333,53.166666666666664,5.333333333333333,0.5,37.666666666666664,43.5,0.0,0.0,0.0,0.0,old20,sol_opus
static_user,da-12-2,3,70.0,70.0,58.833333333333336,61.05555555555555,64.0,11.166666666666666,-2.22222222222222,-2.9444444444444464,6.0,100.0,100.0,0.0,33.333333333333336,old20,sol_opus
static_user,da-12-4,3,90.33333333333333,90.33333333333333,95.33333333333333,94.83333333333333,82.66666666666667,-5.0,0.5,12.166666666666666,7.666666666666667,66.66666666666667,33.333333333333336,0.0,0.0,old20,sol_opus
static_user,da-13-1,3,97.0,97.0,87.16666666666667,87.5,70.33333333333333,9.833333333333334,-0.3333333333333333,17.166666666666668,26.666666666666668,16.666666666666668,33.333333333333336,0.0,16.666666666666668,old20,sol_opus
static_user,da-13-3,3,100.0,100.0,100.0,100.0,86.83333333333333,0.0,0.0,13.166666666666666,13.166666666666666,0.0,0.0,0.0,0.0,old20,sol_opus
static_user,da-13-5,3,96.66666666666667,96.66666666666667,89.16666666666667,88.61111111111111,78.66666666666667,7.5,0.5555555555555548,9.944444444444445,18.0,0.0,0.0,0.0,0.0,old20,sol_opus
static_user,da-13-6,3,100.0,100.0,79.16666666666667,72.22222222222223,81.5,20.833333333333332,6.944444444444444,-9.277777777777777,18.5,0.0,0.0,0.0,0.0,old20,sol_opus
static_user,da-14-1,3,100.0,100.0,84.16666666666667,78.72222222222223,88.33333333333333,15.833333333333334,5.444444444444443,-9.611111111111109,11.666666666666666,0.0,0.0,0.0,0.0,old20,sol_opus
static_user,da-14-3,3,100.0,100.0,98.16666666666667,100.0,90.83333333333333,1.8333333333333333,-1.8333333333333333,9.166666666666666,9.166666666666666,0.0,0.0,0.0,0.0,old20,sol_opus
static_user,da-14-8,3,94.33333333333333,94.33333333333333,75.16666666666667,71.11111111111111,66.16666666666667,19.166666666666668,4.055555555555556,4.944444444444444,28.166666666666668,33.333333333333336,0.0,0.0,0.0,old20,sol_opus
static_user,da-15-1,3,80.33333333333333,80.33333333333333,80.16666666666667,79.55555555555556,55.5,0.16666666666666666,0.6111111111111107,24.055555555555557,24.833333333333332,83.33333333333333,0.0,0.0,0.0,old20,sol_opus
static_user,da-15-2,3,79.66666666666667,79.66666666666667,74.66666666666667,66.16666666666666,47.0,5.0,8.5,19.166666666666668,32.666666666666664,33.333333333333336,16.666666666666668,0.0,16.666666666666668,old20,sol_opus
static_user,da-15-7,3,77.0,77.0,70.0,68.88888888888889,42.833333333333336,7.0,1.1111111111111107,26.055555555555557,34.166666666666664,33.333333333333336,16.666666666666668,0.0,0.0,old20,sol_opus
static_user,da-15-8,3,100.0,100.0,88.66666666666667,88.66666666666667,63.833333333333336,11.333333333333334,0.0,24.833333333333332,36.166666666666664,16.666666666666668,16.666666666666668,0.0,33.333333333333336,old20,sol_opus
static_user,da-16-1,3,100.0,100.0,94.83333333333333,92.66666666666667,78.5,5.166666666666667,2.1666666666666665,14.166666666666666,21.5,0.0,0.0,0.0,0.0,old20,sol_opus
static_user,da-18-5,3,100.0,100.0,94.0,88.44444444444444,68.16666666666667,6.0,5.555555555555557,20.277777777777775,31.833333333333332,16.666666666666668,0.0,0.0,0.0,old20,sol_opus
static_user,da-18-7,3,71.66666666666667,71.66666666666667,75.5,78.05555555555556,64.33333333333333,-3.8333333333333335,-2.555555555555555,13.722222222222221,7.333333333333333,0.0,0.0,0.0,0.0,old20,sol_opus
static_user,da-19-1,3,100.0,100.0,97.16666666666667,97.38888888888889,88.83333333333333,2.8333333333333335,-0.22222222222222143,8.555555555555555,11.166666666666666,0.0,0.0,0.0,0.0,old20,sol_opus
static_user,da-19-6,3,45.0,45.0,31.333333333333332,33.55555555555556,70.33333333333333,13.666666666666666,-2.2222222222222228,-36.77777777777778,-25.333333333333332,0.0,0.0,0.0,0.0,old20,sol_opus
current_full,da-10-1,3,100.0,100.0,97.66666666666667,99.0,80.66666666666667,2.3333333333333335,-1.3333333333333333,18.333333333333332,19.333333333333332,0.0,0.0,0.0,0.0,old20,sol
current_full,da-10-3,3,100.0,100.0,100.0,100.0,65.66666666666667,0.0,0.0,34.333333333333336,34.333333333333336,0.0,0.0,0.0,0.0,old20,sol
current_full,da-12-2,3,90.0,88.33333333333333,90.0,91.11111111111111,80.0,0.0,-1.1111111111111096,11.111111111111109,10.0,33.333333333333336,33.333333333333336,33.333333333333336,33.333333333333336,old20,sol
current_full,da-12-4,3,90.66666666666667,90.66666666666667,85.33333333333333,85.33333333333333,78.33333333333333,5.333333333333333,0.0,7.0,12.333333333333334,33.333333333333336,0.0,0.0,0.0,old20,sol
current_full,da-13-1,3,100.0,100.0,91.0,91.0,73.0,9.0,0.0,18.0,27.0,0.0,0.0,0.0,0.0,old20,sol
current_full,da-13-3,3,100.0,100.0,100.0,100.0,90.0,0.0,0.0,10.0,10.0,0.0,0.0,0.0,0.0,old20,sol
current_full,da-13-5,3,100.0,100.0,93.33333333333333,92.77777777777777,85.66666666666667,6.666666666666667,0.5555555555555571,7.11111111111111,14.333333333333334,0.0,0.0,0.0,0.0,old20,sol
current_full,da-13-6,3,100.0,100.0,83.33333333333333,85.55555555555556,68.33333333333333,16.666666666666668,-2.2222222222222237,17.222222222222225,31.666666666666668,0.0,0.0,0.0,0.0,old20,sol
current_full,da-14-1,3,100.0,100.0,94.33333333333333,91.33333333333333,93.33333333333333,5.666666666666667,3.0,-2.0,6.666666666666667,0.0,0.0,0.0,0.0,old20,sol
current_full,da-14-3,3,100.0,100.0,100.0,100.0,96.0,0.0,0.0,4.0,4.0,0.0,0.0,0.0,0.0,old20,sol
current_full,da-14-8,3,100.0,100.0,100.0,98.33333333333333,49.333333333333336,0.0,1.6666666666666667,49.0,50.666666666666664,33.333333333333336,0.0,0.0,0.0,old20,sol
current_full,da-15-1,3,91.33333333333333,91.33333333333333,89.66666666666667,89.66666666666667,76.66666666666667,1.6666666666666667,0.0,13.0,14.666666666666666,33.333333333333336,0.0,0.0,0.0,old20,sol
current_full,da-15-2,3,85.33333333333333,83.66666666666667,74.66666666666667,74.11111111111111,58.666666666666664,10.666666666666666,0.5555555555555571,15.444444444444443,26.666666666666668,0.0,33.333333333333336,0.0,0.0,old20,sol
current_full,da-15-7,3,73.66666666666667,73.66666666666667,66.33333333333333,66.33333333333333,53.666666666666664,7.333333333333333,0.0,12.666666666666666,20.0,0.0,0.0,0.0,0.0,old20,sol
current_full,da-15-8,3,100.0,100.0,82.66666666666667,80.0,40.0,17.333333333333332,2.6666666666666665,40.0,60.0,0.0,0.0,0.0,0.0,old20,sol
current_full,da-16-1,3,100.0,100.0,100.0,99.44444444444444,77.0,0.0,0.5555555555555571,22.444444444444443,23.0,0.0,0.0,0.0,0.0,old20,sol
current_full,da-18-5,3,100.0,100.0,100.0,97.44444444444444,51.0,0.0,2.5555555555555522,46.44444444444445,49.0,0.0,0.0,0.0,0.0,old20,sol
current_full,da-18-7,3,97.33333333333333,97.33333333333333,92.33333333333333,93.77777777777777,66.0,5.0,-1.4444444444444429,27.777777777777775,31.333333333333332,0.0,0.0,0.0,0.0,old20,sol
current_full,da-19-1,3,100.0,100.0,97.33333333333333,97.33333333333333,92.33333333333333,2.6666666666666665,0.0,5.0,7.666666666666667,0.0,0.0,0.0,0.0,old20,sol
current_full,da-19-6,3,59.666666666666664,59.666666666666664,38.333333333333336,39.111111111111114,69.0,21.333333333333332,-0.7777777777777773,-29.88888888888889,-9.333333333333334,0.0,0.0,0.0,0.0,old20,sol
current_user,da-10-1,3,100.0,98.33333333333333,92.33333333333333,97.33333333333333,89.66666666666667,7.666666666666667,-5.0,7.666666666666667,10.333333333333334,0.0,0.0,0.0,0.0,old20,sol
current_user,da-10-3,3,96.66666666666667,96.66666666666667,93.33333333333333,95.0,63.0,3.3333333333333335,-1.6666666666666667,32.0,33.666666666666664,0.0,0.0,0.0,0.0,old20,sol
current_user,da-12-2,3,68.33333333333333,68.33333333333333,75.0,72.22222222222221,95.66666666666667,-6.666666666666667,2.777777777777781,-23.444444444444446,-27.333333333333332,33.333333333333336,33.333333333333336,0.0,0.0,old20,sol
current_user,da-12-4,3,86.0,86.0,86.0,83.66666666666667,87.33333333333333,0.0,2.3333333333333335,-3.6666666666666665,-1.3333333333333333,33.333333333333336,33.333333333333336,0.0,33.333333333333336,old20,sol
current_user,da-13-1,3,100.0,100.0,88.0,91.0,78.66666666666667,12.0,-3.0,12.333333333333334,21.333333333333332,0.0,0.0,0.0,0.0,old20,sol
current_user,da-13-3,3,100.0,100.0,97.0,95.44444444444444,90.66666666666667,3.0,1.5555555555555571,4.777777777777776,9.333333333333334,0.0,0.0,0.0,0.0,old20,sol
current_user,da-13-5,3,98.33333333333333,98.33333333333333,81.66666666666667,81.66666666666667,78.66666666666667,16.666666666666668,0.0,3.0,19.666666666666668,0.0,0.0,0.0,0.0,old20,sol
current_user,da-13-6,3,100.0,100.0,85.0,85.0,93.33333333333333,15.0,0.0,-8.333333333333334,6.666666666666667,0.0,0.0,0.0,0.0,old20,sol
current_user,da-14-1,3,100.0,100.0,79.0,67.66666666666666,94.33333333333333,21.0,11.333333333333336,-26.666666666666668,5.666666666666667,0.0,0.0,0.0,0.0,old20,sol
current_user,da-14-3,3,100.0,100.0,96.33333333333333,91.66666666666667,96.0,3.6666666666666665,4.666666666666667,-4.333333333333333,4.0,0.0,0.0,0.0,0.0,old20,sol
current_user,da-14-8,3,75.66666666666667,75.66666666666667,63.333333333333336,65.55555555555556,76.0,12.333333333333334,-2.2222222222222237,-10.444444444444443,-0.3333333333333333,33.333333333333336,33.333333333333336,0.0,0.0,old20,sol
current_user,da-15-1,3,87.0,87.0,89.66666666666667,89.66666666666667,66.66666666666667,-2.6666666666666665,0.0,23.0,20.333333333333332,0.0,0.0,0.0,0.0,old20,sol
current_user,da-15-2,3,76.33333333333333,74.66666666666667,62.666666666666664,57.333333333333336,46.0,13.666666666666666,5.333333333333333,11.333333333333334,30.333333333333332,0.0,0.0,0.0,0.0,old20,sol
current_user,da-15-7,3,81.33333333333333,81.33333333333333,65.66666666666667,65.66666666666667,54.666666666666664,15.666666666666666,0.0,11.0,26.666666666666668,0.0,0.0,0.0,0.0,old20,sol
current_user,da-15-8,3,93.33333333333333,90.0,86.0,84.88888888888889,58.0,7.333333333333333,1.1111111111111096,26.88888888888889,35.333333333333336,0.0,0.0,0.0,0.0,old20,sol
current_user,da-16-1,3,100.0,100.0,95.66666666666667,95.66666666666667,84.66666666666667,4.333333333333333,0.0,11.0,15.333333333333334,0.0,0.0,0.0,0.0,old20,sol
current_user,da-18-5,3,100.0,100.0,100.0,94.11111111111111,92.66666666666667,0.0,5.88888888888889,1.4444444444444429,7.333333333333333,0.0,0.0,0.0,0.0,old20,sol
current_user,da-18-7,3,92.33333333333333,90.66666666666667,83.33333333333333,83.44444444444444,76.66666666666667,9.0,-0.1111111111111119,6.777777777777779,15.666666666666666,0.0,0.0,0.0,0.0,old20,sol
current_user,da-19-1,3,100.0,100.0,96.0,94.22222222222223,96.0,4.0,1.7777777777777761,-1.7777777777777761,4.0,0.0,0.0,0.0,0.0,old20,sol
current_user,da-19-6,3,37.333333333333336,37.333333333333336,13.666666666666666,13.11111111111111,71.33333333333333,23.666666666666668,0.5555555555555554,-58.22222222222222,-34.0,0.0,0.0,0.0,0.0,old20,sol
static_full,da-10-1,3,100.0,100.0,85.66666666666667,89.33333333333333,66.33333333333333,14.333333333333334,-3.6666666666666665,23.0,33.666666666666664,0.0,0.0,0.0,0.0,old20,sol
static_full,da-10-3,3,100.0,100.0,70.66666666666667,90.11111111111111,54.666666666666664,29.333333333333332,-19.444444444444443,35.44444444444444,45.333333333333336,0.0,0.0,0.0,0.0,old20,sol
static_full,da-12-2,3,100.0,100.0,96.66666666666667,95.0,66.33333333333333,3.3333333333333335,1.6666666666666667,28.666666666666668,33.666666666666664,100.0,0.0,33.333333333333336,0.0,old20,sol
static_full,da-12-4,3,100.0,100.0,82.33333333333333,75.55555555555556,43.333333333333336,17.666666666666668,6.777777777777776,32.22222222222222,56.666666666666664,100.0,0.0,0.0,0.0,old20,sol
static_full,da-13-1,3,100.0,100.0,82.33333333333333,73.11111111111111,58.666666666666664,17.666666666666668,9.222222222222223,14.444444444444443,41.333333333333336,0.0,0.0,0.0,0.0,old20,sol
static_full,da-13-3,3,100.0,100.0,100.0,100.0,90.33333333333333,0.0,0.0,9.666666666666666,9.666666666666666,0.0,0.0,0.0,0.0,old20,sol
static_full,da-13-5,3,100.0,100.0,93.33333333333333,93.33333333333333,65.66666666666667,6.666666666666667,0.0,27.666666666666668,34.333333333333336,0.0,0.0,0.0,0.0,old20,sol
static_full,da-13-6,3,100.0,100.0,100.0,100.0,82.33333333333333,0.0,0.0,17.666666666666668,17.666666666666668,0.0,0.0,0.0,0.0,old20,sol
static_full,da-14-1,3,100.0,100.0,78.0,77.22222222222223,80.66666666666667,22.0,0.7777777777777786,-3.444444444444445,19.333333333333332,0.0,0.0,0.0,0.0,old20,sol
static_full,da-14-3,3,100.0,100.0,100.0,100.0,88.66666666666667,0.0,0.0,11.333333333333334,11.333333333333334,0.0,0.0,0.0,0.0,old20,sol
static_full,da-14-8,3,100.0,100.0,93.33333333333333,92.77777777777777,48.0,6.666666666666667,0.5555555555555571,44.77777777777778,52.0,66.66666666666667,0.0,0.0,0.0,old20,sol
static_full,da-15-1,3,95.66666666666667,95.66666666666667,89.0,80.66666666666667,62.0,6.666666666666667,8.333333333333334,18.666666666666668,33.666666666666664,33.333333333333336,0.0,0.0,0.0,old20,sol
static_full,da-15-2,3,100.0,100.0,69.0,66.77777777777777,48.333333333333336,31.0,2.2222222222222214,18.444444444444446,51.666666666666664,33.333333333333336,33.333333333333336,0.0,0.0,old20,sol
static_full,da-15-7,3,78.0,78.0,68.0,63.55555555555556,55.0,10.0,4.4444444444444455,8.555555555555555,23.0,0.0,0.0,0.0,0.0,old20,sol
static_full,da-15-8,3,100.0,100.0,96.66666666666667,97.22222222222221,24.0,3.3333333333333335,-0.5555555555555524,73.22222222222221,76.0,33.333333333333336,0.0,0.0,0.0,old20,sol
static_full,da-16-1,3,100.0,100.0,90.33333333333333,88.0,75.0,9.666666666666666,2.3333333333333335,13.0,25.0,0.0,0.0,0.0,0.0,old20,sol
static_full,da-18-5,3,100.0,100.0,100.0,94.44444444444444,47.0,0.0,5.555555555555557,47.44444444444444,53.0,33.333333333333336,0.0,0.0,0.0,old20,sol
static_full,da-18-7,3,100.0,100.0,100.0,97.33333333333333,62.666666666666664,0.0,2.6666666666666665,34.666666666666664,37.333333333333336,0.0,0.0,0.0,0.0,old20,sol
static_full,da-19-1,3,100.0,100.0,97.0,97.44444444444444,95.33333333333333,3.0,-0.44444444444444287,2.1111111111111094,4.666666666666667,0.0,0.0,0.0,0.0,old20,sol
static_full,da-19-6,3,60.666666666666664,60.666666666666664,49.0,54.55555555555556,80.66666666666667,11.666666666666666,-5.555555555555557,-26.11111111111111,-20.0,0.0,0.0,0.0,0.0,old20,sol
static_user,da-10-1,3,93.0,93.0,74.0,76.33333333333333,68.66666666666667,19.0,-2.3333333333333335,7.666666666666667,24.333333333333332,0.0,0.0,0.0,0.0,old20,sol
static_user,da-10-3,3,96.66666666666667,96.66666666666667,93.0,93.0,55.0,3.6666666666666665,0.0,38.0,41.666666666666664,0.0,0.0,0.0,0.0,old20,sol
static_user,da-12-2,3,70.0,70.0,60.0,64.22222222222223,74.66666666666667,10.0,-4.222222222222221,-10.444444444444445,-4.666666666666667,100.0,100.0,0.0,33.333333333333336,old20,sol
static_user,da-12-4,3,90.33333333333333,90.33333333333333,95.33333333333333,94.33333333333333,85.0,-5.0,1.0,9.333333333333334,5.333333333333333,66.66666666666667,33.333333333333336,0.0,0.0,old20,sol
static_user,da-13-1,3,97.0,97.0,88.0,81.11111111111111,66.66666666666667,9.0,6.88888888888889,14.444444444444443,30.333333333333332,0.0,33.333333333333336,0.0,0.0,old20,sol
static_user,da-13-3,3,100.0,100.0,100.0,100.0,90.0,0.0,0.0,10.0,10.0,0.0,0.0,0.0,0.0,old20,sol
static_user,da-13-5,3,96.66666666666667,96.66666666666667,96.66666666666667,94.44444444444444,80.0,0.0,2.222222222222219,14.444444444444448,16.666666666666668,0.0,0.0,0.0,0.0,old20,sol
static_user,da-13-6,3,100.0,100.0,85.0,67.77777777777777,82.33333333333333,15.0,17.22222222222222,-14.555555555555555,17.666666666666668,0.0,0.0,0.0,0.0,old20,sol
static_user,da-14-1,3,100.0,100.0,83.0,76.22222222222223,91.0,17.0,6.777777777777776,-14.777777777777777,9.0,0.0,0.0,0.0,0.0,old20,sol
static_user,da-14-3,3,100.0,100.0,100.0,100.0,95.0,0.0,0.0,5.0,5.0,0.0,0.0,0.0,0.0,old20,sol
static_user,da-14-8,3,94.33333333333333,94.33333333333333,75.66666666666667,67.55555555555556,71.33333333333333,18.666666666666668,8.111111111111112,-3.7777777777777786,23.0,66.66666666666667,0.0,0.0,0.0,old20,sol
static_user,da-15-1,3,80.33333333333333,80.33333333333333,81.33333333333333,80.77777777777777,54.0,-1.0,0.5555555555555571,26.777777777777775,26.333333333333332,100.0,0.0,0.0,0.0,old20,sol
static_user,da-15-2,3,79.66666666666667,79.66666666666667,76.33333333333333,61.77777777777778,46.333333333333336,3.3333333333333335,14.555555555555555,15.444444444444445,33.333333333333336,33.333333333333336,33.333333333333336,0.0,0.0,old20,sol
static_user,da-15-7,3,77.0,77.0,64.66666666666667,65.22222222222223,35.0,12.333333333333334,-0.5555555555555571,30.222222222222225,42.0,0.0,0.0,0.0,0.0,old20,sol
static_user,da-15-8,3,100.0,100.0,87.0,87.0,52.666666666666664,13.0,0.0,34.333333333333336,47.333333333333336,0.0,33.333333333333336,0.0,33.333333333333336,old20,sol
static_user,da-16-1,3,100.0,100.0,100.0,97.11111111111111,88.33333333333333,0.0,2.8888888888888906,8.777777777777777,11.666666666666666,0.0,0.0,0.0,0.0,old20,sol
static_user,da-18-5,3,100.0,100.0,91.33333333333333,88.44444444444444,70.66666666666667,8.666666666666666,2.8888888888888906,17.777777777777775,29.333333333333332,0.0,0.0,0.0,0.0,old20,sol
static_user,da-18-7,3,71.66666666666667,71.66666666666667,65.66666666666667,67.33333333333333,69.66666666666667,6.0,-1.6666666666666667,-2.3333333333333335,2.0,0.0,0.0,0.0,0.0,old20,sol
static_user,da-19-1,3,100.0,100.0,98.66666666666667,98.66666666666667,94.66666666666667,1.3333333333333333,0.0,4.0,5.333333333333333,0.0,0.0,0.0,0.0,old20,sol
static_user,da-19-6,3,45.0,45.0,24.333333333333332,23.77777777777778,81.66666666666667,20.666666666666668,0.5555555555555548,-57.888888888888886,-36.666666666666664,0.0,0.0,0.0,0.0,old20,sol
current_full,da-10-1,3,100.0,100.0,98.33333333333333,98.33333333333333,81.66666666666667,1.6666666666666667,0.0,16.666666666666668,18.333333333333332,0.0,0.0,0.0,0.0,old20,opus
current_full,da-10-3,3,100.0,100.0,98.33333333333333,98.22222222222221,78.0,1.6666666666666667,0.11111111111111427,20.222222222222218,22.0,0.0,0.0,0.0,0.0,old20,opus
current_full,da-12-2,3,90.0,88.33333333333333,88.33333333333333,88.88888888888889,74.33333333333333,1.6666666666666667,-0.5555555555555571,14.555555555555557,15.666666666666666,33.333333333333336,33.333333333333336,33.333333333333336,33.333333333333336,old20,opus
current_full,da-12-4,3,90.66666666666667,90.66666666666667,95.33333333333333,89.88888888888889,82.0,-4.666666666666667,5.444444444444443,7.88888888888889,8.666666666666666,33.333333333333336,0.0,0.0,0.0,old20,opus
current_full,da-13-1,3,100.0,100.0,94.0,90.77777777777777,82.0,6.0,3.2222222222222237,8.777777777777777,18.0,0.0,0.0,0.0,0.0,old20,opus
current_full,da-13-3,3,100.0,100.0,100.0,96.88888888888889,84.33333333333333,0.0,3.1111111111111143,12.555555555555552,15.666666666666666,0.0,0.0,0.0,0.0,old20,opus
current_full,da-13-5,3,100.0,100.0,90.0,87.77777777777777,86.33333333333333,10.0,2.2222222222222237,1.4444444444444429,13.666666666666666,0.0,0.0,0.0,0.0,old20,opus
current_full,da-13-6,3,100.0,100.0,76.66666666666667,68.88888888888889,79.66666666666667,23.333333333333332,7.777777777777781,-10.77777777777778,20.333333333333332,0.0,0.0,0.0,0.0,old20,opus
current_full,da-14-1,3,100.0,100.0,94.33333333333333,88.88888888888889,83.33333333333333,5.666666666666667,5.444444444444443,5.555555555555557,16.666666666666668,0.0,0.0,0.0,0.0,old20,opus
current_full,da-14-3,3,100.0,100.0,100.0,100.0,88.0,0.0,0.0,12.0,12.0,0.0,0.0,0.0,0.0,old20,opus
current_full,da-14-8,3,100.0,100.0,95.0,96.11111111111111,67.33333333333333,5.0,-1.1111111111111096,28.777777777777775,32.666666666666664,0.0,0.0,0.0,0.0,old20,opus
current_full,da-15-1,3,91.33333333333333,91.33333333333333,91.33333333333333,89.66666666666667,82.33333333333333,0.0,1.6666666666666667,7.333333333333333,9.0,0.0,0.0,0.0,0.0,old20,opus
current_full,da-15-2,3,85.33333333333333,83.66666666666667,72.66666666666667,70.55555555555556,70.66666666666667,12.666666666666666,2.111111111111112,-0.1111111111111119,14.666666666666666,0.0,0.0,0.0,0.0,old20,opus
current_full,da-15-7,3,73.66666666666667,73.66666666666667,65.33333333333333,68.11111111111111,64.66666666666667,8.333333333333334,-2.7777777777777786,3.444444444444445,9.0,0.0,0.0,0.0,0.0,old20,opus
current_full,da-15-8,3,100.0,100.0,85.33333333333333,85.33333333333333,67.66666666666667,14.666666666666666,0.0,17.666666666666668,32.333333333333336,0.0,0.0,0.0,0.0,old20,opus
current_full,da-16-1,3,100.0,100.0,95.0,95.0,76.0,5.0,0.0,19.0,24.0,0.0,0.0,0.0,0.0,old20,opus
current_full,da-18-5,3,100.0,100.0,93.33333333333333,92.22222222222223,62.0,6.666666666666667,1.1111111111111096,30.222222222222225,38.0,0.0,0.0,0.0,0.0,old20,opus
current_full,da-18-7,3,97.33333333333333,97.33333333333333,100.0,100.0,76.0,-2.6666666666666665,0.0,24.0,21.333333333333332,0.0,0.0,0.0,0.0,old20,opus
current_full,da-19-1,3,100.0,100.0,97.33333333333333,98.22222222222223,85.0,2.6666666666666665,-0.8888888888888905,13.222222222222223,15.0,0.0,0.0,0.0,0.0,old20,opus
current_full,da-19-6,3,59.666666666666664,59.666666666666664,59.333333333333336,54.66666666666667,68.66666666666667,0.3333333333333333,4.666666666666664,-13.999999999999998,-9.0,0.0,0.0,0.0,0.0,old20,opus
current_user,da-10-1,3,100.0,98.33333333333333,100.0,98.11111111111111,77.33333333333333,0.0,1.8888888888888904,20.777777777777775,22.666666666666668,0.0,0.0,0.0,0.0,old20,opus
current_user,da-10-3,3,96.66666666666667,96.66666666666667,87.0,86.66666666666667,60.0,9.666666666666666,0.3333333333333286,26.66666666666667,36.666666666666664,0.0,0.0,0.0,0.0,old20,opus
current_user,da-12-2,3,68.33333333333333,68.33333333333333,71.66666666666667,66.44444444444444,66.0,-3.3333333333333335,5.222222222222221,0.44444444444444525,2.3333333333333335,0.0,0.0,0.0,33.333333333333336,old20,opus
current_user,da-12-4,3,86.0,86.0,86.0,85.0,83.66666666666667,0.0,1.0,1.3333333333333333,2.3333333333333335,0.0,33.333333333333336,0.0,0.0,old20,opus
current_user,da-13-1,3,100.0,100.0,94.0,91.0,82.66666666666667,6.0,3.0,8.333333333333334,17.333333333333332,0.0,0.0,0.0,0.0,old20,opus
current_user,da-13-3,3,100.0,100.0,92.33333333333333,90.11111111111111,85.33333333333333,7.666666666666667,2.222222222222219,4.777777777777781,14.666666666666666,0.0,0.0,0.0,0.0,old20,opus
current_user,da-13-5,3,98.33333333333333,98.33333333333333,83.33333333333333,76.66666666666667,84.66666666666667,15.0,6.666666666666667,-8.0,13.666666666666666,0.0,0.0,0.0,0.0,old20,opus
current_user,da-13-6,3,100.0,100.0,71.66666666666667,65.0,83.33333333333333,28.333333333333332,6.666666666666667,-18.333333333333332,16.666666666666668,0.0,0.0,0.0,0.0,old20,opus
current_user,da-14-1,3,100.0,100.0,87.0,87.0,82.0,13.0,0.0,5.0,18.0,0.0,0.0,0.0,0.0,old20,opus
current_user,da-14-3,3,100.0,100.0,91.66666666666667,93.44444444444444,86.0,8.333333333333334,-1.7777777777777761,7.444444444444443,14.0,0.0,0.0,0.0,0.0,old20,opus
current_user,da-14-8,3,75.66666666666667,75.66666666666667,70.0,67.44444444444444,58.333333333333336,5.666666666666667,2.5555555555555594,9.111111111111107,17.333333333333332,33.333333333333336,33.333333333333336,0.0,0.0,old20,opus
current_user,da-15-1,3,87.0,87.0,87.0,89.88888888888889,70.0,0.0,-2.8888888888888857,19.888888888888886,17.0,0.0,0.0,0.0,0.0,old20,opus
current_user,da-15-2,3,76.33333333333333,74.66666666666667,60.0,63.55555555555556,43.666666666666664,16.333333333333332,-3.555555555555557,19.88888888888889,32.666666666666664,0.0,0.0,0.0,0.0,old20,opus
current_user,da-15-7,3,81.33333333333333,81.33333333333333,71.33333333333333,72.11111111111111,72.0,10.0,-0.7777777777777809,0.11111111111111427,9.333333333333334,0.0,0.0,0.0,0.0,old20,opus
current_user,da-15-8,3,93.33333333333333,90.0,89.0,89.55555555555556,71.66666666666667,4.333333333333333,-0.5555555555555571,17.88888888888889,21.666666666666668,0.0,0.0,0.0,0.0,old20,opus
current_user,da-16-1,3,100.0,100.0,92.33333333333333,89.66666666666667,69.66666666666667,7.666666666666667,2.6666666666666665,20.0,30.333333333333332,0.0,0.0,0.0,0.0,old20,opus
current_user,da-18-5,3,100.0,100.0,96.66666666666667,94.44444444444444,75.66666666666667,3.3333333333333335,2.222222222222219,18.777777777777782,24.333333333333332,0.0,0.0,0.0,0.0,old20,opus
current_user,da-18-7,3,92.33333333333333,90.66666666666667,94.0,94.55555555555556,74.0,-1.6666666666666667,-0.5555555555555571,20.555555555555557,18.333333333333332,0.0,0.0,0.0,0.0,old20,opus
current_user,da-19-1,3,100.0,100.0,93.0,92.55555555555556,83.0,7.0,0.44444444444444287,9.555555555555557,17.0,0.0,0.0,0.0,0.0,old20,opus
current_user,da-19-6,3,37.333333333333336,37.333333333333336,24.333333333333332,19.444444444444443,36.333333333333336,13.0,4.888888888888889,-16.88888888888889,1.0,0.0,0.0,0.0,0.0,old20,opus
static_full,da-10-1,3,100.0,100.0,81.0,85.66666666666667,66.66666666666667,19.0,-4.666666666666667,19.0,33.333333333333336,66.66666666666667,0.0,0.0,0.0,old20,opus
static_full,da-10-3,3,100.0,100.0,95.0,91.77777777777777,75.33333333333333,5.0,3.2222222222222237,16.444444444444443,24.666666666666668,0.0,0.0,0.0,0.0,old20,opus
static_full,da-12-2,3,100.0,100.0,96.66666666666667,96.66666666666667,70.33333333333333,3.3333333333333335,0.0,26.333333333333332,29.666666666666668,66.66666666666667,0.0,0.0,0.0,old20,opus
static_full,da-12-4,3,100.0,100.0,86.0,86.22222222222223,45.333333333333336,14.0,-0.2222222222222238,40.88888888888889,54.666666666666664,100.0,33.333333333333336,66.66666666666667,33.333333333333336,old20,opus
static_full,da-13-1,3,100.0,100.0,91.0,88.55555555555556,73.0,9.0,2.444444444444443,15.555555555555557,27.0,0.0,0.0,0.0,0.0,old20,opus
static_full,da-13-3,3,100.0,100.0,100.0,97.88888888888889,84.66666666666667,0.0,2.1111111111111143,13.22222222222222,15.333333333333334,0.0,0.0,0.0,0.0,old20,opus
static_full,da-13-5,3,100.0,100.0,96.66666666666667,94.44444444444444,85.33333333333333,3.3333333333333335,2.222222222222219,9.111111111111114,14.666666666666666,0.0,0.0,0.0,0.0,old20,opus
static_full,da-13-6,3,100.0,100.0,100.0,97.77777777777779,82.0,0.0,2.222222222222219,15.77777777777778,18.0,0.0,0.0,0.0,0.0,old20,opus
static_full,da-14-1,3,100.0,100.0,93.66666666666667,85.66666666666667,80.66666666666667,6.333333333333333,7.999999999999996,5.000000000000004,19.333333333333332,33.333333333333336,0.0,0.0,0.0,old20,opus
static_full,da-14-3,3,100.0,100.0,100.0,100.0,85.33333333333333,0.0,0.0,14.666666666666666,14.666666666666666,0.0,0.0,0.0,0.0,old20,opus
static_full,da-14-8,3,100.0,100.0,96.66666666666667,92.77777777777777,59.333333333333336,3.3333333333333335,3.8888888888888906,33.44444444444444,40.666666666666664,33.333333333333336,0.0,0.0,0.0,old20,opus
static_full,da-15-1,3,95.66666666666667,95.66666666666667,92.33333333333333,88.0,68.0,3.3333333333333335,4.333333333333333,20.0,27.666666666666668,33.333333333333336,0.0,0.0,0.0,old20,opus
static_full,da-15-2,3,100.0,100.0,82.0,65.44444444444444,57.0,18.0,16.555555555555557,8.444444444444443,43.0,33.333333333333336,0.0,0.0,0.0,old20,opus
static_full,da-15-7,3,78.0,78.0,73.0,65.88888888888889,63.0,5.0,7.111111111111112,2.888888888888888,15.0,0.0,0.0,0.0,0.0,old20,opus
static_full,da-15-8,3,100.0,100.0,100.0,98.33333333333333,66.66666666666667,0.0,1.6666666666666667,31.666666666666668,33.333333333333336,33.333333333333336,0.0,33.333333333333336,0.0,old20,opus
static_full,da-16-1,3,100.0,100.0,81.66666666666667,83.44444444444444,65.66666666666667,18.333333333333332,-1.777777777777781,17.777777777777782,34.333333333333336,0.0,0.0,0.0,0.0,old20,opus
static_full,da-18-5,3,100.0,100.0,94.0,92.0,38.666666666666664,6.0,2.0,53.333333333333336,61.333333333333336,33.333333333333336,0.0,0.0,0.0,old20,opus
static_full,da-18-7,3,100.0,100.0,98.33333333333333,98.33333333333333,71.33333333333333,1.6666666666666667,0.0,27.0,28.666666666666668,0.0,0.0,0.0,0.0,old20,opus
static_full,da-19-1,3,100.0,100.0,98.66666666666667,98.66666666666667,84.66666666666667,1.3333333333333333,0.0,14.0,15.333333333333334,0.0,0.0,0.0,0.0,old20,opus
static_full,da-19-6,3,60.666666666666664,60.666666666666664,62.666666666666664,67.77777777777777,80.33333333333333,-2.0,-5.11111111111111,-12.555555555555557,-19.666666666666668,0.0,0.0,0.0,0.0,old20,opus
static_user,da-10-1,3,93.0,93.0,86.0,82.22222222222223,66.66666666666667,7.0,3.7777777777777763,15.555555555555557,26.333333333333332,0.0,33.333333333333336,0.0,0.0,old20,opus
static_user,da-10-3,3,96.66666666666667,96.66666666666667,89.66666666666667,88.66666666666667,51.333333333333336,7.0,1.0,37.333333333333336,45.333333333333336,0.0,0.0,0.0,0.0,old20,opus
static_user,da-12-2,3,70.0,70.0,57.666666666666664,57.888888888888886,53.333333333333336,12.333333333333334,-0.22222222222221907,4.555555555555553,16.666666666666668,100.0,100.0,0.0,33.333333333333336,old20,opus
static_user,da-12-4,3,90.33333333333333,90.33333333333333,95.33333333333333,95.33333333333333,80.33333333333333,-5.0,0.0,15.0,10.0,66.66666666666667,33.333333333333336,0.0,0.0,old20,opus
static_user,da-13-1,3,97.0,97.0,86.33333333333333,93.88888888888889,74.0,10.666666666666666,-7.555555555555557,19.88888888888889,23.0,33.333333333333336,33.333333333333336,0.0,33.333333333333336,old20,opus
static_user,da-13-3,3,100.0,100.0,100.0,100.0,83.66666666666667,0.0,0.0,16.333333333333332,16.333333333333332,0.0,0.0,0.0,0.0,old20,opus
static_user,da-13-5,3,96.66666666666667,96.66666666666667,81.66666666666667,82.77777777777777,77.33333333333333,15.0,-1.1111111111111096,5.444444444444443,19.333333333333332,0.0,0.0,0.0,0.0,old20,opus
static_user,da-13-6,3,100.0,100.0,73.33333333333333,76.66666666666667,80.66666666666667,26.666666666666668,-3.3333333333333335,-4.0,19.333333333333332,0.0,0.0,0.0,0.0,old20,opus
static_user,da-14-1,3,100.0,100.0,85.33333333333333,81.22222222222223,85.66666666666667,14.666666666666666,4.11111111111111,-4.444444444444443,14.333333333333334,0.0,0.0,0.0,0.0,old20,opus
static_user,da-14-3,3,100.0,100.0,96.33333333333333,100.0,86.66666666666667,3.6666666666666665,-3.6666666666666665,13.333333333333334,13.333333333333334,0.0,0.0,0.0,0.0,old20,opus
static_user,da-14-8,3,94.33333333333333,94.33333333333333,74.66666666666667,74.66666666666667,61.0,19.666666666666668,0.0,13.666666666666666,33.333333333333336,0.0,0.0,0.0,0.0,old20,opus
static_user,da-15-1,3,80.33333333333333,80.33333333333333,79.0,78.33333333333334,57.0,1.3333333333333333,0.6666666666666643,21.333333333333336,23.333333333333332,66.66666666666667,0.0,0.0,0.0,old20,opus
static_user,da-15-2,3,79.66666666666667,79.66666666666667,73.0,70.55555555555556,47.666666666666664,6.666666666666667,2.444444444444445,22.88888888888889,32.0,33.333333333333336,0.0,0.0,33.333333333333336,old20,opus
static_user,da-15-7,3,77.0,77.0,75.33333333333333,72.55555555555556,50.666666666666664,1.6666666666666667,2.7777777777777786,21.88888888888889,26.333333333333332,66.66666666666667,33.333333333333336,0.0,0.0,old20,opus
static_user,da-15-8,3,100.0,100.0,90.33333333333333,90.33333333333333,75.0,9.666666666666666,0.0,15.333333333333334,25.0,33.333333333333336,0.0,0.0,33.333333333333336,old20,opus
static_user,da-16-1,3,100.0,100.0,89.66666666666667,88.22222222222223,68.66666666666667,10.333333333333334,1.4444444444444429,19.555555555555557,31.333333333333332,0.0,0.0,0.0,0.0,old20,opus
static_user,da-18-5,3,100.0,100.0,96.66666666666667,88.44444444444444,65.66666666666667,3.3333333333333335,8.222222222222223,22.777777777777775,34.333333333333336,33.333333333333336,0.0,0.0,0.0,old20,opus
static_user,da-18-7,3,71.66666666666667,71.66666666666667,85.33333333333333,88.77777777777777,59.0,-13.666666666666666,-3.444444444444443,29.777777777777775,12.666666666666666,0.0,0.0,0.0,0.0,old20,opus
static_user,da-19-1,3,100.0,100.0,95.66666666666667,96.11111111111111,83.0,4.333333333333333,-0.44444444444444287,13.111111111111109,17.0,0.0,0.0,0.0,0.0,old20,opus
static_user,da-19-6,3,45.0,45.0,38.333333333333336,43.333333333333336,59.0,6.666666666666667,-5.0,-15.666666666666666,-14.0,0.0,0.0,0.0,0.0,old20,opus
current_full,da-10-1,3,100.0,100.0,100.0,100.0,98.66666666666667,0.0,0.0,1.3333333333333333,1.3333333333333333,0.0,0.0,0.0,0.0,old20,gemini
current_full,da-10-3,3,100.0,100.0,100.0,100.0,96.66666666666667,0.0,0.0,3.3333333333333335,3.3333333333333335,0.0,0.0,0.0,0.0,old20,gemini
current_full,da-12-2,3,90.0,88.33333333333333,91.66666666666667,91.66666666666667,100.0,-1.6666666666666667,0.0,-8.333333333333334,-10.0,0.0,0.0,33.333333333333336,0.0,old20,gemini
current_full,da-12-4,3,90.66666666666667,90.66666666666667,95.33333333333333,93.77777777777777,100.0,-4.666666666666667,1.5555555555555571,-6.222222222222224,-9.333333333333334,0.0,0.0,0.0,0.0,old20,gemini
current_full,da-13-1,3,100.0,100.0,100.0,100.0,100.0,0.0,0.0,0.0,0.0,0.0,0.0,0.0,0.0,old20,gemini
current_full,da-13-3,3,100.0,100.0,100.0,100.0,100.0,0.0,0.0,0.0,0.0,0.0,0.0,0.0,0.0,old20,gemini
current_full,da-13-5,3,100.0,100.0,100.0,100.0,100.0,0.0,0.0,0.0,0.0,0.0,0.0,0.0,0.0,old20,gemini
current_full,da-13-6,3,100.0,100.0,93.33333333333333,93.33333333333333,100.0,6.666666666666667,0.0,-6.666666666666667,0.0,0.0,0.0,0.0,0.0,old20,gemini
current_full,da-14-1,3,100.0,100.0,100.0,100.0,100.0,0.0,0.0,0.0,0.0,0.0,0.0,0.0,0.0,old20,gemini
current_full,da-14-3,3,100.0,100.0,100.0,100.0,100.0,0.0,0.0,0.0,0.0,0.0,0.0,0.0,0.0,old20,gemini
current_full,da-14-8,3,100.0,100.0,100.0,100.0,100.0,0.0,0.0,0.0,0.0,0.0,0.0,0.0,0.0,old20,gemini
current_full,da-15-1,3,91.33333333333333,91.33333333333333,91.33333333333333,91.33333333333333,98.0,0.0,0.0,-6.666666666666667,-6.666666666666667,0.0,0.0,0.0,0.0,old20,gemini
current_full,da-15-2,3,85.33333333333333,83.66666666666667,79.66666666666667,78.55555555555556,95.66666666666667,5.666666666666667,1.1111111111111143,-17.111111111111114,-10.333333333333334,0.0,0.0,0.0,0.0,old20,gemini
current_full,da-15-7,3,73.66666666666667,73.66666666666667,70.33333333333333,70.33333333333333,91.0,3.3333333333333335,0.0,-20.666666666666668,-17.333333333333332,0.0,0.0,0.0,0.0,old20,gemini
current_full,da-15-8,3,100.0,100.0,100.0,97.66666666666667,81.66666666666667,0.0,2.3333333333333335,16.0,18.333333333333332,0.0,0.0,0.0,0.0,old20,gemini
current_full,da-16-1,3,100.0,100.0,98.33333333333333,99.44444444444444,99.33333333333333,1.6666666666666667,-1.1111111111111096,0.11111111111110954,0.6666666666666666,0.0,0.0,0.0,0.0,old20,gemini
current_full,da-18-5,3,100.0,100.0,100.0,100.0,100.0,0.0,0.0,0.0,0.0,0.0,0.0,0.0,0.0,old20,gemini
current_full,da-18-7,3,97.33333333333333,97.33333333333333,100.0,100.0,100.0,-2.6666666666666665,0.0,0.0,-2.6666666666666665,0.0,0.0,0.0,0.0,old20,gemini
current_full,da-19-1,3,100.0,100.0,100.0,100.0,100.0,0.0,0.0,0.0,0.0,0.0,0.0,0.0,0.0,old20,gemini
current_full,da-19-6,3,59.666666666666664,59.666666666666664,68.0,63.44444444444445,93.33333333333333,-8.333333333333334,4.555555555555553,-29.888888888888886,-33.666666666666664,0.0,0.0,0.0,0.0,old20,gemini
current_user,da-10-1,3,100.0,98.33333333333333,100.0,100.0,99.33333333333333,0.0,0.0,0.6666666666666666,0.6666666666666666,0.0,0.0,0.0,0.0,old20,gemini
current_user,da-10-3,3,96.66666666666667,96.66666666666667,100.0,98.88888888888889,94.66666666666667,-3.3333333333333335,1.1111111111111096,4.222222222222224,2.0,0.0,0.0,0.0,0.0,old20,gemini
current_user,da-12-2,3,68.33333333333333,68.33333333333333,79.0,79.0,100.0,-10.666666666666666,0.0,-21.0,-31.666666666666668,0.0,0.0,0.0,0.0,old20,gemini
current_user,da-12-4,3,86.0,86.0,100.0,100.0,100.0,-14.0,0.0,0.0,-14.0,0.0,0.0,0.0,0.0,old20,gemini
current_user,da-13-1,3,100.0,100.0,100.0,100.0,99.33333333333333,0.0,0.0,0.6666666666666666,0.6666666666666666,0.0,0.0,0.0,0.0,old20,gemini
current_user,da-13-3,3,100.0,100.0,100.0,100.0,100.0,0.0,0.0,0.0,0.0,0.0,0.0,0.0,0.0,old20,gemini
current_user,da-13-5,3,98.33333333333333,98.33333333333333,100.0,98.88888888888889,100.0,-1.6666666666666667,1.1111111111111096,-1.1111111111111096,-1.6666666666666667,0.0,0.0,0.0,0.0,old20,gemini
current_user,da-13-6,3,100.0,100.0,86.66666666666667,86.66666666666667,100.0,13.333333333333334,0.0,-13.333333333333334,0.0,0.0,0.0,0.0,0.0,old20,gemini
current_user,da-14-1,3,100.0,100.0,100.0,100.0,100.0,0.0,0.0,0.0,0.0,0.0,0.0,0.0,0.0,old20,gemini
current_user,da-14-3,3,100.0,100.0,100.0,100.0,100.0,0.0,0.0,0.0,0.0,0.0,0.0,0.0,0.0,old20,gemini
current_user,da-14-8,3,75.66666666666667,75.66666666666667,80.0,79.11111111111111,98.33333333333333,-4.333333333333333,0.8888888888888905,-19.222222222222225,-22.666666666666668,0.0,0.0,0.0,0.0,old20,gemini
current_user,da-15-1,3,87.0,87.0,100.0,100.0,95.0,-13.0,0.0,5.0,-8.0,0.0,0.0,0.0,0.0,old20,gemini
current_user,da-15-2,3,76.33333333333333,74.66666666666667,73.0,78.55555555555556,77.33333333333333,3.3333333333333335,-5.555555555555557,1.2222222222222239,-1.0,0.0,0.0,0.0,0.0,old20,gemini
current_user,da-15-7,3,81.33333333333333,81.33333333333333,81.33333333333333,81.33333333333333,95.0,0.0,0.0,-13.666666666666666,-13.666666666666666,0.0,0.0,0.0,0.0,old20,gemini
current_user,da-15-8,3,93.33333333333333,90.0,94.33333333333333,98.44444444444444,81.66666666666667,-1.0,-4.11111111111111,16.777777777777775,11.666666666666666,0.0,0.0,0.0,0.0,old20,gemini
current_user,da-16-1,3,100.0,100.0,95.66666666666667,95.88888888888889,98.66666666666667,4.333333333333333,-0.2222222222222238,-2.7777777777777763,1.3333333333333333,0.0,0.0,0.0,0.0,old20,gemini
current_user,da-18-5,3,100.0,100.0,100.0,100.0,100.0,0.0,0.0,0.0,0.0,0.0,0.0,0.0,0.0,old20,gemini
current_user,da-18-7,3,92.33333333333333,90.66666666666667,100.0,99.11111111111111,91.66666666666667,-7.666666666666667,0.8888888888888905,7.444444444444443,0.6666666666666666,0.0,0.0,0.0,0.0,old20,gemini
current_user,da-19-1,3,100.0,100.0,100.0,100.0,100.0,0.0,0.0,0.0,0.0,0.0,0.0,0.0,0.0,old20,gemini
current_user,da-19-6,3,37.333333333333336,37.333333333333336,23.666666666666668,21.666666666666668,57.666666666666664,13.666666666666666,2.0,-36.0,-20.333333333333332,0.0,0.0,0.0,0.0,old20,gemini
static_full,da-10-1,3,100.0,100.0,100.0,100.0,97.0,0.0,0.0,3.0,3.0,0.0,0.0,0.0,0.0,old20,gemini
static_full,da-10-3,3,100.0,100.0,100.0,100.0,95.33333333333333,0.0,0.0,4.666666666666667,4.666666666666667,0.0,0.0,0.0,0.0,old20,gemini
static_full,da-12-2,3,100.0,100.0,100.0,100.0,97.33333333333333,0.0,0.0,2.6666666666666665,2.6666666666666665,0.0,0.0,0.0,0.0,old20,gemini
static_full,da-12-4,3,100.0,100.0,100.0,100.0,94.66666666666667,0.0,0.0,5.333333333333333,5.333333333333333,33.333333333333336,0.0,0.0,0.0,old20,gemini
static_full,da-13-1,3,100.0,100.0,100.0,100.0,98.66666666666667,0.0,0.0,1.3333333333333333,1.3333333333333333,0.0,0.0,0.0,0.0,old20,gemini
static_full,da-13-3,3,100.0,100.0,100.0,100.0,100.0,0.0,0.0,0.0,0.0,0.0,0.0,0.0,0.0,old20,gemini
static_full,da-13-5,3,100.0,100.0,100.0,100.0,98.33333333333333,0.0,0.0,1.6666666666666667,1.6666666666666667,0.0,0.0,0.0,0.0,old20,gemini
static_full,da-13-6,3,100.0,100.0,100.0,100.0,100.0,0.0,0.0,0.0,0.0,0.0,0.0,0.0,0.0,old20,gemini
static_full,da-14-1,3,100.0,100.0,100.0,100.0,100.0,0.0,0.0,0.0,0.0,0.0,0.0,0.0,0.0,old20,gemini
static_full,da-14-3,3,100.0,100.0,100.0,100.0,100.0,0.0,0.0,0.0,0.0,0.0,0.0,0.0,0.0,old20,gemini
static_full,da-14-8,3,100.0,100.0,100.0,100.0,94.0,0.0,0.0,6.0,6.0,0.0,0.0,0.0,0.0,old20,gemini
static_full,da-15-1,3,95.66666666666667,95.66666666666667,95.66666666666667,95.66666666666667,95.66666666666667,0.0,0.0,0.0,0.0,0.0,0.0,0.0,0.0,old20,gemini
static_full,da-15-2,3,100.0,100.0,88.66666666666667,78.66666666666667,91.66666666666667,11.333333333333334,10.0,-13.0,8.333333333333334,0.0,0.0,0.0,0.0,old20,gemini
static_full,da-15-7,3,78.0,78.0,78.0,78.33333333333333,95.66666666666667,0.0,-0.3333333333333333,-17.333333333333332,-17.666666666666668,0.0,0.0,0.0,0.0,old20,gemini
static_full,da-15-8,3,100.0,100.0,100.0,100.0,45.0,0.0,0.0,55.0,55.0,0.0,0.0,0.0,0.0,old20,gemini
static_full,da-16-1,3,100.0,100.0,100.0,98.88888888888889,100.0,0.0,1.1111111111111096,-1.1111111111111096,0.0,0.0,0.0,0.0,0.0,old20,gemini
static_full,da-18-5,3,100.0,100.0,100.0,100.0,100.0,0.0,0.0,0.0,0.0,0.0,0.0,0.0,0.0,old20,gemini
static_full,da-18-7,3,100.0,100.0,100.0,100.0,100.0,0.0,0.0,0.0,0.0,0.0,0.0,0.0,0.0,old20,gemini
static_full,da-19-1,3,100.0,100.0,100.0,100.0,100.0,0.0,0.0,0.0,0.0,0.0,0.0,0.0,0.0,old20,gemini
static_full,da-19-6,3,60.666666666666664,60.666666666666664,74.66666666666667,71.77777777777777,98.66666666666667,-14.0,2.8888888888888906,-26.88888888888889,-38.0,0.0,0.0,0.0,0.0,old20,gemini
static_user,da-10-1,3,93.0,93.0,99.0,99.33333333333333,95.66666666666667,-6.0,-0.3333333333333333,3.6666666666666665,-2.6666666666666665,0.0,0.0,0.0,0.0,old20,gemini
static_user,da-10-3,3,96.66666666666667,96.66666666666667,100.0,100.0,94.66666666666667,-3.3333333333333335,0.0,5.333333333333333,2.0,0.0,0.0,0.0,0.0,old20,gemini
static_user,da-12-2,3,70.0,70.0,75.0,75.0,89.33333333333333,-5.0,0.0,-14.333333333333334,-19.333333333333332,33.333333333333336,0.0,0.0,0.0,old20,gemini
static_user,da-12-4,3,90.33333333333333,90.33333333333333,95.33333333333333,98.44444444444444,100.0,-5.0,-3.1111111111111094,-1.5555555555555571,-9.666666666666666,0.0,0.0,0.0,0.0,old20,gemini
static_user,da-13-1,3,97.0,97.0,100.0,100.0,98.33333333333333,-3.0,0.0,1.6666666666666667,-1.3333333333333333,0.0,0.0,0.0,0.0,old20,gemini
static_user,da-13-3,3,100.0,100.0,100.0,100.0,100.0,0.0,0.0,0.0,0.0,0.0,0.0,0.0,0.0,old20,gemini
static_user,da-13-5,3,96.66666666666667,96.66666666666667,100.0,98.88888888888889,99.33333333333333,-3.3333333333333335,1.1111111111111096,-0.44444444444444287,-2.6666666666666665,0.0,0.0,0.0,0.0,old20,gemini
static_user,da-13-6,3,100.0,100.0,86.66666666666667,91.11111111111111,100.0,13.333333333333334,-4.444444444444443,-8.888888888888891,0.0,0.0,0.0,0.0,0.0,old20,gemini
static_user,da-14-1,3,100.0,100.0,100.0,100.0,100.0,0.0,0.0,0.0,0.0,0.0,0.0,0.0,0.0,old20,gemini
static_user,da-14-3,3,100.0,100.0,100.0,100.0,100.0,0.0,0.0,0.0,0.0,0.0,0.0,0.0,0.0,old20,gemini
static_user,da-14-8,3,94.33333333333333,94.33333333333333,90.33333333333333,90.33333333333333,96.0,4.0,0.0,-5.666666666666667,-1.6666666666666667,0.0,0.0,0.0,0.0,old20,gemini
static_user,da-15-1,3,80.33333333333333,80.33333333333333,96.66666666666667,98.88888888888889,89.66666666666667,-16.333333333333332,-2.2222222222222237,9.222222222222223,-9.333333333333334,33.333333333333336,0.0,0.0,0.0,old20,gemini
static_user,da-15-2,3,79.66666666666667,79.66666666666667,82.0,81.11111111111111,84.0,-2.3333333333333335,0.8888888888888881,-2.888888888888888,-4.333333333333333,0.0,0.0,0.0,0.0,old20,gemini
static_user,da-15-7,3,77.0,77.0,84.66666666666667,83.55555555555556,90.0,-7.666666666666667,1.1111111111111096,-6.444444444444443,-13.0,0.0,0.0,0.0,0.0,old20,gemini
static_user,da-15-8,3,100.0,100.0,97.66666666666667,99.22222222222223,63.333333333333336,2.3333333333333335,-1.5555555555555571,35.88888888888889,36.666666666666664,0.0,0.0,0.0,0.0,old20,gemini
static_user,da-16-1,3,100.0,100.0,100.0,99.44444444444444,100.0,0.0,0.5555555555555571,-0.5555555555555571,0.0,0.0,0.0,0.0,0.0,old20,gemini
static_user,da-18-5,3,100.0,100.0,100.0,100.0,100.0,0.0,0.0,0.0,0.0,0.0,0.0,0.0,0.0,old20,gemini
static_user,da-18-7,3,71.66666666666667,71.66666666666667,95.66666666666667,95.66666666666667,97.33333333333333,-24.0,0.0,-1.6666666666666667,-25.666666666666668,0.0,0.0,0.0,0.0,old20,gemini
static_user,da-19-1,3,100.0,100.0,100.0,100.0,100.0,0.0,0.0,0.0,0.0,0.0,0.0,0.0,0.0,old20,gemini
static_user,da-19-6,3,45.0,45.0,52.666666666666664,57.0,92.33333333333333,-7.666666666666667,-4.333333333333336,-35.33333333333333,-47.333333333333336,0.0,0.0,0.0,0.0,old20,gemini
current_full,da-10-1,3,100.0,100.0,98.66666666666667,99.11111111111111,87.0,1.3333333333333333,-0.4444444444444444,12.11111111111111,13.0,0.0,0.0,0.0,0.0,old20,sol_opus_gemini
current_full,da-10-3,3,100.0,100.0,99.44444444444444,99.4074074074074,80.11111111111111,0.5555555555555556,0.03703703703703809,19.296296296296294,19.88888888888889,0.0,0.0,0.0,0.0,old20,sol_opus_gemini
current_full,da-12-2,3,90.0,88.33333333333333,90.0,90.55555555555556,84.77777777777777,0.0,-0.5555555555555556,5.777777777777778,5.222222222222222,22.222222222222225,22.222222222222225,33.333333333333336,22.222222222222225,old20,sol_opus_gemini
current_full,da-12-4,3,90.66666666666667,90.66666666666667,92.0,89.66666666666667,86.77777777777779,-1.3333333333333335,2.3333333333333335,2.888888888888889,3.888888888888889,22.222222222222225,0.0,0.0,0.0,old20,sol_opus_gemini
current_full,da-13-1,3,100.0,100.0,95.0,93.92592592592592,85.0,5.0,1.0740740740740746,8.925925925925926,15.0,0.0,0.0,0.0,0.0,old20,sol_opus_gemini
current_full,da-13-3,3,100.0,100.0,100.0,98.96296296296296,91.44444444444444,0.0,1.037037037037038,7.518518518518517,8.555555555555555,0.0,0.0,0.0,0.0,old20,sol_opus_gemini
current_full,da-13-5,3,100.0,100.0,94.44444444444444,93.51851851851852,90.66666666666667,5.555555555555555,0.9259259259259269,2.851851851851851,9.333333333333332,0.0,0.0,0.0,0.0,old20,sol_opus_gemini
current_full,da-13-6,3,100.0,100.0,84.44444444444444,82.5925925925926,82.66666666666667,15.555555555555555,1.8518518518518525,-0.074074074074075,17.333333333333332,0.0,0.0,0.0,0.0,old20,sol_opus_gemini
current_full,da-14-1,3,100.0,100.0,96.22222222222223,93.4074074074074,92.22222222222221,3.7777777777777777,2.8148148148148144,1.1851851851851858,7.777777777777778,0.0,0.0,0.0,0.0,old20,sol_opus_gemini
current_full,da-14-3,3,100.0,100.0,100.0,100.0,94.66666666666667,0.0,0.0,5.333333333333333,5.333333333333333,0.0,0.0,0.0,0.0,old20,sol_opus_gemini
current_full,da-14-8,3,100.0,100.0,98.33333333333333,98.14814814814815,72.22222222222223,1.6666666666666667,0.1851851851851857,25.925925925925924,27.77777777777778,11.111111111111112,0.0,0.0,0.0,old20,sol_opus_gemini
current_full,da-15-1,3,91.33333333333333,91.33333333333333,90.77777777777777,90.22222222222221,85.66666666666667,0.5555555555555556,0.5555555555555556,4.555555555555555,5.666666666666667,11.111111111111112,0.0,0.0,0.0,old20,sol_opus_gemini
current_full,da-15-2,3,85.33333333333333,83.66666666666667,75.66666666666667,74.4074074074074,75.0,9.666666666666666,1.2592592592592609,-0.5925925925925946,10.333333333333334,0.0,11.111111111111112,0.0,0.0,old20,sol_opus_gemini
current_full,da-15-7,3,73.66666666666667,73.66666666666667,67.33333333333333,68.25925925925925,69.77777777777777,6.333333333333333,-0.9259259259259263,-1.5185185185185182,3.8888888888888884,0.0,0.0,0.0,0.0,old20,sol_opus_gemini
current_full,da-15-8,3,100.0,100.0,89.33333333333333,87.66666666666667,63.111111111111114,10.666666666666668,1.6666666666666665,24.555555555555557,36.888888888888886,0.0,0.0,0.0,0.0,old20,sol_opus_gemini
current_full,da-16-1,3,100.0,100.0,97.77777777777777,97.96296296296296,84.11111111111111,2.2222222222222223,-0.18518518518518415,13.851851851851851,15.888888888888888,0.0,0.0,0.0,0.0,old20,sol_opus_gemini
current_full,da-18-5,3,100.0,100.0,97.77777777777779,96.55555555555556,71.0,2.2222222222222223,1.2222222222222205,25.555555555555557,29.0,0.0,0.0,0.0,0.0,old20,sol_opus_gemini
current_full,da-18-7,3,97.33333333333333,97.33333333333333,97.44444444444444,97.92592592592592,80.66666666666667,-0.11111111111111116,-0.481481481481481,17.25925925925926,16.666666666666668,0.0,0.0,0.0,0.0,old20,sol_opus_gemini
current_full,da-19-1,3,100.0,100.0,98.22222222222223,98.51851851851852,92.44444444444444,1.7777777777777777,-0.29629629629629683,6.074074074074074,7.555555555555555,0.0,0.0,0.0,0.0,old20,sol_opus_gemini
current_full,da-19-6,3,59.666666666666664,59.666666666666664,55.22222222222222,52.407407407407405,77.0,4.444444444444445,2.814814814814813,-24.59259259259259,-17.333333333333336,0.0,0.0,0.0,0.0,old20,sol_opus_gemini
current_user,da-10-1,3,100.0,98.33333333333333,97.44444444444444,98.48148148148148,88.77777777777777,2.5555555555555554,-1.0370370370370365,9.703703703703702,11.222222222222221,0.0,0.0,0.0,0.0,old20,sol_opus_gemini
current_user,da-10-3,3,96.66666666666667,96.66666666666667,93.44444444444444,93.51851851851852,72.55555555555556,3.2222222222222223,-0.07407407407407611,20.962962962962965,24.11111111111111,0.0,0.0,0.0,0.0,old20,sol_opus_gemini
current_user,da-12-2,3,68.33333333333333,68.33333333333333,75.22222222222223,72.55555555555556,87.22222222222223,-6.888888888888888,2.6666666666666674,-14.666666666666668,-18.88888888888889,11.111111111111112,11.111111111111112,0.0,11.111111111111112,old20,sol_opus_gemini
current_user,da-12-4,3,86.0,86.0,90.66666666666667,89.55555555555556,90.33333333333333,-4.666666666666667,1.1111111111111112,-0.7777777777777778,-4.333333333333333,11.111111111111112,22.222222222222225,0.0,11.111111111111112,old20,sol_opus_gemini
current_user,da-13-1,3,100.0,100.0,94.0,94.0,86.88888888888889,6.0,0.0,7.111111111111111,13.11111111111111,0.0,0.0,0.0,0.0,old20,sol_opus_gemini
current_user,da-13-3,3,100.0,100.0,96.44444444444444,95.18518518518518,92.0,3.555555555555556,1.2592592592592586,3.185185185185186,8.0,0.0,0.0,0.0,0.0,old20,sol_opus_gemini
current_user,da-13-5,3,98.33333333333333,98.33333333333333,88.33333333333333,85.74074074074075,87.77777777777779,10.0,2.592592592592592,-2.0370370370370363,10.555555555555555,0.0,0.0,0.0,0.0,old20,sol_opus_gemini
current_user,da-13-6,3,100.0,100.0,81.11111111111111,78.88888888888889,92.22222222222223,18.88888888888889,2.2222222222222223,-13.333333333333332,7.777777777777778,0.0,0.0,0.0,0.0,old20,sol_opus_gemini
current_user,da-14-1,3,100.0,100.0,88.66666666666667,84.88888888888889,92.11111111111111,11.333333333333334,3.7777777777777786,-7.222222222222223,7.888888888888889,0.0,0.0,0.0,0.0,old20,sol_opus_gemini
current_user,da-14-3,3,100.0,100.0,96.0,95.03703703703704,94.0,4.0,0.9629629629629636,1.0370370370370365,6.0,0.0,0.0,0.0,0.0,old20,sol_opus_gemini
current_user,da-14-8,3,75.66666666666667,75.66666666666667,71.11111111111111,70.7037037037037,77.55555555555556,4.555555555555556,0.40740740740740866,-6.851851851851853,-1.8888888888888888,22.222222222222225,22.222222222222225,0.0,0.0,old20,sol_opus_gemini
current_user,da-15-1,3,87.0,87.0,92.22222222222223,93.18518518518519,77.22222222222223,-5.222222222222221,-0.9629629629629619,15.962962962962962,9.777777777777779,0.0,0.0,0.0,0.0,old20,sol_opus_gemini
current_user,da-15-2,3,76.33333333333333,74.66666666666667,65.22222222222223,66.48148148148148,55.666666666666664,11.11111111111111,-1.2592592592592604,10.814814814814815,20.666666666666664,0.0,0.0,0.0,0.0,old20,sol_opus_gemini
current_user,da-15-7,3,81.33333333333333,81.33333333333333,72.77777777777777,73.03703703703704,73.88888888888889,8.555555555555555,-0.2592592592592603,-0.8518518518518509,7.444444444444445,0.0,0.0,0.0,0.0,old20,sol_opus_gemini
current_user,da-15-8,3,93.33333333333333,90.0,89.77777777777777,90.96296296296296,70.44444444444444,3.5555555555555554,-1.1851851851851856,20.51851851851852,22.88888888888889,0.0,0.0,0.0,0.0,old20,sol_opus_gemini
current_user,da-16-1,3,100.0,100.0,94.55555555555556,93.74074074074073,84.33333333333333,5.444444444444445,0.8148148148148142,9.407407407407408,15.666666666666668,0.0,0.0,0.0,0.0,old20,sol_opus_gemini
current_user,da-18-5,3,100.0,100.0,98.88888888888889,96.18518518518519,89.44444444444444,1.1111111111111112,2.7037037037037033,6.740740740740741,10.555555555555555,0.0,0.0,0.0,0.0,old20,sol_opus_gemini
current_user,da-18-7,3,92.33333333333333,90.66666666666667,92.44444444444444,92.37037037037037,80.77777777777777,-0.11111111111111109,0.0740740740740738,11.592592592592593,11.555555555555555,0.0,0.0,0.0,0.0,old20,sol_opus_gemini
current_user,da-19-1,3,100.0,100.0,96.33333333333333,95.5925925925926,93.0,3.6666666666666665,0.7407407407407397,2.5925925925925934,7.0,0.0,0.0,0.0,0.0,old20,sol_opus_gemini
current_user,da-19-6,3,37.333333333333336,37.333333333333336,20.555555555555557,18.074074074074076,55.111111111111114,16.77777777777778,2.4814814814814814,-37.03703703703704,-17.77777777777778,0.0,0.0,0.0,0.0,old20,sol_opus_gemini
static_full,da-10-1,3,100.0,100.0,88.88888888888889,91.66666666666667,76.66666666666667,11.11111111111111,-2.7777777777777777,15.0,23.333333333333332,22.222222222222225,0.0,0.0,0.0,old20,sol_opus_gemini
static_full,da-10-3,3,100.0,100.0,88.55555555555556,93.96296296296296,75.11111111111111,11.444444444444445,-5.4074074074074066,18.85185185185185,24.88888888888889,0.0,0.0,0.0,0.0,old20,sol_opus_gemini
static_full,da-12-2,3,100.0,100.0,97.77777777777777,97.22222222222223,78.0,2.2222222222222223,0.5555555555555556,19.222222222222225,22.0,55.55555555555556,0.0,11.111111111111112,0.0,old20,sol_opus_gemini
static_full,da-12-4,3,100.0,100.0,89.44444444444444,87.25925925925925,61.111111111111114,10.555555555555555,2.1851851851851842,26.14814814814815,38.888888888888886,77.77777777777779,11.111111111111112,22.222222222222225,11.111111111111112,old20,sol_opus_gemini
static_full,da-13-1,3,100.0,100.0,91.11111111111111,87.22222222222223,76.77777777777777,8.88888888888889,3.888888888888889,10.444444444444445,23.22222222222222,0.0,0.0,0.0,0.0,old20,sol_opus_gemini
static_full,da-13-3,3,100.0,100.0,100.0,99.29629629629629,91.66666666666667,0.0,0.7037037037037047,7.629629629629628,8.333333333333334,0.0,0.0,0.0,0.0,old20,sol_opus_gemini
static_full,da-13-5,3,100.0,100.0,96.66666666666667,95.92592592592592,83.11111111111111,3.3333333333333335,0.7407407407407397,12.814814814814817,16.88888888888889,0.0,0.0,0.0,0.0,old20,sol_opus_gemini
static_full,da-13-6,3,100.0,100.0,100.0,99.25925925925925,88.11111111111111,0.0,0.7407407407407397,11.148148148148149,11.88888888888889,0.0,0.0,0.0,0.0,old20,sol_opus_gemini
static_full,da-14-1,3,100.0,100.0,90.55555555555556,87.62962962962963,87.11111111111111,9.444444444444445,2.9259259259259247,0.5185185185185197,12.88888888888889,11.111111111111112,0.0,0.0,0.0,old20,sol_opus_gemini
static_full,da-14-3,3,100.0,100.0,100.0,100.0,91.33333333333333,0.0,0.0,8.666666666666666,8.666666666666666,0.0,0.0,0.0,0.0,old20,sol_opus_gemini
static_full,da-14-8,3,100.0,100.0,96.66666666666667,95.18518518518519,67.11111111111111,3.3333333333333335,1.4814814814814825,28.074074074074073,32.888888888888886,33.333333333333336,0.0,0.0,0.0,old20,sol_opus_gemini
static_full,da-15-1,3,95.66666666666667,95.66666666666667,92.33333333333333,88.11111111111111,75.22222222222221,3.3333333333333335,4.222222222222222,12.88888888888889,20.444444444444446,22.222222222222225,0.0,0.0,0.0,old20,sol_opus_gemini
static_full,da-15-2,3,100.0,100.0,79.88888888888889,70.29629629629629,65.66666666666667,20.11111111111111,9.592592592592592,4.629629629629629,34.333333333333336,22.222222222222225,11.111111111111112,0.0,0.0,old20,sol_opus_gemini
static_full,da-15-7,3,78.0,78.0,73.0,69.25925925925927,71.22222222222223,5.0,3.7407407407407414,-1.962962962962963,6.777777777777777,0.0,0.0,0.0,0.0,old20,sol_opus_gemini
static_full,da-15-8,3,100.0,100.0,98.88888888888889,98.51851851851852,45.22222222222222,1.1111111111111112,0.37037037037037135,53.29629629629629,54.77777777777778,22.222222222222225,0.0,11.111111111111112,0.0,old20,sol_opus_gemini
static_full,da-16-1,3,100.0,100.0,90.66666666666667,90.11111111111111,80.22222222222223,9.333333333333334,0.555555555555554,9.888888888888891,19.77777777777778,0.0,0.0,0.0,0.0,old20,sol_opus_gemini
static_full,da-18-5,3,100.0,100.0,98.0,95.48148148148148,61.888888888888886,2.0,2.518518518518519,33.592592592592595,38.111111111111114,22.222222222222225,0.0,0.0,0.0,old20,sol_opus_gemini
static_full,da-18-7,3,100.0,100.0,99.44444444444444,98.55555555555556,78.0,0.5555555555555556,0.8888888888888888,20.555555555555557,22.0,0.0,0.0,0.0,0.0,old20,sol_opus_gemini
static_full,da-19-1,3,100.0,100.0,98.55555555555556,98.7037037037037,93.33333333333333,1.4444444444444444,-0.1481481481481476,5.37037037037037,6.666666666666666,0.0,0.0,0.0,0.0,old20,sol_opus_gemini
static_full,da-19-6,3,60.666666666666664,60.666666666666664,62.111111111111114,64.7037037037037,86.55555555555556,-1.4444444444444444,-2.5925925925925917,-21.85185185185185,-25.88888888888889,0.0,0.0,0.0,0.0,old20,sol_opus_gemini
static_user,da-10-1,3,93.0,93.0,86.33333333333333,85.96296296296296,77.0,6.666666666666667,0.37037037037036985,8.962962962962964,16.0,0.0,11.111111111111112,0.0,0.0,old20,sol_opus_gemini
static_user,da-10-3,3,96.66666666666667,96.66666666666667,94.22222222222223,93.88888888888889,67.0,2.4444444444444446,0.3333333333333333,26.88888888888889,29.666666666666668,0.0,0.0,0.0,0.0,old20,sol_opus_gemini
static_user,da-12-2,3,70.0,70.0,64.22222222222223,65.70370370370371,72.44444444444444,5.777777777777778,-1.48148148148148,-6.740740740740742,-2.4444444444444433,77.77777777777779,66.66666666666667,0.0,22.222222222222225,old20,sol_opus_gemini
static_user,da-12-4,3,90.33333333333333,90.33333333333333,95.33333333333333,96.03703703703704,88.44444444444444,-5.0,-0.7037037037037032,7.592592592592592,1.8888888888888886,44.44444444444445,22.222222222222225,0.0,0.0,old20,sol_opus_gemini
static_user,da-13-1,3,97.0,97.0,91.44444444444444,91.66666666666667,79.66666666666667,5.555555555555555,-0.22222222222222218,12.0,17.333333333333336,11.111111111111112,22.222222222222225,0.0,11.111111111111112,old20,sol_opus_gemini
static_user,da-13-3,3,100.0,100.0,100.0,100.0,91.22222222222223,0.0,0.0,8.777777777777779,8.777777777777779,0.0,0.0,0.0,0.0,old20,sol_opus_gemini
static_user,da-13-5,3,96.66666666666667,96.66666666666667,92.77777777777779,92.03703703703704,85.55555555555556,3.8888888888888893,0.7407407407407397,6.481481481481483,11.11111111111111,0.0,0.0,0.0,0.0,old20,sol_opus_gemini
static_user,da-13-6,3,100.0,100.0,81.66666666666667,78.51851851851852,87.66666666666667,18.333333333333332,3.1481481481481484,-9.148148148148149,12.333333333333334,0.0,0.0,0.0,0.0,old20,sol_opus_gemini
static_user,da-14-1,3,100.0,100.0,89.44444444444444,85.81481481481482,92.22222222222223,10.555555555555555,3.629629629629629,-6.4074074074074066,7.777777777777778,0.0,0.0,0.0,0.0,old20,sol_opus_gemini
static_user,da-14-3,3,100.0,100.0,98.77777777777777,100.0,93.88888888888889,1.222222222222222,-1.222222222222222,6.111111111111111,6.111111111111111,0.0,0.0,0.0,0.0,old20,sol_opus_gemini
static_user,da-14-8,3,94.33333333333333,94.33333333333333,80.22222222222223,77.51851851851852,76.11111111111111,14.11111111111111,2.703703703703704,1.4074074074074072,18.22222222222222,22.222222222222225,0.0,0.0,0.0,old20,sol_opus_gemini
static_user,da-15-1,3,80.33333333333333,80.33333333333333,85.66666666666667,86.0,66.88888888888889,-5.333333333333334,-0.3333333333333341,19.11111111111111,13.444444444444445,66.66666666666667,0.0,0.0,0.0,old20,sol_opus_gemini
static_user,da-15-2,3,79.66666666666667,79.66666666666667,77.11111111111111,71.14814814814815,59.333333333333336,2.555555555555556,5.962962962962963,11.814814814814815,20.333333333333332,22.222222222222225,11.111111111111112,0.0,11.111111111111112,old20,sol_opus_gemini
static_user,da-15-7,3,77.0,77.0,74.88888888888889,73.77777777777777,58.55555555555556,2.111111111111111,1.1111111111111103,15.222222222222223,18.444444444444443,22.222222222222225,11.111111111111112,0.0,0.0,old20,sol_opus_gemini
static_user,da-15-8,3,100.0,100.0,91.66666666666667,92.18518518518519,63.666666666666664,8.333333333333332,-0.518518518518519,28.51851851851852,36.333333333333336,11.111111111111112,11.111111111111112,0.0,22.222222222222225,old20,sol_opus_gemini
static_user,da-16-1,3,100.0,100.0,96.55555555555556,94.92592592592592,85.66666666666667,3.444444444444444,1.6296296296296302,9.25925925925926,14.333333333333334,0.0,0.0,0.0,0.0,old20,sol_opus_gemini
static_user,da-18-5,3,100.0,100.0,96.0,92.29629629629629,78.77777777777777,4.0,3.7037037037037046,13.518518518518517,21.22222222222222,11.111111111111112,0.0,0.0,0.0,old20,sol_opus_gemini
static_user,da-18-7,3,71.66666666666667,71.66666666666667,82.22222222222221,83.92592592592592,75.33333333333333,-10.555555555555555,-1.7037037037037033,8.592592592592592,-3.6666666666666665,0.0,0.0,0.0,0.0,old20,sol_opus_gemini
static_user,da-19-1,3,100.0,100.0,98.11111111111111,98.25925925925927,92.55555555555556,1.8888888888888888,-0.1481481481481476,5.703703703703703,7.444444444444445,0.0,0.0,0.0,0.0,old20,sol_opus_gemini
static_user,da-19-6,3,45.0,45.0,38.44444444444444,41.370370370370374,77.66666666666667,6.555555555555556,-2.925925925925927,-36.29629629629629,-32.666666666666664,0.0,0.0,0.0,0.0,old20,sol_opus_gemini
current_full,da-1-3,3,100.0,100.0,95.66666666666667,94.16666666666667,75.0,4.333333333333333,1.5,19.166666666666668,25.0,0.0,0.0,0.0,0.0,new20,sol_opus
current_full,da-1-4,3,100.0,100.0,97.0,97.27777777777779,82.16666666666667,3.0,-0.27777777777777857,15.111111111111112,17.833333333333332,0.0,0.0,0.0,0.0,new20,sol_opus
current_full,da-17-1,3,90.0,90.0,84.66666666666667,82.88888888888889,80.0,5.333333333333333,1.7777777777777786,2.888888888888888,10.0,16.666666666666668,0.0,0.0,0.0,new20,sol_opus
current_full,da-17-3,3,62.0,60.333333333333336,34.333333333333336,36.44444444444444,30.0,27.666666666666668,-2.111111111111113,6.444444444444446,32.0,0.0,0.0,16.666666666666668,0.0,new20,sol_opus
current_full,da-17-5,3,90.0,90.0,87.33333333333333,87.33333333333333,81.5,2.6666666666666665,0.0,5.833333333333333,8.5,0.0,0.0,0.0,0.0,new20,sol_opus
current_full,da-19-3,3,100.0,100.0,99.16666666666667,98.33333333333334,71.83333333333333,0.8333333333333334,0.8333333333333309,26.500000000000004,28.166666666666668,33.333333333333336,0.0,0.0,0.0,new20,sol_opus
current_full,da-20-1,3,94.33333333333333,94.33333333333333,69.33333333333333,70.77777777777777,53.5,25.0,-1.4444444444444446,17.27777777777778,40.833333333333336,0.0,0.0,0.0,0.0,new20,sol_opus
current_full,da-20-4,3,15.0,15.0,8.333333333333334,7.222222222222222,14.333333333333334,6.666666666666667,1.111111111111111,-7.111111111111111,0.6666666666666666,66.66666666666667,16.666666666666668,0.0,0.0,new20,sol_opus
current_full,da-24-3,3,95.0,95.0,80.0,76.94444444444444,49.166666666666664,15.0,3.055555555555555,27.77777777777778,45.833333333333336,16.666666666666668,0.0,0.0,0.0,new20,sol_opus
current_full,da-26-2,3,84.0,84.0,76.66666666666667,76.83333333333333,42.5,7.333333333333333,-0.16666666666666666,34.333333333333336,41.5,0.0,0.0,0.0,0.0,new20,sol_opus
current_full,da-26-4,3,79.66666666666667,79.66666666666667,66.0,63.88888888888889,26.166666666666668,13.666666666666666,2.1111111111111094,37.72222222222222,53.5,50.0,0.0,0.0,0.0,new20,sol_opus
current_full,da-3-5,3,100.0,100.0,97.83333333333333,97.83333333333333,76.33333333333333,2.1666666666666665,0.0,21.5,23.666666666666668,0.0,0.0,0.0,0.0,new20,sol_opus
current_full,da-4-1,3,100.0,100.0,92.5,88.88888888888889,80.83333333333333,7.5,3.6111111111111094,8.055555555555557,19.166666666666668,0.0,0.0,0.0,0.0,new20,sol_opus
current_full,da-4-6,3,100.0,100.0,81.33333333333333,84.94444444444444,76.0,18.666666666666668,-3.6111111111111094,8.944444444444443,24.0,0.0,0.0,0.0,0.0,new20,sol_opus
current_full,da-5-1,3,100.0,100.0,95.83333333333333,93.72222222222223,85.16666666666667,4.166666666666667,2.1111111111111094,8.555555555555557,14.833333333333334,0.0,0.0,0.0,0.0,new20,sol_opus
current_full,da-6-5,3,100.0,100.0,99.16666666666667,97.44444444444444,57.666666666666664,0.8333333333333334,1.7222222222222214,39.77777777777778,42.333333333333336,0.0,0.0,0.0,0.0,new20,sol_opus
current_full,da-8-1,3,100.0,100.0,96.33333333333333,96.5,70.33333333333333,3.6666666666666665,-0.16666666666666666,26.166666666666668,29.666666666666668,0.0,0.0,0.0,0.0,new20,sol_opus
current_full,da-8-3,3,100.0,100.0,83.66666666666667,82.72222222222223,49.333333333333336,16.333333333333332,0.9444444444444452,33.388888888888886,50.666666666666664,0.0,0.0,0.0,0.0,new20,sol_opus
current_full,da-9-1,3,100.0,100.0,97.5,96.94444444444444,75.83333333333333,2.5,0.5555555555555548,21.11111111111111,24.166666666666668,16.666666666666668,0.0,0.0,0.0,new20,sol_opus
current_full,da-9-7,3,97.66666666666667,97.66666666666667,90.33333333333333,88.0,83.66666666666667,7.333333333333333,2.3333333333333335,4.333333333333333,14.0,0.0,0.0,0.0,0.0,new20,sol_opus
current_user,da-1-3,3,100.0,100.0,97.5,94.72222222222223,87.66666666666667,2.5,2.7777777777777763,7.055555555555557,12.333333333333334,0.0,0.0,0.0,0.0,new20,sol_opus
current_user,da-1-4,3,97.0,97.0,97.83333333333333,95.88888888888889,83.5,-0.8333333333333334,1.9444444444444453,12.388888888888888,13.5,0.0,0.0,0.0,0.0,new20,sol_opus
current_user,da-17-1,3,90.0,90.0,85.66666666666667,82.83333333333333,82.16666666666667,4.333333333333333,2.8333333333333335,0.6666666666666666,7.833333333333333,16.666666666666668,16.666666666666668,0.0,0.0,new20,sol_opus
current_user,da-17-3,3,53.666666666666664,53.666666666666664,31.5,28.72222222222222,32.833333333333336,22.166666666666668,2.777777777777779,-4.1111111111111125,20.833333333333332,0.0,0.0,0.0,0.0,new20,sol_opus
current_user,da-17-5,3,85.66666666666667,85.66666666666667,86.16666666666667,80.88888888888889,67.66666666666667,-0.5,5.277777777777779,13.222222222222221,18.0,0.0,0.0,0.0,0.0,new20,sol_opus
current_user,da-19-3,3,100.0,100.0,98.33333333333333,96.5,75.66666666666667,1.6666666666666667,1.8333333333333333,20.833333333333332,24.333333333333332,0.0,0.0,0.0,0.0,new20,sol_opus
current_user,da-20-1,3,95.0,95.0,76.33333333333333,72.72222222222223,73.16666666666667,18.666666666666668,3.6111111111111107,-0.44444444444444403,21.833333333333332,0.0,0.0,0.0,0.0,new20,sol_opus
current_user,da-20-4,3,13.333333333333334,13.333333333333334,8.333333333333334,8.333333333333334,24.0,5.0,-1.4802973661668753e-16,-15.666666666666666,-10.666666666666666,0.0,0.0,0.0,0.0,new20,sol_opus
current_user,da-24-3,3,80.0,80.0,69.66666666666667,68.38888888888889,55.333333333333336,10.333333333333334,1.2777777777777786,13.055555555555555,24.666666666666668,0.0,0.0,0.0,0.0,new20,sol_opus
current_user,da-26-2,3,71.0,71.0,61.166666666666664,58.50000000000001,39.5,9.833333333333334,2.6666666666666656,19.0,31.5,0.0,0.0,0.0,0.0,new20,sol_opus
current_user,da-26-4,3,60.666666666666664,60.666666666666664,54.666666666666664,51.94444444444444,30.0,6.0,2.722222222222222,21.944444444444443,30.666666666666668,50.0,0.0,0.0,0.0,new20,sol_opus
current_user,da-3-5,3,100.0,100.0,93.83333333333333,94.27777777777777,80.33333333333333,6.166666666666667,-0.44444444444444287,13.944444444444443,19.666666666666668,0.0,0.0,0.0,0.0,new20,sol_opus
current_user,da-4-1,3,93.0,93.0,86.16666666666667,86.0,72.5,6.833333333333333,0.1666666666666643,13.500000000000002,20.5,0.0,0.0,0.0,0.0,new20,sol_opus
current_user,da-4-6,3,100.0,100.0,89.83333333333333,89.33333333333333,90.83333333333333,10.166666666666666,0.5,-1.5,9.166666666666666,0.0,0.0,0.0,0.0,new20,sol_opus
current_user,da-5-1,3,100.0,100.0,83.16666666666667,83.1111111111111,83.16666666666667,16.833333333333332,0.055555555555557135,-0.055555555555557135,16.833333333333332,0.0,0.0,0.0,0.0,new20,sol_opus
current_user,da-6-5,3,100.0,100.0,97.83333333333333,98.72222222222221,65.5,2.1666666666666665,-0.8888888888888881,33.22222222222222,34.5,0.0,0.0,0.0,0.0,new20,sol_opus
current_user,da-8-1,3,97.33333333333333,97.33333333333333,93.83333333333333,93.72222222222223,71.66666666666667,3.5,0.11111111111110954,22.055555555555557,25.666666666666668,0.0,0.0,0.0,0.0,new20,sol_opus
current_user,da-8-3,3,97.33333333333333,97.33333333333333,84.0,80.44444444444444,56.0,13.333333333333334,3.555555555555557,24.444444444444443,41.333333333333336,16.666666666666668,16.666666666666668,0.0,0.0,new20,sol_opus
current_user,da-9-1,3,100.0,100.0,90.16666666666667,88.0,78.83333333333333,9.833333333333334,2.1666666666666665,9.166666666666666,21.166666666666668,0.0,0.0,0.0,0.0,new20,sol_opus
current_user,da-9-7,3,95.33333333333333,95.33333333333333,88.16666666666667,85.77777777777779,89.0,7.166666666666667,2.388888888888888,-3.2222222222222214,6.333333333333333,33.333333333333336,16.666666666666668,0.0,0.0,new20,sol_opus
static_full,da-1-3,3,100.0,100.0,99.0,98.66666666666667,74.66666666666667,1.0,0.3333333333333333,24.0,25.333333333333332,0.0,0.0,0.0,0.0,new20,sol_opus
static_full,da-1-4,3,100.0,100.0,98.5,97.66666666666667,75.83333333333333,1.5,0.8333333333333334,21.833333333333332,24.166666666666668,0.0,0.0,0.0,0.0,new20,sol_opus
static_full,da-17-1,3,93.33333333333333,93.33333333333333,86.33333333333333,87.83333333333333,72.83333333333333,7.0,-1.5,15.0,20.5,33.333333333333336,0.0,0.0,0.0,new20,sol_opus
static_full,da-17-3,3,100.0,100.0,95.83333333333333,95.55555555555556,29.5,4.166666666666667,0.27777777777777857,66.05555555555556,70.5,100.0,0.0,50.0,0.0,new20,sol_opus
static_full,da-17-5,3,91.0,91.0,78.16666666666667,80.83333333333333,77.5,12.833333333333334,-2.6666666666666665,3.3333333333333335,13.5,33.333333333333336,0.0,0.0,0.0,new20,sol_opus
static_full,da-19-3,3,100.0,100.0,94.5,94.94444444444444,58.333333333333336,5.5,-0.44444444444444287,36.61111111111111,41.666666666666664,33.333333333333336,0.0,0.0,0.0,new20,sol_opus
static_full,da-20-1,3,100.0,100.0,91.0,90.33333333333333,58.166666666666664,9.0,0.6666666666666666,32.166666666666664,41.833333333333336,66.66666666666667,0.0,0.0,0.0,new20,sol_opus
static_full,da-20-4,3,100.0,100.0,90.83333333333333,89.16666666666667,42.5,9.166666666666666,1.6666666666666643,46.66666666666667,57.5,100.0,0.0,16.666666666666668,0.0,new20,sol_opus
static_full,da-24-3,3,91.66666666666667,91.66666666666667,80.0,79.16666666666667,56.333333333333336,11.666666666666666,0.8333333333333334,22.833333333333332,35.333333333333336,0.0,0.0,0.0,0.0,new20,sol_opus
static_full,da-26-2,3,98.33333333333333,98.33333333333333,76.33333333333333,75.27777777777777,31.333333333333332,22.0,1.055555555555556,43.94444444444444,67.0,100.0,50.0,33.333333333333336,16.666666666666668,new20,sol_opus
static_full,da-26-4,3,100.0,100.0,76.83333333333333,78.22222222222223,25.0,23.166666666666668,-1.3888888888888882,53.22222222222222,75.0,100.0,33.333333333333336,0.0,0.0,new20,sol_opus
static_full,da-3-5,3,100.0,100.0,92.16666666666667,92.88888888888889,68.83333333333333,7.833333333333333,-0.7222222222222214,24.055555555555554,31.166666666666668,0.0,0.0,16.666666666666668,0.0,new20,sol_opus
static_full,da-4-1,3,100.0,100.0,89.33333333333333,88.38888888888889,76.66666666666667,10.666666666666666,0.9444444444444452,11.722222222222221,23.333333333333332,0.0,0.0,0.0,0.0,new20,sol_opus
static_full,da-4-6,3,100.0,100.0,100.0,98.77777777777777,89.16666666666667,0.0,1.2222222222222239,9.611111111111109,10.833333333333334,0.0,0.0,0.0,0.0,new20,sol_opus
static_full,da-5-1,3,100.0,100.0,90.33333333333333,90.94444444444444,85.0,9.666666666666666,-0.6111111111111119,5.9444444444444455,15.0,0.0,0.0,0.0,0.0,new20,sol_opus
static_full,da-6-5,3,100.0,100.0,99.16666666666667,98.88888888888889,64.0,0.8333333333333334,0.27777777777777857,34.888888888888886,36.0,0.0,0.0,0.0,0.0,new20,sol_opus
static_full,da-8-1,3,100.0,100.0,97.33333333333333,96.88888888888889,86.33333333333333,2.6666666666666665,0.44444444444444525,10.555555555555555,13.666666666666666,0.0,0.0,0.0,0.0,new20,sol_opus
static_full,da-8-3,3,100.0,100.0,89.66666666666667,88.38888888888889,61.0,10.333333333333334,1.2777777777777761,27.38888888888889,39.0,0.0,0.0,0.0,0.0,new20,sol_opus
static_full,da-9-1,3,100.0,100.0,96.66666666666667,98.61111111111111,70.83333333333333,3.3333333333333335,-1.9444444444444453,27.77777777777778,29.166666666666668,0.0,0.0,0.0,0.0,new20,sol_opus
static_full,da-9-7,3,100.0,100.0,87.33333333333333,86.55555555555554,69.5,12.666666666666666,0.7777777777777809,17.055555555555554,30.5,16.666666666666668,0.0,16.666666666666668,16.666666666666668,new20,sol_opus
static_user,da-1-3,3,98.0,98.0,93.83333333333333,92.0,87.5,4.166666666666667,1.8333333333333333,4.5,10.5,0.0,0.0,0.0,0.0,new20,sol_opus
static_user,da-1-4,3,100.0,100.0,94.5,95.77777777777779,83.33333333333333,5.5,-1.2777777777777786,12.444444444444445,16.666666666666668,0.0,0.0,0.0,0.0,new20,sol_opus
static_user,da-17-1,3,88.0,88.0,78.33333333333333,78.11111111111111,84.83333333333333,9.666666666666666,0.22222222222222143,-6.722222222222221,3.1666666666666665,33.333333333333336,16.666666666666668,0.0,0.0,new20,sol_opus
static_user,da-17-3,3,82.33333333333333,82.33333333333333,53.5,50.5,45.166666666666664,28.833333333333332,2.999999999999999,5.333333333333334,37.166666666666664,33.333333333333336,0.0,0.0,0.0,new20,sol_opus
static_user,da-17-5,3,93.33333333333333,93.33333333333333,88.66666666666667,84.0,80.66666666666667,4.666666666666667,4.666666666666667,3.3333333333333335,12.666666666666666,33.333333333333336,33.333333333333336,0.0,0.0,new20,sol_opus
static_user,da-19-3,3,93.33333333333333,93.33333333333333,93.33333333333333,88.5,69.66666666666667,0.0,4.833333333333333,18.833333333333332,23.666666666666668,33.333333333333336,16.666666666666668,0.0,0.0,new20,sol_opus
static_user,da-20-1,3,96.66666666666667,96.66666666666667,84.83333333333333,78.72222222222223,58.833333333333336,11.833333333333334,6.11111111111111,19.88888888888889,37.833333333333336,66.66666666666667,16.666666666666668,33.333333333333336,16.666666666666668,new20,sol_opus
static_user,da-20-4,3,18.333333333333332,18.333333333333332,10.0,12.5,33.0,8.333333333333334,-2.5000000000000004,-20.5,-14.666666666666666,33.333333333333336,0.0,0.0,0.0,new20,sol_opus
static_user,da-24-3,3,86.66666666666667,86.66666666666667,77.5,76.83333333333334,59.666666666666664,9.166666666666666,0.6666666666666666,17.166666666666668,27.0,0.0,0.0,0.0,0.0,new20,sol_opus
static_user,da-26-2,3,73.66666666666667,73.66666666666667,64.83333333333333,65.88888888888889,39.833333333333336,8.833333333333334,-1.0555555555555547,26.055555555555554,33.833333333333336,16.666666666666668,0.0,0.0,0.0,new20,sol_opus
static_user,da-26-4,3,71.66666666666667,71.66666666666667,62.833333333333336,64.16666666666667,30.833333333333332,8.833333333333334,-1.3333333333333333,33.333333333333336,40.833333333333336,50.0,33.333333333333336,16.666666666666668,0.0,new20,sol_opus
static_user,da-3-5,3,100.0,100.0,90.33333333333333,92.83333333333333,71.5,9.666666666666666,-2.499999999999998,21.333333333333332,28.5,0.0,0.0,0.0,0.0,new20,sol_opus
static_user,da-4-1,3,100.0,100.0,86.66666666666667,85.66666666666667,78.5,13.333333333333334,1.0,7.166666666666667,21.5,0.0,0.0,0.0,0.0,new20,sol_opus
static_user,da-4-6,3,98.33333333333333,98.33333333333333,93.83333333333333,94.77777777777777,91.66666666666667,4.5,-0.9444444444444429,3.1111111111111094,6.666666666666667,0.0,0.0,0.0,0.0,new20,sol_opus
static_user,da-5-1,3,93.0,93.0,77.0,76.27777777777777,73.5,16.0,0.7222222222222227,2.7777777777777772,19.5,0.0,0.0,0.0,0.0,new20,sol_opus
static_user,da-6-5,3,100.0,100.0,99.16666666666667,98.88888888888889,59.333333333333336,0.8333333333333334,0.27777777777777857,39.55555555555555,40.666666666666664,0.0,0.0,0.0,0.0,new20,sol_opus
static_user,da-8-1,3,95.66666666666667,95.66666666666667,97.33333333333333,97.44444444444444,78.83333333333333,-1.6666666666666667,-0.11111111111110954,18.61111111111111,16.833333333333332,0.0,0.0,0.0,0.0,new20,sol_opus
static_user,da-8-3,3,97.0,97.0,84.5,81.44444444444444,54.0,12.5,3.055555555555555,27.444444444444446,43.0,0.0,0.0,0.0,0.0,new20,sol_opus
static_user,da-9-1,3,100.0,100.0,95.33333333333333,93.11111111111111,84.83333333333333,4.666666666666667,2.2222222222222214,8.277777777777779,15.166666666666666,0.0,0.0,0.0,0.0,new20,sol_opus
static_user,da-9-7,3,97.66666666666667,97.66666666666667,86.66666666666667,85.11111111111111,86.66666666666667,11.0,1.5555555555555547,-1.5555555555555547,11.0,16.666666666666668,0.0,0.0,0.0,new20,sol_opus
current_full,da-1-3,3,100.0,100.0,97.33333333333333,94.66666666666667,73.33333333333333,2.6666666666666665,2.6666666666666665,21.333333333333332,26.666666666666668,0.0,0.0,0.0,0.0,new20,sol
current_full,da-1-4,3,100.0,100.0,95.33333333333333,95.88888888888889,79.66666666666667,4.666666666666667,-0.5555555555555571,16.222222222222225,20.333333333333332,0.0,0.0,0.0,0.0,new20,sol
current_full,da-17-1,3,90.0,90.0,83.66666666666667,81.0,80.0,6.333333333333333,2.6666666666666665,1.0,10.0,33.333333333333336,0.0,0.0,0.0,new20,sol
current_full,da-17-3,3,62.0,60.333333333333336,28.333333333333332,35.66666666666667,34.666666666666664,33.666666666666664,-7.333333333333335,1.0000000000000018,27.333333333333332,0.0,0.0,0.0,0.0,new20,sol
current_full,da-17-5,3,90.0,90.0,87.33333333333333,87.33333333333333,83.33333333333333,2.6666666666666665,0.0,4.0,6.666666666666667,0.0,0.0,0.0,0.0,new20,sol
current_full,da-19-3,3,100.0,100.0,100.0,98.88888888888889,73.0,0.0,1.1111111111111096,25.88888888888889,27.0,33.333333333333336,0.0,0.0,0.0,new20,sol
current_full,da-20-1,3,94.33333333333333,94.33333333333333,72.66666666666667,71.0,55.333333333333336,21.666666666666668,1.6666666666666679,15.666666666666666,39.0,0.0,0.0,0.0,0.0,new20,sol
current_full,da-20-4,3,15.0,15.0,10.0,7.777777777777778,15.333333333333334,5.0,2.222222222222222,-7.555555555555555,-0.3333333333333333,66.66666666666667,33.333333333333336,0.0,0.0,new20,sol
current_full,da-24-3,3,95.0,95.0,73.33333333333333,66.66666666666667,48.666666666666664,21.666666666666668,6.666666666666667,18.0,46.333333333333336,33.333333333333336,0.0,0.0,0.0,new20,sol
current_full,da-26-2,3,84.0,84.0,70.33333333333333,72.0,52.666666666666664,13.666666666666666,-1.6666666666666667,19.333333333333332,31.333333333333332,0.0,0.0,0.0,0.0,new20,sol
current_full,da-26-4,3,79.66666666666667,79.66666666666667,67.33333333333333,64.44444444444444,24.666666666666668,12.333333333333334,2.888888888888888,39.77777777777778,55.0,66.66666666666667,0.0,0.0,0.0,new20,sol
current_full,da-3-5,3,100.0,100.0,95.66666666666667,95.66666666666667,88.0,4.333333333333333,0.0,7.666666666666667,12.0,0.0,0.0,0.0,0.0,new20,sol
current_full,da-4-1,3,100.0,100.0,85.0,84.0,78.0,15.0,1.0,6.0,22.0,0.0,0.0,0.0,0.0,new20,sol
current_full,da-4-6,3,100.0,100.0,75.0,82.22222222222221,75.0,25.0,-7.222222222222219,7.222222222222219,25.0,0.0,0.0,0.0,0.0,new20,sol
current_full,da-5-1,3,100.0,100.0,94.66666666666667,91.77777777777779,88.0,5.333333333333333,2.8888888888888857,3.777777777777781,12.0,0.0,0.0,0.0,0.0,new20,sol
current_full,da-6-5,3,100.0,100.0,100.0,100.0,57.333333333333336,0.0,0.0,42.666666666666664,42.666666666666664,0.0,0.0,0.0,0.0,new20,sol
current_full,da-8-1,3,100.0,100.0,97.33333333333333,95.66666666666667,71.33333333333333,2.6666666666666665,1.6666666666666667,24.333333333333332,28.666666666666668,0.0,0.0,0.0,0.0,new20,sol
current_full,da-8-3,3,100.0,100.0,91.33333333333333,93.0,39.333333333333336,8.666666666666666,-1.6666666666666667,53.666666666666664,60.666666666666664,0.0,0.0,0.0,0.0,new20,sol
current_full,da-9-1,3,100.0,100.0,100.0,100.0,79.0,0.0,0.0,21.0,21.0,33.333333333333336,0.0,0.0,0.0,new20,sol
current_full,da-9-7,3,97.66666666666667,97.66666666666667,85.33333333333333,85.33333333333333,91.33333333333333,12.333333333333334,0.0,-6.0,6.333333333333333,0.0,0.0,0.0,0.0,new20,sol
current_user,da-1-3,3,100.0,100.0,99.0,96.22222222222223,90.33333333333333,1.0,2.7777777777777763,5.88888888888889,9.666666666666666,0.0,0.0,0.0,0.0,new20,sol
current_user,da-1-4,3,97.0,97.0,98.66666666666667,96.77777777777777,82.0,-1.6666666666666667,1.8888888888888904,14.777777777777777,15.0,0.0,0.0,0.0,0.0,new20,sol
current_user,da-17-1,3,90.0,90.0,84.0,82.22222222222223,82.0,6.0,1.7777777777777761,0.2222222222222238,8.0,33.333333333333336,33.333333333333336,0.0,0.0,new20,sol
current_user,da-17-3,3,53.666666666666664,53.666666666666664,28.666666666666668,26.0,33.666666666666664,25.0,2.6666666666666674,-7.666666666666668,20.0,0.0,0.0,0.0,0.0,new20,sol
current_user,da-17-5,3,85.66666666666667,85.66666666666667,82.33333333333333,76.33333333333333,74.0,3.3333333333333335,6.0,2.3333333333333335,11.666666666666666,0.0,0.0,0.0,0.0,new20,sol
current_user,da-19-3,3,100.0,100.0,98.33333333333333,96.66666666666667,72.0,1.6666666666666667,1.6666666666666667,24.666666666666668,28.0,0.0,0.0,0.0,0.0,new20,sol
current_user,da-20-1,3,95.0,95.0,69.66666666666667,71.88888888888889,76.33333333333333,25.333333333333332,-2.2222222222222214,-4.4444444444444455,18.666666666666668,0.0,0.0,0.0,0.0,new20,sol
current_user,da-20-4,3,13.333333333333334,13.333333333333334,8.333333333333334,7.777777777777778,23.333333333333332,5.0,0.5555555555555555,-15.555555555555555,-10.0,0.0,0.0,0.0,0.0,new20,sol
current_user,da-24-3,3,80.0,80.0,65.0,63.888888888888886,46.333333333333336,15.0,1.1111111111111118,17.555555555555554,33.666666666666664,0.0,0.0,0.0,0.0,new20,sol
current_user,da-26-2,3,71.0,71.0,57.333333333333336,50.44444444444444,49.333333333333336,13.666666666666666,6.888888888888888,1.1111111111111118,21.666666666666668,0.0,0.0,0.0,0.0,new20,sol
current_user,da-26-4,3,60.666666666666664,60.666666666666664,52.666666666666664,51.888888888888886,31.666666666666668,8.0,0.7777777777777773,20.22222222222222,29.0,66.66666666666667,0.0,0.0,0.0,new20,sol
current_user,da-3-5,3,100.0,100.0,90.33333333333333,90.33333333333333,88.66666666666667,9.666666666666666,0.0,1.6666666666666667,11.333333333333334,0.0,0.0,0.0,0.0,new20,sol
current_user,da-4-1,3,93.0,93.0,87.0,86.44444444444444,74.66666666666667,6.0,0.5555555555555524,11.77777777777778,18.333333333333332,0.0,0.0,0.0,0.0,new20,sol
current_user,da-4-6,3,100.0,100.0,84.0,83.0,95.0,16.0,1.0,-12.0,5.0,0.0,0.0,0.0,0.0,new20,sol
current_user,da-5-1,3,100.0,100.0,78.66666666666667,77.55555555555556,85.0,21.333333333333332,1.1111111111111096,-7.444444444444443,15.0,0.0,0.0,0.0,0.0,new20,sol
current_user,da-6-5,3,100.0,100.0,100.0,100.0,68.33333333333333,0.0,0.0,31.666666666666668,31.666666666666668,0.0,0.0,0.0,0.0,new20,sol
current_user,da-8-1,3,97.33333333333333,97.33333333333333,93.0,91.88888888888889,74.0,4.333333333333333,1.1111111111111096,17.88888888888889,23.333333333333332,0.0,0.0,0.0,0.0,new20,sol
current_user,da-8-3,3,97.33333333333333,97.33333333333333,88.0,82.44444444444444,56.0,9.333333333333334,5.555555555555557,26.444444444444443,41.333333333333336,33.333333333333336,33.333333333333336,0.0,0.0,new20,sol
current_user,da-9-1,3,100.0,100.0,87.33333333333333,85.66666666666667,81.66666666666667,12.666666666666666,1.6666666666666667,4.0,18.333333333333332,0.0,0.0,0.0,0.0,new20,sol
current_user,da-9-7,3,95.33333333333333,95.33333333333333,83.33333333333333,83.33333333333333,95.33333333333333,12.0,0.0,-12.0,0.0,33.333333333333336,33.333333333333336,0.0,0.0,new20,sol
static_full,da-1-3,3,100.0,100.0,100.0,99.33333333333333,71.66666666666667,0.0,0.6666666666666666,27.666666666666668,28.333333333333332,0.0,0.0,0.0,0.0,new20,sol
static_full,da-1-4,3,100.0,100.0,98.33333333333333,98.33333333333333,71.66666666666667,1.6666666666666667,0.0,26.666666666666668,28.333333333333332,0.0,0.0,0.0,0.0,new20,sol
static_full,da-17-1,3,93.33333333333333,93.33333333333333,89.66666666666667,90.77777777777777,73.66666666666667,3.6666666666666665,-1.1111111111111096,17.11111111111111,19.666666666666668,33.333333333333336,0.0,0.0,0.0,new20,sol
static_full,da-17-3,3,100.0,100.0,96.66666666666667,96.66666666666667,27.0,3.3333333333333335,0.0,69.66666666666667,73.0,100.0,0.0,66.66666666666667,0.0,new20,sol
static_full,da-17-5,3,91.0,91.0,80.33333333333333,82.66666666666667,75.33333333333333,10.666666666666666,-2.3333333333333335,7.333333333333333,15.666666666666666,33.333333333333336,0.0,0.0,0.0,new20,sol
static_full,da-19-3,3,100.0,100.0,100.0,97.77777777777777,48.0,0.0,2.2222222222222237,49.77777777777778,52.0,33.333333333333336,0.0,0.0,0.0,new20,sol
static_full,da-20-1,3,100.0,100.0,91.0,91.77777777777777,52.333333333333336,9.0,-0.7777777777777762,39.44444444444444,47.666666666666664,66.66666666666667,0.0,0.0,0.0,new20,sol
static_full,da-20-4,3,100.0,100.0,91.66666666666667,89.44444444444444,36.0,8.333333333333334,2.222222222222219,53.44444444444445,64.0,100.0,0.0,0.0,0.0,new20,sol
static_full,da-24-3,3,91.66666666666667,91.66666666666667,76.66666666666667,80.0,49.333333333333336,15.0,-3.3333333333333335,30.666666666666668,42.333333333333336,0.0,0.0,0.0,0.0,new20,sol
static_full,da-26-2,3,98.33333333333333,98.33333333333333,61.666666666666664,62.55555555555556,27.333333333333332,36.666666666666664,-0.8888888888888881,35.22222222222222,71.0,100.0,66.66666666666667,33.333333333333336,33.333333333333336,new20,sol
static_full,da-26-4,3,100.0,100.0,74.66666666666667,74.77777777777777,25.333333333333332,25.333333333333332,-0.11111111111110954,49.44444444444444,74.66666666666667,100.0,33.333333333333336,0.0,0.0,new20,sol
static_full,da-3-5,3,100.0,100.0,88.66666666666667,90.11111111111111,84.0,11.333333333333334,-1.4444444444444429,6.11111111111111,16.0,0.0,0.0,0.0,0.0,new20,sol
static_full,da-4-1,3,100.0,100.0,88.0,88.44444444444444,75.33333333333333,12.0,-0.44444444444444287,13.111111111111109,24.666666666666668,0.0,0.0,0.0,0.0,new20,sol
static_full,da-4-6,3,100.0,100.0,100.0,97.55555555555556,92.33333333333333,0.0,2.4444444444444478,5.222222222222219,7.666666666666667,0.0,0.0,0.0,0.0,new20,sol
static_full,da-5-1,3,100.0,100.0,85.33333333333333,86.88888888888889,88.0,14.666666666666666,-1.5555555555555571,-1.1111111111111096,12.0,0.0,0.0,0.0,0.0,new20,sol
static_full,da-6-5,3,100.0,100.0,100.0,99.44444444444444,55.333333333333336,0.0,0.5555555555555571,44.11111111111111,44.666666666666664,0.0,0.0,0.0,0.0,new20,sol
static_full,da-8-1,3,100.0,100.0,97.33333333333333,97.33333333333333,91.33333333333333,2.6666666666666665,0.0,6.0,8.666666666666666,0.0,0.0,0.0,0.0,new20,sol
static_full,da-8-3,3,100.0,100.0,90.66666666666667,91.33333333333333,53.333333333333336,9.333333333333334,-0.6666666666666666,38.0,46.666666666666664,0.0,0.0,0.0,0.0,new20,sol
static_full,da-9-1,3,100.0,100.0,98.33333333333333,98.33333333333333,71.66666666666667,1.6666666666666667,0.0,26.666666666666668,28.333333333333332,0.0,0.0,0.0,0.0,new20,sol
static_full,da-9-7,3,100.0,100.0,81.66666666666667,83.88888888888889,73.33333333333333,18.333333333333332,-2.222222222222219,10.555555555555552,26.666666666666668,33.333333333333336,0.0,0.0,33.333333333333336,new20,sol
static_user,da-1-3,3,98.0,98.0,95.33333333333333,93.33333333333333,92.66666666666667,2.6666666666666665,2.0,0.6666666666666666,5.333333333333333,0.0,0.0,0.0,0.0,new20,sol
static_user,da-1-4,3,100.0,100.0,95.66666666666667,94.88888888888889,82.0,4.333333333333333,0.7777777777777762,12.888888888888891,18.0,0.0,0.0,0.0,0.0,new20,sol
static_user,da-17-1,3,88.0,88.0,77.66666666666667,75.66666666666667,90.33333333333333,10.333333333333334,2.0,-14.666666666666666,-2.3333333333333335,66.66666666666667,33.333333333333336,0.0,0.0,new20,sol
static_user,da-17-3,3,82.33333333333333,82.33333333333333,44.666666666666664,47.0,38.333333333333336,37.666666666666664,-2.3333333333333353,8.666666666666668,44.0,66.66666666666667,0.0,0.0,0.0,new20,sol
static_user,da-17-5,3,93.33333333333333,93.33333333333333,90.33333333333333,81.0,84.33333333333333,3.0,9.333333333333334,-3.3333333333333335,9.0,33.333333333333336,33.333333333333336,0.0,0.0,new20,sol
static_user,da-19-3,3,93.33333333333333,93.33333333333333,93.33333333333333,88.88888888888889,73.0,0.0,4.444444444444443,15.888888888888891,20.333333333333332,33.333333333333336,33.333333333333336,0.0,0.0,new20,sol
static_user,da-20-1,3,96.66666666666667,96.66666666666667,89.33333333333333,79.33333333333333,65.0,7.333333333333333,10.0,14.333333333333334,31.666666666666668,66.66666666666667,0.0,33.333333333333336,0.0,new20,sol
static_user,da-20-4,3,18.333333333333332,18.333333333333332,13.333333333333334,16.11111111111111,28.666666666666668,5.0,-2.7777777777777786,-12.555555555555555,-10.333333333333334,33.333333333333336,0.0,0.0,0.0,new20,sol
static_user,da-24-3,3,86.66666666666667,86.66666666666667,75.0,71.66666666666667,58.0,11.666666666666666,3.3333333333333335,13.666666666666666,28.666666666666668,0.0,0.0,0.0,0.0,new20,sol
static_user,da-26-2,3,73.66666666666667,73.66666666666667,71.0,68.55555555555556,53.333333333333336,2.6666666666666665,2.444444444444445,15.222222222222221,20.333333333333332,33.333333333333336,0.0,0.0,0.0,new20,sol
static_user,da-26-4,3,71.66666666666667,71.66666666666667,58.666666666666664,61.333333333333336,35.0,13.0,-2.666666666666669,26.333333333333336,36.666666666666664,66.66666666666667,33.333333333333336,33.333333333333336,0.0,new20,sol
static_user,da-3-5,3,100.0,100.0,86.0,89.22222222222221,78.0,14.0,-3.222222222222219,11.22222222222222,22.0,0.0,0.0,0.0,0.0,new20,sol
static_user,da-4-1,3,100.0,100.0,86.33333333333333,86.33333333333333,77.33333333333333,13.666666666666666,0.0,9.0,22.666666666666668,0.0,0.0,0.0,0.0,new20,sol
static_user,da-4-6,3,98.33333333333333,98.33333333333333,92.0,90.11111111111111,95.0,6.333333333333333,1.8888888888888904,-4.88888888888889,3.3333333333333335,0.0,0.0,0.0,0.0,new20,sol
static_user,da-5-1,3,93.0,93.0,70.33333333333333,75.0,75.0,22.666666666666668,-4.666666666666667,0.0,18.0,0.0,0.0,0.0,0.0,new20,sol
static_user,da-6-5,3,100.0,100.0,100.0,100.0,64.66666666666667,0.0,0.0,35.333333333333336,35.333333333333336,0.0,0.0,0.0,0.0,new20,sol
static_user,da-8-1,3,95.66666666666667,95.66666666666667,97.33333333333333,97.33333333333333,86.33333333333333,-1.6666666666666667,0.0,11.0,9.333333333333334,0.0,0.0,0.0,0.0,new20,sol
static_user,da-8-3,3,97.0,97.0,76.66666666666667,79.0,54.0,20.333333333333332,-2.3333333333333335,25.0,43.0,0.0,0.0,0.0,0.0,new20,sol
static_user,da-9-1,3,100.0,100.0,95.33333333333333,93.22222222222223,92.33333333333333,4.666666666666667,2.1111111111111094,0.8888888888888905,7.666666666666667,0.0,0.0,0.0,0.0,new20,sol
static_user,da-9-7,3,97.66666666666667,97.66666666666667,78.0,78.44444444444444,94.33333333333333,19.666666666666668,-0.4444444444444476,-15.888888888888886,3.3333333333333335,33.333333333333336,0.0,0.0,0.0,new20,sol
current_full,da-1-3,3,100.0,100.0,94.0,93.66666666666667,76.66666666666667,6.0,0.3333333333333333,17.0,23.333333333333332,0.0,0.0,0.0,0.0,new20,opus
current_full,da-1-4,3,100.0,100.0,98.66666666666667,98.66666666666667,84.66666666666667,1.3333333333333333,0.0,14.0,15.333333333333334,0.0,0.0,0.0,0.0,new20,opus
current_full,da-17-1,3,90.0,90.0,85.66666666666667,84.77777777777777,80.0,4.333333333333333,0.8888888888888905,4.777777777777776,10.0,0.0,0.0,0.0,0.0,new20,opus
current_full,da-17-3,3,62.0,60.333333333333336,40.333333333333336,37.22222222222222,25.333333333333332,21.666666666666668,3.1111111111111094,11.888888888888891,36.666666666666664,0.0,0.0,33.333333333333336,0.0,new20,opus
current_full,da-17-5,3,90.0,90.0,87.33333333333333,87.33333333333333,79.66666666666667,2.6666666666666665,0.0,7.666666666666667,10.333333333333334,0.0,0.0,0.0,0.0,new20,opus
current_full,da-19-3,3,100.0,100.0,98.33333333333333,97.77777777777779,70.66666666666667,1.6666666666666667,0.5555555555555524,27.111111111111114,29.333333333333332,33.333333333333336,0.0,0.0,0.0,new20,opus
current_full,da-20-1,3,94.33333333333333,94.33333333333333,66.0,70.55555555555556,51.666666666666664,28.333333333333332,-4.555555555555557,18.88888888888889,42.666666666666664,0.0,0.0,0.0,0.0,new20,opus
current_full,da-20-4,3,15.0,15.0,6.666666666666667,6.666666666666667,13.333333333333334,8.333333333333334,0.0,-6.666666666666667,1.6666666666666667,66.66666666666667,0.0,0.0,0.0,new20,opus
current_full,da-24-3,3,95.0,95.0,86.66666666666667,87.22222222222223,49.666666666666664,8.333333333333334,-0.5555555555555571,37.55555555555556,45.333333333333336,0.0,0.0,0.0,0.0,new20,opus
current_full,da-26-2,3,84.0,84.0,83.0,81.66666666666667,32.333333333333336,1.0,1.3333333333333333,49.333333333333336,51.666666666666664,0.0,0.0,0.0,0.0,new20,opus
current_full,da-26-4,3,79.66666666666667,79.66666666666667,64.66666666666667,63.333333333333336,27.666666666666668,15.0,1.333333333333331,35.66666666666667,52.0,33.333333333333336,0.0,0.0,0.0,new20,opus
current_full,da-3-5,3,100.0,100.0,100.0,100.0,64.66666666666667,0.0,0.0,35.333333333333336,35.333333333333336,0.0,0.0,0.0,0.0,new20,opus
current_full,da-4-1,3,100.0,100.0,100.0,93.77777777777779,83.66666666666667,0.0,6.222222222222219,10.111111111111114,16.333333333333332,0.0,0.0,0.0,0.0,new20,opus
current_full,da-4-6,3,100.0,100.0,87.66666666666667,87.66666666666667,77.0,12.333333333333334,0.0,10.666666666666666,23.0,0.0,0.0,0.0,0.0,new20,opus
current_full,da-5-1,3,100.0,100.0,97.0,95.66666666666667,82.33333333333333,3.0,1.3333333333333333,13.333333333333334,17.666666666666668,0.0,0.0,0.0,0.0,new20,opus
current_full,da-6-5,3,100.0,100.0,98.33333333333333,94.88888888888889,58.0,1.6666666666666667,3.444444444444443,36.88888888888889,42.0,0.0,0.0,0.0,0.0,new20,opus
current_full,da-8-1,3,100.0,100.0,95.33333333333333,97.33333333333333,69.33333333333333,4.666666666666667,-2.0,28.0,30.666666666666668,0.0,0.0,0.0,0.0,new20,opus
current_full,da-8-3,3,100.0,100.0,76.0,72.44444444444444,59.333333333333336,24.0,3.555555555555557,13.111111111111109,40.666666666666664,0.0,0.0,0.0,0.0,new20,opus
current_full,da-9-1,3,100.0,100.0,95.0,93.88888888888889,72.66666666666667,5.0,1.1111111111111096,21.222222222222225,27.333333333333332,0.0,0.0,0.0,0.0,new20,opus
current_full,da-9-7,3,97.66666666666667,97.66666666666667,95.33333333333333,90.66666666666667,76.0,2.3333333333333335,4.666666666666667,14.666666666666666,21.666666666666668,0.0,0.0,0.0,0.0,new20,opus
current_user,da-1-3,3,100.0,100.0,96.0,93.22222222222223,85.0,4.0,2.7777777777777763,8.222222222222223,15.0,0.0,0.0,0.0,0.0,new20,opus
current_user,da-1-4,3,97.0,97.0,97.0,95.0,85.0,0.0,2.0,10.0,12.0,0.0,0.0,0.0,0.0,new20,opus
current_user,da-17-1,3,90.0,90.0,87.33333333333333,83.44444444444444,82.33333333333333,2.6666666666666665,3.8888888888888906,1.1111111111111096,7.666666666666667,0.0,0.0,0.0,0.0,new20,opus
current_user,da-17-3,3,53.666666666666664,53.666666666666664,34.333333333333336,31.444444444444443,32.0,19.333333333333332,2.88888888888889,-0.5555555555555568,21.666666666666668,0.0,0.0,0.0,0.0,new20,opus
current_user,da-17-5,3,85.66666666666667,85.66666666666667,90.0,85.44444444444444,61.333333333333336,-4.333333333333333,4.555555555555557,24.11111111111111,24.333333333333332,0.0,0.0,0.0,0.0,new20,opus
current_user,da-19-3,3,100.0,100.0,98.33333333333333,96.33333333333333,79.33333333333333,1.6666666666666667,2.0,17.0,20.666666666666668,0.0,0.0,0.0,0.0,new20,opus
current_user,da-20-1,3,95.0,95.0,83.0,73.55555555555556,70.0,12.0,9.444444444444443,3.555555555555557,25.0,0.0,0.0,0.0,0.0,new20,opus
current_user,da-20-4,3,13.333333333333334,13.333333333333334,8.333333333333334,8.88888888888889,24.666666666666668,5.0,-0.5555555555555558,-15.777777777777777,-11.333333333333334,0.0,0.0,0.0,0.0,new20,opus
current_user,da-24-3,3,80.0,80.0,74.33333333333333,72.88888888888889,64.33333333333333,5.666666666666667,1.4444444444444453,8.555555555555555,15.666666666666666,0.0,0.0,0.0,0.0,new20,opus
current_user,da-26-2,3,71.0,71.0,65.0,66.55555555555556,29.666666666666668,6.0,-1.5555555555555571,36.88888888888889,41.333333333333336,0.0,0.0,0.0,0.0,new20,opus
current_user,da-26-4,3,60.666666666666664,60.666666666666664,56.666666666666664,52.0,28.333333333333332,4.0,4.666666666666667,23.666666666666668,32.333333333333336,33.333333333333336,0.0,0.0,0.0,new20,opus
current_user,da-3-5,3,100.0,100.0,97.33333333333333,98.22222222222221,72.0,2.6666666666666665,-0.8888888888888857,26.222222222222218,28.0,0.0,0.0,0.0,0.0,new20,opus
current_user,da-4-1,3,93.0,93.0,85.33333333333333,85.55555555555556,70.33333333333333,7.666666666666667,-0.2222222222222238,15.222222222222223,22.666666666666668,0.0,0.0,0.0,0.0,new20,opus
current_user,da-4-6,3,100.0,100.0,95.66666666666667,95.66666666666667,86.66666666666667,4.333333333333333,0.0,9.0,13.333333333333334,0.0,0.0,0.0,0.0,new20,opus
current_user,da-5-1,3,100.0,100.0,87.66666666666667,88.66666666666666,81.33333333333333,12.333333333333334,-0.9999999999999952,7.333333333333329,18.666666666666668,0.0,0.0,0.0,0.0,new20,opus
current_user,da-6-5,3,100.0,100.0,95.66666666666667,97.44444444444444,62.666666666666664,4.333333333333333,-1.7777777777777761,34.77777777777778,37.333333333333336,0.0,0.0,0.0,0.0,new20,opus
current_user,da-8-1,3,97.33333333333333,97.33333333333333,94.66666666666667,95.55555555555556,69.33333333333333,2.6666666666666665,-0.8888888888888905,26.222222222222225,28.0,0.0,0.0,0.0,0.0,new20,opus
current_user,da-8-3,3,97.33333333333333,97.33333333333333,80.0,78.44444444444444,56.0,17.333333333333332,1.5555555555555571,22.444444444444443,41.333333333333336,0.0,0.0,0.0,0.0,new20,opus
current_user,da-9-1,3,100.0,100.0,93.0,90.33333333333333,76.0,7.0,2.6666666666666665,14.333333333333334,24.0,0.0,0.0,0.0,0.0,new20,opus
current_user,da-9-7,3,95.33333333333333,95.33333333333333,93.0,88.22222222222223,82.66666666666667,2.3333333333333335,4.777777777777776,5.555555555555557,12.666666666666666,33.333333333333336,0.0,0.0,0.0,new20,opus
static_full,da-1-3,3,100.0,100.0,98.0,98.0,77.66666666666667,2.0,0.0,20.333333333333332,22.333333333333332,0.0,0.0,0.0,0.0,new20,opus
static_full,da-1-4,3,100.0,100.0,98.66666666666667,97.0,80.0,1.3333333333333333,1.6666666666666667,17.0,20.0,0.0,0.0,0.0,0.0,new20,opus
static_full,da-17-1,3,93.33333333333333,93.33333333333333,83.0,84.88888888888889,72.0,10.333333333333334,-1.8888888888888904,12.888888888888891,21.333333333333332,33.333333333333336,0.0,0.0,0.0,new20,opus
static_full,da-17-3,3,100.0,100.0,95.0,94.44444444444444,32.0,5.0,0.5555555555555571,62.44444444444444,68.0,100.0,0.0,33.333333333333336,0.0,new20,opus
static_full,da-17-5,3,91.0,91.0,76.0,79.0,79.66666666666667,15.0,-3.0,-0.6666666666666666,11.333333333333334,33.333333333333336,0.0,0.0,0.0,new20,opus
static_full,da-19-3,3,100.0,100.0,89.0,92.11111111111111,68.66666666666667,11.0,-3.1111111111111094,23.444444444444443,31.333333333333332,33.333333333333336,0.0,0.0,0.0,new20,opus
static_full,da-20-1,3,100.0,100.0,91.0,88.88888888888889,64.0,9.0,2.1111111111111094,24.88888888888889,36.0,66.66666666666667,0.0,0.0,0.0,new20,opus
static_full,da-20-4,3,100.0,100.0,90.0,88.88888888888889,49.0,10.0,1.1111111111111096,39.88888888888889,51.0,100.0,0.0,33.333333333333336,0.0,new20,opus
static_full,da-24-3,3,91.66666666666667,91.66666666666667,83.33333333333333,78.33333333333333,63.333333333333336,8.333333333333334,5.0,15.0,28.333333333333332,0.0,0.0,0.0,0.0,new20,opus
static_full,da-26-2,3,98.33333333333333,98.33333333333333,91.0,88.0,35.333333333333336,7.333333333333333,3.0,52.666666666666664,63.0,100.0,33.333333333333336,33.333333333333336,0.0,new20,opus
static_full,da-26-4,3,100.0,100.0,79.0,81.66666666666667,24.666666666666668,21.0,-2.6666666666666665,57.0,75.33333333333333,100.0,33.333333333333336,0.0,0.0,new20,opus
static_full,da-3-5,3,100.0,100.0,95.66666666666667,95.66666666666667,53.666666666666664,4.333333333333333,0.0,42.0,46.333333333333336,0.0,0.0,33.333333333333336,0.0,new20,opus
static_full,da-4-1,3,100.0,100.0,90.66666666666667,88.33333333333333,78.0,9.333333333333334,2.3333333333333335,10.333333333333334,22.0,0.0,0.0,0.0,0.0,new20,opus
static_full,da-4-6,3,100.0,100.0,100.0,100.0,86.0,0.0,0.0,14.0,14.0,0.0,0.0,0.0,0.0,new20,opus
static_full,da-5-1,3,100.0,100.0,95.33333333333333,95.0,82.0,4.666666666666667,0.3333333333333333,13.0,18.0,0.0,0.0,0.0,0.0,new20,opus
static_full,da-6-5,3,100.0,100.0,98.33333333333333,98.33333333333333,72.66666666666667,1.6666666666666667,0.0,25.666666666666668,27.333333333333332,0.0,0.0,0.0,0.0,new20,opus
static_full,da-8-1,3,100.0,100.0,97.33333333333333,96.44444444444444,81.33333333333333,2.6666666666666665,0.8888888888888905,15.111111111111109,18.666666666666668,0.0,0.0,0.0,0.0,new20,opus
static_full,da-8-3,3,100.0,100.0,88.66666666666667,85.44444444444444,68.66666666666667,11.333333333333334,3.222222222222219,16.777777777777782,31.333333333333332,0.0,0.0,0.0,0.0,new20,opus
static_full,da-9-1,3,100.0,100.0,95.0,98.88888888888889,70.0,5.0,-3.8888888888888906,28.88888888888889,30.0,0.0,0.0,0.0,0.0,new20,opus
static_full,da-9-7,3,100.0,100.0,93.0,89.22222222222221,65.66666666666667,7.0,3.777777777777781,23.555555555555554,34.333333333333336,0.0,0.0,33.333333333333336,0.0,new20,opus
static_user,da-1-3,3,98.0,98.0,92.33333333333333,90.66666666666667,82.33333333333333,5.666666666666667,1.6666666666666667,8.333333333333334,15.666666666666666,0.0,0.0,0.0,0.0,new20,opus
static_user,da-1-4,3,100.0,100.0,93.33333333333333,96.66666666666667,84.66666666666667,6.666666666666667,-3.3333333333333335,12.0,15.333333333333334,0.0,0.0,0.0,0.0,new20,opus
static_user,da-17-1,3,88.0,88.0,79.0,80.55555555555556,79.33333333333333,9.0,-1.5555555555555571,1.2222222222222239,8.666666666666666,0.0,0.0,0.0,0.0,new20,opus
static_user,da-17-3,3,82.33333333333333,82.33333333333333,62.333333333333336,54.0,52.0,20.0,8.333333333333334,2.0,30.333333333333332,0.0,0.0,0.0,0.0,new20,opus
static_user,da-17-5,3,93.33333333333333,93.33333333333333,87.0,87.0,77.0,6.333333333333333,0.0,10.0,16.333333333333332,33.333333333333336,33.333333333333336,0.0,0.0,new20,opus
static_user,da-19-3,3,93.33333333333333,93.33333333333333,93.33333333333333,88.11111111111111,66.33333333333333,0.0,5.222222222222224,21.777777777777775,27.0,33.333333333333336,0.0,0.0,0.0,new20,opus
static_user,da-20-1,3,96.66666666666667,96.66666666666667,80.33333333333333,78.11111111111111,52.666666666666664,16.333333333333332,2.222222222222219,25.444444444444446,44.0,66.66666666666667,33.333333333333336,33.333333333333336,33.333333333333336,new20,opus
static_user,da-20-4,3,18.333333333333332,18.333333333333332,6.666666666666667,8.88888888888889,37.333333333333336,11.666666666666666,-2.222222222222222,-28.444444444444446,-19.0,33.333333333333336,0.0,0.0,0.0,new20,opus
static_user,da-24-3,3,86.66666666666667,86.66666666666667,80.0,82.0,61.333333333333336,6.666666666666667,-2.0,20.666666666666668,25.333333333333332,0.0,0.0,0.0,0.0,new20,opus
static_user,da-26-2,3,73.66666666666667,73.66666666666667,58.666666666666664,63.22222222222222,26.333333333333332,15.0,-4.5555555555555545,36.888888888888886,47.333333333333336,0.0,0.0,0.0,0.0,new20,opus
static_user,da-26-4,3,71.66666666666667,71.66666666666667,67.0,67.0,26.666666666666668,4.666666666666667,2.3684757858670005e-15,40.33333333333333,45.0,33.333333333333336,33.333333333333336,0.0,0.0,new20,opus
static_user,da-3-5,3,100.0,100.0,94.66666666666667,96.44444444444444,65.0,5.333333333333333,-1.7777777777777761,31.444444444444443,35.0,0.0,0.0,0.0,0.0,new20,opus
static_user,da-4-1,3,100.0,100.0,87.0,85.0,79.66666666666667,13.0,2.0,5.333333333333333,20.333333333333332,0.0,0.0,0.0,0.0,new20,opus
static_user,da-4-6,3,98.33333333333333,98.33333333333333,95.66666666666667,99.44444444444444,88.33333333333333,2.6666666666666665,-3.7777777777777763,11.111111111111109,10.0,0.0,0.0,0.0,0.0,new20,opus
static_user,da-5-1,3,93.0,93.0,83.66666666666667,77.55555555555556,72.0,9.333333333333334,6.111111111111112,5.5555555555555545,21.0,0.0,0.0,0.0,0.0,new20,opus
static_user,da-6-5,3,100.0,100.0,98.33333333333333,97.77777777777777,54.0,1.6666666666666667,0.5555555555555571,43.77777777777778,46.0,0.0,0.0,0.0,0.0,new20,opus
static_user,da-8-1,3,95.66666666666667,95.66666666666667,97.33333333333333,97.55555555555556,71.33333333333333,-1.6666666666666667,-0.22222222222221907,26.222222222222218,24.333333333333332,0.0,0.0,0.0,0.0,new20,opus
static_user,da-8-3,3,97.0,97.0,92.33333333333333,83.88888888888889,54.0,4.666666666666667,8.444444444444443,29.88888888888889,43.0,0.0,0.0,0.0,0.0,new20,opus
static_user,da-9-1,3,100.0,100.0,95.33333333333333,93.0,77.33333333333333,4.666666666666667,2.3333333333333335,15.666666666666666,22.666666666666668,0.0,0.0,0.0,0.0,new20,opus
static_user,da-9-7,3,97.66666666666667,97.66666666666667,95.33333333333333,91.77777777777777,79.0,2.3333333333333335,3.555555555555557,12.777777777777777,18.666666666666668,0.0,0.0,0.0,0.0,new20,opus
current_full,da-1-3,3,100.0,100.0,100.0,100.0,97.33333333333333,0.0,0.0,2.6666666666666665,2.6666666666666665,0.0,0.0,0.0,0.0,new20,gemini
current_full,da-1-4,3,100.0,100.0,100.0,100.0,100.0,0.0,0.0,0.0,0.0,0.0,0.0,0.0,0.0,new20,gemini
current_full,da-17-1,3,90.0,90.0,90.0,91.11111111111111,94.66666666666667,0.0,-1.1111111111111096,-3.555555555555557,-4.666666666666667,0.0,0.0,0.0,0.0,new20,gemini
current_full,da-17-3,3,62.0,60.333333333333336,45.666666666666664,43.0,40.666666666666664,16.333333333333332,2.6666666666666656,2.3333333333333344,21.333333333333332,0.0,0.0,0.0,0.0,new20,gemini
current_full,da-17-5,3,90.0,90.0,93.33333333333333,91.11111111111111,98.33333333333333,-3.3333333333333335,2.2222222222222237,-7.222222222222224,-8.333333333333334,0.0,0.0,0.0,0.0,new20,gemini
current_full,da-19-3,3,100.0,100.0,100.0,100.0,100.0,0.0,0.0,0.0,0.0,0.0,0.0,0.0,0.0,new20,gemini
current_full,da-20-1,3,94.33333333333333,94.33333333333333,84.33333333333333,82.44444444444444,78.33333333333333,10.0,1.8888888888888882,4.111111111111112,16.0,0.0,0.0,0.0,0.0,new20,gemini
current_full,da-20-4,3,15.0,15.0,8.333333333333334,10.0,11.666666666666666,6.666666666666667,-1.6666666666666667,-1.6666666666666667,3.3333333333333335,66.66666666666667,0.0,0.0,0.0,new20,gemini
current_full,da-24-3,3,95.0,95.0,93.33333333333333,92.33333333333333,94.0,1.6666666666666667,1.0,-1.6666666666666667,1.0,0.0,0.0,0.0,0.0,new20,gemini
current_full,da-26-2,3,84.0,84.0,85.0,85.0,94.66666666666667,-1.0,0.0,-9.666666666666666,-10.666666666666666,0.0,0.0,0.0,0.0,new20,gemini
current_full,da-26-4,3,79.66666666666667,79.66666666666667,82.0,73.0,61.666666666666664,-2.3333333333333335,9.0,11.333333333333334,18.0,33.333333333333336,0.0,0.0,0.0,new20,gemini
current_full,da-3-5,3,100.0,100.0,100.0,100.0,82.33333333333333,0.0,0.0,17.666666666666668,17.666666666666668,0.0,0.0,0.0,0.0,new20,gemini
current_full,da-4-1,3,100.0,100.0,100.0,99.22222222222223,100.0,0.0,0.7777777777777762,-0.7777777777777762,0.0,0.0,0.0,0.0,0.0,new20,gemini
current_full,da-4-6,3,100.0,100.0,100.0,100.0,100.0,0.0,0.0,0.0,0.0,0.0,0.0,0.0,0.0,new20,gemini
current_full,da-5-1,3,100.0,100.0,100.0,100.0,100.0,0.0,0.0,0.0,0.0,0.0,0.0,0.0,0.0,new20,gemini
current_full,da-6-5,3,100.0,100.0,100.0,100.0,93.33333333333333,0.0,0.0,6.666666666666667,6.666666666666667,0.0,0.0,0.0,0.0,new20,gemini
current_full,da-8-1,3,100.0,100.0,97.33333333333333,97.33333333333333,100.0,2.6666666666666665,0.0,-2.6666666666666665,0.0,0.0,0.0,0.0,0.0,new20,gemini
current_full,da-8-3,3,100.0,100.0,100.0,100.0,93.33333333333333,0.0,0.0,6.666666666666667,6.666666666666667,0.0,0.0,0.0,0.0,new20,gemini
current_full,da-9-1,3,100.0,100.0,100.0,100.0,97.66666666666667,0.0,0.0,2.3333333333333335,2.3333333333333335,0.0,0.0,0.0,0.0,new20,gemini
current_full,da-9-7,3,97.66666666666667,97.66666666666667,100.0,100.0,98.33333333333333,-2.3333333333333335,0.0,1.6666666666666667,-0.6666666666666666,0.0,0.0,0.0,0.0,new20,gemini
current_user,da-1-3,3,100.0,100.0,100.0,100.0,100.0,0.0,0.0,0.0,0.0,0.0,0.0,0.0,0.0,new20,gemini
current_user,da-1-4,3,97.0,97.0,98.66666666666667,98.66666666666667,100.0,-1.6666666666666667,0.0,-1.3333333333333333,-3.0,0.0,0.0,0.0,0.0,new20,gemini
current_user,da-17-1,3,90.0,90.0,93.33333333333333,92.22222222222221,98.66666666666667,-3.3333333333333335,1.1111111111111143,-6.444444444444447,-8.666666666666666,0.0,0.0,0.0,0.0,new20,gemini
current_user,da-17-3,3,53.666666666666664,53.666666666666664,33.333333333333336,31.11111111111111,37.666666666666664,20.333333333333332,2.2222222222222237,-6.555555555555557,16.0,0.0,0.0,0.0,0.0,new20,gemini
current_user,da-17-5,3,85.66666666666667,85.66666666666667,87.66666666666667,87.66666666666667,98.33333333333333,-2.0,0.0,-10.666666666666666,-12.666666666666666,0.0,0.0,0.0,0.0,new20,gemini
current_user,da-19-3,3,100.0,100.0,98.33333333333333,98.33333333333333,100.0,1.6666666666666667,0.0,-1.6666666666666667,0.0,0.0,0.0,0.0,0.0,new20,gemini
current_user,da-20-1,3,95.0,95.0,92.66666666666667,84.77777777777777,89.0,2.3333333333333335,7.88888888888889,-4.222222222222224,6.0,0.0,0.0,0.0,0.0,new20,gemini
current_user,da-20-4,3,13.333333333333334,13.333333333333334,13.333333333333334,12.222222222222223,22.333333333333332,0.0,1.1111111111111107,-10.11111111111111,-9.0,0.0,0.0,0.0,0.0,new20,gemini
current_user,da-24-3,3,80.0,80.0,81.66666666666667,83.33333333333334,92.33333333333333,-1.6666666666666667,-1.666666666666669,-8.999999999999998,-12.333333333333334,0.0,0.0,0.0,0.0,new20,gemini
current_user,da-26-2,3,71.0,71.0,70.0,70.0,62.333333333333336,1.0,0.0,7.666666666666667,8.666666666666666,0.0,0.0,0.0,0.0,new20,gemini
current_user,da-26-4,3,60.666666666666664,60.666666666666664,60.333333333333336,56.22222222222222,37.666666666666664,0.3333333333333333,4.111111111111111,18.555555555555557,23.0,0.0,0.0,0.0,0.0,new20,gemini
current_user,da-3-5,3,100.0,100.0,100.0,100.0,100.0,0.0,0.0,0.0,0.0,0.0,0.0,0.0,0.0,new20,gemini
current_user,da-4-1,3,93.0,93.0,90.66666666666667,89.11111111111111,99.33333333333333,2.3333333333333335,1.5555555555555525,-10.22222222222222,-6.333333333333333,0.0,0.0,0.0,0.0,new20,gemini
current_user,da-4-6,3,100.0,100.0,100.0,100.0,100.0,0.0,0.0,0.0,0.0,0.0,0.0,0.0,0.0,new20,gemini
current_user,da-5-1,3,100.0,100.0,100.0,100.0,100.0,0.0,0.0,0.0,0.0,0.0,0.0,0.0,0.0,new20,gemini
current_user,da-6-5,3,100.0,100.0,100.0,100.0,79.33333333333333,0.0,0.0,20.666666666666668,20.666666666666668,0.0,0.0,0.0,0.0,new20,gemini
current_user,da-8-1,3,97.33333333333333,97.33333333333333,97.33333333333333,97.33333333333333,96.66666666666667,0.0,0.0,0.6666666666666666,0.6666666666666666,0.0,0.0,0.0,0.0,new20,gemini
current_user,da-8-3,3,97.33333333333333,97.33333333333333,98.66666666666667,98.22222222222221,97.0,-1.3333333333333333,0.4444444444444476,1.222222222222219,0.3333333333333333,0.0,0.0,0.0,0.0,new20,gemini
current_user,da-9-1,3,100.0,100.0,100.0,100.0,100.0,0.0,0.0,0.0,0.0,0.0,0.0,0.0,0.0,new20,gemini
current_user,da-9-7,3,95.33333333333333,95.33333333333333,95.33333333333333,95.33333333333333,100.0,0.0,0.0,-4.666666666666667,-4.666666666666667,0.0,0.0,0.0,0.0,new20,gemini
static_full,da-1-3,3,100.0,100.0,100.0,100.0,99.33333333333333,0.0,0.0,0.6666666666666666,0.6666666666666666,0.0,0.0,0.0,0.0,new20,gemini
static_full,da-1-4,3,100.0,100.0,100.0,100.0,100.0,0.0,0.0,0.0,0.0,0.0,0.0,0.0,0.0,new20,gemini
static_full,da-17-1,3,93.33333333333333,93.33333333333333,100.0,100.0,96.66666666666667,-6.666666666666667,0.0,3.3333333333333335,-3.3333333333333335,0.0,0.0,66.66666666666667,0.0,new20,gemini
static_full,da-17-3,3,100.0,100.0,96.66666666666667,96.66666666666667,93.0,3.3333333333333335,0.0,3.6666666666666665,7.0,100.0,0.0,0.0,0.0,new20,gemini
static_full,da-17-5,3,91.0,91.0,89.66666666666667,91.22222222222223,99.33333333333333,1.3333333333333333,-1.5555555555555571,-8.111111111111109,-8.333333333333334,0.0,0.0,0.0,0.0,new20,gemini
static_full,da-19-3,3,100.0,100.0,100.0,100.0,95.0,0.0,0.0,5.0,5.0,0.0,0.0,0.0,0.0,new20,gemini
static_full,da-20-1,3,100.0,100.0,100.0,99.44444444444444,97.33333333333333,0.0,0.5555555555555571,2.1111111111111094,2.6666666666666665,0.0,0.0,0.0,0.0,new20,gemini
static_full,da-20-4,3,100.0,100.0,100.0,100.0,95.66666666666667,0.0,0.0,4.333333333333333,4.333333333333333,66.66666666666667,0.0,0.0,0.0,new20,gemini
static_full,da-24-3,3,91.66666666666667,91.66666666666667,96.66666666666667,93.88888888888889,94.0,-5.0,2.7777777777777763,-0.11111111111110954,-2.3333333333333335,0.0,0.0,0.0,0.0,new20,gemini
static_full,da-26-2,3,98.33333333333333,98.33333333333333,98.33333333333333,98.33333333333333,82.66666666666667,0.0,0.0,15.666666666666666,15.666666666666666,0.0,0.0,0.0,0.0,new20,gemini
static_full,da-26-4,3,100.0,100.0,100.0,99.66666666666667,44.333333333333336,0.0,0.3333333333333333,55.333333333333336,55.666666666666664,0.0,0.0,0.0,0.0,new20,gemini
static_full,da-3-5,3,100.0,100.0,100.0,100.0,95.33333333333333,0.0,0.0,4.666666666666667,4.666666666666667,0.0,0.0,0.0,0.0,new20,gemini
static_full,da-4-1,3,100.0,100.0,100.0,99.22222222222223,98.66666666666667,0.0,0.7777777777777762,0.5555555555555571,1.3333333333333333,0.0,0.0,0.0,0.0,new20,gemini
static_full,da-4-6,3,100.0,100.0,100.0,100.0,99.33333333333333,0.0,0.0,0.6666666666666666,0.6666666666666666,0.0,0.0,0.0,0.0,new20,gemini
static_full,da-5-1,3,100.0,100.0,100.0,100.0,100.0,0.0,0.0,0.0,0.0,0.0,0.0,0.0,0.0,new20,gemini
static_full,da-6-5,3,100.0,100.0,100.0,100.0,97.66666666666667,0.0,0.0,2.3333333333333335,2.3333333333333335,0.0,0.0,0.0,0.0,new20,gemini
static_full,da-8-1,3,100.0,100.0,97.33333333333333,97.33333333333333,100.0,2.6666666666666665,0.0,-2.6666666666666665,0.0,0.0,0.0,0.0,0.0,new20,gemini
static_full,da-8-3,3,100.0,100.0,100.0,100.0,97.0,0.0,0.0,3.0,3.0,0.0,0.0,0.0,0.0,new20,gemini
static_full,da-9-1,3,100.0,100.0,100.0,100.0,97.66666666666667,0.0,0.0,2.3333333333333335,2.3333333333333335,0.0,0.0,0.0,0.0,new20,gemini
static_full,da-9-7,3,100.0,100.0,97.66666666666667,97.66666666666667,98.33333333333333,2.3333333333333335,0.0,-0.6666666666666666,1.6666666666666667,0.0,0.0,0.0,0.0,new20,gemini
static_user,da-1-3,3,98.0,98.0,100.0,100.0,100.0,-2.0,0.0,0.0,-2.0,0.0,0.0,0.0,0.0,new20,gemini
static_user,da-1-4,3,100.0,100.0,98.66666666666667,100.0,100.0,1.3333333333333333,-1.3333333333333333,0.0,0.0,0.0,0.0,0.0,0.0,new20,gemini
static_user,da-17-1,3,88.0,88.0,87.33333333333333,88.44444444444444,98.66666666666667,0.6666666666666666,-1.1111111111111096,-10.222222222222223,-10.666666666666666,0.0,0.0,0.0,0.0,new20,gemini
static_user,da-17-3,3,82.33333333333333,82.33333333333333,71.66666666666667,69.88888888888889,67.33333333333333,10.666666666666666,1.777777777777778,2.5555555555555554,15.0,0.0,0.0,0.0,0.0,new20,gemini
static_user,da-17-5,3,93.33333333333333,93.33333333333333,93.33333333333333,93.33333333333333,100.0,0.0,0.0,-6.666666666666667,-6.666666666666667,0.0,0.0,0.0,0.0,new20,gemini
static_user,da-19-3,3,93.33333333333333,93.33333333333333,93.33333333333333,93.33333333333333,98.33333333333333,0.0,0.0,-5.0,-5.0,33.333333333333336,33.333333333333336,0.0,0.0,new20,gemini
static_user,da-20-1,3,96.66666666666667,96.66666666666667,100.0,94.44444444444444,99.33333333333333,-3.3333333333333335,5.555555555555557,-4.88888888888889,-2.6666666666666665,0.0,0.0,0.0,0.0,new20,gemini
static_user,da-20-4,3,18.333333333333332,18.333333333333332,21.666666666666668,23.333333333333336,55.333333333333336,-3.3333333333333335,-1.6666666666666674,-32.0,-37.0,0.0,0.0,0.0,0.0,new20,gemini
static_user,da-24-3,3,86.66666666666667,86.66666666666667,88.33333333333333,85.55555555555556,93.33333333333333,-1.6666666666666667,2.7777777777777763,-7.777777777777776,-6.666666666666667,0.0,0.0,0.0,0.0,new20,gemini
static_user,da-26-2,3,73.66666666666667,73.66666666666667,71.0,71.0,61.666666666666664,2.6666666666666665,0.0,9.333333333333334,12.0,0.0,0.0,0.0,0.0,new20,gemini
static_user,da-26-4,3,71.66666666666667,71.66666666666667,76.33333333333333,75.0,45.0,-4.666666666666667,1.3333333333333333,30.0,26.666666666666668,0.0,0.0,0.0,0.0,new20,gemini
static_user,da-3-5,3,100.0,100.0,100.0,100.0,97.33333333333333,0.0,0.0,2.6666666666666665,2.6666666666666665,0.0,0.0,0.0,0.0,new20,gemini
static_user,da-4-1,3,100.0,100.0,97.66666666666667,97.66666666666667,98.33333333333333,2.3333333333333335,0.0,-0.6666666666666666,1.6666666666666667,0.0,0.0,0.0,0.0,new20,gemini
static_user,da-4-6,3,98.33333333333333,98.33333333333333,98.33333333333333,98.88888888888889,100.0,0.0,-0.5555555555555571,-1.1111111111111096,-1.6666666666666667,0.0,0.0,0.0,0.0,new20,gemini
static_user,da-5-1,3,93.0,93.0,97.66666666666667,97.88888888888889,97.33333333333333,-4.666666666666667,-0.22222222222221907,0.5555555555555524,-4.333333333333333,0.0,0.0,0.0,0.0,new20,gemini
static_user,da-6-5,3,100.0,100.0,100.0,100.0,100.0,0.0,0.0,0.0,0.0,0.0,0.0,0.0,0.0,new20,gemini
static_user,da-8-1,3,95.66666666666667,95.66666666666667,100.0,100.0,100.0,-4.333333333333333,0.0,0.0,-4.333333333333333,0.0,0.0,0.0,0.0,new20,gemini
static_user,da-8-3,3,97.0,97.0,98.66666666666667,100.0,94.0,-1.6666666666666667,-1.3333333333333333,6.0,3.0,0.0,0.0,0.0,0.0,new20,gemini
static_user,da-9-1,3,100.0,100.0,100.0,100.0,100.0,0.0,0.0,0.0,0.0,0.0,0.0,0.0,0.0,new20,gemini
static_user,da-9-7,3,97.66666666666667,97.66666666666667,100.0,100.0,100.0,-2.3333333333333335,0.0,0.0,-2.3333333333333335,0.0,0.0,0.0,0.0,new20,gemini
current_full,da-1-3,3,100.0,100.0,97.11111111111111,96.11111111111111,82.44444444444444,2.888888888888889,1.0,13.666666666666666,17.555555555555554,0.0,0.0,0.0,0.0,new20,sol_opus_gemini
current_full,da-1-4,3,100.0,100.0,98.0,98.18518518518519,88.11111111111111,2.0,-0.1851851851851857,10.074074074074074,11.88888888888889,0.0,0.0,0.0,0.0,new20,sol_opus_gemini
current_full,da-17-1,3,90.0,90.0,86.44444444444444,85.62962962962963,84.88888888888889,3.5555555555555554,0.8148148148148159,0.7407407407407397,5.111111111111112,11.111111111111112,0.0,0.0,0.0,new20,sol_opus_gemini
current_full,da-17-3,3,62.0,60.333333333333336,38.111111111111114,38.62962962962963,33.55555555555556,23.88888888888889,-0.51851851851852,5.074074074074075,28.444444444444443,0.0,0.0,11.111111111111112,0.0,new20,sol_opus_gemini
current_full,da-17-5,3,90.0,90.0,89.33333333333333,88.5925925925926,87.11111111111111,0.6666666666666665,0.7407407407407413,1.481481481481481,2.888888888888889,0.0,0.0,0.0,0.0,new20,sol_opus_gemini
current_full,da-19-3,3,100.0,100.0,99.44444444444444,98.88888888888889,81.22222222222221,0.5555555555555556,0.555555555555554,17.666666666666668,18.77777777777778,22.222222222222225,0.0,0.0,0.0,new20,sol_opus_gemini
current_full,da-20-1,3,94.33333333333333,94.33333333333333,74.33333333333333,74.66666666666667,61.77777777777778,20.0,-0.3333333333333337,12.88888888888889,32.55555555555556,0.0,0.0,0.0,0.0,new20,sol_opus_gemini
current_full,da-20-4,3,15.0,15.0,8.333333333333334,8.148148148148149,13.444444444444445,6.666666666666667,0.18518518518518512,-5.296296296296297,1.5555555555555558,66.66666666666667,11.111111111111112,0.0,0.0,new20,sol_opus_gemini
current_full,da-24-3,3,95.0,95.0,84.44444444444444,82.07407407407408,64.11111111111111,10.555555555555555,2.37037037037037,17.962962962962962,30.88888888888889,11.111111111111112,0.0,0.0,0.0,new20,sol_opus_gemini
current_full,da-26-2,3,84.0,84.0,79.44444444444444,79.55555555555556,59.888888888888886,4.555555555555555,-0.11111111111111115,19.666666666666668,24.11111111111111,0.0,0.0,0.0,0.0,new20,sol_opus_gemini
current_full,da-26-4,3,79.66666666666667,79.66666666666667,71.33333333333334,66.92592592592592,38.0,8.333333333333332,4.4074074074074066,28.925925925925927,41.66666666666667,44.44444444444445,0.0,0.0,0.0,new20,sol_opus_gemini
current_full,da-3-5,3,100.0,100.0,98.55555555555556,98.55555555555556,78.33333333333333,1.4444444444444444,0.0,20.22222222222222,21.666666666666668,0.0,0.0,0.0,0.0,new20,sol_opus_gemini
current_full,da-4-1,3,100.0,100.0,95.0,92.33333333333333,87.22222222222223,5.0,2.666666666666665,5.1111111111111125,12.777777777777779,0.0,0.0,0.0,0.0,new20,sol_opus_gemini
current_full,da-4-6,3,100.0,100.0,87.55555555555556,89.96296296296296,84.0,12.444444444444445,-2.4074074074074066,5.962962962962962,16.0,0.0,0.0,0.0,0.0,new20,sol_opus_gemini
current_full,da-5-1,3,100.0,100.0,97.22222222222223,95.81481481481481,90.11111111111111,2.7777777777777777,1.4074074074074063,5.703703703703705,9.88888888888889,0.0,0.0,0.0,0.0,new20,sol_opus_gemini
current_full,da-6-5,3,100.0,100.0,99.44444444444444,98.29629629629629,69.55555555555556,0.5555555555555556,1.1481481481481477,28.74074074074074,30.444444444444443,0.0,0.0,0.0,0.0,new20,sol_opus_gemini
current_full,da-8-1,3,100.0,100.0,96.66666666666667,96.77777777777777,80.22222222222223,3.3333333333333335,-0.11111111111111109,16.555555555555557,19.77777777777778,0.0,0.0,0.0,0.0,new20,sol_opus_gemini
current_full,da-8-3,3,100.0,100.0,89.11111111111111,88.48148148148148,64.0,10.88888888888889,0.6296296296296301,24.48148148148148,36.0,0.0,0.0,0.0,0.0,new20,sol_opus_gemini
current_full,da-9-1,3,100.0,100.0,98.33333333333333,97.96296296296296,83.11111111111111,1.6666666666666667,0.37037037037036985,14.851851851851851,16.88888888888889,11.111111111111112,0.0,0.0,0.0,new20,sol_opus_gemini
current_full,da-9-7,3,97.66666666666667,97.66666666666667,93.55555555555556,92.0,88.55555555555556,4.111111111111112,1.5555555555555556,3.444444444444444,9.11111111111111,0.0,0.0,0.0,0.0,new20,sol_opus_gemini
current_user,da-1-3,3,100.0,100.0,98.33333333333333,96.48148148148148,91.77777777777777,1.6666666666666667,1.8518518518518507,4.703703703703704,8.222222222222221,0.0,0.0,0.0,0.0,new20,sol_opus_gemini
current_user,da-1-4,3,97.0,97.0,98.11111111111111,96.81481481481481,89.0,-1.1111111111111112,1.2962962962962967,7.814814814814814,8.0,0.0,0.0,0.0,0.0,new20,sol_opus_gemini
current_user,da-17-1,3,90.0,90.0,88.22222222222221,85.96296296296296,87.66666666666667,1.777777777777778,2.2592592592592604,-1.7037037037037048,2.333333333333333,11.111111111111112,11.111111111111112,0.0,0.0,new20,sol_opus_gemini
current_user,da-17-3,3,53.666666666666664,53.666666666666664,32.111111111111114,29.51851851851852,34.44444444444444,21.555555555555557,2.592592592592594,-4.925925925925927,19.22222222222222,0.0,0.0,0.0,0.0,new20,sol_opus_gemini
current_user,da-17-5,3,85.66666666666667,85.66666666666667,86.66666666666667,83.14814814814815,77.88888888888889,-1.0000000000000002,3.518518518518519,5.259259259259258,7.777777777777779,0.0,0.0,0.0,0.0,new20,sol_opus_gemini
current_user,da-19-3,3,100.0,100.0,98.33333333333333,97.11111111111111,83.77777777777779,1.6666666666666667,1.2222222222222223,13.333333333333332,16.22222222222222,0.0,0.0,0.0,0.0,new20,sol_opus_gemini
current_user,da-20-1,3,95.0,95.0,81.77777777777777,76.74074074074075,78.44444444444444,13.222222222222223,5.037037037037037,-1.7037037037037042,16.555555555555557,0.0,0.0,0.0,0.0,new20,sol_opus_gemini
current_user,da-20-4,3,13.333333333333334,13.333333333333334,10.0,9.62962962962963,23.444444444444446,3.3333333333333335,0.37037037037037013,-13.814814814814815,-10.11111111111111,0.0,0.0,0.0,0.0,new20,sol_opus_gemini
current_user,da-24-3,3,80.0,80.0,73.66666666666667,73.37037037037037,67.66666666666667,6.333333333333333,0.29629629629629606,5.703703703703704,12.333333333333334,0.0,0.0,0.0,0.0,new20,sol_opus_gemini
current_user,da-26-2,3,71.0,71.0,64.11111111111111,62.33333333333333,47.111111111111114,6.888888888888889,1.7777777777777768,15.222222222222223,23.88888888888889,0.0,0.0,0.0,0.0,new20,sol_opus_gemini
current_user,da-26-4,3,60.666666666666664,60.666666666666664,56.55555555555556,53.370370370370374,32.55555555555556,4.111111111111112,3.1851851851851847,20.814814814814813,28.11111111111111,33.333333333333336,0.0,0.0,0.0,new20,sol_opus_gemini
current_user,da-3-5,3,100.0,100.0,95.88888888888889,96.18518518518519,86.88888888888889,4.111111111111111,-0.2962962962962952,9.296296296296296,13.11111111111111,0.0,0.0,0.0,0.0,new20,sol_opus_gemini
current_user,da-4-1,3,93.0,93.0,87.66666666666666,87.03703703703704,81.44444444444444,5.333333333333333,0.629629629629627,5.592592592592595,11.555555555555555,0.0,0.0,0.0,0.0,new20,sol_opus_gemini
current_user,da-4-6,3,100.0,100.0,93.22222222222223,92.88888888888889,93.88888888888889,6.777777777777778,0.3333333333333333,-1.0000000000000002,6.111111111111111,0.0,0.0,0.0,0.0,new20,sol_opus_gemini
current_user,da-5-1,3,100.0,100.0,88.77777777777779,88.74074074074073,88.77777777777777,11.222222222222223,0.03703703703703807,-0.037037037037038124,11.222222222222221,0.0,0.0,0.0,0.0,new20,sol_opus_gemini
current_user,da-6-5,3,100.0,100.0,98.55555555555556,99.14814814814815,70.11111111111111,1.4444444444444444,-0.592592592592592,29.037037037037038,29.88888888888889,0.0,0.0,0.0,0.0,new20,sol_opus_gemini
current_user,da-8-1,3,97.33333333333333,97.33333333333333,95.0,94.92592592592592,80.0,2.333333333333333,0.07407407407407303,14.925925925925927,17.333333333333332,0.0,0.0,0.0,0.0,new20,sol_opus_gemini
current_user,da-8-3,3,97.33333333333333,97.33333333333333,88.88888888888889,86.37037037037037,69.66666666666667,8.444444444444445,2.518518518518521,16.703703703703702,27.666666666666668,11.111111111111112,11.111111111111112,0.0,0.0,new20,sol_opus_gemini
current_user,da-9-1,3,100.0,100.0,93.44444444444444,92.0,85.88888888888889,6.555555555555555,1.4444444444444444,6.111111111111111,14.11111111111111,0.0,0.0,0.0,0.0,new20,sol_opus_gemini
current_user,da-9-7,3,95.33333333333333,95.33333333333333,90.55555555555556,88.96296296296296,92.66666666666667,4.777777777777778,1.5925925925925921,-3.703703703703703,2.666666666666667,22.222222222222225,11.111111111111112,0.0,0.0,new20,sol_opus_gemini
static_full,da-1-3,3,100.0,100.0,99.33333333333333,99.11111111111111,82.88888888888889,0.6666666666666666,0.2222222222222222,16.22222222222222,17.11111111111111,0.0,0.0,0.0,0.0,new20,sol_opus_gemini
static_full,da-1-4,3,100.0,100.0,99.0,98.44444444444444,83.88888888888889,1.0,0.5555555555555556,14.555555555555555,16.11111111111111,0.0,0.0,0.0,0.0,new20,sol_opus_gemini
static_full,da-17-1,3,93.33333333333333,93.33333333333333,90.88888888888889,91.88888888888889,80.77777777777779,2.4444444444444446,-1.0,11.11111111111111,12.555555555555555,22.222222222222225,0.0,22.222222222222225,0.0,new20,sol_opus_gemini
static_full,da-17-3,3,100.0,100.0,96.11111111111111,95.92592592592592,50.666666666666664,3.888888888888889,0.1851851851851857,45.25925925925926,49.333333333333336,100.0,0.0,33.333333333333336,0.0,new20,sol_opus_gemini
static_full,da-17-5,3,91.0,91.0,82.0,84.29629629629629,84.77777777777779,9.0,-2.2962962962962967,-0.4814814814814807,6.222222222222221,22.222222222222225,0.0,0.0,0.0,new20,sol_opus_gemini
static_full,da-19-3,3,100.0,100.0,96.33333333333333,96.62962962962963,70.55555555555556,3.666666666666667,-0.2962962962962952,26.074074074074073,29.444444444444443,22.222222222222225,0.0,0.0,0.0,new20,sol_opus_gemini
static_full,da-20-1,3,100.0,100.0,94.0,93.37037037037037,71.22222222222223,6.0,0.6296296296296301,22.14814814814815,28.77777777777778,44.44444444444445,0.0,0.0,0.0,new20,sol_opus_gemini
static_full,da-20-4,3,100.0,100.0,93.88888888888889,92.77777777777779,60.22222222222222,6.111111111111111,1.1111111111111096,32.55555555555556,39.77777777777778,88.88888888888889,0.0,11.111111111111112,0.0,new20,sol_opus_gemini
static_full,da-24-3,3,91.66666666666667,91.66666666666667,85.55555555555556,84.07407407407408,68.88888888888889,6.111111111111112,1.4814814814814812,15.185185185185185,22.77777777777778,0.0,0.0,0.0,0.0,new20,sol_opus_gemini
static_full,da-26-2,3,98.33333333333333,98.33333333333333,83.66666666666667,82.96296296296296,48.44444444444444,14.666666666666666,0.703703703703704,34.51851851851852,49.888888888888886,66.66666666666667,33.333333333333336,22.222222222222225,11.111111111111112,new20,sol_opus_gemini
static_full,da-26-4,3,100.0,100.0,84.55555555555556,85.37037037037037,31.444444444444443,15.444444444444445,-0.814814814814814,53.925925925925924,68.55555555555556,66.66666666666667,22.222222222222225,0.0,0.0,new20,sol_opus_gemini
static_full,da-3-5,3,100.0,100.0,94.77777777777779,95.25925925925927,77.66666666666667,5.222222222222222,-0.48148148148148096,17.59259259259259,22.333333333333336,0.0,0.0,11.111111111111112,0.0,new20,sol_opus_gemini
static_full,da-4-1,3,100.0,100.0,92.88888888888889,92.0,84.0,7.111111111111112,0.888888888888889,8.0,16.0,0.0,0.0,0.0,0.0,new20,sol_opus_gemini
static_full,da-4-6,3,100.0,100.0,100.0,99.18518518518518,92.55555555555556,0.0,0.8148148148148159,6.629629629629628,7.444444444444445,0.0,0.0,0.0,0.0,new20,sol_opus_gemini
static_full,da-5-1,3,100.0,100.0,93.55555555555556,93.96296296296296,90.0,6.444444444444445,-0.4074074074074079,3.9629629629629637,10.0,0.0,0.0,0.0,0.0,new20,sol_opus_gemini
static_full,da-6-5,3,100.0,100.0,99.44444444444444,99.25925925925925,75.22222222222221,0.5555555555555556,0.1851851851851857,24.037037037037038,24.77777777777778,0.0,0.0,0.0,0.0,new20,sol_opus_gemini
static_full,da-8-1,3,100.0,100.0,97.33333333333333,97.03703703703704,90.88888888888889,2.6666666666666665,0.29629629629629683,6.148148148148148,9.11111111111111,0.0,0.0,0.0,0.0,new20,sol_opus_gemini
static_full,da-8-3,3,100.0,100.0,93.11111111111111,92.25925925925927,73.0,6.888888888888889,0.8518518518518509,19.25925925925926,27.0,0.0,0.0,0.0,0.0,new20,sol_opus_gemini
static_full,da-9-1,3,100.0,100.0,97.77777777777779,99.07407407407408,79.77777777777777,2.2222222222222223,-1.2962962962962967,19.296296296296298,20.22222222222222,0.0,0.0,0.0,0.0,new20,sol_opus_gemini
static_full,da-9-7,3,100.0,100.0,90.77777777777777,90.25925925925925,79.11111111111111,9.222222222222221,0.5185185185185205,11.148148148148145,20.88888888888889,11.111111111111112,0.0,11.111111111111112,11.111111111111112,new20,sol_opus_gemini
static_user,da-1-3,3,98.0,98.0,95.88888888888889,94.66666666666667,91.66666666666667,2.111111111111111,1.2222222222222223,3.0,6.333333333333334,0.0,0.0,0.0,0.0,new20,sol_opus_gemini
static_user,da-1-4,3,100.0,100.0,95.88888888888889,97.18518518518519,88.88888888888889,4.111111111111111,-1.296296296296297,8.296296296296298,11.11111111111111,0.0,0.0,0.0,0.0,new20,sol_opus_gemini
static_user,da-17-1,3,88.0,88.0,81.33333333333333,81.55555555555556,89.44444444444444,6.666666666666666,-0.22222222222222224,-7.888888888888889,-1.4444444444444444,22.222222222222225,11.111111111111112,0.0,0.0,new20,sol_opus_gemini
static_user,da-17-3,3,82.33333333333333,82.33333333333333,59.55555555555555,56.96296296296296,52.55555555555556,22.77777777777778,2.592592592592592,4.407407407407408,29.77777777777778,22.222222222222225,0.0,0.0,0.0,new20,sol_opus_gemini
static_user,da-17-5,3,93.33333333333333,93.33333333333333,90.22222222222223,87.11111111111111,87.11111111111111,3.111111111111111,3.111111111111111,-2.9605947323337506e-16,6.222222222222222,22.222222222222225,22.222222222222225,0.0,0.0,new20,sol_opus_gemini
static_user,da-19-3,3,93.33333333333333,93.33333333333333,93.33333333333333,90.11111111111111,79.22222222222223,7.401486830834377e-17,3.2222222222222223,10.88888888888889,14.11111111111111,33.333333333333336,22.222222222222225,0.0,0.0,new20,sol_opus_gemini
static_user,da-20-1,3,96.66666666666667,96.66666666666667,89.88888888888889,83.96296296296296,72.33333333333334,6.777777777777778,5.925925925925926,11.62962962962963,24.333333333333332,44.44444444444445,11.111111111111112,22.222222222222225,11.111111111111112,new20,sol_opus_gemini
static_user,da-20-4,3,18.333333333333332,18.333333333333332,13.88888888888889,16.11111111111111,40.44444444444444,4.444444444444445,-2.2222222222222228,-24.333333333333332,-22.11111111111111,22.222222222222225,0.0,0.0,0.0,new20,sol_opus_gemini
static_user,da-24-3,3,86.66666666666667,86.66666666666667,81.11111111111111,79.74074074074073,70.88888888888889,5.555555555555555,1.37037037037037,8.851851851851853,15.777777777777779,0.0,0.0,0.0,0.0,new20,sol_opus_gemini
static_user,da-26-2,3,73.66666666666667,73.66666666666667,66.88888888888889,67.5925925925926,47.111111111111114,6.777777777777778,-0.7037037037037032,20.48148148148148,26.555555555555557,11.111111111111112,0.0,0.0,0.0,new20,sol_opus_gemini
static_user,da-26-4,3,71.66666666666667,71.66666666666667,67.33333333333333,67.77777777777777,35.55555555555556,4.333333333333333,-0.4444444444444445,32.22222222222222,36.11111111111111,33.333333333333336,22.222222222222225,11.111111111111112,0.0,new20,sol_opus_gemini
static_user,da-3-5,3,100.0,100.0,93.55555555555556,95.22222222222221,80.11111111111111,6.444444444444445,-1.6666666666666652,15.11111111111111,19.88888888888889,0.0,0.0,0.0,0.0,new20,sol_opus_gemini
static_user,da-4-1,3,100.0,100.0,90.33333333333333,89.66666666666667,85.11111111111111,9.666666666666668,0.6666666666666666,4.555555555555555,14.88888888888889,0.0,0.0,0.0,0.0,new20,sol_opus_gemini
static_user,da-4-6,3,98.33333333333333,98.33333333333333,95.33333333333333,96.14814814814815,94.44444444444444,3.0,-0.8148148148148143,1.7037037037037033,3.888888888888889,0.0,0.0,0.0,0.0,new20,sol_opus_gemini
static_user,da-5-1,3,93.0,93.0,83.88888888888889,83.48148148148148,81.44444444444444,9.11111111111111,0.4074074074074087,2.037037037037036,11.555555555555555,0.0,0.0,0.0,0.0,new20,sol_opus_gemini
static_user,da-6-5,3,100.0,100.0,99.44444444444444,99.25925925925925,72.88888888888889,0.5555555555555556,0.1851851851851857,26.37037037037037,27.11111111111111,0.0,0.0,0.0,0.0,new20,sol_opus_gemini
static_user,da-8-1,3,95.66666666666667,95.66666666666667,98.22222222222221,98.29629629629629,85.88888888888889,-2.5555555555555554,-0.07407407407407303,12.407407407407407,9.777777777777777,0.0,0.0,0.0,0.0,new20,sol_opus_gemini
static_user,da-8-3,3,97.0,97.0,89.22222222222223,87.62962962962963,67.33333333333333,7.777777777777779,1.5925925925925921,20.296296296296298,29.666666666666668,0.0,0.0,0.0,0.0,new20,sol_opus_gemini
static_user,da-9-1,3,100.0,100.0,96.88888888888889,95.4074074074074,89.88888888888889,3.111111111111111,1.481481481481481,5.518518518518519,10.11111111111111,0.0,0.0,0.0,0.0,new20,sol_opus_gemini
static_user,da-9-7,3,97.66666666666667,97.66666666666667,91.11111111111111,90.07407407407408,91.11111111111111,6.555555555555555,1.0370370370370365,-1.0370370370370363,6.555555555555555,11.111111111111112,0.0,0.0,0.0,new20,sol_opus_gemini
current_full,da-1-3,3,100.0,100.0,95.66666666666667,94.16666666666667,75.0,4.333333333333333,1.5,19.166666666666668,25.0,0.0,0.0,0.0,0.0,cumulative40,sol_opus
current_full,da-1-4,3,100.0,100.0,97.0,97.27777777777779,82.16666666666667,3.0,-0.27777777777777857,15.111111111111112,17.833333333333332,0.0,0.0,0.0,0.0,cumulative40,sol_opus
current_full,da-10-1,3,100.0,100.0,98.0,98.66666666666667,81.16666666666667,2.0,-0.6666666666666666,17.5,18.833333333333332,0.0,0.0,0.0,0.0,cumulative40,sol_opus
current_full,da-10-3,3,100.0,100.0,99.16666666666667,99.1111111111111,71.83333333333333,0.8333333333333334,0.055555555555557135,27.277777777777775,28.166666666666668,0.0,0.0,0.0,0.0,cumulative40,sol_opus
current_full,da-12-2,3,90.0,88.33333333333333,89.16666666666667,90.0,77.16666666666667,0.8333333333333334,-0.8333333333333334,12.833333333333334,12.833333333333334,33.333333333333336,33.333333333333336,33.333333333333336,33.333333333333336,cumulative40,sol_opus
current_full,da-12-4,3,90.66666666666667,90.66666666666667,90.33333333333333,87.61111111111111,80.16666666666667,0.3333333333333333,2.7222222222222214,7.4444444444444455,10.5,33.333333333333336,0.0,0.0,0.0,cumulative40,sol_opus
current_full,da-13-1,3,100.0,100.0,92.5,90.88888888888889,77.5,7.5,1.6111111111111118,13.388888888888888,22.5,0.0,0.0,0.0,0.0,cumulative40,sol_opus
current_full,da-13-3,3,100.0,100.0,100.0,98.44444444444444,87.16666666666667,0.0,1.5555555555555571,11.277777777777777,12.833333333333334,0.0,0.0,0.0,0.0,cumulative40,sol_opus
current_full,da-13-5,3,100.0,100.0,91.66666666666667,90.27777777777777,86.0,8.333333333333334,1.3888888888888904,4.277777777777776,14.0,0.0,0.0,0.0,0.0,cumulative40,sol_opus
current_full,da-13-6,3,100.0,100.0,80.0,77.22222222222221,74.0,20.0,2.7777777777777786,3.2222222222222214,26.0,0.0,0.0,0.0,0.0,cumulative40,sol_opus
current_full,da-14-1,3,100.0,100.0,94.33333333333333,90.11111111111111,88.33333333333333,5.666666666666667,4.222222222222221,1.7777777777777786,11.666666666666666,0.0,0.0,0.0,0.0,cumulative40,sol_opus
current_full,da-14-3,3,100.0,100.0,100.0,100.0,92.0,0.0,0.0,8.0,8.0,0.0,0.0,0.0,0.0,cumulative40,sol_opus
current_full,da-14-8,3,100.0,100.0,97.5,97.22222222222221,58.333333333333336,2.5,0.27777777777777857,38.888888888888886,41.666666666666664,16.666666666666668,0.0,0.0,0.0,cumulative40,sol_opus
current_full,da-15-1,3,91.33333333333333,91.33333333333333,90.5,89.66666666666667,79.5,0.8333333333333334,0.8333333333333334,10.166666666666666,11.833333333333334,16.666666666666668,0.0,0.0,0.0,cumulative40,sol_opus
current_full,da-15-2,3,85.33333333333333,83.66666666666667,73.66666666666667,72.33333333333333,64.66666666666667,11.666666666666666,1.3333333333333346,7.666666666666665,20.666666666666668,0.0,16.666666666666668,0.0,0.0,cumulative40,sol_opus
current_full,da-15-7,3,73.66666666666667,73.66666666666667,65.83333333333333,67.22222222222223,59.166666666666664,7.833333333333333,-1.3888888888888893,8.055555555555555,14.5,0.0,0.0,0.0,0.0,cumulative40,sol_opus
current_full,da-15-8,3,100.0,100.0,84.0,82.66666666666667,53.833333333333336,16.0,1.3333333333333333,28.833333333333332,46.166666666666664,0.0,0.0,0.0,0.0,cumulative40,sol_opus
current_full,da-16-1,3,100.0,100.0,97.5,97.22222222222221,76.5,2.5,0.27777777777777857,20.72222222222222,23.5,0.0,0.0,0.0,0.0,cumulative40,sol_opus
current_full,da-17-1,3,90.0,90.0,84.66666666666667,82.88888888888889,80.0,5.333333333333333,1.7777777777777786,2.888888888888888,10.0,16.666666666666668,0.0,0.0,0.0,cumulative40,sol_opus
current_full,da-17-3,3,62.0,60.333333333333336,34.333333333333336,36.44444444444444,30.0,27.666666666666668,-2.111111111111113,6.444444444444446,32.0,0.0,0.0,16.666666666666668,0.0,cumulative40,sol_opus
current_full,da-17-5,3,90.0,90.0,87.33333333333333,87.33333333333333,81.5,2.6666666666666665,0.0,5.833333333333333,8.5,0.0,0.0,0.0,0.0,cumulative40,sol_opus
current_full,da-18-5,3,100.0,100.0,96.66666666666667,94.83333333333334,56.5,3.3333333333333335,1.833333333333331,38.333333333333336,43.5,0.0,0.0,0.0,0.0,cumulative40,sol_opus
current_full,da-18-7,3,97.33333333333333,97.33333333333333,96.16666666666667,96.88888888888889,71.0,1.1666666666666667,-0.7222222222222214,25.88888888888889,26.333333333333332,0.0,0.0,0.0,0.0,cumulative40,sol_opus
current_full,da-19-1,3,100.0,100.0,97.33333333333333,97.77777777777779,88.66666666666667,2.6666666666666665,-0.44444444444444525,9.111111111111112,11.333333333333334,0.0,0.0,0.0,0.0,cumulative40,sol_opus
current_full,da-19-3,3,100.0,100.0,99.16666666666667,98.33333333333334,71.83333333333333,0.8333333333333334,0.8333333333333309,26.500000000000004,28.166666666666668,33.333333333333336,0.0,0.0,0.0,cumulative40,sol_opus
current_full,da-19-6,3,59.666666666666664,59.666666666666664,48.833333333333336,46.88888888888889,68.83333333333333,10.833333333333334,1.9444444444444435,-21.944444444444443,-9.166666666666666,0.0,0.0,0.0,0.0,cumulative40,sol_opus
current_full,da-20-1,3,94.33333333333333,94.33333333333333,69.33333333333333,70.77777777777777,53.5,25.0,-1.4444444444444446,17.27777777777778,40.833333333333336,0.0,0.0,0.0,0.0,cumulative40,sol_opus
current_full,da-20-4,3,15.0,15.0,8.333333333333334,7.222222222222222,14.333333333333334,6.666666666666667,1.111111111111111,-7.111111111111111,0.6666666666666666,66.66666666666667,16.666666666666668,0.0,0.0,cumulative40,sol_opus
current_full,da-24-3,3,95.0,95.0,80.0,76.94444444444444,49.166666666666664,15.0,3.055555555555555,27.77777777777778,45.833333333333336,16.666666666666668,0.0,0.0,0.0,cumulative40,sol_opus
current_full,da-26-2,3,84.0,84.0,76.66666666666667,76.83333333333333,42.5,7.333333333333333,-0.16666666666666666,34.333333333333336,41.5,0.0,0.0,0.0,0.0,cumulative40,sol_opus
current_full,da-26-4,3,79.66666666666667,79.66666666666667,66.0,63.88888888888889,26.166666666666668,13.666666666666666,2.1111111111111094,37.72222222222222,53.5,50.0,0.0,0.0,0.0,cumulative40,sol_opus
current_full,da-3-5,3,100.0,100.0,97.83333333333333,97.83333333333333,76.33333333333333,2.1666666666666665,0.0,21.5,23.666666666666668,0.0,0.0,0.0,0.0,cumulative40,sol_opus
current_full,da-4-1,3,100.0,100.0,92.5,88.88888888888889,80.83333333333333,7.5,3.6111111111111094,8.055555555555557,19.166666666666668,0.0,0.0,0.0,0.0,cumulative40,sol_opus
current_full,da-4-6,3,100.0,100.0,81.33333333333333,84.94444444444444,76.0,18.666666666666668,-3.6111111111111094,8.944444444444443,24.0,0.0,0.0,0.0,0.0,cumulative40,sol_opus
current_full,da-5-1,3,100.0,100.0,95.83333333333333,93.72222222222223,85.16666666666667,4.166666666666667,2.1111111111111094,8.555555555555557,14.833333333333334,0.0,0.0,0.0,0.0,cumulative40,sol_opus
current_full,da-6-5,3,100.0,100.0,99.16666666666667,97.44444444444444,57.666666666666664,0.8333333333333334,1.7222222222222214,39.77777777777778,42.333333333333336,0.0,0.0,0.0,0.0,cumulative40,sol_opus
current_full,da-8-1,3,100.0,100.0,96.33333333333333,96.5,70.33333333333333,3.6666666666666665,-0.16666666666666666,26.166666666666668,29.666666666666668,0.0,0.0,0.0,0.0,cumulative40,sol_opus
current_full,da-8-3,3,100.0,100.0,83.66666666666667,82.72222222222223,49.333333333333336,16.333333333333332,0.9444444444444452,33.388888888888886,50.666666666666664,0.0,0.0,0.0,0.0,cumulative40,sol_opus
current_full,da-9-1,3,100.0,100.0,97.5,96.94444444444444,75.83333333333333,2.5,0.5555555555555548,21.11111111111111,24.166666666666668,16.666666666666668,0.0,0.0,0.0,cumulative40,sol_opus
current_full,da-9-7,3,97.66666666666667,97.66666666666667,90.33333333333333,88.0,83.66666666666667,7.333333333333333,2.3333333333333335,4.333333333333333,14.0,0.0,0.0,0.0,0.0,cumulative40,sol_opus
current_user,da-1-3,3,100.0,100.0,97.5,94.72222222222223,87.66666666666667,2.5,2.7777777777777763,7.055555555555557,12.333333333333334,0.0,0.0,0.0,0.0,cumulative40,sol_opus
current_user,da-1-4,3,97.0,97.0,97.83333333333333,95.88888888888889,83.5,-0.8333333333333334,1.9444444444444453,12.388888888888888,13.5,0.0,0.0,0.0,0.0,cumulative40,sol_opus
current_user,da-10-1,3,100.0,98.33333333333333,96.16666666666667,97.72222222222221,83.5,3.8333333333333335,-1.5555555555555547,14.222222222222221,16.5,0.0,0.0,0.0,0.0,cumulative40,sol_opus
current_user,da-10-3,3,96.66666666666667,96.66666666666667,90.16666666666667,90.83333333333334,61.5,6.5,-0.6666666666666691,29.333333333333336,35.166666666666664,0.0,0.0,0.0,0.0,cumulative40,sol_opus
current_user,da-12-2,3,68.33333333333333,68.33333333333333,73.33333333333333,69.33333333333333,80.83333333333333,-5.0,4.000000000000001,-11.500000000000002,-12.5,16.666666666666668,16.666666666666668,0.0,16.666666666666668,cumulative40,sol_opus
current_user,da-12-4,3,86.0,86.0,86.0,84.33333333333333,85.5,0.0,1.6666666666666667,-1.1666666666666667,0.5,16.666666666666668,33.333333333333336,0.0,16.666666666666668,cumulative40,sol_opus
current_user,da-13-1,3,100.0,100.0,91.0,91.0,80.66666666666667,9.0,0.0,10.333333333333334,19.333333333333332,0.0,0.0,0.0,0.0,cumulative40,sol_opus
current_user,da-13-3,3,100.0,100.0,94.66666666666667,92.77777777777779,88.0,5.333333333333333,1.8888888888888882,4.777777777777779,12.0,0.0,0.0,0.0,0.0,cumulative40,sol_opus
current_user,da-13-5,3,98.33333333333333,98.33333333333333,82.5,79.16666666666667,81.66666666666667,15.833333333333334,3.3333333333333335,-2.5,16.666666666666668,0.0,0.0,0.0,0.0,cumulative40,sol_opus
current_user,da-13-6,3,100.0,100.0,78.33333333333333,75.0,88.33333333333333,21.666666666666668,3.3333333333333335,-13.333333333333334,11.666666666666666,0.0,0.0,0.0,0.0,cumulative40,sol_opus
current_user,da-14-1,3,100.0,100.0,83.0,77.33333333333333,88.16666666666667,17.0,5.666666666666668,-10.833333333333334,11.833333333333334,0.0,0.0,0.0,0.0,cumulative40,sol_opus
current_user,da-14-3,3,100.0,100.0,94.0,92.55555555555556,91.0,6.0,1.4444444444444453,1.5555555555555547,9.0,0.0,0.0,0.0,0.0,cumulative40,sol_opus
current_user,da-14-8,3,75.66666666666667,75.66666666666667,66.66666666666667,66.5,67.16666666666667,9.0,0.16666666666666785,-0.6666666666666679,8.5,33.333333333333336,33.333333333333336,0.0,0.0,cumulative40,sol_opus
current_user,da-15-1,3,87.0,87.0,88.33333333333333,89.77777777777777,68.33333333333333,-1.3333333333333333,-1.4444444444444429,21.444444444444443,18.666666666666668,0.0,0.0,0.0,0.0,cumulative40,sol_opus
current_user,da-15-2,3,76.33333333333333,74.66666666666667,61.333333333333336,60.44444444444445,44.833333333333336,15.0,0.8888888888888881,15.611111111111112,31.5,0.0,0.0,0.0,0.0,cumulative40,sol_opus
current_user,da-15-7,3,81.33333333333333,81.33333333333333,68.5,68.8888888888889,63.333333333333336,12.833333333333334,-0.38888888888889045,5.555555555555557,18.0,0.0,0.0,0.0,0.0,cumulative40,sol_opus
current_user,da-15-8,3,93.33333333333333,90.0,87.5,87.22222222222223,64.83333333333333,5.833333333333333,0.2777777777777762,22.38888888888889,28.5,0.0,0.0,0.0,0.0,cumulative40,sol_opus
current_user,da-16-1,3,100.0,100.0,94.0,92.66666666666667,77.16666666666667,6.0,1.3333333333333333,15.5,22.833333333333332,0.0,0.0,0.0,0.0,cumulative40,sol_opus
current_user,da-17-1,3,90.0,90.0,85.66666666666667,82.83333333333333,82.16666666666667,4.333333333333333,2.8333333333333335,0.6666666666666666,7.833333333333333,16.666666666666668,16.666666666666668,0.0,0.0,cumulative40,sol_opus
current_user,da-17-3,3,53.666666666666664,53.666666666666664,31.5,28.72222222222222,32.833333333333336,22.166666666666668,2.777777777777779,-4.1111111111111125,20.833333333333332,0.0,0.0,0.0,0.0,cumulative40,sol_opus
current_user,da-17-5,3,85.66666666666667,85.66666666666667,86.16666666666667,80.88888888888889,67.66666666666667,-0.5,5.277777777777779,13.222222222222221,18.0,0.0,0.0,0.0,0.0,cumulative40,sol_opus
current_user,da-18-5,3,100.0,100.0,98.33333333333333,94.27777777777777,84.16666666666667,1.6666666666666667,4.0555555555555545,10.111111111111112,15.833333333333334,0.0,0.0,0.0,0.0,cumulative40,sol_opus
current_user,da-18-7,3,92.33333333333333,90.66666666666667,88.66666666666667,89.0,75.33333333333333,3.6666666666666665,-0.33333333333333454,13.666666666666668,17.0,0.0,0.0,0.0,0.0,cumulative40,sol_opus
current_user,da-19-1,3,100.0,100.0,94.5,93.38888888888889,89.5,5.5,1.1111111111111096,3.8888888888888906,10.5,0.0,0.0,0.0,0.0,cumulative40,sol_opus
current_user,da-19-3,3,100.0,100.0,98.33333333333333,96.5,75.66666666666667,1.6666666666666667,1.8333333333333333,20.833333333333332,24.333333333333332,0.0,0.0,0.0,0.0,cumulative40,sol_opus
current_user,da-19-6,3,37.333333333333336,37.333333333333336,19.0,16.27777777777778,53.833333333333336,18.333333333333332,2.7222222222222223,-37.55555555555555,-16.5,0.0,0.0,0.0,0.0,cumulative40,sol_opus
current_user,da-20-1,3,95.0,95.0,76.33333333333333,72.72222222222223,73.16666666666667,18.666666666666668,3.6111111111111107,-0.44444444444444403,21.833333333333332,0.0,0.0,0.0,0.0,cumulative40,sol_opus
current_user,da-20-4,3,13.333333333333334,13.333333333333334,8.333333333333334,8.333333333333334,24.0,5.0,-1.4802973661668753e-16,-15.666666666666666,-10.666666666666666,0.0,0.0,0.0,0.0,cumulative40,sol_opus
current_user,da-24-3,3,80.0,80.0,69.66666666666667,68.38888888888889,55.333333333333336,10.333333333333334,1.2777777777777786,13.055555555555555,24.666666666666668,0.0,0.0,0.0,0.0,cumulative40,sol_opus
current_user,da-26-2,3,71.0,71.0,61.166666666666664,58.50000000000001,39.5,9.833333333333334,2.6666666666666656,19.0,31.5,0.0,0.0,0.0,0.0,cumulative40,sol_opus
current_user,da-26-4,3,60.666666666666664,60.666666666666664,54.666666666666664,51.94444444444444,30.0,6.0,2.722222222222222,21.944444444444443,30.666666666666668,50.0,0.0,0.0,0.0,cumulative40,sol_opus
current_user,da-3-5,3,100.0,100.0,93.83333333333333,94.27777777777777,80.33333333333333,6.166666666666667,-0.44444444444444287,13.944444444444443,19.666666666666668,0.0,0.0,0.0,0.0,cumulative40,sol_opus
current_user,da-4-1,3,93.0,93.0,86.16666666666667,86.0,72.5,6.833333333333333,0.1666666666666643,13.500000000000002,20.5,0.0,0.0,0.0,0.0,cumulative40,sol_opus
current_user,da-4-6,3,100.0,100.0,89.83333333333333,89.33333333333333,90.83333333333333,10.166666666666666,0.5,-1.5,9.166666666666666,0.0,0.0,0.0,0.0,cumulative40,sol_opus
current_user,da-5-1,3,100.0,100.0,83.16666666666667,83.1111111111111,83.16666666666667,16.833333333333332,0.055555555555557135,-0.055555555555557135,16.833333333333332,0.0,0.0,0.0,0.0,cumulative40,sol_opus
current_user,da-6-5,3,100.0,100.0,97.83333333333333,98.72222222222221,65.5,2.1666666666666665,-0.8888888888888881,33.22222222222222,34.5,0.0,0.0,0.0,0.0,cumulative40,sol_opus
current_user,da-8-1,3,97.33333333333333,97.33333333333333,93.83333333333333,93.72222222222223,71.66666666666667,3.5,0.11111111111110954,22.055555555555557,25.666666666666668,0.0,0.0,0.0,0.0,cumulative40,sol_opus
current_user,da-8-3,3,97.33333333333333,97.33333333333333,84.0,80.44444444444444,56.0,13.333333333333334,3.555555555555557,24.444444444444443,41.333333333333336,16.666666666666668,16.666666666666668,0.0,0.0,cumulative40,sol_opus
current_user,da-9-1,3,100.0,100.0,90.16666666666667,88.0,78.83333333333333,9.833333333333334,2.1666666666666665,9.166666666666666,21.166666666666668,0.0,0.0,0.0,0.0,cumulative40,sol_opus
current_user,da-9-7,3,95.33333333333333,95.33333333333333,88.16666666666667,85.77777777777779,89.0,7.166666666666667,2.388888888888888,-3.2222222222222214,6.333333333333333,33.333333333333336,16.666666666666668,0.0,0.0,cumulative40,sol_opus
static_full,da-1-3,3,100.0,100.0,99.0,98.66666666666667,74.66666666666667,1.0,0.3333333333333333,24.0,25.333333333333332,0.0,0.0,0.0,0.0,cumulative40,sol_opus
static_full,da-1-4,3,100.0,100.0,98.5,97.66666666666667,75.83333333333333,1.5,0.8333333333333334,21.833333333333332,24.166666666666668,0.0,0.0,0.0,0.0,cumulative40,sol_opus
static_full,da-10-1,3,100.0,100.0,83.33333333333333,87.5,66.5,16.666666666666668,-4.166666666666667,21.0,33.5,33.333333333333336,0.0,0.0,0.0,cumulative40,sol_opus
static_full,da-10-3,3,100.0,100.0,82.83333333333333,90.94444444444444,65.0,17.166666666666668,-8.111111111111109,25.944444444444443,35.0,0.0,0.0,0.0,0.0,cumulative40,sol_opus
static_full,da-12-2,3,100.0,100.0,96.66666666666667,95.83333333333333,68.33333333333333,3.3333333333333335,0.8333333333333334,27.5,31.666666666666668,83.33333333333333,0.0,16.666666666666668,0.0,cumulative40,sol_opus
static_full,da-12-4,3,100.0,100.0,84.16666666666667,80.88888888888889,44.333333333333336,15.833333333333334,3.2777777777777763,36.55555555555556,55.666666666666664,100.0,16.666666666666668,33.333333333333336,16.666666666666668,cumulative40,sol_opus
static_full,da-13-1,3,100.0,100.0,86.66666666666667,80.83333333333333,65.83333333333333,13.333333333333334,5.833333333333333,15.0,34.166666666666664,0.0,0.0,0.0,0.0,cumulative40,sol_opus
static_full,da-13-3,3,100.0,100.0,100.0,98.94444444444444,87.5,0.0,1.0555555555555571,11.444444444444443,12.5,0.0,0.0,0.0,0.0,cumulative40,sol_opus
static_full,da-13-5,3,100.0,100.0,95.0,93.8888888888889,75.5,5.0,1.1111111111111096,18.38888888888889,24.5,0.0,0.0,0.0,0.0,cumulative40,sol_opus
static_full,da-13-6,3,100.0,100.0,100.0,98.8888888888889,82.16666666666667,0.0,1.1111111111111096,16.722222222222225,17.833333333333332,0.0,0.0,0.0,0.0,cumulative40,sol_opus
static_full,da-14-1,3,100.0,100.0,85.83333333333333,81.44444444444444,80.66666666666667,14.166666666666666,4.388888888888887,0.7777777777777798,19.333333333333332,16.666666666666668,0.0,0.0,0.0,cumulative40,sol_opus
static_full,da-14-3,3,100.0,100.0,100.0,100.0,87.0,0.0,0.0,13.0,13.0,0.0,0.0,0.0,0.0,cumulative40,sol_opus
static_full,da-14-8,3,100.0,100.0,95.0,92.77777777777777,53.666666666666664,5.0,2.2222222222222237,39.11111111111111,46.333333333333336,50.0,0.0,0.0,0.0,cumulative40,sol_opus
static_full,da-15-1,3,95.66666666666667,95.66666666666667,90.66666666666667,84.33333333333333,65.0,5.0,6.333333333333333,19.333333333333332,30.666666666666668,33.333333333333336,0.0,0.0,0.0,cumulative40,sol_opus
static_full,da-15-2,3,100.0,100.0,75.5,66.11111111111111,52.666666666666664,24.5,9.38888888888889,13.444444444444445,47.333333333333336,33.333333333333336,16.666666666666668,0.0,0.0,cumulative40,sol_opus
static_full,da-15-7,3,78.0,78.0,70.5,64.72222222222221,59.0,7.5,5.777777777777779,5.722222222222221,19.0,0.0,0.0,0.0,0.0,cumulative40,sol_opus
static_full,da-15-8,3,100.0,100.0,98.33333333333333,97.77777777777777,45.333333333333336,1.6666666666666667,0.5555555555555571,52.44444444444444,54.666666666666664,33.333333333333336,0.0,16.666666666666668,0.0,cumulative40,sol_opus
static_full,da-16-1,3,100.0,100.0,86.0,85.72222222222223,70.33333333333333,14.0,0.2777777777777762,15.388888888888891,29.666666666666668,0.0,0.0,0.0,0.0,cumulative40,sol_opus
static_full,da-17-1,3,93.33333333333333,93.33333333333333,86.33333333333333,87.83333333333333,72.83333333333333,7.0,-1.5,15.0,20.5,33.333333333333336,0.0,0.0,0.0,cumulative40,sol_opus
static_full,da-17-3,3,100.0,100.0,95.83333333333333,95.55555555555556,29.5,4.166666666666667,0.27777777777777857,66.05555555555556,70.5,100.0,0.0,50.0,0.0,cumulative40,sol_opus
static_full,da-17-5,3,91.0,91.0,78.16666666666667,80.83333333333333,77.5,12.833333333333334,-2.6666666666666665,3.3333333333333335,13.5,33.333333333333336,0.0,0.0,0.0,cumulative40,sol_opus
static_full,da-18-5,3,100.0,100.0,97.0,93.22222222222223,42.833333333333336,3.0,3.7777777777777786,50.388888888888886,57.166666666666664,33.333333333333336,0.0,0.0,0.0,cumulative40,sol_opus
static_full,da-18-7,3,100.0,100.0,99.16666666666667,97.83333333333333,67.0,0.8333333333333334,1.3333333333333333,30.833333333333332,33.0,0.0,0.0,0.0,0.0,cumulative40,sol_opus
static_full,da-19-1,3,100.0,100.0,97.83333333333333,98.05555555555556,90.0,2.1666666666666665,-0.22222222222222143,8.055555555555555,10.0,0.0,0.0,0.0,0.0,cumulative40,sol_opus
static_full,da-19-3,3,100.0,100.0,94.5,94.94444444444444,58.333333333333336,5.5,-0.44444444444444287,36.61111111111111,41.666666666666664,33.333333333333336,0.0,0.0,0.0,cumulative40,sol_opus
static_full,da-19-6,3,60.666666666666664,60.666666666666664,55.833333333333336,61.166666666666664,80.5,4.833333333333333,-5.333333333333333,-19.333333333333332,-19.833333333333332,0.0,0.0,0.0,0.0,cumulative40,sol_opus
static_full,da-20-1,3,100.0,100.0,91.0,90.33333333333333,58.166666666666664,9.0,0.6666666666666666,32.166666666666664,41.833333333333336,66.66666666666667,0.0,0.0,0.0,cumulative40,sol_opus
static_full,da-20-4,3,100.0,100.0,90.83333333333333,89.16666666666667,42.5,9.166666666666666,1.6666666666666643,46.66666666666667,57.5,100.0,0.0,16.666666666666668,0.0,cumulative40,sol_opus
static_full,da-24-3,3,91.66666666666667,91.66666666666667,80.0,79.16666666666667,56.333333333333336,11.666666666666666,0.8333333333333334,22.833333333333332,35.333333333333336,0.0,0.0,0.0,0.0,cumulative40,sol_opus
static_full,da-26-2,3,98.33333333333333,98.33333333333333,76.33333333333333,75.27777777777777,31.333333333333332,22.0,1.055555555555556,43.94444444444444,67.0,100.0,50.0,33.333333333333336,16.666666666666668,cumulative40,sol_opus
static_full,da-26-4,3,100.0,100.0,76.83333333333333,78.22222222222223,25.0,23.166666666666668,-1.3888888888888882,53.22222222222222,75.0,100.0,33.333333333333336,0.0,0.0,cumulative40,sol_opus
static_full,da-3-5,3,100.0,100.0,92.16666666666667,92.88888888888889,68.83333333333333,7.833333333333333,-0.7222222222222214,24.055555555555554,31.166666666666668,0.0,0.0,16.666666666666668,0.0,cumulative40,sol_opus
static_full,da-4-1,3,100.0,100.0,89.33333333333333,88.38888888888889,76.66666666666667,10.666666666666666,0.9444444444444452,11.722222222222221,23.333333333333332,0.0,0.0,0.0,0.0,cumulative40,sol_opus
static_full,da-4-6,3,100.0,100.0,100.0,98.77777777777777,89.16666666666667,0.0,1.2222222222222239,9.611111111111109,10.833333333333334,0.0,0.0,0.0,0.0,cumulative40,sol_opus
static_full,da-5-1,3,100.0,100.0,90.33333333333333,90.94444444444444,85.0,9.666666666666666,-0.6111111111111119,5.9444444444444455,15.0,0.0,0.0,0.0,0.0,cumulative40,sol_opus
static_full,da-6-5,3,100.0,100.0,99.16666666666667,98.88888888888889,64.0,0.8333333333333334,0.27777777777777857,34.888888888888886,36.0,0.0,0.0,0.0,0.0,cumulative40,sol_opus
static_full,da-8-1,3,100.0,100.0,97.33333333333333,96.88888888888889,86.33333333333333,2.6666666666666665,0.44444444444444525,10.555555555555555,13.666666666666666,0.0,0.0,0.0,0.0,cumulative40,sol_opus
static_full,da-8-3,3,100.0,100.0,89.66666666666667,88.38888888888889,61.0,10.333333333333334,1.2777777777777761,27.38888888888889,39.0,0.0,0.0,0.0,0.0,cumulative40,sol_opus
static_full,da-9-1,3,100.0,100.0,96.66666666666667,98.61111111111111,70.83333333333333,3.3333333333333335,-1.9444444444444453,27.77777777777778,29.166666666666668,0.0,0.0,0.0,0.0,cumulative40,sol_opus
static_full,da-9-7,3,100.0,100.0,87.33333333333333,86.55555555555554,69.5,12.666666666666666,0.7777777777777809,17.055555555555554,30.5,16.666666666666668,0.0,16.666666666666668,16.666666666666668,cumulative40,sol_opus
static_user,da-1-3,3,98.0,98.0,93.83333333333333,92.0,87.5,4.166666666666667,1.8333333333333333,4.5,10.5,0.0,0.0,0.0,0.0,cumulative40,sol_opus
static_user,da-1-4,3,100.0,100.0,94.5,95.77777777777779,83.33333333333333,5.5,-1.2777777777777786,12.444444444444445,16.666666666666668,0.0,0.0,0.0,0.0,cumulative40,sol_opus
static_user,da-10-1,3,93.0,93.0,80.0,79.27777777777777,67.66666666666667,13.0,0.7222222222222214,11.611111111111112,25.333333333333332,0.0,16.666666666666668,0.0,0.0,cumulative40,sol_opus
static_user,da-10-3,3,96.66666666666667,96.66666666666667,91.33333333333333,90.83333333333333,53.166666666666664,5.333333333333333,0.5,37.666666666666664,43.5,0.0,0.0,0.0,0.0,cumulative40,sol_opus
static_user,da-12-2,3,70.0,70.0,58.833333333333336,61.05555555555555,64.0,11.166666666666666,-2.22222222222222,-2.9444444444444464,6.0,100.0,100.0,0.0,33.333333333333336,cumulative40,sol_opus
static_user,da-12-4,3,90.33333333333333,90.33333333333333,95.33333333333333,94.83333333333333,82.66666666666667,-5.0,0.5,12.166666666666666,7.666666666666667,66.66666666666667,33.333333333333336,0.0,0.0,cumulative40,sol_opus
static_user,da-13-1,3,97.0,97.0,87.16666666666667,87.5,70.33333333333333,9.833333333333334,-0.3333333333333333,17.166666666666668,26.666666666666668,16.666666666666668,33.333333333333336,0.0,16.666666666666668,cumulative40,sol_opus
static_user,da-13-3,3,100.0,100.0,100.0,100.0,86.83333333333333,0.0,0.0,13.166666666666666,13.166666666666666,0.0,0.0,0.0,0.0,cumulative40,sol_opus
static_user,da-13-5,3,96.66666666666667,96.66666666666667,89.16666666666667,88.61111111111111,78.66666666666667,7.5,0.5555555555555548,9.944444444444445,18.0,0.0,0.0,0.0,0.0,cumulative40,sol_opus
static_user,da-13-6,3,100.0,100.0,79.16666666666667,72.22222222222223,81.5,20.833333333333332,6.944444444444444,-9.277777777777777,18.5,0.0,0.0,0.0,0.0,cumulative40,sol_opus
static_user,da-14-1,3,100.0,100.0,84.16666666666667,78.72222222222223,88.33333333333333,15.833333333333334,5.444444444444443,-9.611111111111109,11.666666666666666,0.0,0.0,0.0,0.0,cumulative40,sol_opus
static_user,da-14-3,3,100.0,100.0,98.16666666666667,100.0,90.83333333333333,1.8333333333333333,-1.8333333333333333,9.166666666666666,9.166666666666666,0.0,0.0,0.0,0.0,cumulative40,sol_opus
static_user,da-14-8,3,94.33333333333333,94.33333333333333,75.16666666666667,71.11111111111111,66.16666666666667,19.166666666666668,4.055555555555556,4.944444444444444,28.166666666666668,33.333333333333336,0.0,0.0,0.0,cumulative40,sol_opus
static_user,da-15-1,3,80.33333333333333,80.33333333333333,80.16666666666667,79.55555555555556,55.5,0.16666666666666666,0.6111111111111107,24.055555555555557,24.833333333333332,83.33333333333333,0.0,0.0,0.0,cumulative40,sol_opus
static_user,da-15-2,3,79.66666666666667,79.66666666666667,74.66666666666667,66.16666666666666,47.0,5.0,8.5,19.166666666666668,32.666666666666664,33.333333333333336,16.666666666666668,0.0,16.666666666666668,cumulative40,sol_opus
static_user,da-15-7,3,77.0,77.0,70.0,68.88888888888889,42.833333333333336,7.0,1.1111111111111107,26.055555555555557,34.166666666666664,33.333333333333336,16.666666666666668,0.0,0.0,cumulative40,sol_opus
static_user,da-15-8,3,100.0,100.0,88.66666666666667,88.66666666666667,63.833333333333336,11.333333333333334,0.0,24.833333333333332,36.166666666666664,16.666666666666668,16.666666666666668,0.0,33.333333333333336,cumulative40,sol_opus
static_user,da-16-1,3,100.0,100.0,94.83333333333333,92.66666666666667,78.5,5.166666666666667,2.1666666666666665,14.166666666666666,21.5,0.0,0.0,0.0,0.0,cumulative40,sol_opus
static_user,da-17-1,3,88.0,88.0,78.33333333333333,78.11111111111111,84.83333333333333,9.666666666666666,0.22222222222222143,-6.722222222222221,3.1666666666666665,33.333333333333336,16.666666666666668,0.0,0.0,cumulative40,sol_opus
static_user,da-17-3,3,82.33333333333333,82.33333333333333,53.5,50.5,45.166666666666664,28.833333333333332,2.999999999999999,5.333333333333334,37.166666666666664,33.333333333333336,0.0,0.0,0.0,cumulative40,sol_opus
static_user,da-17-5,3,93.33333333333333,93.33333333333333,88.66666666666667,84.0,80.66666666666667,4.666666666666667,4.666666666666667,3.3333333333333335,12.666666666666666,33.333333333333336,33.333333333333336,0.0,0.0,cumulative40,sol_opus
static_user,da-18-5,3,100.0,100.0,94.0,88.44444444444444,68.16666666666667,6.0,5.555555555555557,20.277777777777775,31.833333333333332,16.666666666666668,0.0,0.0,0.0,cumulative40,sol_opus
static_user,da-18-7,3,71.66666666666667,71.66666666666667,75.5,78.05555555555556,64.33333333333333,-3.8333333333333335,-2.555555555555555,13.722222222222221,7.333333333333333,0.0,0.0,0.0,0.0,cumulative40,sol_opus
static_user,da-19-1,3,100.0,100.0,97.16666666666667,97.38888888888889,88.83333333333333,2.8333333333333335,-0.22222222222222143,8.555555555555555,11.166666666666666,0.0,0.0,0.0,0.0,cumulative40,sol_opus
static_user,da-19-3,3,93.33333333333333,93.33333333333333,93.33333333333333,88.5,69.66666666666667,0.0,4.833333333333333,18.833333333333332,23.666666666666668,33.333333333333336,16.666666666666668,0.0,0.0,cumulative40,sol_opus
static_user,da-19-6,3,45.0,45.0,31.333333333333332,33.55555555555556,70.33333333333333,13.666666666666666,-2.2222222222222228,-36.77777777777778,-25.333333333333332,0.0,0.0,0.0,0.0,cumulative40,sol_opus
static_user,da-20-1,3,96.66666666666667,96.66666666666667,84.83333333333333,78.72222222222223,58.833333333333336,11.833333333333334,6.11111111111111,19.88888888888889,37.833333333333336,66.66666666666667,16.666666666666668,33.333333333333336,16.666666666666668,cumulative40,sol_opus
static_user,da-20-4,3,18.333333333333332,18.333333333333332,10.0,12.5,33.0,8.333333333333334,-2.5000000000000004,-20.5,-14.666666666666666,33.333333333333336,0.0,0.0,0.0,cumulative40,sol_opus
static_user,da-24-3,3,86.66666666666667,86.66666666666667,77.5,76.83333333333334,59.666666666666664,9.166666666666666,0.6666666666666666,17.166666666666668,27.0,0.0,0.0,0.0,0.0,cumulative40,sol_opus
static_user,da-26-2,3,73.66666666666667,73.66666666666667,64.83333333333333,65.88888888888889,39.833333333333336,8.833333333333334,-1.0555555555555547,26.055555555555554,33.833333333333336,16.666666666666668,0.0,0.0,0.0,cumulative40,sol_opus
static_user,da-26-4,3,71.66666666666667,71.66666666666667,62.833333333333336,64.16666666666667,30.833333333333332,8.833333333333334,-1.3333333333333333,33.333333333333336,40.833333333333336,50.0,33.333333333333336,16.666666666666668,0.0,cumulative40,sol_opus
static_user,da-3-5,3,100.0,100.0,90.33333333333333,92.83333333333333,71.5,9.666666666666666,-2.499999999999998,21.333333333333332,28.5,0.0,0.0,0.0,0.0,cumulative40,sol_opus
static_user,da-4-1,3,100.0,100.0,86.66666666666667,85.66666666666667,78.5,13.333333333333334,1.0,7.166666666666667,21.5,0.0,0.0,0.0,0.0,cumulative40,sol_opus
static_user,da-4-6,3,98.33333333333333,98.33333333333333,93.83333333333333,94.77777777777777,91.66666666666667,4.5,-0.9444444444444429,3.1111111111111094,6.666666666666667,0.0,0.0,0.0,0.0,cumulative40,sol_opus
static_user,da-5-1,3,93.0,93.0,77.0,76.27777777777777,73.5,16.0,0.7222222222222227,2.7777777777777772,19.5,0.0,0.0,0.0,0.0,cumulative40,sol_opus
static_user,da-6-5,3,100.0,100.0,99.16666666666667,98.88888888888889,59.333333333333336,0.8333333333333334,0.27777777777777857,39.55555555555555,40.666666666666664,0.0,0.0,0.0,0.0,cumulative40,sol_opus
static_user,da-8-1,3,95.66666666666667,95.66666666666667,97.33333333333333,97.44444444444444,78.83333333333333,-1.6666666666666667,-0.11111111111110954,18.61111111111111,16.833333333333332,0.0,0.0,0.0,0.0,cumulative40,sol_opus
static_user,da-8-3,3,97.0,97.0,84.5,81.44444444444444,54.0,12.5,3.055555555555555,27.444444444444446,43.0,0.0,0.0,0.0,0.0,cumulative40,sol_opus
static_user,da-9-1,3,100.0,100.0,95.33333333333333,93.11111111111111,84.83333333333333,4.666666666666667,2.2222222222222214,8.277777777777779,15.166666666666666,0.0,0.0,0.0,0.0,cumulative40,sol_opus
static_user,da-9-7,3,97.66666666666667,97.66666666666667,86.66666666666667,85.11111111111111,86.66666666666667,11.0,1.5555555555555547,-1.5555555555555547,11.0,16.666666666666668,0.0,0.0,0.0,cumulative40,sol_opus
current_full,da-1-3,3,100.0,100.0,97.33333333333333,94.66666666666667,73.33333333333333,2.6666666666666665,2.6666666666666665,21.333333333333332,26.666666666666668,0.0,0.0,0.0,0.0,cumulative40,sol
current_full,da-1-4,3,100.0,100.0,95.33333333333333,95.88888888888889,79.66666666666667,4.666666666666667,-0.5555555555555571,16.222222222222225,20.333333333333332,0.0,0.0,0.0,0.0,cumulative40,sol
current_full,da-10-1,3,100.0,100.0,97.66666666666667,99.0,80.66666666666667,2.3333333333333335,-1.3333333333333333,18.333333333333332,19.333333333333332,0.0,0.0,0.0,0.0,cumulative40,sol
current_full,da-10-3,3,100.0,100.0,100.0,100.0,65.66666666666667,0.0,0.0,34.333333333333336,34.333333333333336,0.0,0.0,0.0,0.0,cumulative40,sol
current_full,da-12-2,3,90.0,88.33333333333333,90.0,91.11111111111111,80.0,0.0,-1.1111111111111096,11.111111111111109,10.0,33.333333333333336,33.333333333333336,33.333333333333336,33.333333333333336,cumulative40,sol
current_full,da-12-4,3,90.66666666666667,90.66666666666667,85.33333333333333,85.33333333333333,78.33333333333333,5.333333333333333,0.0,7.0,12.333333333333334,33.333333333333336,0.0,0.0,0.0,cumulative40,sol
current_full,da-13-1,3,100.0,100.0,91.0,91.0,73.0,9.0,0.0,18.0,27.0,0.0,0.0,0.0,0.0,cumulative40,sol
current_full,da-13-3,3,100.0,100.0,100.0,100.0,90.0,0.0,0.0,10.0,10.0,0.0,0.0,0.0,0.0,cumulative40,sol
current_full,da-13-5,3,100.0,100.0,93.33333333333333,92.77777777777777,85.66666666666667,6.666666666666667,0.5555555555555571,7.11111111111111,14.333333333333334,0.0,0.0,0.0,0.0,cumulative40,sol
current_full,da-13-6,3,100.0,100.0,83.33333333333333,85.55555555555556,68.33333333333333,16.666666666666668,-2.2222222222222237,17.222222222222225,31.666666666666668,0.0,0.0,0.0,0.0,cumulative40,sol
current_full,da-14-1,3,100.0,100.0,94.33333333333333,91.33333333333333,93.33333333333333,5.666666666666667,3.0,-2.0,6.666666666666667,0.0,0.0,0.0,0.0,cumulative40,sol
current_full,da-14-3,3,100.0,100.0,100.0,100.0,96.0,0.0,0.0,4.0,4.0,0.0,0.0,0.0,0.0,cumulative40,sol
current_full,da-14-8,3,100.0,100.0,100.0,98.33333333333333,49.333333333333336,0.0,1.6666666666666667,49.0,50.666666666666664,33.333333333333336,0.0,0.0,0.0,cumulative40,sol
current_full,da-15-1,3,91.33333333333333,91.33333333333333,89.66666666666667,89.66666666666667,76.66666666666667,1.6666666666666667,0.0,13.0,14.666666666666666,33.333333333333336,0.0,0.0,0.0,cumulative40,sol
current_full,da-15-2,3,85.33333333333333,83.66666666666667,74.66666666666667,74.11111111111111,58.666666666666664,10.666666666666666,0.5555555555555571,15.444444444444443,26.666666666666668,0.0,33.333333333333336,0.0,0.0,cumulative40,sol
current_full,da-15-7,3,73.66666666666667,73.66666666666667,66.33333333333333,66.33333333333333,53.666666666666664,7.333333333333333,0.0,12.666666666666666,20.0,0.0,0.0,0.0,0.0,cumulative40,sol
current_full,da-15-8,3,100.0,100.0,82.66666666666667,80.0,40.0,17.333333333333332,2.6666666666666665,40.0,60.0,0.0,0.0,0.0,0.0,cumulative40,sol
current_full,da-16-1,3,100.0,100.0,100.0,99.44444444444444,77.0,0.0,0.5555555555555571,22.444444444444443,23.0,0.0,0.0,0.0,0.0,cumulative40,sol
current_full,da-17-1,3,90.0,90.0,83.66666666666667,81.0,80.0,6.333333333333333,2.6666666666666665,1.0,10.0,33.333333333333336,0.0,0.0,0.0,cumulative40,sol
current_full,da-17-3,3,62.0,60.333333333333336,28.333333333333332,35.66666666666667,34.666666666666664,33.666666666666664,-7.333333333333335,1.0000000000000018,27.333333333333332,0.0,0.0,0.0,0.0,cumulative40,sol
current_full,da-17-5,3,90.0,90.0,87.33333333333333,87.33333333333333,83.33333333333333,2.6666666666666665,0.0,4.0,6.666666666666667,0.0,0.0,0.0,0.0,cumulative40,sol
current_full,da-18-5,3,100.0,100.0,100.0,97.44444444444444,51.0,0.0,2.5555555555555522,46.44444444444445,49.0,0.0,0.0,0.0,0.0,cumulative40,sol
current_full,da-18-7,3,97.33333333333333,97.33333333333333,92.33333333333333,93.77777777777777,66.0,5.0,-1.4444444444444429,27.777777777777775,31.333333333333332,0.0,0.0,0.0,0.0,cumulative40,sol
current_full,da-19-1,3,100.0,100.0,97.33333333333333,97.33333333333333,92.33333333333333,2.6666666666666665,0.0,5.0,7.666666666666667,0.0,0.0,0.0,0.0,cumulative40,sol
current_full,da-19-3,3,100.0,100.0,100.0,98.88888888888889,73.0,0.0,1.1111111111111096,25.88888888888889,27.0,33.333333333333336,0.0,0.0,0.0,cumulative40,sol
current_full,da-19-6,3,59.666666666666664,59.666666666666664,38.333333333333336,39.111111111111114,69.0,21.333333333333332,-0.7777777777777773,-29.88888888888889,-9.333333333333334,0.0,0.0,0.0,0.0,cumulative40,sol
current_full,da-20-1,3,94.33333333333333,94.33333333333333,72.66666666666667,71.0,55.333333333333336,21.666666666666668,1.6666666666666679,15.666666666666666,39.0,0.0,0.0,0.0,0.0,cumulative40,sol
current_full,da-20-4,3,15.0,15.0,10.0,7.777777777777778,15.333333333333334,5.0,2.222222222222222,-7.555555555555555,-0.3333333333333333,66.66666666666667,33.333333333333336,0.0,0.0,cumulative40,sol
current_full,da-24-3,3,95.0,95.0,73.33333333333333,66.66666666666667,48.666666666666664,21.666666666666668,6.666666666666667,18.0,46.333333333333336,33.333333333333336,0.0,0.0,0.0,cumulative40,sol
current_full,da-26-2,3,84.0,84.0,70.33333333333333,72.0,52.666666666666664,13.666666666666666,-1.6666666666666667,19.333333333333332,31.333333333333332,0.0,0.0,0.0,0.0,cumulative40,sol
current_full,da-26-4,3,79.66666666666667,79.66666666666667,67.33333333333333,64.44444444444444,24.666666666666668,12.333333333333334,2.888888888888888,39.77777777777778,55.0,66.66666666666667,0.0,0.0,0.0,cumulative40,sol
current_full,da-3-5,3,100.0,100.0,95.66666666666667,95.66666666666667,88.0,4.333333333333333,0.0,7.666666666666667,12.0,0.0,0.0,0.0,0.0,cumulative40,sol
current_full,da-4-1,3,100.0,100.0,85.0,84.0,78.0,15.0,1.0,6.0,22.0,0.0,0.0,0.0,0.0,cumulative40,sol
current_full,da-4-6,3,100.0,100.0,75.0,82.22222222222221,75.0,25.0,-7.222222222222219,7.222222222222219,25.0,0.0,0.0,0.0,0.0,cumulative40,sol
current_full,da-5-1,3,100.0,100.0,94.66666666666667,91.77777777777779,88.0,5.333333333333333,2.8888888888888857,3.777777777777781,12.0,0.0,0.0,0.0,0.0,cumulative40,sol
current_full,da-6-5,3,100.0,100.0,100.0,100.0,57.333333333333336,0.0,0.0,42.666666666666664,42.666666666666664,0.0,0.0,0.0,0.0,cumulative40,sol
current_full,da-8-1,3,100.0,100.0,97.33333333333333,95.66666666666667,71.33333333333333,2.6666666666666665,1.6666666666666667,24.333333333333332,28.666666666666668,0.0,0.0,0.0,0.0,cumulative40,sol
current_full,da-8-3,3,100.0,100.0,91.33333333333333,93.0,39.333333333333336,8.666666666666666,-1.6666666666666667,53.666666666666664,60.666666666666664,0.0,0.0,0.0,0.0,cumulative40,sol
current_full,da-9-1,3,100.0,100.0,100.0,100.0,79.0,0.0,0.0,21.0,21.0,33.333333333333336,0.0,0.0,0.0,cumulative40,sol
current_full,da-9-7,3,97.66666666666667,97.66666666666667,85.33333333333333,85.33333333333333,91.33333333333333,12.333333333333334,0.0,-6.0,6.333333333333333,0.0,0.0,0.0,0.0,cumulative40,sol
current_user,da-1-3,3,100.0,100.0,99.0,96.22222222222223,90.33333333333333,1.0,2.7777777777777763,5.88888888888889,9.666666666666666,0.0,0.0,0.0,0.0,cumulative40,sol
current_user,da-1-4,3,97.0,97.0,98.66666666666667,96.77777777777777,82.0,-1.6666666666666667,1.8888888888888904,14.777777777777777,15.0,0.0,0.0,0.0,0.0,cumulative40,sol
current_user,da-10-1,3,100.0,98.33333333333333,92.33333333333333,97.33333333333333,89.66666666666667,7.666666666666667,-5.0,7.666666666666667,10.333333333333334,0.0,0.0,0.0,0.0,cumulative40,sol
current_user,da-10-3,3,96.66666666666667,96.66666666666667,93.33333333333333,95.0,63.0,3.3333333333333335,-1.6666666666666667,32.0,33.666666666666664,0.0,0.0,0.0,0.0,cumulative40,sol
current_user,da-12-2,3,68.33333333333333,68.33333333333333,75.0,72.22222222222221,95.66666666666667,-6.666666666666667,2.777777777777781,-23.444444444444446,-27.333333333333332,33.333333333333336,33.333333333333336,0.0,0.0,cumulative40,sol
current_user,da-12-4,3,86.0,86.0,86.0,83.66666666666667,87.33333333333333,0.0,2.3333333333333335,-3.6666666666666665,-1.3333333333333333,33.333333333333336,33.333333333333336,0.0,33.333333333333336,cumulative40,sol
current_user,da-13-1,3,100.0,100.0,88.0,91.0,78.66666666666667,12.0,-3.0,12.333333333333334,21.333333333333332,0.0,0.0,0.0,0.0,cumulative40,sol
current_user,da-13-3,3,100.0,100.0,97.0,95.44444444444444,90.66666666666667,3.0,1.5555555555555571,4.777777777777776,9.333333333333334,0.0,0.0,0.0,0.0,cumulative40,sol
current_user,da-13-5,3,98.33333333333333,98.33333333333333,81.66666666666667,81.66666666666667,78.66666666666667,16.666666666666668,0.0,3.0,19.666666666666668,0.0,0.0,0.0,0.0,cumulative40,sol
current_user,da-13-6,3,100.0,100.0,85.0,85.0,93.33333333333333,15.0,0.0,-8.333333333333334,6.666666666666667,0.0,0.0,0.0,0.0,cumulative40,sol
current_user,da-14-1,3,100.0,100.0,79.0,67.66666666666666,94.33333333333333,21.0,11.333333333333336,-26.666666666666668,5.666666666666667,0.0,0.0,0.0,0.0,cumulative40,sol
current_user,da-14-3,3,100.0,100.0,96.33333333333333,91.66666666666667,96.0,3.6666666666666665,4.666666666666667,-4.333333333333333,4.0,0.0,0.0,0.0,0.0,cumulative40,sol
current_user,da-14-8,3,75.66666666666667,75.66666666666667,63.333333333333336,65.55555555555556,76.0,12.333333333333334,-2.2222222222222237,-10.444444444444443,-0.3333333333333333,33.333333333333336,33.333333333333336,0.0,0.0,cumulative40,sol
current_user,da-15-1,3,87.0,87.0,89.66666666666667,89.66666666666667,66.66666666666667,-2.6666666666666665,0.0,23.0,20.333333333333332,0.0,0.0,0.0,0.0,cumulative40,sol
current_user,da-15-2,3,76.33333333333333,74.66666666666667,62.666666666666664,57.333333333333336,46.0,13.666666666666666,5.333333333333333,11.333333333333334,30.333333333333332,0.0,0.0,0.0,0.0,cumulative40,sol
current_user,da-15-7,3,81.33333333333333,81.33333333333333,65.66666666666667,65.66666666666667,54.666666666666664,15.666666666666666,0.0,11.0,26.666666666666668,0.0,0.0,0.0,0.0,cumulative40,sol
current_user,da-15-8,3,93.33333333333333,90.0,86.0,84.88888888888889,58.0,7.333333333333333,1.1111111111111096,26.88888888888889,35.333333333333336,0.0,0.0,0.0,0.0,cumulative40,sol
current_user,da-16-1,3,100.0,100.0,95.66666666666667,95.66666666666667,84.66666666666667,4.333333333333333,0.0,11.0,15.333333333333334,0.0,0.0,0.0,0.0,cumulative40,sol
current_user,da-17-1,3,90.0,90.0,84.0,82.22222222222223,82.0,6.0,1.7777777777777761,0.2222222222222238,8.0,33.333333333333336,33.333333333333336,0.0,0.0,cumulative40,sol
current_user,da-17-3,3,53.666666666666664,53.666666666666664,28.666666666666668,26.0,33.666666666666664,25.0,2.6666666666666674,-7.666666666666668,20.0,0.0,0.0,0.0,0.0,cumulative40,sol
current_user,da-17-5,3,85.66666666666667,85.66666666666667,82.33333333333333,76.33333333333333,74.0,3.3333333333333335,6.0,2.3333333333333335,11.666666666666666,0.0,0.0,0.0,0.0,cumulative40,sol
current_user,da-18-5,3,100.0,100.0,100.0,94.11111111111111,92.66666666666667,0.0,5.88888888888889,1.4444444444444429,7.333333333333333,0.0,0.0,0.0,0.0,cumulative40,sol
current_user,da-18-7,3,92.33333333333333,90.66666666666667,83.33333333333333,83.44444444444444,76.66666666666667,9.0,-0.1111111111111119,6.777777777777779,15.666666666666666,0.0,0.0,0.0,0.0,cumulative40,sol
current_user,da-19-1,3,100.0,100.0,96.0,94.22222222222223,96.0,4.0,1.7777777777777761,-1.7777777777777761,4.0,0.0,0.0,0.0,0.0,cumulative40,sol
current_user,da-19-3,3,100.0,100.0,98.33333333333333,96.66666666666667,72.0,1.6666666666666667,1.6666666666666667,24.666666666666668,28.0,0.0,0.0,0.0,0.0,cumulative40,sol
current_user,da-19-6,3,37.333333333333336,37.333333333333336,13.666666666666666,13.11111111111111,71.33333333333333,23.666666666666668,0.5555555555555554,-58.22222222222222,-34.0,0.0,0.0,0.0,0.0,cumulative40,sol
current_user,da-20-1,3,95.0,95.0,69.66666666666667,71.88888888888889,76.33333333333333,25.333333333333332,-2.2222222222222214,-4.4444444444444455,18.666666666666668,0.0,0.0,0.0,0.0,cumulative40,sol
current_user,da-20-4,3,13.333333333333334,13.333333333333334,8.333333333333334,7.777777777777778,23.333333333333332,5.0,0.5555555555555555,-15.555555555555555,-10.0,0.0,0.0,0.0,0.0,cumulative40,sol
current_user,da-24-3,3,80.0,80.0,65.0,63.888888888888886,46.333333333333336,15.0,1.1111111111111118,17.555555555555554,33.666666666666664,0.0,0.0,0.0,0.0,cumulative40,sol
current_user,da-26-2,3,71.0,71.0,57.333333333333336,50.44444444444444,49.333333333333336,13.666666666666666,6.888888888888888,1.1111111111111118,21.666666666666668,0.0,0.0,0.0,0.0,cumulative40,sol
current_user,da-26-4,3,60.666666666666664,60.666666666666664,52.666666666666664,51.888888888888886,31.666666666666668,8.0,0.7777777777777773,20.22222222222222,29.0,66.66666666666667,0.0,0.0,0.0,cumulative40,sol
current_user,da-3-5,3,100.0,100.0,90.33333333333333,90.33333333333333,88.66666666666667,9.666666666666666,0.0,1.6666666666666667,11.333333333333334,0.0,0.0,0.0,0.0,cumulative40,sol
current_user,da-4-1,3,93.0,93.0,87.0,86.44444444444444,74.66666666666667,6.0,0.5555555555555524,11.77777777777778,18.333333333333332,0.0,0.0,0.0,0.0,cumulative40,sol
current_user,da-4-6,3,100.0,100.0,84.0,83.0,95.0,16.0,1.0,-12.0,5.0,0.0,0.0,0.0,0.0,cumulative40,sol
current_user,da-5-1,3,100.0,100.0,78.66666666666667,77.55555555555556,85.0,21.333333333333332,1.1111111111111096,-7.444444444444443,15.0,0.0,0.0,0.0,0.0,cumulative40,sol
current_user,da-6-5,3,100.0,100.0,100.0,100.0,68.33333333333333,0.0,0.0,31.666666666666668,31.666666666666668,0.0,0.0,0.0,0.0,cumulative40,sol
current_user,da-8-1,3,97.33333333333333,97.33333333333333,93.0,91.88888888888889,74.0,4.333333333333333,1.1111111111111096,17.88888888888889,23.333333333333332,0.0,0.0,0.0,0.0,cumulative40,sol
current_user,da-8-3,3,97.33333333333333,97.33333333333333,88.0,82.44444444444444,56.0,9.333333333333334,5.555555555555557,26.444444444444443,41.333333333333336,33.333333333333336,33.333333333333336,0.0,0.0,cumulative40,sol
current_user,da-9-1,3,100.0,100.0,87.33333333333333,85.66666666666667,81.66666666666667,12.666666666666666,1.6666666666666667,4.0,18.333333333333332,0.0,0.0,0.0,0.0,cumulative40,sol
current_user,da-9-7,3,95.33333333333333,95.33333333333333,83.33333333333333,83.33333333333333,95.33333333333333,12.0,0.0,-12.0,0.0,33.333333333333336,33.333333333333336,0.0,0.0,cumulative40,sol
static_full,da-1-3,3,100.0,100.0,100.0,99.33333333333333,71.66666666666667,0.0,0.6666666666666666,27.666666666666668,28.333333333333332,0.0,0.0,0.0,0.0,cumulative40,sol
static_full,da-1-4,3,100.0,100.0,98.33333333333333,98.33333333333333,71.66666666666667,1.6666666666666667,0.0,26.666666666666668,28.333333333333332,0.0,0.0,0.0,0.0,cumulative40,sol
static_full,da-10-1,3,100.0,100.0,85.66666666666667,89.33333333333333,66.33333333333333,14.333333333333334,-3.6666666666666665,23.0,33.666666666666664,0.0,0.0,0.0,0.0,cumulative40,sol
static_full,da-10-3,3,100.0,100.0,70.66666666666667,90.11111111111111,54.666666666666664,29.333333333333332,-19.444444444444443,35.44444444444444,45.333333333333336,0.0,0.0,0.0,0.0,cumulative40,sol
static_full,da-12-2,3,100.0,100.0,96.66666666666667,95.0,66.33333333333333,3.3333333333333335,1.6666666666666667,28.666666666666668,33.666666666666664,100.0,0.0,33.333333333333336,0.0,cumulative40,sol
static_full,da-12-4,3,100.0,100.0,82.33333333333333,75.55555555555556,43.333333333333336,17.666666666666668,6.777777777777776,32.22222222222222,56.666666666666664,100.0,0.0,0.0,0.0,cumulative40,sol
static_full,da-13-1,3,100.0,100.0,82.33333333333333,73.11111111111111,58.666666666666664,17.666666666666668,9.222222222222223,14.444444444444443,41.333333333333336,0.0,0.0,0.0,0.0,cumulative40,sol
static_full,da-13-3,3,100.0,100.0,100.0,100.0,90.33333333333333,0.0,0.0,9.666666666666666,9.666666666666666,0.0,0.0,0.0,0.0,cumulative40,sol
static_full,da-13-5,3,100.0,100.0,93.33333333333333,93.33333333333333,65.66666666666667,6.666666666666667,0.0,27.666666666666668,34.333333333333336,0.0,0.0,0.0,0.0,cumulative40,sol
static_full,da-13-6,3,100.0,100.0,100.0,100.0,82.33333333333333,0.0,0.0,17.666666666666668,17.666666666666668,0.0,0.0,0.0,0.0,cumulative40,sol
static_full,da-14-1,3,100.0,100.0,78.0,77.22222222222223,80.66666666666667,22.0,0.7777777777777786,-3.444444444444445,19.333333333333332,0.0,0.0,0.0,0.0,cumulative40,sol
static_full,da-14-3,3,100.0,100.0,100.0,100.0,88.66666666666667,0.0,0.0,11.333333333333334,11.333333333333334,0.0,0.0,0.0,0.0,cumulative40,sol
static_full,da-14-8,3,100.0,100.0,93.33333333333333,92.77777777777777,48.0,6.666666666666667,0.5555555555555571,44.77777777777778,52.0,66.66666666666667,0.0,0.0,0.0,cumulative40,sol
static_full,da-15-1,3,95.66666666666667,95.66666666666667,89.0,80.66666666666667,62.0,6.666666666666667,8.333333333333334,18.666666666666668,33.666666666666664,33.333333333333336,0.0,0.0,0.0,cumulative40,sol
static_full,da-15-2,3,100.0,100.0,69.0,66.77777777777777,48.333333333333336,31.0,2.2222222222222214,18.444444444444446,51.666666666666664,33.333333333333336,33.333333333333336,0.0,0.0,cumulative40,sol
static_full,da-15-7,3,78.0,78.0,68.0,63.55555555555556,55.0,10.0,4.4444444444444455,8.555555555555555,23.0,0.0,0.0,0.0,0.0,cumulative40,sol
static_full,da-15-8,3,100.0,100.0,96.66666666666667,97.22222222222221,24.0,3.3333333333333335,-0.5555555555555524,73.22222222222221,76.0,33.333333333333336,0.0,0.0,0.0,cumulative40,sol
static_full,da-16-1,3,100.0,100.0,90.33333333333333,88.0,75.0,9.666666666666666,2.3333333333333335,13.0,25.0,0.0,0.0,0.0,0.0,cumulative40,sol
static_full,da-17-1,3,93.33333333333333,93.33333333333333,89.66666666666667,90.77777777777777,73.66666666666667,3.6666666666666665,-1.1111111111111096,17.11111111111111,19.666666666666668,33.333333333333336,0.0,0.0,0.0,cumulative40,sol
static_full,da-17-3,3,100.0,100.0,96.66666666666667,96.66666666666667,27.0,3.3333333333333335,0.0,69.66666666666667,73.0,100.0,0.0,66.66666666666667,0.0,cumulative40,sol
static_full,da-17-5,3,91.0,91.0,80.33333333333333,82.66666666666667,75.33333333333333,10.666666666666666,-2.3333333333333335,7.333333333333333,15.666666666666666,33.333333333333336,0.0,0.0,0.0,cumulative40,sol
static_full,da-18-5,3,100.0,100.0,100.0,94.44444444444444,47.0,0.0,5.555555555555557,47.44444444444444,53.0,33.333333333333336,0.0,0.0,0.0,cumulative40,sol
static_full,da-18-7,3,100.0,100.0,100.0,97.33333333333333,62.666666666666664,0.0,2.6666666666666665,34.666666666666664,37.333333333333336,0.0,0.0,0.0,0.0,cumulative40,sol
static_full,da-19-1,3,100.0,100.0,97.0,97.44444444444444,95.33333333333333,3.0,-0.44444444444444287,2.1111111111111094,4.666666666666667,0.0,0.0,0.0,0.0,cumulative40,sol
static_full,da-19-3,3,100.0,100.0,100.0,97.77777777777777,48.0,0.0,2.2222222222222237,49.77777777777778,52.0,33.333333333333336,0.0,0.0,0.0,cumulative40,sol
static_full,da-19-6,3,60.666666666666664,60.666666666666664,49.0,54.55555555555556,80.66666666666667,11.666666666666666,-5.555555555555557,-26.11111111111111,-20.0,0.0,0.0,0.0,0.0,cumulative40,sol
static_full,da-20-1,3,100.0,100.0,91.0,91.77777777777777,52.333333333333336,9.0,-0.7777777777777762,39.44444444444444,47.666666666666664,66.66666666666667,0.0,0.0,0.0,cumulative40,sol
static_full,da-20-4,3,100.0,100.0,91.66666666666667,89.44444444444444,36.0,8.333333333333334,2.222222222222219,53.44444444444445,64.0,100.0,0.0,0.0,0.0,cumulative40,sol
static_full,da-24-3,3,91.66666666666667,91.66666666666667,76.66666666666667,80.0,49.333333333333336,15.0,-3.3333333333333335,30.666666666666668,42.333333333333336,0.0,0.0,0.0,0.0,cumulative40,sol
static_full,da-26-2,3,98.33333333333333,98.33333333333333,61.666666666666664,62.55555555555556,27.333333333333332,36.666666666666664,-0.8888888888888881,35.22222222222222,71.0,100.0,66.66666666666667,33.333333333333336,33.333333333333336,cumulative40,sol
static_full,da-26-4,3,100.0,100.0,74.66666666666667,74.77777777777777,25.333333333333332,25.333333333333332,-0.11111111111110954,49.44444444444444,74.66666666666667,100.0,33.333333333333336,0.0,0.0,cumulative40,sol
static_full,da-3-5,3,100.0,100.0,88.66666666666667,90.11111111111111,84.0,11.333333333333334,-1.4444444444444429,6.11111111111111,16.0,0.0,0.0,0.0,0.0,cumulative40,sol
static_full,da-4-1,3,100.0,100.0,88.0,88.44444444444444,75.33333333333333,12.0,-0.44444444444444287,13.111111111111109,24.666666666666668,0.0,0.0,0.0,0.0,cumulative40,sol
static_full,da-4-6,3,100.0,100.0,100.0,97.55555555555556,92.33333333333333,0.0,2.4444444444444478,5.222222222222219,7.666666666666667,0.0,0.0,0.0,0.0,cumulative40,sol
static_full,da-5-1,3,100.0,100.0,85.33333333333333,86.88888888888889,88.0,14.666666666666666,-1.5555555555555571,-1.1111111111111096,12.0,0.0,0.0,0.0,0.0,cumulative40,sol
static_full,da-6-5,3,100.0,100.0,100.0,99.44444444444444,55.333333333333336,0.0,0.5555555555555571,44.11111111111111,44.666666666666664,0.0,0.0,0.0,0.0,cumulative40,sol
static_full,da-8-1,3,100.0,100.0,97.33333333333333,97.33333333333333,91.33333333333333,2.6666666666666665,0.0,6.0,8.666666666666666,0.0,0.0,0.0,0.0,cumulative40,sol
static_full,da-8-3,3,100.0,100.0,90.66666666666667,91.33333333333333,53.333333333333336,9.333333333333334,-0.6666666666666666,38.0,46.666666666666664,0.0,0.0,0.0,0.0,cumulative40,sol
static_full,da-9-1,3,100.0,100.0,98.33333333333333,98.33333333333333,71.66666666666667,1.6666666666666667,0.0,26.666666666666668,28.333333333333332,0.0,0.0,0.0,0.0,cumulative40,sol
static_full,da-9-7,3,100.0,100.0,81.66666666666667,83.88888888888889,73.33333333333333,18.333333333333332,-2.222222222222219,10.555555555555552,26.666666666666668,33.333333333333336,0.0,0.0,33.333333333333336,cumulative40,sol
static_user,da-1-3,3,98.0,98.0,95.33333333333333,93.33333333333333,92.66666666666667,2.6666666666666665,2.0,0.6666666666666666,5.333333333333333,0.0,0.0,0.0,0.0,cumulative40,sol
static_user,da-1-4,3,100.0,100.0,95.66666666666667,94.88888888888889,82.0,4.333333333333333,0.7777777777777762,12.888888888888891,18.0,0.0,0.0,0.0,0.0,cumulative40,sol
static_user,da-10-1,3,93.0,93.0,74.0,76.33333333333333,68.66666666666667,19.0,-2.3333333333333335,7.666666666666667,24.333333333333332,0.0,0.0,0.0,0.0,cumulative40,sol
static_user,da-10-3,3,96.66666666666667,96.66666666666667,93.0,93.0,55.0,3.6666666666666665,0.0,38.0,41.666666666666664,0.0,0.0,0.0,0.0,cumulative40,sol
static_user,da-12-2,3,70.0,70.0,60.0,64.22222222222223,74.66666666666667,10.0,-4.222222222222221,-10.444444444444445,-4.666666666666667,100.0,100.0,0.0,33.333333333333336,cumulative40,sol
static_user,da-12-4,3,90.33333333333333,90.33333333333333,95.33333333333333,94.33333333333333,85.0,-5.0,1.0,9.333333333333334,5.333333333333333,66.66666666666667,33.333333333333336,0.0,0.0,cumulative40,sol
static_user,da-13-1,3,97.0,97.0,88.0,81.11111111111111,66.66666666666667,9.0,6.88888888888889,14.444444444444443,30.333333333333332,0.0,33.333333333333336,0.0,0.0,cumulative40,sol
static_user,da-13-3,3,100.0,100.0,100.0,100.0,90.0,0.0,0.0,10.0,10.0,0.0,0.0,0.0,0.0,cumulative40,sol
static_user,da-13-5,3,96.66666666666667,96.66666666666667,96.66666666666667,94.44444444444444,80.0,0.0,2.222222222222219,14.444444444444448,16.666666666666668,0.0,0.0,0.0,0.0,cumulative40,sol
static_user,da-13-6,3,100.0,100.0,85.0,67.77777777777777,82.33333333333333,15.0,17.22222222222222,-14.555555555555555,17.666666666666668,0.0,0.0,0.0,0.0,cumulative40,sol
static_user,da-14-1,3,100.0,100.0,83.0,76.22222222222223,91.0,17.0,6.777777777777776,-14.777777777777777,9.0,0.0,0.0,0.0,0.0,cumulative40,sol
static_user,da-14-3,3,100.0,100.0,100.0,100.0,95.0,0.0,0.0,5.0,5.0,0.0,0.0,0.0,0.0,cumulative40,sol
static_user,da-14-8,3,94.33333333333333,94.33333333333333,75.66666666666667,67.55555555555556,71.33333333333333,18.666666666666668,8.111111111111112,-3.7777777777777786,23.0,66.66666666666667,0.0,0.0,0.0,cumulative40,sol
static_user,da-15-1,3,80.33333333333333,80.33333333333333,81.33333333333333,80.77777777777777,54.0,-1.0,0.5555555555555571,26.777777777777775,26.333333333333332,100.0,0.0,0.0,0.0,cumulative40,sol
static_user,da-15-2,3,79.66666666666667,79.66666666666667,76.33333333333333,61.77777777777778,46.333333333333336,3.3333333333333335,14.555555555555555,15.444444444444445,33.333333333333336,33.333333333333336,33.333333333333336,0.0,0.0,cumulative40,sol
static_user,da-15-7,3,77.0,77.0,64.66666666666667,65.22222222222223,35.0,12.333333333333334,-0.5555555555555571,30.222222222222225,42.0,0.0,0.0,0.0,0.0,cumulative40,sol
static_user,da-15-8,3,100.0,100.0,87.0,87.0,52.666666666666664,13.0,0.0,34.333333333333336,47.333333333333336,0.0,33.333333333333336,0.0,33.333333333333336,cumulative40,sol
static_user,da-16-1,3,100.0,100.0,100.0,97.11111111111111,88.33333333333333,0.0,2.8888888888888906,8.777777777777777,11.666666666666666,0.0,0.0,0.0,0.0,cumulative40,sol
static_user,da-17-1,3,88.0,88.0,77.66666666666667,75.66666666666667,90.33333333333333,10.333333333333334,2.0,-14.666666666666666,-2.3333333333333335,66.66666666666667,33.333333333333336,0.0,0.0,cumulative40,sol
static_user,da-17-3,3,82.33333333333333,82.33333333333333,44.666666666666664,47.0,38.333333333333336,37.666666666666664,-2.3333333333333353,8.666666666666668,44.0,66.66666666666667,0.0,0.0,0.0,cumulative40,sol
static_user,da-17-5,3,93.33333333333333,93.33333333333333,90.33333333333333,81.0,84.33333333333333,3.0,9.333333333333334,-3.3333333333333335,9.0,33.333333333333336,33.333333333333336,0.0,0.0,cumulative40,sol
static_user,da-18-5,3,100.0,100.0,91.33333333333333,88.44444444444444,70.66666666666667,8.666666666666666,2.8888888888888906,17.777777777777775,29.333333333333332,0.0,0.0,0.0,0.0,cumulative40,sol
static_user,da-18-7,3,71.66666666666667,71.66666666666667,65.66666666666667,67.33333333333333,69.66666666666667,6.0,-1.6666666666666667,-2.3333333333333335,2.0,0.0,0.0,0.0,0.0,cumulative40,sol
static_user,da-19-1,3,100.0,100.0,98.66666666666667,98.66666666666667,94.66666666666667,1.3333333333333333,0.0,4.0,5.333333333333333,0.0,0.0,0.0,0.0,cumulative40,sol
static_user,da-19-3,3,93.33333333333333,93.33333333333333,93.33333333333333,88.88888888888889,73.0,0.0,4.444444444444443,15.888888888888891,20.333333333333332,33.333333333333336,33.333333333333336,0.0,0.0,cumulative40,sol
static_user,da-19-6,3,45.0,45.0,24.333333333333332,23.77777777777778,81.66666666666667,20.666666666666668,0.5555555555555548,-57.888888888888886,-36.666666666666664,0.0,0.0,0.0,0.0,cumulative40,sol
static_user,da-20-1,3,96.66666666666667,96.66666666666667,89.33333333333333,79.33333333333333,65.0,7.333333333333333,10.0,14.333333333333334,31.666666666666668,66.66666666666667,0.0,33.333333333333336,0.0,cumulative40,sol
static_user,da-20-4,3,18.333333333333332,18.333333333333332,13.333333333333334,16.11111111111111,28.666666666666668,5.0,-2.7777777777777786,-12.555555555555555,-10.333333333333334,33.333333333333336,0.0,0.0,0.0,cumulative40,sol
static_user,da-24-3,3,86.66666666666667,86.66666666666667,75.0,71.66666666666667,58.0,11.666666666666666,3.3333333333333335,13.666666666666666,28.666666666666668,0.0,0.0,0.0,0.0,cumulative40,sol
static_user,da-26-2,3,73.66666666666667,73.66666666666667,71.0,68.55555555555556,53.333333333333336,2.6666666666666665,2.444444444444445,15.222222222222221,20.333333333333332,33.333333333333336,0.0,0.0,0.0,cumulative40,sol
static_user,da-26-4,3,71.66666666666667,71.66666666666667,58.666666666666664,61.333333333333336,35.0,13.0,-2.666666666666669,26.333333333333336,36.666666666666664,66.66666666666667,33.333333333333336,33.333333333333336,0.0,cumulative40,sol
static_user,da-3-5,3,100.0,100.0,86.0,89.22222222222221,78.0,14.0,-3.222222222222219,11.22222222222222,22.0,0.0,0.0,0.0,0.0,cumulative40,sol
static_user,da-4-1,3,100.0,100.0,86.33333333333333,86.33333333333333,77.33333333333333,13.666666666666666,0.0,9.0,22.666666666666668,0.0,0.0,0.0,0.0,cumulative40,sol
static_user,da-4-6,3,98.33333333333333,98.33333333333333,92.0,90.11111111111111,95.0,6.333333333333333,1.8888888888888904,-4.88888888888889,3.3333333333333335,0.0,0.0,0.0,0.0,cumulative40,sol
static_user,da-5-1,3,93.0,93.0,70.33333333333333,75.0,75.0,22.666666666666668,-4.666666666666667,0.0,18.0,0.0,0.0,0.0,0.0,cumulative40,sol
static_user,da-6-5,3,100.0,100.0,100.0,100.0,64.66666666666667,0.0,0.0,35.333333333333336,35.333333333333336,0.0,0.0,0.0,0.0,cumulative40,sol
static_user,da-8-1,3,95.66666666666667,95.66666666666667,97.33333333333333,97.33333333333333,86.33333333333333,-1.6666666666666667,0.0,11.0,9.333333333333334,0.0,0.0,0.0,0.0,cumulative40,sol
static_user,da-8-3,3,97.0,97.0,76.66666666666667,79.0,54.0,20.333333333333332,-2.3333333333333335,25.0,43.0,0.0,0.0,0.0,0.0,cumulative40,sol
static_user,da-9-1,3,100.0,100.0,95.33333333333333,93.22222222222223,92.33333333333333,4.666666666666667,2.1111111111111094,0.8888888888888905,7.666666666666667,0.0,0.0,0.0,0.0,cumulative40,sol
static_user,da-9-7,3,97.66666666666667,97.66666666666667,78.0,78.44444444444444,94.33333333333333,19.666666666666668,-0.4444444444444476,-15.888888888888886,3.3333333333333335,33.333333333333336,0.0,0.0,0.0,cumulative40,sol
current_full,da-1-3,3,100.0,100.0,94.0,93.66666666666667,76.66666666666667,6.0,0.3333333333333333,17.0,23.333333333333332,0.0,0.0,0.0,0.0,cumulative40,opus
current_full,da-1-4,3,100.0,100.0,98.66666666666667,98.66666666666667,84.66666666666667,1.3333333333333333,0.0,14.0,15.333333333333334,0.0,0.0,0.0,0.0,cumulative40,opus
current_full,da-10-1,3,100.0,100.0,98.33333333333333,98.33333333333333,81.66666666666667,1.6666666666666667,0.0,16.666666666666668,18.333333333333332,0.0,0.0,0.0,0.0,cumulative40,opus
current_full,da-10-3,3,100.0,100.0,98.33333333333333,98.22222222222221,78.0,1.6666666666666667,0.11111111111111427,20.222222222222218,22.0,0.0,0.0,0.0,0.0,cumulative40,opus
current_full,da-12-2,3,90.0,88.33333333333333,88.33333333333333,88.88888888888889,74.33333333333333,1.6666666666666667,-0.5555555555555571,14.555555555555557,15.666666666666666,33.333333333333336,33.333333333333336,33.333333333333336,33.333333333333336,cumulative40,opus
current_full,da-12-4,3,90.66666666666667,90.66666666666667,95.33333333333333,89.88888888888889,82.0,-4.666666666666667,5.444444444444443,7.88888888888889,8.666666666666666,33.333333333333336,0.0,0.0,0.0,cumulative40,opus
current_full,da-13-1,3,100.0,100.0,94.0,90.77777777777777,82.0,6.0,3.2222222222222237,8.777777777777777,18.0,0.0,0.0,0.0,0.0,cumulative40,opus
current_full,da-13-3,3,100.0,100.0,100.0,96.88888888888889,84.33333333333333,0.0,3.1111111111111143,12.555555555555552,15.666666666666666,0.0,0.0,0.0,0.0,cumulative40,opus
current_full,da-13-5,3,100.0,100.0,90.0,87.77777777777777,86.33333333333333,10.0,2.2222222222222237,1.4444444444444429,13.666666666666666,0.0,0.0,0.0,0.0,cumulative40,opus
current_full,da-13-6,3,100.0,100.0,76.66666666666667,68.88888888888889,79.66666666666667,23.333333333333332,7.777777777777781,-10.77777777777778,20.333333333333332,0.0,0.0,0.0,0.0,cumulative40,opus
current_full,da-14-1,3,100.0,100.0,94.33333333333333,88.88888888888889,83.33333333333333,5.666666666666667,5.444444444444443,5.555555555555557,16.666666666666668,0.0,0.0,0.0,0.0,cumulative40,opus
current_full,da-14-3,3,100.0,100.0,100.0,100.0,88.0,0.0,0.0,12.0,12.0,0.0,0.0,0.0,0.0,cumulative40,opus
current_full,da-14-8,3,100.0,100.0,95.0,96.11111111111111,67.33333333333333,5.0,-1.1111111111111096,28.777777777777775,32.666666666666664,0.0,0.0,0.0,0.0,cumulative40,opus
current_full,da-15-1,3,91.33333333333333,91.33333333333333,91.33333333333333,89.66666666666667,82.33333333333333,0.0,1.6666666666666667,7.333333333333333,9.0,0.0,0.0,0.0,0.0,cumulative40,opus
current_full,da-15-2,3,85.33333333333333,83.66666666666667,72.66666666666667,70.55555555555556,70.66666666666667,12.666666666666666,2.111111111111112,-0.1111111111111119,14.666666666666666,0.0,0.0,0.0,0.0,cumulative40,opus
current_full,da-15-7,3,73.66666666666667,73.66666666666667,65.33333333333333,68.11111111111111,64.66666666666667,8.333333333333334,-2.7777777777777786,3.444444444444445,9.0,0.0,0.0,0.0,0.0,cumulative40,opus
current_full,da-15-8,3,100.0,100.0,85.33333333333333,85.33333333333333,67.66666666666667,14.666666666666666,0.0,17.666666666666668,32.333333333333336,0.0,0.0,0.0,0.0,cumulative40,opus
current_full,da-16-1,3,100.0,100.0,95.0,95.0,76.0,5.0,0.0,19.0,24.0,0.0,0.0,0.0,0.0,cumulative40,opus
current_full,da-17-1,3,90.0,90.0,85.66666666666667,84.77777777777777,80.0,4.333333333333333,0.8888888888888905,4.777777777777776,10.0,0.0,0.0,0.0,0.0,cumulative40,opus
current_full,da-17-3,3,62.0,60.333333333333336,40.333333333333336,37.22222222222222,25.333333333333332,21.666666666666668,3.1111111111111094,11.888888888888891,36.666666666666664,0.0,0.0,33.333333333333336,0.0,cumulative40,opus
current_full,da-17-5,3,90.0,90.0,87.33333333333333,87.33333333333333,79.66666666666667,2.6666666666666665,0.0,7.666666666666667,10.333333333333334,0.0,0.0,0.0,0.0,cumulative40,opus
current_full,da-18-5,3,100.0,100.0,93.33333333333333,92.22222222222223,62.0,6.666666666666667,1.1111111111111096,30.222222222222225,38.0,0.0,0.0,0.0,0.0,cumulative40,opus
current_full,da-18-7,3,97.33333333333333,97.33333333333333,100.0,100.0,76.0,-2.6666666666666665,0.0,24.0,21.333333333333332,0.0,0.0,0.0,0.0,cumulative40,opus
current_full,da-19-1,3,100.0,100.0,97.33333333333333,98.22222222222223,85.0,2.6666666666666665,-0.8888888888888905,13.222222222222223,15.0,0.0,0.0,0.0,0.0,cumulative40,opus
current_full,da-19-3,3,100.0,100.0,98.33333333333333,97.77777777777779,70.66666666666667,1.6666666666666667,0.5555555555555524,27.111111111111114,29.333333333333332,33.333333333333336,0.0,0.0,0.0,cumulative40,opus
current_full,da-19-6,3,59.666666666666664,59.666666666666664,59.333333333333336,54.66666666666667,68.66666666666667,0.3333333333333333,4.666666666666664,-13.999999999999998,-9.0,0.0,0.0,0.0,0.0,cumulative40,opus
current_full,da-20-1,3,94.33333333333333,94.33333333333333,66.0,70.55555555555556,51.666666666666664,28.333333333333332,-4.555555555555557,18.88888888888889,42.666666666666664,0.0,0.0,0.0,0.0,cumulative40,opus
current_full,da-20-4,3,15.0,15.0,6.666666666666667,6.666666666666667,13.333333333333334,8.333333333333334,0.0,-6.666666666666667,1.6666666666666667,66.66666666666667,0.0,0.0,0.0,cumulative40,opus
current_full,da-24-3,3,95.0,95.0,86.66666666666667,87.22222222222223,49.666666666666664,8.333333333333334,-0.5555555555555571,37.55555555555556,45.333333333333336,0.0,0.0,0.0,0.0,cumulative40,opus
current_full,da-26-2,3,84.0,84.0,83.0,81.66666666666667,32.333333333333336,1.0,1.3333333333333333,49.333333333333336,51.666666666666664,0.0,0.0,0.0,0.0,cumulative40,opus
current_full,da-26-4,3,79.66666666666667,79.66666666666667,64.66666666666667,63.333333333333336,27.666666666666668,15.0,1.333333333333331,35.66666666666667,52.0,33.333333333333336,0.0,0.0,0.0,cumulative40,opus
current_full,da-3-5,3,100.0,100.0,100.0,100.0,64.66666666666667,0.0,0.0,35.333333333333336,35.333333333333336,0.0,0.0,0.0,0.0,cumulative40,opus
current_full,da-4-1,3,100.0,100.0,100.0,93.77777777777779,83.66666666666667,0.0,6.222222222222219,10.111111111111114,16.333333333333332,0.0,0.0,0.0,0.0,cumulative40,opus
current_full,da-4-6,3,100.0,100.0,87.66666666666667,87.66666666666667,77.0,12.333333333333334,0.0,10.666666666666666,23.0,0.0,0.0,0.0,0.0,cumulative40,opus
current_full,da-5-1,3,100.0,100.0,97.0,95.66666666666667,82.33333333333333,3.0,1.3333333333333333,13.333333333333334,17.666666666666668,0.0,0.0,0.0,0.0,cumulative40,opus
current_full,da-6-5,3,100.0,100.0,98.33333333333333,94.88888888888889,58.0,1.6666666666666667,3.444444444444443,36.88888888888889,42.0,0.0,0.0,0.0,0.0,cumulative40,opus
current_full,da-8-1,3,100.0,100.0,95.33333333333333,97.33333333333333,69.33333333333333,4.666666666666667,-2.0,28.0,30.666666666666668,0.0,0.0,0.0,0.0,cumulative40,opus
current_full,da-8-3,3,100.0,100.0,76.0,72.44444444444444,59.333333333333336,24.0,3.555555555555557,13.111111111111109,40.666666666666664,0.0,0.0,0.0,0.0,cumulative40,opus
current_full,da-9-1,3,100.0,100.0,95.0,93.88888888888889,72.66666666666667,5.0,1.1111111111111096,21.222222222222225,27.333333333333332,0.0,0.0,0.0,0.0,cumulative40,opus
current_full,da-9-7,3,97.66666666666667,97.66666666666667,95.33333333333333,90.66666666666667,76.0,2.3333333333333335,4.666666666666667,14.666666666666666,21.666666666666668,0.0,0.0,0.0,0.0,cumulative40,opus
current_user,da-1-3,3,100.0,100.0,96.0,93.22222222222223,85.0,4.0,2.7777777777777763,8.222222222222223,15.0,0.0,0.0,0.0,0.0,cumulative40,opus
current_user,da-1-4,3,97.0,97.0,97.0,95.0,85.0,0.0,2.0,10.0,12.0,0.0,0.0,0.0,0.0,cumulative40,opus
current_user,da-10-1,3,100.0,98.33333333333333,100.0,98.11111111111111,77.33333333333333,0.0,1.8888888888888904,20.777777777777775,22.666666666666668,0.0,0.0,0.0,0.0,cumulative40,opus
current_user,da-10-3,3,96.66666666666667,96.66666666666667,87.0,86.66666666666667,60.0,9.666666666666666,0.3333333333333286,26.66666666666667,36.666666666666664,0.0,0.0,0.0,0.0,cumulative40,opus
current_user,da-12-2,3,68.33333333333333,68.33333333333333,71.66666666666667,66.44444444444444,66.0,-3.3333333333333335,5.222222222222221,0.44444444444444525,2.3333333333333335,0.0,0.0,0.0,33.333333333333336,cumulative40,opus
current_user,da-12-4,3,86.0,86.0,86.0,85.0,83.66666666666667,0.0,1.0,1.3333333333333333,2.3333333333333335,0.0,33.333333333333336,0.0,0.0,cumulative40,opus
current_user,da-13-1,3,100.0,100.0,94.0,91.0,82.66666666666667,6.0,3.0,8.333333333333334,17.333333333333332,0.0,0.0,0.0,0.0,cumulative40,opus
current_user,da-13-3,3,100.0,100.0,92.33333333333333,90.11111111111111,85.33333333333333,7.666666666666667,2.222222222222219,4.777777777777781,14.666666666666666,0.0,0.0,0.0,0.0,cumulative40,opus
current_user,da-13-5,3,98.33333333333333,98.33333333333333,83.33333333333333,76.66666666666667,84.66666666666667,15.0,6.666666666666667,-8.0,13.666666666666666,0.0,0.0,0.0,0.0,cumulative40,opus
current_user,da-13-6,3,100.0,100.0,71.66666666666667,65.0,83.33333333333333,28.333333333333332,6.666666666666667,-18.333333333333332,16.666666666666668,0.0,0.0,0.0,0.0,cumulative40,opus
current_user,da-14-1,3,100.0,100.0,87.0,87.0,82.0,13.0,0.0,5.0,18.0,0.0,0.0,0.0,0.0,cumulative40,opus
current_user,da-14-3,3,100.0,100.0,91.66666666666667,93.44444444444444,86.0,8.333333333333334,-1.7777777777777761,7.444444444444443,14.0,0.0,0.0,0.0,0.0,cumulative40,opus
current_user,da-14-8,3,75.66666666666667,75.66666666666667,70.0,67.44444444444444,58.333333333333336,5.666666666666667,2.5555555555555594,9.111111111111107,17.333333333333332,33.333333333333336,33.333333333333336,0.0,0.0,cumulative40,opus
current_user,da-15-1,3,87.0,87.0,87.0,89.88888888888889,70.0,0.0,-2.8888888888888857,19.888888888888886,17.0,0.0,0.0,0.0,0.0,cumulative40,opus
current_user,da-15-2,3,76.33333333333333,74.66666666666667,60.0,63.55555555555556,43.666666666666664,16.333333333333332,-3.555555555555557,19.88888888888889,32.666666666666664,0.0,0.0,0.0,0.0,cumulative40,opus
current_user,da-15-7,3,81.33333333333333,81.33333333333333,71.33333333333333,72.11111111111111,72.0,10.0,-0.7777777777777809,0.11111111111111427,9.333333333333334,0.0,0.0,0.0,0.0,cumulative40,opus
current_user,da-15-8,3,93.33333333333333,90.0,89.0,89.55555555555556,71.66666666666667,4.333333333333333,-0.5555555555555571,17.88888888888889,21.666666666666668,0.0,0.0,0.0,0.0,cumulative40,opus
current_user,da-16-1,3,100.0,100.0,92.33333333333333,89.66666666666667,69.66666666666667,7.666666666666667,2.6666666666666665,20.0,30.333333333333332,0.0,0.0,0.0,0.0,cumulative40,opus
current_user,da-17-1,3,90.0,90.0,87.33333333333333,83.44444444444444,82.33333333333333,2.6666666666666665,3.8888888888888906,1.1111111111111096,7.666666666666667,0.0,0.0,0.0,0.0,cumulative40,opus
current_user,da-17-3,3,53.666666666666664,53.666666666666664,34.333333333333336,31.444444444444443,32.0,19.333333333333332,2.88888888888889,-0.5555555555555568,21.666666666666668,0.0,0.0,0.0,0.0,cumulative40,opus
current_user,da-17-5,3,85.66666666666667,85.66666666666667,90.0,85.44444444444444,61.333333333333336,-4.333333333333333,4.555555555555557,24.11111111111111,24.333333333333332,0.0,0.0,0.0,0.0,cumulative40,opus
current_user,da-18-5,3,100.0,100.0,96.66666666666667,94.44444444444444,75.66666666666667,3.3333333333333335,2.222222222222219,18.777777777777782,24.333333333333332,0.0,0.0,0.0,0.0,cumulative40,opus
current_user,da-18-7,3,92.33333333333333,90.66666666666667,94.0,94.55555555555556,74.0,-1.6666666666666667,-0.5555555555555571,20.555555555555557,18.333333333333332,0.0,0.0,0.0,0.0,cumulative40,opus
current_user,da-19-1,3,100.0,100.0,93.0,92.55555555555556,83.0,7.0,0.44444444444444287,9.555555555555557,17.0,0.0,0.0,0.0,0.0,cumulative40,opus
current_user,da-19-3,3,100.0,100.0,98.33333333333333,96.33333333333333,79.33333333333333,1.6666666666666667,2.0,17.0,20.666666666666668,0.0,0.0,0.0,0.0,cumulative40,opus
current_user,da-19-6,3,37.333333333333336,37.333333333333336,24.333333333333332,19.444444444444443,36.333333333333336,13.0,4.888888888888889,-16.88888888888889,1.0,0.0,0.0,0.0,0.0,cumulative40,opus
current_user,da-20-1,3,95.0,95.0,83.0,73.55555555555556,70.0,12.0,9.444444444444443,3.555555555555557,25.0,0.0,0.0,0.0,0.0,cumulative40,opus
current_user,da-20-4,3,13.333333333333334,13.333333333333334,8.333333333333334,8.88888888888889,24.666666666666668,5.0,-0.5555555555555558,-15.777777777777777,-11.333333333333334,0.0,0.0,0.0,0.0,cumulative40,opus
current_user,da-24-3,3,80.0,80.0,74.33333333333333,72.88888888888889,64.33333333333333,5.666666666666667,1.4444444444444453,8.555555555555555,15.666666666666666,0.0,0.0,0.0,0.0,cumulative40,opus
current_user,da-26-2,3,71.0,71.0,65.0,66.55555555555556,29.666666666666668,6.0,-1.5555555555555571,36.88888888888889,41.333333333333336,0.0,0.0,0.0,0.0,cumulative40,opus
current_user,da-26-4,3,60.666666666666664,60.666666666666664,56.666666666666664,52.0,28.333333333333332,4.0,4.666666666666667,23.666666666666668,32.333333333333336,33.333333333333336,0.0,0.0,0.0,cumulative40,opus
current_user,da-3-5,3,100.0,100.0,97.33333333333333,98.22222222222221,72.0,2.6666666666666665,-0.8888888888888857,26.222222222222218,28.0,0.0,0.0,0.0,0.0,cumulative40,opus
current_user,da-4-1,3,93.0,93.0,85.33333333333333,85.55555555555556,70.33333333333333,7.666666666666667,-0.2222222222222238,15.222222222222223,22.666666666666668,0.0,0.0,0.0,0.0,cumulative40,opus
current_user,da-4-6,3,100.0,100.0,95.66666666666667,95.66666666666667,86.66666666666667,4.333333333333333,0.0,9.0,13.333333333333334,0.0,0.0,0.0,0.0,cumulative40,opus
current_user,da-5-1,3,100.0,100.0,87.66666666666667,88.66666666666666,81.33333333333333,12.333333333333334,-0.9999999999999952,7.333333333333329,18.666666666666668,0.0,0.0,0.0,0.0,cumulative40,opus
current_user,da-6-5,3,100.0,100.0,95.66666666666667,97.44444444444444,62.666666666666664,4.333333333333333,-1.7777777777777761,34.77777777777778,37.333333333333336,0.0,0.0,0.0,0.0,cumulative40,opus
current_user,da-8-1,3,97.33333333333333,97.33333333333333,94.66666666666667,95.55555555555556,69.33333333333333,2.6666666666666665,-0.8888888888888905,26.222222222222225,28.0,0.0,0.0,0.0,0.0,cumulative40,opus
current_user,da-8-3,3,97.33333333333333,97.33333333333333,80.0,78.44444444444444,56.0,17.333333333333332,1.5555555555555571,22.444444444444443,41.333333333333336,0.0,0.0,0.0,0.0,cumulative40,opus
current_user,da-9-1,3,100.0,100.0,93.0,90.33333333333333,76.0,7.0,2.6666666666666665,14.333333333333334,24.0,0.0,0.0,0.0,0.0,cumulative40,opus
current_user,da-9-7,3,95.33333333333333,95.33333333333333,93.0,88.22222222222223,82.66666666666667,2.3333333333333335,4.777777777777776,5.555555555555557,12.666666666666666,33.333333333333336,0.0,0.0,0.0,cumulative40,opus
static_full,da-1-3,3,100.0,100.0,98.0,98.0,77.66666666666667,2.0,0.0,20.333333333333332,22.333333333333332,0.0,0.0,0.0,0.0,cumulative40,opus
static_full,da-1-4,3,100.0,100.0,98.66666666666667,97.0,80.0,1.3333333333333333,1.6666666666666667,17.0,20.0,0.0,0.0,0.0,0.0,cumulative40,opus
static_full,da-10-1,3,100.0,100.0,81.0,85.66666666666667,66.66666666666667,19.0,-4.666666666666667,19.0,33.333333333333336,66.66666666666667,0.0,0.0,0.0,cumulative40,opus
static_full,da-10-3,3,100.0,100.0,95.0,91.77777777777777,75.33333333333333,5.0,3.2222222222222237,16.444444444444443,24.666666666666668,0.0,0.0,0.0,0.0,cumulative40,opus
static_full,da-12-2,3,100.0,100.0,96.66666666666667,96.66666666666667,70.33333333333333,3.3333333333333335,0.0,26.333333333333332,29.666666666666668,66.66666666666667,0.0,0.0,0.0,cumulative40,opus
static_full,da-12-4,3,100.0,100.0,86.0,86.22222222222223,45.333333333333336,14.0,-0.2222222222222238,40.88888888888889,54.666666666666664,100.0,33.333333333333336,66.66666666666667,33.333333333333336,cumulative40,opus
static_full,da-13-1,3,100.0,100.0,91.0,88.55555555555556,73.0,9.0,2.444444444444443,15.555555555555557,27.0,0.0,0.0,0.0,0.0,cumulative40,opus
static_full,da-13-3,3,100.0,100.0,100.0,97.88888888888889,84.66666666666667,0.0,2.1111111111111143,13.22222222222222,15.333333333333334,0.0,0.0,0.0,0.0,cumulative40,opus
static_full,da-13-5,3,100.0,100.0,96.66666666666667,94.44444444444444,85.33333333333333,3.3333333333333335,2.222222222222219,9.111111111111114,14.666666666666666,0.0,0.0,0.0,0.0,cumulative40,opus
static_full,da-13-6,3,100.0,100.0,100.0,97.77777777777779,82.0,0.0,2.222222222222219,15.77777777777778,18.0,0.0,0.0,0.0,0.0,cumulative40,opus
static_full,da-14-1,3,100.0,100.0,93.66666666666667,85.66666666666667,80.66666666666667,6.333333333333333,7.999999999999996,5.000000000000004,19.333333333333332,33.333333333333336,0.0,0.0,0.0,cumulative40,opus
static_full,da-14-3,3,100.0,100.0,100.0,100.0,85.33333333333333,0.0,0.0,14.666666666666666,14.666666666666666,0.0,0.0,0.0,0.0,cumulative40,opus
static_full,da-14-8,3,100.0,100.0,96.66666666666667,92.77777777777777,59.333333333333336,3.3333333333333335,3.8888888888888906,33.44444444444444,40.666666666666664,33.333333333333336,0.0,0.0,0.0,cumulative40,opus
static_full,da-15-1,3,95.66666666666667,95.66666666666667,92.33333333333333,88.0,68.0,3.3333333333333335,4.333333333333333,20.0,27.666666666666668,33.333333333333336,0.0,0.0,0.0,cumulative40,opus
static_full,da-15-2,3,100.0,100.0,82.0,65.44444444444444,57.0,18.0,16.555555555555557,8.444444444444443,43.0,33.333333333333336,0.0,0.0,0.0,cumulative40,opus
static_full,da-15-7,3,78.0,78.0,73.0,65.88888888888889,63.0,5.0,7.111111111111112,2.888888888888888,15.0,0.0,0.0,0.0,0.0,cumulative40,opus
static_full,da-15-8,3,100.0,100.0,100.0,98.33333333333333,66.66666666666667,0.0,1.6666666666666667,31.666666666666668,33.333333333333336,33.333333333333336,0.0,33.333333333333336,0.0,cumulative40,opus
static_full,da-16-1,3,100.0,100.0,81.66666666666667,83.44444444444444,65.66666666666667,18.333333333333332,-1.777777777777781,17.777777777777782,34.333333333333336,0.0,0.0,0.0,0.0,cumulative40,opus
static_full,da-17-1,3,93.33333333333333,93.33333333333333,83.0,84.88888888888889,72.0,10.333333333333334,-1.8888888888888904,12.888888888888891,21.333333333333332,33.333333333333336,0.0,0.0,0.0,cumulative40,opus
static_full,da-17-3,3,100.0,100.0,95.0,94.44444444444444,32.0,5.0,0.5555555555555571,62.44444444444444,68.0,100.0,0.0,33.333333333333336,0.0,cumulative40,opus
static_full,da-17-5,3,91.0,91.0,76.0,79.0,79.66666666666667,15.0,-3.0,-0.6666666666666666,11.333333333333334,33.333333333333336,0.0,0.0,0.0,cumulative40,opus
static_full,da-18-5,3,100.0,100.0,94.0,92.0,38.666666666666664,6.0,2.0,53.333333333333336,61.333333333333336,33.333333333333336,0.0,0.0,0.0,cumulative40,opus
static_full,da-18-7,3,100.0,100.0,98.33333333333333,98.33333333333333,71.33333333333333,1.6666666666666667,0.0,27.0,28.666666666666668,0.0,0.0,0.0,0.0,cumulative40,opus
static_full,da-19-1,3,100.0,100.0,98.66666666666667,98.66666666666667,84.66666666666667,1.3333333333333333,0.0,14.0,15.333333333333334,0.0,0.0,0.0,0.0,cumulative40,opus
static_full,da-19-3,3,100.0,100.0,89.0,92.11111111111111,68.66666666666667,11.0,-3.1111111111111094,23.444444444444443,31.333333333333332,33.333333333333336,0.0,0.0,0.0,cumulative40,opus
static_full,da-19-6,3,60.666666666666664,60.666666666666664,62.666666666666664,67.77777777777777,80.33333333333333,-2.0,-5.11111111111111,-12.555555555555557,-19.666666666666668,0.0,0.0,0.0,0.0,cumulative40,opus
static_full,da-20-1,3,100.0,100.0,91.0,88.88888888888889,64.0,9.0,2.1111111111111094,24.88888888888889,36.0,66.66666666666667,0.0,0.0,0.0,cumulative40,opus
static_full,da-20-4,3,100.0,100.0,90.0,88.88888888888889,49.0,10.0,1.1111111111111096,39.88888888888889,51.0,100.0,0.0,33.333333333333336,0.0,cumulative40,opus
static_full,da-24-3,3,91.66666666666667,91.66666666666667,83.33333333333333,78.33333333333333,63.333333333333336,8.333333333333334,5.0,15.0,28.333333333333332,0.0,0.0,0.0,0.0,cumulative40,opus
static_full,da-26-2,3,98.33333333333333,98.33333333333333,91.0,88.0,35.333333333333336,7.333333333333333,3.0,52.666666666666664,63.0,100.0,33.333333333333336,33.333333333333336,0.0,cumulative40,opus
static_full,da-26-4,3,100.0,100.0,79.0,81.66666666666667,24.666666666666668,21.0,-2.6666666666666665,57.0,75.33333333333333,100.0,33.333333333333336,0.0,0.0,cumulative40,opus
static_full,da-3-5,3,100.0,100.0,95.66666666666667,95.66666666666667,53.666666666666664,4.333333333333333,0.0,42.0,46.333333333333336,0.0,0.0,33.333333333333336,0.0,cumulative40,opus
static_full,da-4-1,3,100.0,100.0,90.66666666666667,88.33333333333333,78.0,9.333333333333334,2.3333333333333335,10.333333333333334,22.0,0.0,0.0,0.0,0.0,cumulative40,opus
static_full,da-4-6,3,100.0,100.0,100.0,100.0,86.0,0.0,0.0,14.0,14.0,0.0,0.0,0.0,0.0,cumulative40,opus
static_full,da-5-1,3,100.0,100.0,95.33333333333333,95.0,82.0,4.666666666666667,0.3333333333333333,13.0,18.0,0.0,0.0,0.0,0.0,cumulative40,opus
static_full,da-6-5,3,100.0,100.0,98.33333333333333,98.33333333333333,72.66666666666667,1.6666666666666667,0.0,25.666666666666668,27.333333333333332,0.0,0.0,0.0,0.0,cumulative40,opus
static_full,da-8-1,3,100.0,100.0,97.33333333333333,96.44444444444444,81.33333333333333,2.6666666666666665,0.8888888888888905,15.111111111111109,18.666666666666668,0.0,0.0,0.0,0.0,cumulative40,opus
static_full,da-8-3,3,100.0,100.0,88.66666666666667,85.44444444444444,68.66666666666667,11.333333333333334,3.222222222222219,16.777777777777782,31.333333333333332,0.0,0.0,0.0,0.0,cumulative40,opus
static_full,da-9-1,3,100.0,100.0,95.0,98.88888888888889,70.0,5.0,-3.8888888888888906,28.88888888888889,30.0,0.0,0.0,0.0,0.0,cumulative40,opus
static_full,da-9-7,3,100.0,100.0,93.0,89.22222222222221,65.66666666666667,7.0,3.777777777777781,23.555555555555554,34.333333333333336,0.0,0.0,33.333333333333336,0.0,cumulative40,opus
static_user,da-1-3,3,98.0,98.0,92.33333333333333,90.66666666666667,82.33333333333333,5.666666666666667,1.6666666666666667,8.333333333333334,15.666666666666666,0.0,0.0,0.0,0.0,cumulative40,opus
static_user,da-1-4,3,100.0,100.0,93.33333333333333,96.66666666666667,84.66666666666667,6.666666666666667,-3.3333333333333335,12.0,15.333333333333334,0.0,0.0,0.0,0.0,cumulative40,opus
static_user,da-10-1,3,93.0,93.0,86.0,82.22222222222223,66.66666666666667,7.0,3.7777777777777763,15.555555555555557,26.333333333333332,0.0,33.333333333333336,0.0,0.0,cumulative40,opus
static_user,da-10-3,3,96.66666666666667,96.66666666666667,89.66666666666667,88.66666666666667,51.333333333333336,7.0,1.0,37.333333333333336,45.333333333333336,0.0,0.0,0.0,0.0,cumulative40,opus
static_user,da-12-2,3,70.0,70.0,57.666666666666664,57.888888888888886,53.333333333333336,12.333333333333334,-0.22222222222221907,4.555555555555553,16.666666666666668,100.0,100.0,0.0,33.333333333333336,cumulative40,opus
static_user,da-12-4,3,90.33333333333333,90.33333333333333,95.33333333333333,95.33333333333333,80.33333333333333,-5.0,0.0,15.0,10.0,66.66666666666667,33.333333333333336,0.0,0.0,cumulative40,opus
static_user,da-13-1,3,97.0,97.0,86.33333333333333,93.88888888888889,74.0,10.666666666666666,-7.555555555555557,19.88888888888889,23.0,33.333333333333336,33.333333333333336,0.0,33.333333333333336,cumulative40,opus
static_user,da-13-3,3,100.0,100.0,100.0,100.0,83.66666666666667,0.0,0.0,16.333333333333332,16.333333333333332,0.0,0.0,0.0,0.0,cumulative40,opus
static_user,da-13-5,3,96.66666666666667,96.66666666666667,81.66666666666667,82.77777777777777,77.33333333333333,15.0,-1.1111111111111096,5.444444444444443,19.333333333333332,0.0,0.0,0.0,0.0,cumulative40,opus
static_user,da-13-6,3,100.0,100.0,73.33333333333333,76.66666666666667,80.66666666666667,26.666666666666668,-3.3333333333333335,-4.0,19.333333333333332,0.0,0.0,0.0,0.0,cumulative40,opus
static_user,da-14-1,3,100.0,100.0,85.33333333333333,81.22222222222223,85.66666666666667,14.666666666666666,4.11111111111111,-4.444444444444443,14.333333333333334,0.0,0.0,0.0,0.0,cumulative40,opus
static_user,da-14-3,3,100.0,100.0,96.33333333333333,100.0,86.66666666666667,3.6666666666666665,-3.6666666666666665,13.333333333333334,13.333333333333334,0.0,0.0,0.0,0.0,cumulative40,opus
static_user,da-14-8,3,94.33333333333333,94.33333333333333,74.66666666666667,74.66666666666667,61.0,19.666666666666668,0.0,13.666666666666666,33.333333333333336,0.0,0.0,0.0,0.0,cumulative40,opus
static_user,da-15-1,3,80.33333333333333,80.33333333333333,79.0,78.33333333333334,57.0,1.3333333333333333,0.6666666666666643,21.333333333333336,23.333333333333332,66.66666666666667,0.0,0.0,0.0,cumulative40,opus
static_user,da-15-2,3,79.66666666666667,79.66666666666667,73.0,70.55555555555556,47.666666666666664,6.666666666666667,2.444444444444445,22.88888888888889,32.0,33.333333333333336,0.0,0.0,33.333333333333336,cumulative40,opus
static_user,da-15-7,3,77.0,77.0,75.33333333333333,72.55555555555556,50.666666666666664,1.6666666666666667,2.7777777777777786,21.88888888888889,26.333333333333332,66.66666666666667,33.333333333333336,0.0,0.0,cumulative40,opus
static_user,da-15-8,3,100.0,100.0,90.33333333333333,90.33333333333333,75.0,9.666666666666666,0.0,15.333333333333334,25.0,33.333333333333336,0.0,0.0,33.333333333333336,cumulative40,opus
static_user,da-16-1,3,100.0,100.0,89.66666666666667,88.22222222222223,68.66666666666667,10.333333333333334,1.4444444444444429,19.555555555555557,31.333333333333332,0.0,0.0,0.0,0.0,cumulative40,opus
static_user,da-17-1,3,88.0,88.0,79.0,80.55555555555556,79.33333333333333,9.0,-1.5555555555555571,1.2222222222222239,8.666666666666666,0.0,0.0,0.0,0.0,cumulative40,opus
static_user,da-17-3,3,82.33333333333333,82.33333333333333,62.333333333333336,54.0,52.0,20.0,8.333333333333334,2.0,30.333333333333332,0.0,0.0,0.0,0.0,cumulative40,opus
static_user,da-17-5,3,93.33333333333333,93.33333333333333,87.0,87.0,77.0,6.333333333333333,0.0,10.0,16.333333333333332,33.333333333333336,33.333333333333336,0.0,0.0,cumulative40,opus
static_user,da-18-5,3,100.0,100.0,96.66666666666667,88.44444444444444,65.66666666666667,3.3333333333333335,8.222222222222223,22.777777777777775,34.333333333333336,33.333333333333336,0.0,0.0,0.0,cumulative40,opus
static_user,da-18-7,3,71.66666666666667,71.66666666666667,85.33333333333333,88.77777777777777,59.0,-13.666666666666666,-3.444444444444443,29.777777777777775,12.666666666666666,0.0,0.0,0.0,0.0,cumulative40,opus
static_user,da-19-1,3,100.0,100.0,95.66666666666667,96.11111111111111,83.0,4.333333333333333,-0.44444444444444287,13.111111111111109,17.0,0.0,0.0,0.0,0.0,cumulative40,opus
static_user,da-19-3,3,93.33333333333333,93.33333333333333,93.33333333333333,88.11111111111111,66.33333333333333,0.0,5.222222222222224,21.777777777777775,27.0,33.333333333333336,0.0,0.0,0.0,cumulative40,opus
static_user,da-19-6,3,45.0,45.0,38.333333333333336,43.333333333333336,59.0,6.666666666666667,-5.0,-15.666666666666666,-14.0,0.0,0.0,0.0,0.0,cumulative40,opus
static_user,da-20-1,3,96.66666666666667,96.66666666666667,80.33333333333333,78.11111111111111,52.666666666666664,16.333333333333332,2.222222222222219,25.444444444444446,44.0,66.66666666666667,33.333333333333336,33.333333333333336,33.333333333333336,cumulative40,opus
static_user,da-20-4,3,18.333333333333332,18.333333333333332,6.666666666666667,8.88888888888889,37.333333333333336,11.666666666666666,-2.222222222222222,-28.444444444444446,-19.0,33.333333333333336,0.0,0.0,0.0,cumulative40,opus
static_user,da-24-3,3,86.66666666666667,86.66666666666667,80.0,82.0,61.333333333333336,6.666666666666667,-2.0,20.666666666666668,25.333333333333332,0.0,0.0,0.0,0.0,cumulative40,opus
static_user,da-26-2,3,73.66666666666667,73.66666666666667,58.666666666666664,63.22222222222222,26.333333333333332,15.0,-4.5555555555555545,36.888888888888886,47.333333333333336,0.0,0.0,0.0,0.0,cumulative40,opus
static_user,da-26-4,3,71.66666666666667,71.66666666666667,67.0,67.0,26.666666666666668,4.666666666666667,2.3684757858670005e-15,40.33333333333333,45.0,33.333333333333336,33.333333333333336,0.0,0.0,cumulative40,opus
static_user,da-3-5,3,100.0,100.0,94.66666666666667,96.44444444444444,65.0,5.333333333333333,-1.7777777777777761,31.444444444444443,35.0,0.0,0.0,0.0,0.0,cumulative40,opus
static_user,da-4-1,3,100.0,100.0,87.0,85.0,79.66666666666667,13.0,2.0,5.333333333333333,20.333333333333332,0.0,0.0,0.0,0.0,cumulative40,opus
static_user,da-4-6,3,98.33333333333333,98.33333333333333,95.66666666666667,99.44444444444444,88.33333333333333,2.6666666666666665,-3.7777777777777763,11.111111111111109,10.0,0.0,0.0,0.0,0.0,cumulative40,opus
static_user,da-5-1,3,93.0,93.0,83.66666666666667,77.55555555555556,72.0,9.333333333333334,6.111111111111112,5.5555555555555545,21.0,0.0,0.0,0.0,0.0,cumulative40,opus
static_user,da-6-5,3,100.0,100.0,98.33333333333333,97.77777777777777,54.0,1.6666666666666667,0.5555555555555571,43.77777777777778,46.0,0.0,0.0,0.0,0.0,cumulative40,opus
static_user,da-8-1,3,95.66666666666667,95.66666666666667,97.33333333333333,97.55555555555556,71.33333333333333,-1.6666666666666667,-0.22222222222221907,26.222222222222218,24.333333333333332,0.0,0.0,0.0,0.0,cumulative40,opus
static_user,da-8-3,3,97.0,97.0,92.33333333333333,83.88888888888889,54.0,4.666666666666667,8.444444444444443,29.88888888888889,43.0,0.0,0.0,0.0,0.0,cumulative40,opus
static_user,da-9-1,3,100.0,100.0,95.33333333333333,93.0,77.33333333333333,4.666666666666667,2.3333333333333335,15.666666666666666,22.666666666666668,0.0,0.0,0.0,0.0,cumulative40,opus
static_user,da-9-7,3,97.66666666666667,97.66666666666667,95.33333333333333,91.77777777777777,79.0,2.3333333333333335,3.555555555555557,12.777777777777777,18.666666666666668,0.0,0.0,0.0,0.0,cumulative40,opus
current_full,da-1-3,3,100.0,100.0,100.0,100.0,97.33333333333333,0.0,0.0,2.6666666666666665,2.6666666666666665,0.0,0.0,0.0,0.0,cumulative40,gemini
current_full,da-1-4,3,100.0,100.0,100.0,100.0,100.0,0.0,0.0,0.0,0.0,0.0,0.0,0.0,0.0,cumulative40,gemini
current_full,da-10-1,3,100.0,100.0,100.0,100.0,98.66666666666667,0.0,0.0,1.3333333333333333,1.3333333333333333,0.0,0.0,0.0,0.0,cumulative40,gemini
current_full,da-10-3,3,100.0,100.0,100.0,100.0,96.66666666666667,0.0,0.0,3.3333333333333335,3.3333333333333335,0.0,0.0,0.0,0.0,cumulative40,gemini
current_full,da-12-2,3,90.0,88.33333333333333,91.66666666666667,91.66666666666667,100.0,-1.6666666666666667,0.0,-8.333333333333334,-10.0,0.0,0.0,33.333333333333336,0.0,cumulative40,gemini
current_full,da-12-4,3,90.66666666666667,90.66666666666667,95.33333333333333,93.77777777777777,100.0,-4.666666666666667,1.5555555555555571,-6.222222222222224,-9.333333333333334,0.0,0.0,0.0,0.0,cumulative40,gemini
current_full,da-13-1,3,100.0,100.0,100.0,100.0,100.0,0.0,0.0,0.0,0.0,0.0,0.0,0.0,0.0,cumulative40,gemini
current_full,da-13-3,3,100.0,100.0,100.0,100.0,100.0,0.0,0.0,0.0,0.0,0.0,0.0,0.0,0.0,cumulative40,gemini
current_full,da-13-5,3,100.0,100.0,100.0,100.0,100.0,0.0,0.0,0.0,0.0,0.0,0.0,0.0,0.0,cumulative40,gemini
current_full,da-13-6,3,100.0,100.0,93.33333333333333,93.33333333333333,100.0,6.666666666666667,0.0,-6.666666666666667,0.0,0.0,0.0,0.0,0.0,cumulative40,gemini
current_full,da-14-1,3,100.0,100.0,100.0,100.0,100.0,0.0,0.0,0.0,0.0,0.0,0.0,0.0,0.0,cumulative40,gemini
current_full,da-14-3,3,100.0,100.0,100.0,100.0,100.0,0.0,0.0,0.0,0.0,0.0,0.0,0.0,0.0,cumulative40,gemini
current_full,da-14-8,3,100.0,100.0,100.0,100.0,100.0,0.0,0.0,0.0,0.0,0.0,0.0,0.0,0.0,cumulative40,gemini
current_full,da-15-1,3,91.33333333333333,91.33333333333333,91.33333333333333,91.33333333333333,98.0,0.0,0.0,-6.666666666666667,-6.666666666666667,0.0,0.0,0.0,0.0,cumulative40,gemini
current_full,da-15-2,3,85.33333333333333,83.66666666666667,79.66666666666667,78.55555555555556,95.66666666666667,5.666666666666667,1.1111111111111143,-17.111111111111114,-10.333333333333334,0.0,0.0,0.0,0.0,cumulative40,gemini
current_full,da-15-7,3,73.66666666666667,73.66666666666667,70.33333333333333,70.33333333333333,91.0,3.3333333333333335,0.0,-20.666666666666668,-17.333333333333332,0.0,0.0,0.0,0.0,cumulative40,gemini
current_full,da-15-8,3,100.0,100.0,100.0,97.66666666666667,81.66666666666667,0.0,2.3333333333333335,16.0,18.333333333333332,0.0,0.0,0.0,0.0,cumulative40,gemini
current_full,da-16-1,3,100.0,100.0,98.33333333333333,99.44444444444444,99.33333333333333,1.6666666666666667,-1.1111111111111096,0.11111111111110954,0.6666666666666666,0.0,0.0,0.0,0.0,cumulative40,gemini
current_full,da-17-1,3,90.0,90.0,90.0,91.11111111111111,94.66666666666667,0.0,-1.1111111111111096,-3.555555555555557,-4.666666666666667,0.0,0.0,0.0,0.0,cumulative40,gemini
current_full,da-17-3,3,62.0,60.333333333333336,45.666666666666664,43.0,40.666666666666664,16.333333333333332,2.6666666666666656,2.3333333333333344,21.333333333333332,0.0,0.0,0.0,0.0,cumulative40,gemini
current_full,da-17-5,3,90.0,90.0,93.33333333333333,91.11111111111111,98.33333333333333,-3.3333333333333335,2.2222222222222237,-7.222222222222224,-8.333333333333334,0.0,0.0,0.0,0.0,cumulative40,gemini
current_full,da-18-5,3,100.0,100.0,100.0,100.0,100.0,0.0,0.0,0.0,0.0,0.0,0.0,0.0,0.0,cumulative40,gemini
current_full,da-18-7,3,97.33333333333333,97.33333333333333,100.0,100.0,100.0,-2.6666666666666665,0.0,0.0,-2.6666666666666665,0.0,0.0,0.0,0.0,cumulative40,gemini
current_full,da-19-1,3,100.0,100.0,100.0,100.0,100.0,0.0,0.0,0.0,0.0,0.0,0.0,0.0,0.0,cumulative40,gemini
current_full,da-19-3,3,100.0,100.0,100.0,100.0,100.0,0.0,0.0,0.0,0.0,0.0,0.0,0.0,0.0,cumulative40,gemini
current_full,da-19-6,3,59.666666666666664,59.666666666666664,68.0,63.44444444444445,93.33333333333333,-8.333333333333334,4.555555555555553,-29.888888888888886,-33.666666666666664,0.0,0.0,0.0,0.0,cumulative40,gemini
current_full,da-20-1,3,94.33333333333333,94.33333333333333,84.33333333333333,82.44444444444444,78.33333333333333,10.0,1.8888888888888882,4.111111111111112,16.0,0.0,0.0,0.0,0.0,cumulative40,gemini
current_full,da-20-4,3,15.0,15.0,8.333333333333334,10.0,11.666666666666666,6.666666666666667,-1.6666666666666667,-1.6666666666666667,3.3333333333333335,66.66666666666667,0.0,0.0,0.0,cumulative40,gemini
current_full,da-24-3,3,95.0,95.0,93.33333333333333,92.33333333333333,94.0,1.6666666666666667,1.0,-1.6666666666666667,1.0,0.0,0.0,0.0,0.0,cumulative40,gemini
current_full,da-26-2,3,84.0,84.0,85.0,85.0,94.66666666666667,-1.0,0.0,-9.666666666666666,-10.666666666666666,0.0,0.0,0.0,0.0,cumulative40,gemini
current_full,da-26-4,3,79.66666666666667,79.66666666666667,82.0,73.0,61.666666666666664,-2.3333333333333335,9.0,11.333333333333334,18.0,33.333333333333336,0.0,0.0,0.0,cumulative40,gemini
current_full,da-3-5,3,100.0,100.0,100.0,100.0,82.33333333333333,0.0,0.0,17.666666666666668,17.666666666666668,0.0,0.0,0.0,0.0,cumulative40,gemini
current_full,da-4-1,3,100.0,100.0,100.0,99.22222222222223,100.0,0.0,0.7777777777777762,-0.7777777777777762,0.0,0.0,0.0,0.0,0.0,cumulative40,gemini
current_full,da-4-6,3,100.0,100.0,100.0,100.0,100.0,0.0,0.0,0.0,0.0,0.0,0.0,0.0,0.0,cumulative40,gemini
current_full,da-5-1,3,100.0,100.0,100.0,100.0,100.0,0.0,0.0,0.0,0.0,0.0,0.0,0.0,0.0,cumulative40,gemini
current_full,da-6-5,3,100.0,100.0,100.0,100.0,93.33333333333333,0.0,0.0,6.666666666666667,6.666666666666667,0.0,0.0,0.0,0.0,cumulative40,gemini
current_full,da-8-1,3,100.0,100.0,97.33333333333333,97.33333333333333,100.0,2.6666666666666665,0.0,-2.6666666666666665,0.0,0.0,0.0,0.0,0.0,cumulative40,gemini
current_full,da-8-3,3,100.0,100.0,100.0,100.0,93.33333333333333,0.0,0.0,6.666666666666667,6.666666666666667,0.0,0.0,0.0,0.0,cumulative40,gemini
current_full,da-9-1,3,100.0,100.0,100.0,100.0,97.66666666666667,0.0,0.0,2.3333333333333335,2.3333333333333335,0.0,0.0,0.0,0.0,cumulative40,gemini
current_full,da-9-7,3,97.66666666666667,97.66666666666667,100.0,100.0,98.33333333333333,-2.3333333333333335,0.0,1.6666666666666667,-0.6666666666666666,0.0,0.0,0.0,0.0,cumulative40,gemini
current_user,da-1-3,3,100.0,100.0,100.0,100.0,100.0,0.0,0.0,0.0,0.0,0.0,0.0,0.0,0.0,cumulative40,gemini
current_user,da-1-4,3,97.0,97.0,98.66666666666667,98.66666666666667,100.0,-1.6666666666666667,0.0,-1.3333333333333333,-3.0,0.0,0.0,0.0,0.0,cumulative40,gemini
current_user,da-10-1,3,100.0,98.33333333333333,100.0,100.0,99.33333333333333,0.0,0.0,0.6666666666666666,0.6666666666666666,0.0,0.0,0.0,0.0,cumulative40,gemini
current_user,da-10-3,3,96.66666666666667,96.66666666666667,100.0,98.88888888888889,94.66666666666667,-3.3333333333333335,1.1111111111111096,4.222222222222224,2.0,0.0,0.0,0.0,0.0,cumulative40,gemini
current_user,da-12-2,3,68.33333333333333,68.33333333333333,79.0,79.0,100.0,-10.666666666666666,0.0,-21.0,-31.666666666666668,0.0,0.0,0.0,0.0,cumulative40,gemini
current_user,da-12-4,3,86.0,86.0,100.0,100.0,100.0,-14.0,0.0,0.0,-14.0,0.0,0.0,0.0,0.0,cumulative40,gemini
current_user,da-13-1,3,100.0,100.0,100.0,100.0,99.33333333333333,0.0,0.0,0.6666666666666666,0.6666666666666666,0.0,0.0,0.0,0.0,cumulative40,gemini
current_user,da-13-3,3,100.0,100.0,100.0,100.0,100.0,0.0,0.0,0.0,0.0,0.0,0.0,0.0,0.0,cumulative40,gemini
current_user,da-13-5,3,98.33333333333333,98.33333333333333,100.0,98.88888888888889,100.0,-1.6666666666666667,1.1111111111111096,-1.1111111111111096,-1.6666666666666667,0.0,0.0,0.0,0.0,cumulative40,gemini
current_user,da-13-6,3,100.0,100.0,86.66666666666667,86.66666666666667,100.0,13.333333333333334,0.0,-13.333333333333334,0.0,0.0,0.0,0.0,0.0,cumulative40,gemini
current_user,da-14-1,3,100.0,100.0,100.0,100.0,100.0,0.0,0.0,0.0,0.0,0.0,0.0,0.0,0.0,cumulative40,gemini
current_user,da-14-3,3,100.0,100.0,100.0,100.0,100.0,0.0,0.0,0.0,0.0,0.0,0.0,0.0,0.0,cumulative40,gemini
current_user,da-14-8,3,75.66666666666667,75.66666666666667,80.0,79.11111111111111,98.33333333333333,-4.333333333333333,0.8888888888888905,-19.222222222222225,-22.666666666666668,0.0,0.0,0.0,0.0,cumulative40,gemini
current_user,da-15-1,3,87.0,87.0,100.0,100.0,95.0,-13.0,0.0,5.0,-8.0,0.0,0.0,0.0,0.0,cumulative40,gemini
current_user,da-15-2,3,76.33333333333333,74.66666666666667,73.0,78.55555555555556,77.33333333333333,3.3333333333333335,-5.555555555555557,1.2222222222222239,-1.0,0.0,0.0,0.0,0.0,cumulative40,gemini
current_user,da-15-7,3,81.33333333333333,81.33333333333333,81.33333333333333,81.33333333333333,95.0,0.0,0.0,-13.666666666666666,-13.666666666666666,0.0,0.0,0.0,0.0,cumulative40,gemini
current_user,da-15-8,3,93.33333333333333,90.0,94.33333333333333,98.44444444444444,81.66666666666667,-1.0,-4.11111111111111,16.777777777777775,11.666666666666666,0.0,0.0,0.0,0.0,cumulative40,gemini
current_user,da-16-1,3,100.0,100.0,95.66666666666667,95.88888888888889,98.66666666666667,4.333333333333333,-0.2222222222222238,-2.7777777777777763,1.3333333333333333,0.0,0.0,0.0,0.0,cumulative40,gemini
current_user,da-17-1,3,90.0,90.0,93.33333333333333,92.22222222222221,98.66666666666667,-3.3333333333333335,1.1111111111111143,-6.444444444444447,-8.666666666666666,0.0,0.0,0.0,0.0,cumulative40,gemini
current_user,da-17-3,3,53.666666666666664,53.666666666666664,33.333333333333336,31.11111111111111,37.666666666666664,20.333333333333332,2.2222222222222237,-6.555555555555557,16.0,0.0,0.0,0.0,0.0,cumulative40,gemini
current_user,da-17-5,3,85.66666666666667,85.66666666666667,87.66666666666667,87.66666666666667,98.33333333333333,-2.0,0.0,-10.666666666666666,-12.666666666666666,0.0,0.0,0.0,0.0,cumulative40,gemini
current_user,da-18-5,3,100.0,100.0,100.0,100.0,100.0,0.0,0.0,0.0,0.0,0.0,0.0,0.0,0.0,cumulative40,gemini
current_user,da-18-7,3,92.33333333333333,90.66666666666667,100.0,99.11111111111111,91.66666666666667,-7.666666666666667,0.8888888888888905,7.444444444444443,0.6666666666666666,0.0,0.0,0.0,0.0,cumulative40,gemini
current_user,da-19-1,3,100.0,100.0,100.0,100.0,100.0,0.0,0.0,0.0,0.0,0.0,0.0,0.0,0.0,cumulative40,gemini
current_user,da-19-3,3,100.0,100.0,98.33333333333333,98.33333333333333,100.0,1.6666666666666667,0.0,-1.6666666666666667,0.0,0.0,0.0,0.0,0.0,cumulative40,gemini
current_user,da-19-6,3,37.333333333333336,37.333333333333336,23.666666666666668,21.666666666666668,57.666666666666664,13.666666666666666,2.0,-36.0,-20.333333333333332,0.0,0.0,0.0,0.0,cumulative40,gemini
current_user,da-20-1,3,95.0,95.0,92.66666666666667,84.77777777777777,89.0,2.3333333333333335,7.88888888888889,-4.222222222222224,6.0,0.0,0.0,0.0,0.0,cumulative40,gemini
current_user,da-20-4,3,13.333333333333334,13.333333333333334,13.333333333333334,12.222222222222223,22.333333333333332,0.0,1.1111111111111107,-10.11111111111111,-9.0,0.0,0.0,0.0,0.0,cumulative40,gemini
current_user,da-24-3,3,80.0,80.0,81.66666666666667,83.33333333333334,92.33333333333333,-1.6666666666666667,-1.666666666666669,-8.999999999999998,-12.333333333333334,0.0,0.0,0.0,0.0,cumulative40,gemini
current_user,da-26-2,3,71.0,71.0,70.0,70.0,62.333333333333336,1.0,0.0,7.666666666666667,8.666666666666666,0.0,0.0,0.0,0.0,cumulative40,gemini
current_user,da-26-4,3,60.666666666666664,60.666666666666664,60.333333333333336,56.22222222222222,37.666666666666664,0.3333333333333333,4.111111111111111,18.555555555555557,23.0,0.0,0.0,0.0,0.0,cumulative40,gemini
current_user,da-3-5,3,100.0,100.0,100.0,100.0,100.0,0.0,0.0,0.0,0.0,0.0,0.0,0.0,0.0,cumulative40,gemini
current_user,da-4-1,3,93.0,93.0,90.66666666666667,89.11111111111111,99.33333333333333,2.3333333333333335,1.5555555555555525,-10.22222222222222,-6.333333333333333,0.0,0.0,0.0,0.0,cumulative40,gemini
current_user,da-4-6,3,100.0,100.0,100.0,100.0,100.0,0.0,0.0,0.0,0.0,0.0,0.0,0.0,0.0,cumulative40,gemini
current_user,da-5-1,3,100.0,100.0,100.0,100.0,100.0,0.0,0.0,0.0,0.0,0.0,0.0,0.0,0.0,cumulative40,gemini
current_user,da-6-5,3,100.0,100.0,100.0,100.0,79.33333333333333,0.0,0.0,20.666666666666668,20.666666666666668,0.0,0.0,0.0,0.0,cumulative40,gemini
current_user,da-8-1,3,97.33333333333333,97.33333333333333,97.33333333333333,97.33333333333333,96.66666666666667,0.0,0.0,0.6666666666666666,0.6666666666666666,0.0,0.0,0.0,0.0,cumulative40,gemini
current_user,da-8-3,3,97.33333333333333,97.33333333333333,98.66666666666667,98.22222222222221,97.0,-1.3333333333333333,0.4444444444444476,1.222222222222219,0.3333333333333333,0.0,0.0,0.0,0.0,cumulative40,gemini
current_user,da-9-1,3,100.0,100.0,100.0,100.0,100.0,0.0,0.0,0.0,0.0,0.0,0.0,0.0,0.0,cumulative40,gemini
current_user,da-9-7,3,95.33333333333333,95.33333333333333,95.33333333333333,95.33333333333333,100.0,0.0,0.0,-4.666666666666667,-4.666666666666667,0.0,0.0,0.0,0.0,cumulative40,gemini
static_full,da-1-3,3,100.0,100.0,100.0,100.0,99.33333333333333,0.0,0.0,0.6666666666666666,0.6666666666666666,0.0,0.0,0.0,0.0,cumulative40,gemini
static_full,da-1-4,3,100.0,100.0,100.0,100.0,100.0,0.0,0.0,0.0,0.0,0.0,0.0,0.0,0.0,cumulative40,gemini
static_full,da-10-1,3,100.0,100.0,100.0,100.0,97.0,0.0,0.0,3.0,3.0,0.0,0.0,0.0,0.0,cumulative40,gemini
static_full,da-10-3,3,100.0,100.0,100.0,100.0,95.33333333333333,0.0,0.0,4.666666666666667,4.666666666666667,0.0,0.0,0.0,0.0,cumulative40,gemini
static_full,da-12-2,3,100.0,100.0,100.0,100.0,97.33333333333333,0.0,0.0,2.6666666666666665,2.6666666666666665,0.0,0.0,0.0,0.0,cumulative40,gemini
static_full,da-12-4,3,100.0,100.0,100.0,100.0,94.66666666666667,0.0,0.0,5.333333333333333,5.333333333333333,33.333333333333336,0.0,0.0,0.0,cumulative40,gemini
static_full,da-13-1,3,100.0,100.0,100.0,100.0,98.66666666666667,0.0,0.0,1.3333333333333333,1.3333333333333333,0.0,0.0,0.0,0.0,cumulative40,gemini
static_full,da-13-3,3,100.0,100.0,100.0,100.0,100.0,0.0,0.0,0.0,0.0,0.0,0.0,0.0,0.0,cumulative40,gemini
static_full,da-13-5,3,100.0,100.0,100.0,100.0,98.33333333333333,0.0,0.0,1.6666666666666667,1.6666666666666667,0.0,0.0,0.0,0.0,cumulative40,gemini
static_full,da-13-6,3,100.0,100.0,100.0,100.0,100.0,0.0,0.0,0.0,0.0,0.0,0.0,0.0,0.0,cumulative40,gemini
static_full,da-14-1,3,100.0,100.0,100.0,100.0,100.0,0.0,0.0,0.0,0.0,0.0,0.0,0.0,0.0,cumulative40,gemini
static_full,da-14-3,3,100.0,100.0,100.0,100.0,100.0,0.0,0.0,0.0,0.0,0.0,0.0,0.0,0.0,cumulative40,gemini
static_full,da-14-8,3,100.0,100.0,100.0,100.0,94.0,0.0,0.0,6.0,6.0,0.0,0.0,0.0,0.0,cumulative40,gemini
static_full,da-15-1,3,95.66666666666667,95.66666666666667,95.66666666666667,95.66666666666667,95.66666666666667,0.0,0.0,0.0,0.0,0.0,0.0,0.0,0.0,cumulative40,gemini
static_full,da-15-2,3,100.0,100.0,88.66666666666667,78.66666666666667,91.66666666666667,11.333333333333334,10.0,-13.0,8.333333333333334,0.0,0.0,0.0,0.0,cumulative40,gemini
static_full,da-15-7,3,78.0,78.0,78.0,78.33333333333333,95.66666666666667,0.0,-0.3333333333333333,-17.333333333333332,-17.666666666666668,0.0,0.0,0.0,0.0,cumulative40,gemini
static_full,da-15-8,3,100.0,100.0,100.0,100.0,45.0,0.0,0.0,55.0,55.0,0.0,0.0,0.0,0.0,cumulative40,gemini
static_full,da-16-1,3,100.0,100.0,100.0,98.88888888888889,100.0,0.0,1.1111111111111096,-1.1111111111111096,0.0,0.0,0.0,0.0,0.0,cumulative40,gemini
static_full,da-17-1,3,93.33333333333333,93.33333333333333,100.0,100.0,96.66666666666667,-6.666666666666667,0.0,3.3333333333333335,-3.3333333333333335,0.0,0.0,66.66666666666667,0.0,cumulative40,gemini
static_full,da-17-3,3,100.0,100.0,96.66666666666667,96.66666666666667,93.0,3.3333333333333335,0.0,3.6666666666666665,7.0,100.0,0.0,0.0,0.0,cumulative40,gemini
static_full,da-17-5,3,91.0,91.0,89.66666666666667,91.22222222222223,99.33333333333333,1.3333333333333333,-1.5555555555555571,-8.111111111111109,-8.333333333333334,0.0,0.0,0.0,0.0,cumulative40,gemini
static_full,da-18-5,3,100.0,100.0,100.0,100.0,100.0,0.0,0.0,0.0,0.0,0.0,0.0,0.0,0.0,cumulative40,gemini
static_full,da-18-7,3,100.0,100.0,100.0,100.0,100.0,0.0,0.0,0.0,0.0,0.0,0.0,0.0,0.0,cumulative40,gemini
static_full,da-19-1,3,100.0,100.0,100.0,100.0,100.0,0.0,0.0,0.0,0.0,0.0,0.0,0.0,0.0,cumulative40,gemini
static_full,da-19-3,3,100.0,100.0,100.0,100.0,95.0,0.0,0.0,5.0,5.0,0.0,0.0,0.0,0.0,cumulative40,gemini
static_full,da-19-6,3,60.666666666666664,60.666666666666664,74.66666666666667,71.77777777777777,98.66666666666667,-14.0,2.8888888888888906,-26.88888888888889,-38.0,0.0,0.0,0.0,0.0,cumulative40,gemini
static_full,da-20-1,3,100.0,100.0,100.0,99.44444444444444,97.33333333333333,0.0,0.5555555555555571,2.1111111111111094,2.6666666666666665,0.0,0.0,0.0,0.0,cumulative40,gemini
static_full,da-20-4,3,100.0,100.0,100.0,100.0,95.66666666666667,0.0,0.0,4.333333333333333,4.333333333333333,66.66666666666667,0.0,0.0,0.0,cumulative40,gemini
static_full,da-24-3,3,91.66666666666667,91.66666666666667,96.66666666666667,93.88888888888889,94.0,-5.0,2.7777777777777763,-0.11111111111110954,-2.3333333333333335,0.0,0.0,0.0,0.0,cumulative40,gemini
static_full,da-26-2,3,98.33333333333333,98.33333333333333,98.33333333333333,98.33333333333333,82.66666666666667,0.0,0.0,15.666666666666666,15.666666666666666,0.0,0.0,0.0,0.0,cumulative40,gemini
static_full,da-26-4,3,100.0,100.0,100.0,99.66666666666667,44.333333333333336,0.0,0.3333333333333333,55.333333333333336,55.666666666666664,0.0,0.0,0.0,0.0,cumulative40,gemini
static_full,da-3-5,3,100.0,100.0,100.0,100.0,95.33333333333333,0.0,0.0,4.666666666666667,4.666666666666667,0.0,0.0,0.0,0.0,cumulative40,gemini
static_full,da-4-1,3,100.0,100.0,100.0,99.22222222222223,98.66666666666667,0.0,0.7777777777777762,0.5555555555555571,1.3333333333333333,0.0,0.0,0.0,0.0,cumulative40,gemini
static_full,da-4-6,3,100.0,100.0,100.0,100.0,99.33333333333333,0.0,0.0,0.6666666666666666,0.6666666666666666,0.0,0.0,0.0,0.0,cumulative40,gemini
static_full,da-5-1,3,100.0,100.0,100.0,100.0,100.0,0.0,0.0,0.0,0.0,0.0,0.0,0.0,0.0,cumulative40,gemini
static_full,da-6-5,3,100.0,100.0,100.0,100.0,97.66666666666667,0.0,0.0,2.3333333333333335,2.3333333333333335,0.0,0.0,0.0,0.0,cumulative40,gemini
static_full,da-8-1,3,100.0,100.0,97.33333333333333,97.33333333333333,100.0,2.6666666666666665,0.0,-2.6666666666666665,0.0,0.0,0.0,0.0,0.0,cumulative40,gemini
static_full,da-8-3,3,100.0,100.0,100.0,100.0,97.0,0.0,0.0,3.0,3.0,0.0,0.0,0.0,0.0,cumulative40,gemini
static_full,da-9-1,3,100.0,100.0,100.0,100.0,97.66666666666667,0.0,0.0,2.3333333333333335,2.3333333333333335,0.0,0.0,0.0,0.0,cumulative40,gemini
static_full,da-9-7,3,100.0,100.0,97.66666666666667,97.66666666666667,98.33333333333333,2.3333333333333335,0.0,-0.6666666666666666,1.6666666666666667,0.0,0.0,0.0,0.0,cumulative40,gemini
static_user,da-1-3,3,98.0,98.0,100.0,100.0,100.0,-2.0,0.0,0.0,-2.0,0.0,0.0,0.0,0.0,cumulative40,gemini
static_user,da-1-4,3,100.0,100.0,98.66666666666667,100.0,100.0,1.3333333333333333,-1.3333333333333333,0.0,0.0,0.0,0.0,0.0,0.0,cumulative40,gemini
static_user,da-10-1,3,93.0,93.0,99.0,99.33333333333333,95.66666666666667,-6.0,-0.3333333333333333,3.6666666666666665,-2.6666666666666665,0.0,0.0,0.0,0.0,cumulative40,gemini
static_user,da-10-3,3,96.66666666666667,96.66666666666667,100.0,100.0,94.66666666666667,-3.3333333333333335,0.0,5.333333333333333,2.0,0.0,0.0,0.0,0.0,cumulative40,gemini
static_user,da-12-2,3,70.0,70.0,75.0,75.0,89.33333333333333,-5.0,0.0,-14.333333333333334,-19.333333333333332,33.333333333333336,0.0,0.0,0.0,cumulative40,gemini
static_user,da-12-4,3,90.33333333333333,90.33333333333333,95.33333333333333,98.44444444444444,100.0,-5.0,-3.1111111111111094,-1.5555555555555571,-9.666666666666666,0.0,0.0,0.0,0.0,cumulative40,gemini
static_user,da-13-1,3,97.0,97.0,100.0,100.0,98.33333333333333,-3.0,0.0,1.6666666666666667,-1.3333333333333333,0.0,0.0,0.0,0.0,cumulative40,gemini
static_user,da-13-3,3,100.0,100.0,100.0,100.0,100.0,0.0,0.0,0.0,0.0,0.0,0.0,0.0,0.0,cumulative40,gemini
static_user,da-13-5,3,96.66666666666667,96.66666666666667,100.0,98.88888888888889,99.33333333333333,-3.3333333333333335,1.1111111111111096,-0.44444444444444287,-2.6666666666666665,0.0,0.0,0.0,0.0,cumulative40,gemini
static_user,da-13-6,3,100.0,100.0,86.66666666666667,91.11111111111111,100.0,13.333333333333334,-4.444444444444443,-8.888888888888891,0.0,0.0,0.0,0.0,0.0,cumulative40,gemini
static_user,da-14-1,3,100.0,100.0,100.0,100.0,100.0,0.0,0.0,0.0,0.0,0.0,0.0,0.0,0.0,cumulative40,gemini
static_user,da-14-3,3,100.0,100.0,100.0,100.0,100.0,0.0,0.0,0.0,0.0,0.0,0.0,0.0,0.0,cumulative40,gemini
static_user,da-14-8,3,94.33333333333333,94.33333333333333,90.33333333333333,90.33333333333333,96.0,4.0,0.0,-5.666666666666667,-1.6666666666666667,0.0,0.0,0.0,0.0,cumulative40,gemini
static_user,da-15-1,3,80.33333333333333,80.33333333333333,96.66666666666667,98.88888888888889,89.66666666666667,-16.333333333333332,-2.2222222222222237,9.222222222222223,-9.333333333333334,33.333333333333336,0.0,0.0,0.0,cumulative40,gemini
static_user,da-15-2,3,79.66666666666667,79.66666666666667,82.0,81.11111111111111,84.0,-2.3333333333333335,0.8888888888888881,-2.888888888888888,-4.333333333333333,0.0,0.0,0.0,0.0,cumulative40,gemini
static_user,da-15-7,3,77.0,77.0,84.66666666666667,83.55555555555556,90.0,-7.666666666666667,1.1111111111111096,-6.444444444444443,-13.0,0.0,0.0,0.0,0.0,cumulative40,gemini
static_user,da-15-8,3,100.0,100.0,97.66666666666667,99.22222222222223,63.333333333333336,2.3333333333333335,-1.5555555555555571,35.88888888888889,36.666666666666664,0.0,0.0,0.0,0.0,cumulative40,gemini
static_user,da-16-1,3,100.0,100.0,100.0,99.44444444444444,100.0,0.0,0.5555555555555571,-0.5555555555555571,0.0,0.0,0.0,0.0,0.0,cumulative40,gemini
static_user,da-17-1,3,88.0,88.0,87.33333333333333,88.44444444444444,98.66666666666667,0.6666666666666666,-1.1111111111111096,-10.222222222222223,-10.666666666666666,0.0,0.0,0.0,0.0,cumulative40,gemini
static_user,da-17-3,3,82.33333333333333,82.33333333333333,71.66666666666667,69.88888888888889,67.33333333333333,10.666666666666666,1.777777777777778,2.5555555555555554,15.0,0.0,0.0,0.0,0.0,cumulative40,gemini
static_user,da-17-5,3,93.33333333333333,93.33333333333333,93.33333333333333,93.33333333333333,100.0,0.0,0.0,-6.666666666666667,-6.666666666666667,0.0,0.0,0.0,0.0,cumulative40,gemini
static_user,da-18-5,3,100.0,100.0,100.0,100.0,100.0,0.0,0.0,0.0,0.0,0.0,0.0,0.0,0.0,cumulative40,gemini
static_user,da-18-7,3,71.66666666666667,71.66666666666667,95.66666666666667,95.66666666666667,97.33333333333333,-24.0,0.0,-1.6666666666666667,-25.666666666666668,0.0,0.0,0.0,0.0,cumulative40,gemini
static_user,da-19-1,3,100.0,100.0,100.0,100.0,100.0,0.0,0.0,0.0,0.0,0.0,0.0,0.0,0.0,cumulative40,gemini
static_user,da-19-3,3,93.33333333333333,93.33333333333333,93.33333333333333,93.33333333333333,98.33333333333333,0.0,0.0,-5.0,-5.0,33.333333333333336,33.333333333333336,0.0,0.0,cumulative40,gemini
static_user,da-19-6,3,45.0,45.0,52.666666666666664,57.0,92.33333333333333,-7.666666666666667,-4.333333333333336,-35.33333333333333,-47.333333333333336,0.0,0.0,0.0,0.0,cumulative40,gemini
static_user,da-20-1,3,96.66666666666667,96.66666666666667,100.0,94.44444444444444,99.33333333333333,-3.3333333333333335,5.555555555555557,-4.88888888888889,-2.6666666666666665,0.0,0.0,0.0,0.0,cumulative40,gemini
static_user,da-20-4,3,18.333333333333332,18.333333333333332,21.666666666666668,23.333333333333336,55.333333333333336,-3.3333333333333335,-1.6666666666666674,-32.0,-37.0,0.0,0.0,0.0,0.0,cumulative40,gemini
static_user,da-24-3,3,86.66666666666667,86.66666666666667,88.33333333333333,85.55555555555556,93.33333333333333,-1.6666666666666667,2.7777777777777763,-7.777777777777776,-6.666666666666667,0.0,0.0,0.0,0.0,cumulative40,gemini
static_user,da-26-2,3,73.66666666666667,73.66666666666667,71.0,71.0,61.666666666666664,2.6666666666666665,0.0,9.333333333333334,12.0,0.0,0.0,0.0,0.0,cumulative40,gemini
static_user,da-26-4,3,71.66666666666667,71.66666666666667,76.33333333333333,75.0,45.0,-4.666666666666667,1.3333333333333333,30.0,26.666666666666668,0.0,0.0,0.0,0.0,cumulative40,gemini
static_user,da-3-5,3,100.0,100.0,100.0,100.0,97.33333333333333,0.0,0.0,2.6666666666666665,2.6666666666666665,0.0,0.0,0.0,0.0,cumulative40,gemini
static_user,da-4-1,3,100.0,100.0,97.66666666666667,97.66666666666667,98.33333333333333,2.3333333333333335,0.0,-0.6666666666666666,1.6666666666666667,0.0,0.0,0.0,0.0,cumulative40,gemini
static_user,da-4-6,3,98.33333333333333,98.33333333333333,98.33333333333333,98.88888888888889,100.0,0.0,-0.5555555555555571,-1.1111111111111096,-1.6666666666666667,0.0,0.0,0.0,0.0,cumulative40,gemini
static_user,da-5-1,3,93.0,93.0,97.66666666666667,97.88888888888889,97.33333333333333,-4.666666666666667,-0.22222222222221907,0.5555555555555524,-4.333333333333333,0.0,0.0,0.0,0.0,cumulative40,gemini
static_user,da-6-5,3,100.0,100.0,100.0,100.0,100.0,0.0,0.0,0.0,0.0,0.0,0.0,0.0,0.0,cumulative40,gemini
static_user,da-8-1,3,95.66666666666667,95.66666666666667,100.0,100.0,100.0,-4.333333333333333,0.0,0.0,-4.333333333333333,0.0,0.0,0.0,0.0,cumulative40,gemini
static_user,da-8-3,3,97.0,97.0,98.66666666666667,100.0,94.0,-1.6666666666666667,-1.3333333333333333,6.0,3.0,0.0,0.0,0.0,0.0,cumulative40,gemini
static_user,da-9-1,3,100.0,100.0,100.0,100.0,100.0,0.0,0.0,0.0,0.0,0.0,0.0,0.0,0.0,cumulative40,gemini
static_user,da-9-7,3,97.66666666666667,97.66666666666667,100.0,100.0,100.0,-2.3333333333333335,0.0,0.0,-2.3333333333333335,0.0,0.0,0.0,0.0,cumulative40,gemini
current_full,da-1-3,3,100.0,100.0,97.11111111111111,96.11111111111111,82.44444444444444,2.888888888888889,1.0,13.666666666666666,17.555555555555554,0.0,0.0,0.0,0.0,cumulative40,sol_opus_gemini
current_full,da-1-4,3,100.0,100.0,98.0,98.18518518518519,88.11111111111111,2.0,-0.1851851851851857,10.074074074074074,11.88888888888889,0.0,0.0,0.0,0.0,cumulative40,sol_opus_gemini
current_full,da-10-1,3,100.0,100.0,98.66666666666667,99.11111111111111,87.0,1.3333333333333333,-0.4444444444444444,12.11111111111111,13.0,0.0,0.0,0.0,0.0,cumulative40,sol_opus_gemini
current_full,da-10-3,3,100.0,100.0,99.44444444444444,99.4074074074074,80.11111111111111,0.5555555555555556,0.03703703703703809,19.296296296296294,19.88888888888889,0.0,0.0,0.0,0.0,cumulative40,sol_opus_gemini
current_full,da-12-2,3,90.0,88.33333333333333,90.0,90.55555555555556,84.77777777777777,0.0,-0.5555555555555556,5.777777777777778,5.222222222222222,22.222222222222225,22.222222222222225,33.333333333333336,22.222222222222225,cumulative40,sol_opus_gemini
current_full,da-12-4,3,90.66666666666667,90.66666666666667,92.0,89.66666666666667,86.77777777777779,-1.3333333333333335,2.3333333333333335,2.888888888888889,3.888888888888889,22.222222222222225,0.0,0.0,0.0,cumulative40,sol_opus_gemini
current_full,da-13-1,3,100.0,100.0,95.0,93.92592592592592,85.0,5.0,1.0740740740740746,8.925925925925926,15.0,0.0,0.0,0.0,0.0,cumulative40,sol_opus_gemini
current_full,da-13-3,3,100.0,100.0,100.0,98.96296296296296,91.44444444444444,0.0,1.037037037037038,7.518518518518517,8.555555555555555,0.0,0.0,0.0,0.0,cumulative40,sol_opus_gemini
current_full,da-13-5,3,100.0,100.0,94.44444444444444,93.51851851851852,90.66666666666667,5.555555555555555,0.9259259259259269,2.851851851851851,9.333333333333332,0.0,0.0,0.0,0.0,cumulative40,sol_opus_gemini
current_full,da-13-6,3,100.0,100.0,84.44444444444444,82.5925925925926,82.66666666666667,15.555555555555555,1.8518518518518525,-0.074074074074075,17.333333333333332,0.0,0.0,0.0,0.0,cumulative40,sol_opus_gemini
current_full,da-14-1,3,100.0,100.0,96.22222222222223,93.4074074074074,92.22222222222221,3.7777777777777777,2.8148148148148144,1.1851851851851858,7.777777777777778,0.0,0.0,0.0,0.0,cumulative40,sol_opus_gemini
current_full,da-14-3,3,100.0,100.0,100.0,100.0,94.66666666666667,0.0,0.0,5.333333333333333,5.333333333333333,0.0,0.0,0.0,0.0,cumulative40,sol_opus_gemini
current_full,da-14-8,3,100.0,100.0,98.33333333333333,98.14814814814815,72.22222222222223,1.6666666666666667,0.1851851851851857,25.925925925925924,27.77777777777778,11.111111111111112,0.0,0.0,0.0,cumulative40,sol_opus_gemini
current_full,da-15-1,3,91.33333333333333,91.33333333333333,90.77777777777777,90.22222222222221,85.66666666666667,0.5555555555555556,0.5555555555555556,4.555555555555555,5.666666666666667,11.111111111111112,0.0,0.0,0.0,cumulative40,sol_opus_gemini
current_full,da-15-2,3,85.33333333333333,83.66666666666667,75.66666666666667,74.4074074074074,75.0,9.666666666666666,1.2592592592592609,-0.5925925925925946,10.333333333333334,0.0,11.111111111111112,0.0,0.0,cumulative40,sol_opus_gemini
current_full,da-15-7,3,73.66666666666667,73.66666666666667,67.33333333333333,68.25925925925925,69.77777777777777,6.333333333333333,-0.9259259259259263,-1.5185185185185182,3.8888888888888884,0.0,0.0,0.0,0.0,cumulative40,sol_opus_gemini
current_full,da-15-8,3,100.0,100.0,89.33333333333333,87.66666666666667,63.111111111111114,10.666666666666668,1.6666666666666665,24.555555555555557,36.888888888888886,0.0,0.0,0.0,0.0,cumulative40,sol_opus_gemini
current_full,da-16-1,3,100.0,100.0,97.77777777777777,97.96296296296296,84.11111111111111,2.2222222222222223,-0.18518518518518415,13.851851851851851,15.888888888888888,0.0,0.0,0.0,0.0,cumulative40,sol_opus_gemini
current_full,da-17-1,3,90.0,90.0,86.44444444444444,85.62962962962963,84.88888888888889,3.5555555555555554,0.8148148148148159,0.7407407407407397,5.111111111111112,11.111111111111112,0.0,0.0,0.0,cumulative40,sol_opus_gemini
current_full,da-17-3,3,62.0,60.333333333333336,38.111111111111114,38.62962962962963,33.55555555555556,23.88888888888889,-0.51851851851852,5.074074074074075,28.444444444444443,0.0,0.0,11.111111111111112,0.0,cumulative40,sol_opus_gemini
current_full,da-17-5,3,90.0,90.0,89.33333333333333,88.5925925925926,87.11111111111111,0.6666666666666665,0.7407407407407413,1.481481481481481,2.888888888888889,0.0,0.0,0.0,0.0,cumulative40,sol_opus_gemini
current_full,da-18-5,3,100.0,100.0,97.77777777777779,96.55555555555556,71.0,2.2222222222222223,1.2222222222222205,25.555555555555557,29.0,0.0,0.0,0.0,0.0,cumulative40,sol_opus_gemini
current_full,da-18-7,3,97.33333333333333,97.33333333333333,97.44444444444444,97.92592592592592,80.66666666666667,-0.11111111111111116,-0.481481481481481,17.25925925925926,16.666666666666668,0.0,0.0,0.0,0.0,cumulative40,sol_opus_gemini
current_full,da-19-1,3,100.0,100.0,98.22222222222223,98.51851851851852,92.44444444444444,1.7777777777777777,-0.29629629629629683,6.074074074074074,7.555555555555555,0.0,0.0,0.0,0.0,cumulative40,sol_opus_gemini
current_full,da-19-3,3,100.0,100.0,99.44444444444444,98.88888888888889,81.22222222222221,0.5555555555555556,0.555555555555554,17.666666666666668,18.77777777777778,22.222222222222225,0.0,0.0,0.0,cumulative40,sol_opus_gemini
current_full,da-19-6,3,59.666666666666664,59.666666666666664,55.22222222222222,52.407407407407405,77.0,4.444444444444445,2.814814814814813,-24.59259259259259,-17.333333333333336,0.0,0.0,0.0,0.0,cumulative40,sol_opus_gemini
current_full,da-20-1,3,94.33333333333333,94.33333333333333,74.33333333333333,74.66666666666667,61.77777777777778,20.0,-0.3333333333333337,12.88888888888889,32.55555555555556,0.0,0.0,0.0,0.0,cumulative40,sol_opus_gemini
current_full,da-20-4,3,15.0,15.0,8.333333333333334,8.148148148148149,13.444444444444445,6.666666666666667,0.18518518518518512,-5.296296296296297,1.5555555555555558,66.66666666666667,11.111111111111112,0.0,0.0,cumulative40,sol_opus_gemini
current_full,da-24-3,3,95.0,95.0,84.44444444444444,82.07407407407408,64.11111111111111,10.555555555555555,2.37037037037037,17.962962962962962,30.88888888888889,11.111111111111112,0.0,0.0,0.0,cumulative40,sol_opus_gemini
current_full,da-26-2,3,84.0,84.0,79.44444444444444,79.55555555555556,59.888888888888886,4.555555555555555,-0.11111111111111115,19.666666666666668,24.11111111111111,0.0,0.0,0.0,0.0,cumulative40,sol_opus_gemini
current_full,da-26-4,3,79.66666666666667,79.66666666666667,71.33333333333334,66.92592592592592,38.0,8.333333333333332,4.4074074074074066,28.925925925925927,41.66666666666667,44.44444444444445,0.0,0.0,0.0,cumulative40,sol_opus_gemini
current_full,da-3-5,3,100.0,100.0,98.55555555555556,98.55555555555556,78.33333333333333,1.4444444444444444,0.0,20.22222222222222,21.666666666666668,0.0,0.0,0.0,0.0,cumulative40,sol_opus_gemini
current_full,da-4-1,3,100.0,100.0,95.0,92.33333333333333,87.22222222222223,5.0,2.666666666666665,5.1111111111111125,12.777777777777779,0.0,0.0,0.0,0.0,cumulative40,sol_opus_gemini
current_full,da-4-6,3,100.0,100.0,87.55555555555556,89.96296296296296,84.0,12.444444444444445,-2.4074074074074066,5.962962962962962,16.0,0.0,0.0,0.0,0.0,cumulative40,sol_opus_gemini
current_full,da-5-1,3,100.0,100.0,97.22222222222223,95.81481481481481,90.11111111111111,2.7777777777777777,1.4074074074074063,5.703703703703705,9.88888888888889,0.0,0.0,0.0,0.0,cumulative40,sol_opus_gemini
current_full,da-6-5,3,100.0,100.0,99.44444444444444,98.29629629629629,69.55555555555556,0.5555555555555556,1.1481481481481477,28.74074074074074,30.444444444444443,0.0,0.0,0.0,0.0,cumulative40,sol_opus_gemini
current_full,da-8-1,3,100.0,100.0,96.66666666666667,96.77777777777777,80.22222222222223,3.3333333333333335,-0.11111111111111109,16.555555555555557,19.77777777777778,0.0,0.0,0.0,0.0,cumulative40,sol_opus_gemini
current_full,da-8-3,3,100.0,100.0,89.11111111111111,88.48148148148148,64.0,10.88888888888889,0.6296296296296301,24.48148148148148,36.0,0.0,0.0,0.0,0.0,cumulative40,sol_opus_gemini
current_full,da-9-1,3,100.0,100.0,98.33333333333333,97.96296296296296,83.11111111111111,1.6666666666666667,0.37037037037036985,14.851851851851851,16.88888888888889,11.111111111111112,0.0,0.0,0.0,cumulative40,sol_opus_gemini
current_full,da-9-7,3,97.66666666666667,97.66666666666667,93.55555555555556,92.0,88.55555555555556,4.111111111111112,1.5555555555555556,3.444444444444444,9.11111111111111,0.0,0.0,0.0,0.0,cumulative40,sol_opus_gemini
current_user,da-1-3,3,100.0,100.0,98.33333333333333,96.48148148148148,91.77777777777777,1.6666666666666667,1.8518518518518507,4.703703703703704,8.222222222222221,0.0,0.0,0.0,0.0,cumulative40,sol_opus_gemini
current_user,da-1-4,3,97.0,97.0,98.11111111111111,96.81481481481481,89.0,-1.1111111111111112,1.2962962962962967,7.814814814814814,8.0,0.0,0.0,0.0,0.0,cumulative40,sol_opus_gemini
current_user,da-10-1,3,100.0,98.33333333333333,97.44444444444444,98.48148148148148,88.77777777777777,2.5555555555555554,-1.0370370370370365,9.703703703703702,11.222222222222221,0.0,0.0,0.0,0.0,cumulative40,sol_opus_gemini
current_user,da-10-3,3,96.66666666666667,96.66666666666667,93.44444444444444,93.51851851851852,72.55555555555556,3.2222222222222223,-0.07407407407407611,20.962962962962965,24.11111111111111,0.0,0.0,0.0,0.0,cumulative40,sol_opus_gemini
current_user,da-12-2,3,68.33333333333333,68.33333333333333,75.22222222222223,72.55555555555556,87.22222222222223,-6.888888888888888,2.6666666666666674,-14.666666666666668,-18.88888888888889,11.111111111111112,11.111111111111112,0.0,11.111111111111112,cumulative40,sol_opus_gemini
current_user,da-12-4,3,86.0,86.0,90.66666666666667,89.55555555555556,90.33333333333333,-4.666666666666667,1.1111111111111112,-0.7777777777777778,-4.333333333333333,11.111111111111112,22.222222222222225,0.0,11.111111111111112,cumulative40,sol_opus_gemini
current_user,da-13-1,3,100.0,100.0,94.0,94.0,86.88888888888889,6.0,0.0,7.111111111111111,13.11111111111111,0.0,0.0,0.0,0.0,cumulative40,sol_opus_gemini
current_user,da-13-3,3,100.0,100.0,96.44444444444444,95.18518518518518,92.0,3.555555555555556,1.2592592592592586,3.185185185185186,8.0,0.0,0.0,0.0,0.0,cumulative40,sol_opus_gemini
current_user,da-13-5,3,98.33333333333333,98.33333333333333,88.33333333333333,85.74074074074075,87.77777777777779,10.0,2.592592592592592,-2.0370370370370363,10.555555555555555,0.0,0.0,0.0,0.0,cumulative40,sol_opus_gemini
current_user,da-13-6,3,100.0,100.0,81.11111111111111,78.88888888888889,92.22222222222223,18.88888888888889,2.2222222222222223,-13.333333333333332,7.777777777777778,0.0,0.0,0.0,0.0,cumulative40,sol_opus_gemini
current_user,da-14-1,3,100.0,100.0,88.66666666666667,84.88888888888889,92.11111111111111,11.333333333333334,3.7777777777777786,-7.222222222222223,7.888888888888889,0.0,0.0,0.0,0.0,cumulative40,sol_opus_gemini
current_user,da-14-3,3,100.0,100.0,96.0,95.03703703703704,94.0,4.0,0.9629629629629636,1.0370370370370365,6.0,0.0,0.0,0.0,0.0,cumulative40,sol_opus_gemini
current_user,da-14-8,3,75.66666666666667,75.66666666666667,71.11111111111111,70.7037037037037,77.55555555555556,4.555555555555556,0.40740740740740866,-6.851851851851853,-1.8888888888888888,22.222222222222225,22.222222222222225,0.0,0.0,cumulative40,sol_opus_gemini
current_user,da-15-1,3,87.0,87.0,92.22222222222223,93.18518518518519,77.22222222222223,-5.222222222222221,-0.9629629629629619,15.962962962962962,9.777777777777779,0.0,0.0,0.0,0.0,cumulative40,sol_opus_gemini
current_user,da-15-2,3,76.33333333333333,74.66666666666667,65.22222222222223,66.48148148148148,55.666666666666664,11.11111111111111,-1.2592592592592604,10.814814814814815,20.666666666666664,0.0,0.0,0.0,0.0,cumulative40,sol_opus_gemini
current_user,da-15-7,3,81.33333333333333,81.33333333333333,72.77777777777777,73.03703703703704,73.88888888888889,8.555555555555555,-0.2592592592592603,-0.8518518518518509,7.444444444444445,0.0,0.0,0.0,0.0,cumulative40,sol_opus_gemini
current_user,da-15-8,3,93.33333333333333,90.0,89.77777777777777,90.96296296296296,70.44444444444444,3.5555555555555554,-1.1851851851851856,20.51851851851852,22.88888888888889,0.0,0.0,0.0,0.0,cumulative40,sol_opus_gemini
current_user,da-16-1,3,100.0,100.0,94.55555555555556,93.74074074074073,84.33333333333333,5.444444444444445,0.8148148148148142,9.407407407407408,15.666666666666668,0.0,0.0,0.0,0.0,cumulative40,sol_opus_gemini
current_user,da-17-1,3,90.0,90.0,88.22222222222221,85.96296296296296,87.66666666666667,1.777777777777778,2.2592592592592604,-1.7037037037037048,2.333333333333333,11.111111111111112,11.111111111111112,0.0,0.0,cumulative40,sol_opus_gemini
current_user,da-17-3,3,53.666666666666664,53.666666666666664,32.111111111111114,29.51851851851852,34.44444444444444,21.555555555555557,2.592592592592594,-4.925925925925927,19.22222222222222,0.0,0.0,0.0,0.0,cumulative40,sol_opus_gemini
current_user,da-17-5,3,85.66666666666667,85.66666666666667,86.66666666666667,83.14814814814815,77.88888888888889,-1.0000000000000002,3.518518518518519,5.259259259259258,7.777777777777779,0.0,0.0,0.0,0.0,cumulative40,sol_opus_gemini
current_user,da-18-5,3,100.0,100.0,98.88888888888889,96.18518518518519,89.44444444444444,1.1111111111111112,2.7037037037037033,6.740740740740741,10.555555555555555,0.0,0.0,0.0,0.0,cumulative40,sol_opus_gemini
current_user,da-18-7,3,92.33333333333333,90.66666666666667,92.44444444444444,92.37037037037037,80.77777777777777,-0.11111111111111109,0.0740740740740738,11.592592592592593,11.555555555555555,0.0,0.0,0.0,0.0,cumulative40,sol_opus_gemini
current_user,da-19-1,3,100.0,100.0,96.33333333333333,95.5925925925926,93.0,3.6666666666666665,0.7407407407407397,2.5925925925925934,7.0,0.0,0.0,0.0,0.0,cumulative40,sol_opus_gemini
current_user,da-19-3,3,100.0,100.0,98.33333333333333,97.11111111111111,83.77777777777779,1.6666666666666667,1.2222222222222223,13.333333333333332,16.22222222222222,0.0,0.0,0.0,0.0,cumulative40,sol_opus_gemini
current_user,da-19-6,3,37.333333333333336,37.333333333333336,20.555555555555557,18.074074074074076,55.111111111111114,16.77777777777778,2.4814814814814814,-37.03703703703704,-17.77777777777778,0.0,0.0,0.0,0.0,cumulative40,sol_opus_gemini
current_user,da-20-1,3,95.0,95.0,81.77777777777777,76.74074074074075,78.44444444444444,13.222222222222223,5.037037037037037,-1.7037037037037042,16.555555555555557,0.0,0.0,0.0,0.0,cumulative40,sol_opus_gemini
current_user,da-20-4,3,13.333333333333334,13.333333333333334,10.0,9.62962962962963,23.444444444444446,3.3333333333333335,0.37037037037037013,-13.814814814814815,-10.11111111111111,0.0,0.0,0.0,0.0,cumulative40,sol_opus_gemini
current_user,da-24-3,3,80.0,80.0,73.66666666666667,73.37037037037037,67.66666666666667,6.333333333333333,0.29629629629629606,5.703703703703704,12.333333333333334,0.0,0.0,0.0,0.0,cumulative40,sol_opus_gemini
current_user,da-26-2,3,71.0,71.0,64.11111111111111,62.33333333333333,47.111111111111114,6.888888888888889,1.7777777777777768,15.222222222222223,23.88888888888889,0.0,0.0,0.0,0.0,cumulative40,sol_opus_gemini
current_user,da-26-4,3,60.666666666666664,60.666666666666664,56.55555555555556,53.370370370370374,32.55555555555556,4.111111111111112,3.1851851851851847,20.814814814814813,28.11111111111111,33.333333333333336,0.0,0.0,0.0,cumulative40,sol_opus_gemini
current_user,da-3-5,3,100.0,100.0,95.88888888888889,96.18518518518519,86.88888888888889,4.111111111111111,-0.2962962962962952,9.296296296296296,13.11111111111111,0.0,0.0,0.0,0.0,cumulative40,sol_opus_gemini
current_user,da-4-1,3,93.0,93.0,87.66666666666666,87.03703703703704,81.44444444444444,5.333333333333333,0.629629629629627,5.592592592592595,11.555555555555555,0.0,0.0,0.0,0.0,cumulative40,sol_opus_gemini
current_user,da-4-6,3,100.0,100.0,93.22222222222223,92.88888888888889,93.88888888888889,6.777777777777778,0.3333333333333333,-1.0000000000000002,6.111111111111111,0.0,0.0,0.0,0.0,cumulative40,sol_opus_gemini
current_user,da-5-1,3,100.0,100.0,88.77777777777779,88.74074074074073,88.77777777777777,11.222222222222223,0.03703703703703807,-0.037037037037038124,11.222222222222221,0.0,0.0,0.0,0.0,cumulative40,sol_opus_gemini
current_user,da-6-5,3,100.0,100.0,98.55555555555556,99.14814814814815,70.11111111111111,1.4444444444444444,-0.592592592592592,29.037037037037038,29.88888888888889,0.0,0.0,0.0,0.0,cumulative40,sol_opus_gemini
current_user,da-8-1,3,97.33333333333333,97.33333333333333,95.0,94.92592592592592,80.0,2.333333333333333,0.07407407407407303,14.925925925925927,17.333333333333332,0.0,0.0,0.0,0.0,cumulative40,sol_opus_gemini
current_user,da-8-3,3,97.33333333333333,97.33333333333333,88.88888888888889,86.37037037037037,69.66666666666667,8.444444444444445,2.518518518518521,16.703703703703702,27.666666666666668,11.111111111111112,11.111111111111112,0.0,0.0,cumulative40,sol_opus_gemini
current_user,da-9-1,3,100.0,100.0,93.44444444444444,92.0,85.88888888888889,6.555555555555555,1.4444444444444444,6.111111111111111,14.11111111111111,0.0,0.0,0.0,0.0,cumulative40,sol_opus_gemini
current_user,da-9-7,3,95.33333333333333,95.33333333333333,90.55555555555556,88.96296296296296,92.66666666666667,4.777777777777778,1.5925925925925921,-3.703703703703703,2.666666666666667,22.222222222222225,11.111111111111112,0.0,0.0,cumulative40,sol_opus_gemini
static_full,da-1-3,3,100.0,100.0,99.33333333333333,99.11111111111111,82.88888888888889,0.6666666666666666,0.2222222222222222,16.22222222222222,17.11111111111111,0.0,0.0,0.0,0.0,cumulative40,sol_opus_gemini
static_full,da-1-4,3,100.0,100.0,99.0,98.44444444444444,83.88888888888889,1.0,0.5555555555555556,14.555555555555555,16.11111111111111,0.0,0.0,0.0,0.0,cumulative40,sol_opus_gemini
static_full,da-10-1,3,100.0,100.0,88.88888888888889,91.66666666666667,76.66666666666667,11.11111111111111,-2.7777777777777777,15.0,23.333333333333332,22.222222222222225,0.0,0.0,0.0,cumulative40,sol_opus_gemini
static_full,da-10-3,3,100.0,100.0,88.55555555555556,93.96296296296296,75.11111111111111,11.444444444444445,-5.4074074074074066,18.85185185185185,24.88888888888889,0.0,0.0,0.0,0.0,cumulative40,sol_opus_gemini
static_full,da-12-2,3,100.0,100.0,97.77777777777777,97.22222222222223,78.0,2.2222222222222223,0.5555555555555556,19.222222222222225,22.0,55.55555555555556,0.0,11.111111111111112,0.0,cumulative40,sol_opus_gemini
static_full,da-12-4,3,100.0,100.0,89.44444444444444,87.25925925925925,61.111111111111114,10.555555555555555,2.1851851851851842,26.14814814814815,38.888888888888886,77.77777777777779,11.111111111111112,22.222222222222225,11.111111111111112,cumulative40,sol_opus_gemini
static_full,da-13-1,3,100.0,100.0,91.11111111111111,87.22222222222223,76.77777777777777,8.88888888888889,3.888888888888889,10.444444444444445,23.22222222222222,0.0,0.0,0.0,0.0,cumulative40,sol_opus_gemini
static_full,da-13-3,3,100.0,100.0,100.0,99.29629629629629,91.66666666666667,0.0,0.7037037037037047,7.629629629629628,8.333333333333334,0.0,0.0,0.0,0.0,cumulative40,sol_opus_gemini
static_full,da-13-5,3,100.0,100.0,96.66666666666667,95.92592592592592,83.11111111111111,3.3333333333333335,0.7407407407407397,12.814814814814817,16.88888888888889,0.0,0.0,0.0,0.0,cumulative40,sol_opus_gemini
static_full,da-13-6,3,100.0,100.0,100.0,99.25925925925925,88.11111111111111,0.0,0.7407407407407397,11.148148148148149,11.88888888888889,0.0,0.0,0.0,0.0,cumulative40,sol_opus_gemini
static_full,da-14-1,3,100.0,100.0,90.55555555555556,87.62962962962963,87.11111111111111,9.444444444444445,2.9259259259259247,0.5185185185185197,12.88888888888889,11.111111111111112,0.0,0.0,0.0,cumulative40,sol_opus_gemini
static_full,da-14-3,3,100.0,100.0,100.0,100.0,91.33333333333333,0.0,0.0,8.666666666666666,8.666666666666666,0.0,0.0,0.0,0.0,cumulative40,sol_opus_gemini
static_full,da-14-8,3,100.0,100.0,96.66666666666667,95.18518518518519,67.11111111111111,3.3333333333333335,1.4814814814814825,28.074074074074073,32.888888888888886,33.333333333333336,0.0,0.0,0.0,cumulative40,sol_opus_gemini
static_full,da-15-1,3,95.66666666666667,95.66666666666667,92.33333333333333,88.11111111111111,75.22222222222221,3.3333333333333335,4.222222222222222,12.88888888888889,20.444444444444446,22.222222222222225,0.0,0.0,0.0,cumulative40,sol_opus_gemini
static_full,da-15-2,3,100.0,100.0,79.88888888888889,70.29629629629629,65.66666666666667,20.11111111111111,9.592592592592592,4.629629629629629,34.333333333333336,22.222222222222225,11.111111111111112,0.0,0.0,cumulative40,sol_opus_gemini
static_full,da-15-7,3,78.0,78.0,73.0,69.25925925925927,71.22222222222223,5.0,3.7407407407407414,-1.962962962962963,6.777777777777777,0.0,0.0,0.0,0.0,cumulative40,sol_opus_gemini
static_full,da-15-8,3,100.0,100.0,98.88888888888889,98.51851851851852,45.22222222222222,1.1111111111111112,0.37037037037037135,53.29629629629629,54.77777777777778,22.222222222222225,0.0,11.111111111111112,0.0,cumulative40,sol_opus_gemini
static_full,da-16-1,3,100.0,100.0,90.66666666666667,90.11111111111111,80.22222222222223,9.333333333333334,0.555555555555554,9.888888888888891,19.77777777777778,0.0,0.0,0.0,0.0,cumulative40,sol_opus_gemini
static_full,da-17-1,3,93.33333333333333,93.33333333333333,90.88888888888889,91.88888888888889,80.77777777777779,2.4444444444444446,-1.0,11.11111111111111,12.555555555555555,22.222222222222225,0.0,22.222222222222225,0.0,cumulative40,sol_opus_gemini
static_full,da-17-3,3,100.0,100.0,96.11111111111111,95.92592592592592,50.666666666666664,3.888888888888889,0.1851851851851857,45.25925925925926,49.333333333333336,100.0,0.0,33.333333333333336,0.0,cumulative40,sol_opus_gemini
static_full,da-17-5,3,91.0,91.0,82.0,84.29629629629629,84.77777777777779,9.0,-2.2962962962962967,-0.4814814814814807,6.222222222222221,22.222222222222225,0.0,0.0,0.0,cumulative40,sol_opus_gemini
static_full,da-18-5,3,100.0,100.0,98.0,95.48148148148148,61.888888888888886,2.0,2.518518518518519,33.592592592592595,38.111111111111114,22.222222222222225,0.0,0.0,0.0,cumulative40,sol_opus_gemini
static_full,da-18-7,3,100.0,100.0,99.44444444444444,98.55555555555556,78.0,0.5555555555555556,0.8888888888888888,20.555555555555557,22.0,0.0,0.0,0.0,0.0,cumulative40,sol_opus_gemini
static_full,da-19-1,3,100.0,100.0,98.55555555555556,98.7037037037037,93.33333333333333,1.4444444444444444,-0.1481481481481476,5.37037037037037,6.666666666666666,0.0,0.0,0.0,0.0,cumulative40,sol_opus_gemini
static_full,da-19-3,3,100.0,100.0,96.33333333333333,96.62962962962963,70.55555555555556,3.666666666666667,-0.2962962962962952,26.074074074074073,29.444444444444443,22.222222222222225,0.0,0.0,0.0,cumulative40,sol_opus_gemini
static_full,da-19-6,3,60.666666666666664,60.666666666666664,62.111111111111114,64.7037037037037,86.55555555555556,-1.4444444444444444,-2.5925925925925917,-21.85185185185185,-25.88888888888889,0.0,0.0,0.0,0.0,cumulative40,sol_opus_gemini
static_full,da-20-1,3,100.0,100.0,94.0,93.37037037037037,71.22222222222223,6.0,0.6296296296296301,22.14814814814815,28.77777777777778,44.44444444444445,0.0,0.0,0.0,cumulative40,sol_opus_gemini
static_full,da-20-4,3,100.0,100.0,93.88888888888889,92.77777777777779,60.22222222222222,6.111111111111111,1.1111111111111096,32.55555555555556,39.77777777777778,88.88888888888889,0.0,11.111111111111112,0.0,cumulative40,sol_opus_gemini
static_full,da-24-3,3,91.66666666666667,91.66666666666667,85.55555555555556,84.07407407407408,68.88888888888889,6.111111111111112,1.4814814814814812,15.185185185185185,22.77777777777778,0.0,0.0,0.0,0.0,cumulative40,sol_opus_gemini
static_full,da-26-2,3,98.33333333333333,98.33333333333333,83.66666666666667,82.96296296296296,48.44444444444444,14.666666666666666,0.703703703703704,34.51851851851852,49.888888888888886,66.66666666666667,33.333333333333336,22.222222222222225,11.111111111111112,cumulative40,sol_opus_gemini
static_full,da-26-4,3,100.0,100.0,84.55555555555556,85.37037037037037,31.444444444444443,15.444444444444445,-0.814814814814814,53.925925925925924,68.55555555555556,66.66666666666667,22.222222222222225,0.0,0.0,cumulative40,sol_opus_gemini
static_full,da-3-5,3,100.0,100.0,94.77777777777779,95.25925925925927,77.66666666666667,5.222222222222222,-0.48148148148148096,17.59259259259259,22.333333333333336,0.0,0.0,11.111111111111112,0.0,cumulative40,sol_opus_gemini
static_full,da-4-1,3,100.0,100.0,92.88888888888889,92.0,84.0,7.111111111111112,0.888888888888889,8.0,16.0,0.0,0.0,0.0,0.0,cumulative40,sol_opus_gemini
static_full,da-4-6,3,100.0,100.0,100.0,99.18518518518518,92.55555555555556,0.0,0.8148148148148159,6.629629629629628,7.444444444444445,0.0,0.0,0.0,0.0,cumulative40,sol_opus_gemini
static_full,da-5-1,3,100.0,100.0,93.55555555555556,93.96296296296296,90.0,6.444444444444445,-0.4074074074074079,3.9629629629629637,10.0,0.0,0.0,0.0,0.0,cumulative40,sol_opus_gemini
static_full,da-6-5,3,100.0,100.0,99.44444444444444,99.25925925925925,75.22222222222221,0.5555555555555556,0.1851851851851857,24.037037037037038,24.77777777777778,0.0,0.0,0.0,0.0,cumulative40,sol_opus_gemini
static_full,da-8-1,3,100.0,100.0,97.33333333333333,97.03703703703704,90.88888888888889,2.6666666666666665,0.29629629629629683,6.148148148148148,9.11111111111111,0.0,0.0,0.0,0.0,cumulative40,sol_opus_gemini
static_full,da-8-3,3,100.0,100.0,93.11111111111111,92.25925925925927,73.0,6.888888888888889,0.8518518518518509,19.25925925925926,27.0,0.0,0.0,0.0,0.0,cumulative40,sol_opus_gemini
static_full,da-9-1,3,100.0,100.0,97.77777777777779,99.07407407407408,79.77777777777777,2.2222222222222223,-1.2962962962962967,19.296296296296298,20.22222222222222,0.0,0.0,0.0,0.0,cumulative40,sol_opus_gemini
static_full,da-9-7,3,100.0,100.0,90.77777777777777,90.25925925925925,79.11111111111111,9.222222222222221,0.5185185185185205,11.148148148148145,20.88888888888889,11.111111111111112,0.0,11.111111111111112,11.111111111111112,cumulative40,sol_opus_gemini
static_user,da-1-3,3,98.0,98.0,95.88888888888889,94.66666666666667,91.66666666666667,2.111111111111111,1.2222222222222223,3.0,6.333333333333334,0.0,0.0,0.0,0.0,cumulative40,sol_opus_gemini
static_user,da-1-4,3,100.0,100.0,95.88888888888889,97.18518518518519,88.88888888888889,4.111111111111111,-1.296296296296297,8.296296296296298,11.11111111111111,0.0,0.0,0.0,0.0,cumulative40,sol_opus_gemini
static_user,da-10-1,3,93.0,93.0,86.33333333333333,85.96296296296296,77.0,6.666666666666667,0.37037037037036985,8.962962962962964,16.0,0.0,11.111111111111112,0.0,0.0,cumulative40,sol_opus_gemini
static_user,da-10-3,3,96.66666666666667,96.66666666666667,94.22222222222223,93.88888888888889,67.0,2.4444444444444446,0.3333333333333333,26.88888888888889,29.666666666666668,0.0,0.0,0.0,0.0,cumulative40,sol_opus_gemini
static_user,da-12-2,3,70.0,70.0,64.22222222222223,65.70370370370371,72.44444444444444,5.777777777777778,-1.48148148148148,-6.740740740740742,-2.4444444444444433,77.77777777777779,66.66666666666667,0.0,22.222222222222225,cumulative40,sol_opus_gemini
static_user,da-12-4,3,90.33333333333333,90.33333333333333,95.33333333333333,96.03703703703704,88.44444444444444,-5.0,-0.7037037037037032,7.592592592592592,1.8888888888888886,44.44444444444445,22.222222222222225,0.0,0.0,cumulative40,sol_opus_gemini
static_user,da-13-1,3,97.0,97.0,91.44444444444444,91.66666666666667,79.66666666666667,5.555555555555555,-0.22222222222222218,12.0,17.333333333333336,11.111111111111112,22.222222222222225,0.0,11.111111111111112,cumulative40,sol_opus_gemini
static_user,da-13-3,3,100.0,100.0,100.0,100.0,91.22222222222223,0.0,0.0,8.777777777777779,8.777777777777779,0.0,0.0,0.0,0.0,cumulative40,sol_opus_gemini
static_user,da-13-5,3,96.66666666666667,96.66666666666667,92.77777777777779,92.03703703703704,85.55555555555556,3.8888888888888893,0.7407407407407397,6.481481481481483,11.11111111111111,0.0,0.0,0.0,0.0,cumulative40,sol_opus_gemini
static_user,da-13-6,3,100.0,100.0,81.66666666666667,78.51851851851852,87.66666666666667,18.333333333333332,3.1481481481481484,-9.148148148148149,12.333333333333334,0.0,0.0,0.0,0.0,cumulative40,sol_opus_gemini
static_user,da-14-1,3,100.0,100.0,89.44444444444444,85.81481481481482,92.22222222222223,10.555555555555555,3.629629629629629,-6.4074074074074066,7.777777777777778,0.0,0.0,0.0,0.0,cumulative40,sol_opus_gemini
static_user,da-14-3,3,100.0,100.0,98.77777777777777,100.0,93.88888888888889,1.222222222222222,-1.222222222222222,6.111111111111111,6.111111111111111,0.0,0.0,0.0,0.0,cumulative40,sol_opus_gemini
static_user,da-14-8,3,94.33333333333333,94.33333333333333,80.22222222222223,77.51851851851852,76.11111111111111,14.11111111111111,2.703703703703704,1.4074074074074072,18.22222222222222,22.222222222222225,0.0,0.0,0.0,cumulative40,sol_opus_gemini
static_user,da-15-1,3,80.33333333333333,80.33333333333333,85.66666666666667,86.0,66.88888888888889,-5.333333333333334,-0.3333333333333341,19.11111111111111,13.444444444444445,66.66666666666667,0.0,0.0,0.0,cumulative40,sol_opus_gemini
static_user,da-15-2,3,79.66666666666667,79.66666666666667,77.11111111111111,71.14814814814815,59.333333333333336,2.555555555555556,5.962962962962963,11.814814814814815,20.333333333333332,22.222222222222225,11.111111111111112,0.0,11.111111111111112,cumulative40,sol_opus_gemini
static_user,da-15-7,3,77.0,77.0,74.88888888888889,73.77777777777777,58.55555555555556,2.111111111111111,1.1111111111111103,15.222222222222223,18.444444444444443,22.222222222222225,11.111111111111112,0.0,0.0,cumulative40,sol_opus_gemini
static_user,da-15-8,3,100.0,100.0,91.66666666666667,92.18518518518519,63.666666666666664,8.333333333333332,-0.518518518518519,28.51851851851852,36.333333333333336,11.111111111111112,11.111111111111112,0.0,22.222222222222225,cumulative40,sol_opus_gemini
static_user,da-16-1,3,100.0,100.0,96.55555555555556,94.92592592592592,85.66666666666667,3.444444444444444,1.6296296296296302,9.25925925925926,14.333333333333334,0.0,0.0,0.0,0.0,cumulative40,sol_opus_gemini
static_user,da-17-1,3,88.0,88.0,81.33333333333333,81.55555555555556,89.44444444444444,6.666666666666666,-0.22222222222222224,-7.888888888888889,-1.4444444444444444,22.222222222222225,11.111111111111112,0.0,0.0,cumulative40,sol_opus_gemini
static_user,da-17-3,3,82.33333333333333,82.33333333333333,59.55555555555555,56.96296296296296,52.55555555555556,22.77777777777778,2.592592592592592,4.407407407407408,29.77777777777778,22.222222222222225,0.0,0.0,0.0,cumulative40,sol_opus_gemini
static_user,da-17-5,3,93.33333333333333,93.33333333333333,90.22222222222223,87.11111111111111,87.11111111111111,3.111111111111111,3.111111111111111,-2.9605947323337506e-16,6.222222222222222,22.222222222222225,22.222222222222225,0.0,0.0,cumulative40,sol_opus_gemini
static_user,da-18-5,3,100.0,100.0,96.0,92.29629629629629,78.77777777777777,4.0,3.7037037037037046,13.518518518518517,21.22222222222222,11.111111111111112,0.0,0.0,0.0,cumulative40,sol_opus_gemini
static_user,da-18-7,3,71.66666666666667,71.66666666666667,82.22222222222221,83.92592592592592,75.33333333333333,-10.555555555555555,-1.7037037037037033,8.592592592592592,-3.6666666666666665,0.0,0.0,0.0,0.0,cumulative40,sol_opus_gemini
static_user,da-19-1,3,100.0,100.0,98.11111111111111,98.25925925925927,92.55555555555556,1.8888888888888888,-0.1481481481481476,5.703703703703703,7.444444444444445,0.0,0.0,0.0,0.0,cumulative40,sol_opus_gemini
static_user,da-19-3,3,93.33333333333333,93.33333333333333,93.33333333333333,90.11111111111111,79.22222222222223,7.401486830834377e-17,3.2222222222222223,10.88888888888889,14.11111111111111,33.333333333333336,22.222222222222225,0.0,0.0,cumulative40,sol_opus_gemini
static_user,da-19-6,3,45.0,45.0,38.44444444444444,41.370370370370374,77.66666666666667,6.555555555555556,-2.925925925925927,-36.29629629629629,-32.666666666666664,0.0,0.0,0.0,0.0,cumulative40,sol_opus_gemini
static_user,da-20-1,3,96.66666666666667,96.66666666666667,89.88888888888889,83.96296296296296,72.33333333333334,6.777777777777778,5.925925925925926,11.62962962962963,24.333333333333332,44.44444444444445,11.111111111111112,22.222222222222225,11.111111111111112,cumulative40,sol_opus_gemini
static_user,da-20-4,3,18.333333333333332,18.333333333333332,13.88888888888889,16.11111111111111,40.44444444444444,4.444444444444445,-2.2222222222222228,-24.333333333333332,-22.11111111111111,22.222222222222225,0.0,0.0,0.0,cumulative40,sol_opus_gemini
static_user,da-24-3,3,86.66666666666667,86.66666666666667,81.11111111111111,79.74074074074073,70.88888888888889,5.555555555555555,1.37037037037037,8.851851851851853,15.777777777777779,0.0,0.0,0.0,0.0,cumulative40,sol_opus_gemini
static_user,da-26-2,3,73.66666666666667,73.66666666666667,66.88888888888889,67.5925925925926,47.111111111111114,6.777777777777778,-0.7037037037037032,20.48148148148148,26.555555555555557,11.111111111111112,0.0,0.0,0.0,cumulative40,sol_opus_gemini
static_user,da-26-4,3,71.66666666666667,71.66666666666667,67.33333333333333,67.77777777777777,35.55555555555556,4.333333333333333,-0.4444444444444445,32.22222222222222,36.11111111111111,33.333333333333336,22.222222222222225,11.111111111111112,0.0,cumulative40,sol_opus_gemini
static_user,da-3-5,3,100.0,100.0,93.55555555555556,95.22222222222221,80.11111111111111,6.444444444444445,-1.6666666666666652,15.11111111111111,19.88888888888889,0.0,0.0,0.0,0.0,cumulative40,sol_opus_gemini
static_user,da-4-1,3,100.0,100.0,90.33333333333333,89.66666666666667,85.11111111111111,9.666666666666668,0.6666666666666666,4.555555555555555,14.88888888888889,0.0,0.0,0.0,0.0,cumulative40,sol_opus_gemini
static_user,da-4-6,3,98.33333333333333,98.33333333333333,95.33333333333333,96.14814814814815,94.44444444444444,3.0,-0.8148148148148143,1.7037037037037033,3.888888888888889,0.0,0.0,0.0,0.0,cumulative40,sol_opus_gemini
static_user,da-5-1,3,93.0,93.0,83.88888888888889,83.48148148148148,81.44444444444444,9.11111111111111,0.4074074074074087,2.037037037037036,11.555555555555555,0.0,0.0,0.0,0.0,cumulative40,sol_opus_gemini
static_user,da-6-5,3,100.0,100.0,99.44444444444444,99.25925925925925,72.88888888888889,0.5555555555555556,0.1851851851851857,26.37037037037037,27.11111111111111,0.0,0.0,0.0,0.0,cumulative40,sol_opus_gemini
static_user,da-8-1,3,95.66666666666667,95.66666666666667,98.22222222222221,98.29629629629629,85.88888888888889,-2.5555555555555554,-0.07407407407407303,12.407407407407407,9.777777777777777,0.0,0.0,0.0,0.0,cumulative40,sol_opus_gemini
static_user,da-8-3,3,97.0,97.0,89.22222222222223,87.62962962962963,67.33333333333333,7.777777777777779,1.5925925925925921,20.296296296296298,29.666666666666668,0.0,0.0,0.0,0.0,cumulative40,sol_opus_gemini
static_user,da-9-1,3,100.0,100.0,96.88888888888889,95.4074074074074,89.88888888888889,3.111111111111111,1.481481481481481,5.518518518518519,10.11111111111111,0.0,0.0,0.0,0.0,cumulative40,sol_opus_gemini
static_user,da-9-7,3,97.66666666666667,97.66666666666667,91.11111111111111,90.07407407407408,91.11111111111111,6.555555555555555,1.0370370370370365,-1.0370370370370363,6.555555555555555,11.111111111111112,0.0,0.0,0.0,cumulative40,sol_opus_gemini
