assignment_id,task_id,replicate,condition_id,arm,generation,source_checkpoint,offline,path,generation_sha256,proposed,admitted,decisions,active_criteria,quality_ordered_pairs,gap_pairs,logical_call_ceiling,call_budget,logical_requests,recorded_new_calls,recorded_cache_hits,quality_source_failure_pairs,quality_no_order_pairs,quality_unavailable_pairs,compilation_empty,compilation_unavailable,selected_pairs,diagnoses,supported_diagnoses,diagnosis_quote_failures,failure_records
da-18-7--rep-002--solver-luna--user-simulator-red-team-trace,da-18-7,2,user-simulator-red-team-trace,user,1,,True,/data/user_data/aydanh/rubric_gen/runs/trace-attack-defense-v21-20260911/result20/study/biomnibench-da-factorial-r10-5115fffdd1c0/experiments/da-18-7/rep-002/luna/user-simulator-red-team-trace/rubric-generations/generation-0001,b57c95b18b86b14834e39e8b0b97eafd6c80f9250ded589fd4e1fa3e9d617322,2,0,"{""criterion_support_failed"": 2}",0,3,3,,72,,,,,,,,,,,,,
da-18-7--rep-002--solver-luna--user-simulator-red-team-trace,da-18-7,2,user-simulator-red-team-trace,user,2,0,False,/data/user_data/aydanh/rubric_gen/runs/trace-attack-defense-v21-20260911/result20/study/biomnibench-da-factorial-r10-5115fffdd1c0/experiments/da-18-7/rep-002/luna/user-simulator-red-team-trace/rubric-generations/generation-0002,7372847443386e62326bae798487db2263715aab7c60705c9965143136a9593c,1,1,"{""accepted"": 1}",1,4,4,30,270,23,24,0,0,0,0,0,0,"[""pair_d163c991f9198322"", ""pair_5fc84a2a7cdd69c8""]","{""ADD"": 1, ""PREFERENCE_CONFLICT"": 1}",1,0,1
da-18-7--rep-002--solver-luna--user-simulator-red-team-trace,da-18-7,2,user-simulator-red-team-trace,user,3,1,False,/data/user_data/aydanh/rubric_gen/runs/trace-attack-defense-v21-20260911/result20/study/biomnibench-da-factorial-r10-5115fffdd1c0/experiments/da-18-7/rep-002/luna/user-simulator-red-team-trace/rubric-generations/generation-0003,ba622bd27118fd4ffe4e20c3005039c94d1e1ed11f2f299e2ea75ebbd14b92c4,0,0,{},1,6,2,30,270,21,17,4,0,0,0,0,0,"[""pair_572464d67f35ba05""]","{""NO_SUPPORTED_RELATION"": 1}",0,0,1
da-18-7--rep-002--solver-luna--user-simulator-red-team-trace,da-18-7,2,user-simulator-red-team-trace,user,4,2,False,/data/user_data/aydanh/rubric_gen/runs/trace-attack-defense-v21-20260911/result20/study/biomnibench-da-factorial-r10-5115fffdd1c0/experiments/da-18-7/rep-002/luna/user-simulator-red-team-trace/rubric-generations/generation-0004,4a79673ba5aa97dae749d31d01d1d6540c1bd2d440e6908fe14d717d884ee413,1,1,"{""accepted"": 1}",2,7,3,45,405,35,15,20,0,0,0,0,0,"[""pair_6f60bfbec1ce1a98"", ""pair_572464d67f35ba05""]","{""ADD"": 1, ""NO_SUPPORTED_RELATION"": 1}",1,0,1
da-18-7--rep-002--solver-luna--user-simulator-red-team-trace,da-18-7,2,user-simulator-red-team-trace,user,5,3,False,/data/user_data/aydanh/rubric_gen/runs/trace-attack-defense-v21-20260911/result20/study/biomnibench-da-factorial-r10-5115fffdd1c0/experiments/da-18-7/rep-002/luna/user-simulator-red-team-trace/rubric-generations/generation-0005,aa6878e98aba42ea1f8b6ebc8adddcbd61f66dcd39f2e911e786c7683901291b,1,1,"{""accepted"": 1}",3,8,5,50,450,39,32,7,0,0,0,0,0,"[""pair_8b20053825f51a9a"", ""pair_572464d67f35ba05""]","{""ADD"": 1, ""NO_SUPPORTED_RELATION"": 1}",1,0,1
da-18-7--rep-002--solver-luna--user-simulator-red-team-trace,da-18-7,2,user-simulator-red-team-trace,user,6,4,False,/data/user_data/aydanh/rubric_gen/runs/trace-attack-defense-v21-20260911/result20/study/biomnibench-da-factorial-r10-5115fffdd1c0/experiments/da-18-7/rep-002/luna/user-simulator-red-team-trace/rubric-generations/generation-0006,b00fa24b0c14c483d89d4780645167d62d22989400d9c96d3ca93ed6a963b4ab,1,0,"{""criterion_support_failed"": 1}",3,9,4,55,495,43,35,8,0,0,0,0,0,"[""pair_74a699d5082e7d61"", ""pair_572464d67f35ba05""]","{""ADD"": 1, ""NO_SUPPORTED_RELATION"": 1}",1,0,1
da-10-1--rep-003--solver-luna--full-red-team-trace,da-10-1,3,full-red-team-trace,full,1,,True,/data/user_data/aydanh/rubric_gen/runs/trace-attack-defense-v21-20260911/result20/study/biomnibench-da-factorial-r10-5115fffdd1c0/experiments/da-10-1/rep-003/luna/full-red-team-trace/rubric-generations/generation-0001,4b07a8ad37ab26fc123017699844537c92c845ad342d0960b797de2dcd4910e8,0,0,{},0,3,0,,72,,,,,,,,,,,,,
da-10-1--rep-003--solver-luna--full-red-team-trace,da-10-1,3,full-red-team-trace,full,2,0,False,/data/user_data/aydanh/rubric_gen/runs/trace-attack-defense-v21-20260911/result20/study/biomnibench-da-factorial-r10-5115fffdd1c0/experiments/da-10-1/rep-003/luna/full-red-team-trace/rubric-generations/generation-0002,0ed44fdb709d90b940bea1ccf3ac26483db4c60d99462838e51437187c74ab28,2,1,"{""accepted"": 1, ""criterion_support_failed"": 1}",1,4,3,30,270,30,30,0,0,0,0,0,0,"[""pair_709526c572e8b7ae"", ""pair_4267ae532527d5ad""]","{""ADD"": 2}",2,0,0
da-10-1--rep-003--solver-luna--full-red-team-trace,da-10-1,3,full-red-team-trace,full,3,1,False,/data/user_data/aydanh/rubric_gen/runs/trace-attack-defense-v21-20260911/result20/study/biomnibench-da-factorial-r10-5115fffdd1c0/experiments/da-10-1/rep-003/luna/full-red-team-trace/rubric-generations/generation-0003,5b077cb4c23e78b04cb01b620994f5eae914f97fd9fd5848457fed50eb7e86d4,1,0,"{""criterion_support_failed"": 1}",1,6,4,40,360,31,27,4,0,0,0,0,0,"[""pair_ec92213ee2509204"", ""pair_4267ae532527d5ad""]","{""NO_SUPPORTED_RELATION"": 1, ""ADD"": 1}",1,0,1
da-10-1--rep-003--solver-luna--full-red-team-trace,da-10-1,3,full-red-team-trace,full,4,2,False,/data/user_data/aydanh/rubric_gen/runs/trace-attack-defense-v21-20260911/result20/study/biomnibench-da-factorial-r10-5115fffdd1c0/experiments/da-10-1/rep-003/luna/full-red-team-trace/rubric-generations/generation-0004,47956ed8ace290e840eedf672dfe9161d459193aedf14ba21fe0e64312a7928f,2,0,"{""criterion_support_failed"": 2}",1,7,5,45,405,45,15,30,0,0,0,0,0,"[""pair_e00902291ff9c1b7"", ""pair_4267ae532527d5ad""]","{""ADD"": 2}",2,0,0
da-10-1--rep-003--solver-luna--full-red-team-trace,da-10-1,3,full-red-team-trace,full,5,3,False,/data/user_data/aydanh/rubric_gen/runs/trace-attack-defense-v21-20260911/result20/study/biomnibench-da-factorial-r10-5115fffdd1c0/experiments/da-10-1/rep-003/luna/full-red-team-trace/rubric-generations/generation-0005,def0f37f4eb7264c2cd0318a0e14268fd1d1f54095fac29648a5308427b6f491,1,1,"{""accepted"": 1}",2,8,6,50,450,39,16,23,0,0,0,0,0,"[""pair_878a4bcaa86a3fa9"", ""pair_4267ae532527d5ad""]","{""ADD"": 1, ""NO_SUPPORTED_RELATION"": 1}",1,0,1
da-10-1--rep-003--solver-luna--full-red-team-trace,da-10-1,3,full-red-team-trace,full,6,4,False,/data/user_data/aydanh/rubric_gen/runs/trace-attack-defense-v21-20260911/result20/study/biomnibench-da-factorial-r10-5115fffdd1c0/experiments/da-10-1/rep-003/luna/full-red-team-trace/rubric-generations/generation-0006,1c2769ca89b294c9bf51e549a6bc32f7adbdfe5c50a7fc92f9867e68671cce50,0,0,{},2,8,6,55,495,31,23,8,0,1,0,0,0,"[""pair_ec92213ee2509204"", ""pair_878a4bcaa86a3fa9""]","{""NO_SUPPORTED_RELATION"": 2}",0,0,2
da-13-5--rep-002--solver-luna--full-red-team-trace,da-13-5,2,full-red-team-trace,full,1,,True,/data/user_data/aydanh/rubric_gen/runs/trace-attack-defense-v21-20260911/result20/study/biomnibench-da-factorial-r10-5115fffdd1c0/experiments/da-13-5/rep-002/luna/full-red-team-trace/rubric-generations/generation-0001,ddb893d08572fa2247cccf410ebe38cf2d0430c0a45ef1010068af8a7d57eb11,1,0,"{""criterion_support_failed"": 1}",0,3,1,,72,,,,,,,,,,,,,
da-13-5--rep-002--solver-luna--full-red-team-trace,da-13-5,2,full-red-team-trace,full,2,0,False,/data/user_data/aydanh/rubric_gen/runs/trace-attack-defense-v21-20260911/result20/study/biomnibench-da-factorial-r10-5115fffdd1c0/experiments/da-13-5/rep-002/luna/full-red-team-trace/rubric-generations/generation-0002,0f126934b06c8bf9b6d961e81835e50135166b94ecc251c698a12c41b29c26ec,1,1,"{""accepted"": 1}",1,4,3,30,270,23,24,0,0,0,0,0,0,"[""pair_27632c67ee7a4183"", ""pair_3d72e6f2dec8acec""]","{""ADD"": 1, ""NO_SUPPORTED_RELATION"": 1}",1,0,1
da-13-5--rep-002--solver-luna--full-red-team-trace,da-13-5,2,full-red-team-trace,full,3,1,False,/data/user_data/aydanh/rubric_gen/runs/trace-attack-defense-v21-20260911/result20/study/biomnibench-da-factorial-r10-5115fffdd1c0/experiments/da-13-5/rep-002/luna/full-red-team-trace/rubric-generations/generation-0003,2ce945af817b3ef3352dca61624a94f29df4dc06fcab2b7dfec76821461cf95c,1,0,"{""criterion_support_failed"": 1}",1,6,3,40,360,31,27,4,0,0,0,0,0,"[""pair_35e5cd7c68de6952"", ""pair_27632c67ee7a4183""]","{""ADD"": 1, ""NO_SUPPORTED_RELATION"": 1}",1,0,1
da-13-5--rep-002--solver-luna--full-red-team-trace,da-13-5,2,full-red-team-trace,full,4,2,False,/data/user_data/aydanh/rubric_gen/runs/trace-attack-defense-v21-20260911/result20/study/biomnibench-da-factorial-r10-5115fffdd1c0/experiments/da-13-5/rep-002/luna/full-red-team-trace/rubric-generations/generation-0004,05ff21e0f6034512cb47957447688d78f0cd57ec55dae84f5ca24f45256fc9d0,2,1,"{""accepted"": 1, ""semantic_validation_failed"": 1}",2,7,4,45,405,45,25,20,0,0,0,0,0,"[""pair_19ea81a6baf7bd47"", ""pair_27632c67ee7a4183""]","{""ADD"": 1, ""REPLACE:elicited_810053fe7b28281e"": 1}",2,0,0
da-13-5--rep-002--solver-luna--full-red-team-trace,da-13-5,2,full-red-team-trace,full,5,3,False,/data/user_data/aydanh/rubric_gen/runs/trace-attack-defense-v21-20260911/result20/study/biomnibench-da-factorial-r10-5115fffdd1c0/experiments/da-13-5/rep-002/luna/full-red-team-trace/rubric-generations/generation-0005,2cd2ed25c90c732f3a528052a10d18ceef0eca6cdddb73bb650a1aab456c4f17,1,0,"{""criterion_support_failed"": 1}",2,8,3,50,450,39,32,7,0,0,0,0,0,"[""pair_27632c67ee7a4183"", ""pair_35e5cd7c68de6952""]","{""NO_SUPPORTED_RELATION"": 1, ""ADD"": 1}",1,0,1
da-13-5--rep-002--solver-luna--full-red-team-trace,da-13-5,2,full-red-team-trace,full,6,4,False,/data/user_data/aydanh/rubric_gen/runs/trace-attack-defense-v21-20260911/result20/study/biomnibench-da-factorial-r10-5115fffdd1c0/experiments/da-13-5/rep-002/luna/full-red-team-trace/rubric-generations/generation-0006,780e2df40eeaf2dc6a9fb34dacdc09cc68481de736096d6842b25ba924f44f04,1,0,"{""criterion_support_failed"": 1}",2,9,3,55,495,43,4,39,0,0,0,0,0,"[""pair_27632c67ee7a4183"", ""pair_35e5cd7c68de6952""]","{""NO_SUPPORTED_RELATION"": 1, ""ADD"": 1}",1,0,1
da-14-1--rep-001--solver-luna--user-simulator-red-team-trace,da-14-1,1,user-simulator-red-team-trace,user,1,,True,/data/user_data/aydanh/rubric_gen/runs/trace-attack-defense-v21-20260911/result20/study/biomnibench-da-factorial-r10-5115fffdd1c0/experiments/da-14-1/rep-001/luna/user-simulator-red-team-trace/rubric-generations/generation-0001,3b327987df1b285cb705f8a1768cd769377b4e96c3fa35154f6018e76f70ee9f,1,1,"{""accepted"": 1}",1,3,2,,72,,,,,,,,,,,,,
da-14-1--rep-001--solver-luna--user-simulator-red-team-trace,da-14-1,1,user-simulator-red-team-trace,user,2,0,False,/data/user_data/aydanh/rubric_gen/runs/trace-attack-defense-v21-20260911/result20/study/biomnibench-da-factorial-r10-5115fffdd1c0/experiments/da-14-1/rep-001/luna/user-simulator-red-team-trace/rubric-generations/generation-0002,26c32b3f99cf7314496562b70946f3097ca6f35a3241fe92764a10a7d203b43f,0,0,{},1,4,3,30,270,16,16,0,0,0,0,0,0,"[""pair_0c76f04177aa8823"", ""pair_c0cdc4d73c9a5061""]","{""NO_SUPPORTED_RELATION"": 1, ""PREFERENCE_CONFLICT"": 1}",0,0,2
da-14-1--rep-001--solver-luna--user-simulator-red-team-trace,da-14-1,1,user-simulator-red-team-trace,user,3,1,False,/data/user_data/aydanh/rubric_gen/runs/trace-attack-defense-v21-20260911/result20/study/biomnibench-da-factorial-r10-5115fffdd1c0/experiments/da-14-1/rep-001/luna/user-simulator-red-team-trace/rubric-generations/generation-0003,5ca00c45f1c8cf1b5d179cbee4dd03a6283677f810f95bc807b18f322aa6f9c1,0,0,{},1,6,4,40,360,22,7,15,0,0,0,0,0,"[""pair_098caa4183885614"", ""pair_c0cdc4d73c9a5061""]","{""PREFERENCE_CONFLICT"": 2}",0,0,2
da-14-1--rep-001--solver-luna--user-simulator-red-team-trace,da-14-1,1,user-simulator-red-team-trace,user,4,2,False,/data/user_data/aydanh/rubric_gen/runs/trace-attack-defense-v21-20260911/result20/study/biomnibench-da-factorial-r10-5115fffdd1c0/experiments/da-14-1/rep-001/luna/user-simulator-red-team-trace/rubric-generations/generation-0004,234f03f8a255e0d29e5bbca9fb3d6ef83ed647730ef1609254f3e55ecc73f67f,1,0,"{""aggregate_margin_failed"": 1}",1,7,5,45,405,35,14,21,0,0,0,0,0,"[""pair_6626db67aafe4d01"", ""pair_098caa4183885614""]","{""ADD"": 1, ""PREFERENCE_CONFLICT"": 1}",1,0,1
da-14-1--rep-001--solver-luna--user-simulator-red-team-trace,da-14-1,1,user-simulator-red-team-trace,user,5,3,False,/data/user_data/aydanh/rubric_gen/runs/trace-attack-defense-v21-20260911/result20/study/biomnibench-da-factorial-r10-5115fffdd1c0/experiments/da-14-1/rep-001/luna/user-simulator-red-team-trace/rubric-generations/generation-0005,4490454240d68bd6d32682156124a81ef760a7bbba46fa843e203cf3a0322067,0,0,{},1,8,5,50,450,28,3,25,0,0,0,0,0,"[""pair_098caa4183885614"", ""pair_c0cdc4d73c9a5061""]","{""PREFERENCE_CONFLICT"": 2}",0,0,2
da-14-1--rep-001--solver-luna--user-simulator-red-team-trace,da-14-1,1,user-simulator-red-team-trace,user,6,4,False,/data/user_data/aydanh/rubric_gen/runs/trace-attack-defense-v21-20260911/result20/study/biomnibench-da-factorial-r10-5115fffdd1c0/experiments/da-14-1/rep-001/luna/user-simulator-red-team-trace/rubric-generations/generation-0006,bb50edff0cec889ce43eed20f07d2b25e7359cd620d7240efa32628851c58bd3,0,0,{},1,11,7,61,549,35,7,28,0,0,0,0,0,"[""pair_098caa4183885614"", ""pair_c0cdc4d73c9a5061""]","{""PREFERENCE_CONFLICT"": 2}",0,0,2
da-14-1--rep-001--solver-luna--user-simulator-red-team-trace,da-14-1,1,user-simulator-red-team-trace,user,7,5,False,/data/user_data/aydanh/rubric_gen/runs/trace-attack-defense-v21-20260911/result20/study/biomnibench-da-factorial-r10-5115fffdd1c0/experiments/da-14-1/rep-001/luna/user-simulator-red-team-trace/rubric-generations/generation-0007,96c0aa7662915dfdf05ae056519b946b9755387840f530193b85805c11e4da26,1,1,"{""accepted"": 1}",2,13,8,71,639,56,24,32,0,0,0,0,0,"[""pair_27bbafb9fd2ab412"", ""pair_fe67da779903afc0""]","{""ADD"": 1, ""PREFERENCE_CONFLICT"": 1}",1,0,1
da-14-1--rep-001--solver-luna--user-simulator-red-team-trace,da-14-1,1,user-simulator-red-team-trace,user,8,6,False,/data/user_data/aydanh/rubric_gen/runs/trace-attack-defense-v21-20260911/result20/study/biomnibench-da-factorial-r10-5115fffdd1c0/experiments/da-14-1/rep-001/luna/user-simulator-red-team-trace/rubric-generations/generation-0008,0cd8d7c4aa1c34c33833939ff7081b9826f61e9868f473deb33203b87cec899a,1,0,"{""aggregate_margin_failed"": 1}",2,14,9,81,729,63,51,12,0,1,0,0,0,"[""pair_1f7734ba2c62b26c"", ""pair_fe67da779903afc0""]","{""NO_SUPPORTED_RELATION"": 1, ""ADD"": 1}",1,0,1
da-12-4--rep-002--solver-luna--full-red-team-trace,da-12-4,2,full-red-team-trace,full,1,,True,/data/user_data/aydanh/rubric_gen/runs/trace-attack-defense-v21-20260911/result20/study/biomnibench-da-factorial-r10-5115fffdd1c0/experiments/da-12-4/rep-002/luna/full-red-team-trace/rubric-generations/generation-0001,09724c352873c48fe3515b72dd99ab8eaa22db155b368d2ac5cd1c16bf00a1c1,1,0,"{""criterion_support_failed"": 1}",0,3,1,,72,,,,,,,,,,,,,
da-12-4--rep-002--solver-luna--full-red-team-trace,da-12-4,2,full-red-team-trace,full,2,0,False,/data/user_data/aydanh/rubric_gen/runs/trace-attack-defense-v21-20260911/result20/study/biomnibench-da-factorial-r10-5115fffdd1c0/experiments/da-12-4/rep-002/luna/full-red-team-trace/rubric-generations/generation-0002,ef577993e0844b6424ff25528e2e64be9d9d3d34988a306ed7b519fd774eaad6,0,0,{},0,4,0,14,126,14,15,0,0,0,0,0,0,[],{},0,0,0
da-12-4--rep-002--solver-luna--full-red-team-trace,da-12-4,2,full-red-team-trace,full,3,1,False,/data/user_data/aydanh/rubric_gen/runs/trace-attack-defense-v21-20260911/result20/study/biomnibench-da-factorial-r10-5115fffdd1c0/experiments/da-12-4/rep-002/luna/full-red-team-trace/rubric-generations/generation-0003,916617514b488230c6d22501e6b1c08b07582b250de9e6d170a16556394a4af6,0,0,{},0,5,1,30,270,21,7,14,0,1,0,0,0,"[""pair_e169e2280f0bf741""]","{""NO_SUPPORTED_RELATION"": 1}",0,0,1
da-12-4--rep-002--solver-luna--full-red-team-trace,da-12-4,2,full-red-team-trace,full,4,2,False,/data/user_data/aydanh/rubric_gen/runs/trace-attack-defense-v21-20260911/result20/study/biomnibench-da-factorial-r10-5115fffdd1c0/experiments/da-12-4/rep-002/luna/full-red-team-trace/rubric-generations/generation-0004,47c0ea5b67fcca0ea6cf70cae2a472bdad9f2852909a90374bae2585497cbd5e,0,0,{},0,8,4,51,459,29,8,21,0,1,0,0,0,"[""pair_29eeae15ad175520"", ""pair_e169e2280f0bf741""]","{""PREFERENCE_CONFLICT"": 1, ""NO_SUPPORTED_RELATION"": 1}",0,0,2
da-12-4--rep-002--solver-luna--full-red-team-trace,da-12-4,2,full-red-team-trace,full,5,3,False,/data/user_data/aydanh/rubric_gen/runs/trace-attack-defense-v21-20260911/result20/study/biomnibench-da-factorial-r10-5115fffdd1c0/experiments/da-12-4/rep-002/luna/full-red-team-trace/rubric-generations/generation-0005,ef40135b6885d006b0895d3c1496a397059fb41cfea5cab56aac64de6a982b9b,1,0,"{""aggregate_margin_failed"": 1}",0,9,5,56,504,44,16,28,0,1,0,0,0,"[""pair_a4a529d55282930f"", ""pair_e169e2280f0bf741""]","{""ADD"": 1, ""NO_SUPPORTED_RELATION"": 1}",1,0,1
da-12-4--rep-002--solver-luna--full-red-team-trace,da-12-4,2,full-red-team-trace,full,6,4,False,/data/user_data/aydanh/rubric_gen/runs/trace-attack-defense-v21-20260911/result20/study/biomnibench-da-factorial-r10-5115fffdd1c0/experiments/da-12-4/rep-002/luna/full-red-team-trace/rubric-generations/generation-0006,c4b2756a711970879564ff41eaaff85e7e1b8fd80471ac5714c5ef78baf63854,1,0,"{""aggregate_margin_failed"": 1}",0,9,5,61,549,47,3,44,0,2,0,0,0,"[""pair_a4a529d55282930f"", ""pair_e169e2280f0bf741""]","{""ADD"": 1, ""NO_SUPPORTED_RELATION"": 1}",1,0,1
da-13-5--rep-001--solver-luna--user-simulator-red-team-trace,da-13-5,1,user-simulator-red-team-trace,user,1,,True,/data/user_data/aydanh/rubric_gen/runs/trace-attack-defense-v21-20260911/result20/study/biomnibench-da-factorial-r10-5115fffdd1c0/experiments/da-13-5/rep-001/luna/user-simulator-red-team-trace/rubric-generations/generation-0001,ddb893d08572fa2247cccf410ebe38cf2d0430c0a45ef1010068af8a7d57eb11,1,0,"{""criterion_support_failed"": 1}",0,3,1,,72,,,,,,,,,,,,,
da-13-5--rep-001--solver-luna--user-simulator-red-team-trace,da-13-5,1,user-simulator-red-team-trace,user,2,0,False,/data/user_data/aydanh/rubric_gen/runs/trace-attack-defense-v21-20260911/result20/study/biomnibench-da-factorial-r10-5115fffdd1c0/experiments/da-13-5/rep-001/luna/user-simulator-red-team-trace/rubric-generations/generation-0002,5adf2037ee869f16704760c5a511f85b90ed5c95eb245cafff7cdcaed508f463,0,0,{},0,4,2,22,198,15,15,0,0,0,0,0,0,"[""pair_f73edd405db89af9""]","{""NO_SUPPORTED_RELATION"": 1}",0,0,1
da-13-5--rep-001--solver-luna--user-simulator-red-team-trace,da-13-5,1,user-simulator-red-team-trace,user,3,1,False,/data/user_data/aydanh/rubric_gen/runs/trace-attack-defense-v21-20260911/result20/study/biomnibench-da-factorial-r10-5115fffdd1c0/experiments/da-13-5/rep-001/luna/user-simulator-red-team-trace/rubric-generations/generation-0003,3d5ec113332c7b579930f64257da7fb1cbc058dbc10b3a339b88b9f68d059947,1,0,"{""criterion_support_failed"": 1}",0,6,4,40,360,31,17,14,0,0,0,0,0,"[""pair_11f7220d1e8c0583"", ""pair_3d72e6f2dec8acec""]","{""ADD"": 1, ""NO_SUPPORTED_RELATION"": 1}",1,0,1
da-13-5--rep-001--solver-luna--user-simulator-red-team-trace,da-13-5,1,user-simulator-red-team-trace,user,4,2,False,/data/user_data/aydanh/rubric_gen/runs/trace-attack-defense-v21-20260911/result20/study/biomnibench-da-factorial-r10-5115fffdd1c0/experiments/da-13-5/rep-001/luna/user-simulator-red-team-trace/rubric-generations/generation-0004,b7c69798de0fb74aa6fd1c0c906ed60c7fa6537b9d1eaff8422aefea3555a39e,2,0,"{""aggregate_margin_failed"": 1, ""criterion_support_failed"": 1}",0,9,5,51,459,51,21,30,0,0,0,0,0,"[""pair_d386429a9f9f7708"", ""pair_11f7220d1e8c0583""]","{""ADD"": 2}",2,0,0
da-13-5--rep-001--solver-luna--user-simulator-red-team-trace,da-13-5,1,user-simulator-red-team-trace,user,5,3,False,/data/user_data/aydanh/rubric_gen/runs/trace-attack-defense-v21-20260911/result20/study/biomnibench-da-factorial-r10-5115fffdd1c0/experiments/da-13-5/rep-001/luna/user-simulator-red-team-trace/rubric-generations/generation-0005,5c5bac8cd5c3bdeb2a7851777a8e3e9ab001b95d04ad626938b07a7be071c0b7,1,0,"{""criterion_support_failed"": 1}",0,10,6,56,504,44,5,39,0,0,0,0,0,"[""pair_87f6c4b4540b809c"", ""pair_11f7220d1e8c0583""]","{""PREFERENCE_CONFLICT"": 1, ""ADD"": 1}",1,0,1
da-13-5--rep-001--solver-luna--user-simulator-red-team-trace,da-13-5,1,user-simulator-red-team-trace,user,6,4,False,/data/user_data/aydanh/rubric_gen/runs/trace-attack-defense-v21-20260911/result20/study/biomnibench-da-factorial-r10-5115fffdd1c0/experiments/da-13-5/rep-001/luna/user-simulator-red-team-trace/rubric-generations/generation-0006,b0e1b95e9e69422b88b4f246beeaae12c04f603cfe281f75cc5ee76b5e9c6504,1,0,"{""criterion_support_failed"": 1}",0,11,6,61,549,48,4,44,0,0,0,0,0,"[""pair_11f7220d1e8c0583"", ""pair_87f6c4b4540b809c""]","{""ADD"": 1, ""PREFERENCE_CONFLICT"": 1}",1,0,1
da-13-3--rep-002--solver-luna--full-red-team-trace,da-13-3,2,full-red-team-trace,full,1,,True,/data/user_data/aydanh/rubric_gen/runs/trace-attack-defense-v21-20260911/result20/study/biomnibench-da-factorial-r10-5115fffdd1c0/experiments/da-13-3/rep-002/luna/full-red-team-trace/rubric-generations/generation-0001,a9281bed4d2b41b044f3aa511caa2313c22f44ff3aea721a006dbe187ef1f3b8,1,0,"{""criterion_support_failed"": 1}",0,3,3,,72,,,,,,,,,,,,,
da-13-3--rep-002--solver-luna--full-red-team-trace,da-13-3,2,full-red-team-trace,full,2,0,False,/data/user_data/aydanh/rubric_gen/runs/trace-attack-defense-v21-20260911/result20/study/biomnibench-da-factorial-r10-5115fffdd1c0/experiments/da-13-3/rep-002/luna/full-red-team-trace/rubric-generations/generation-0002,3a3bfc859303c916fb4e0c0446469fca1530900893977ce490d3722029f0484f,1,1,"{""accepted"": 1}",1,3,3,30,270,22,22,0,0,1,0,0,0,"[""pair_fe7a30f4d02404cb"", ""pair_a8ebe283d0d86a70""]","{""ADD"": 1, ""NO_SUPPORTED_RELATION"": 1}",1,0,1
da-13-3--rep-002--solver-luna--full-red-team-trace,da-13-3,2,full-red-team-trace,full,3,1,False,/data/user_data/aydanh/rubric_gen/runs/trace-attack-defense-v21-20260911/result20/study/biomnibench-da-factorial-r10-5115fffdd1c0/experiments/da-13-3/rep-002/luna/full-red-team-trace/rubric-generations/generation-0003,c62c50bb66051b3c64087a205922d0dfa9494e5771e98b4c182e9fe6ec08905d,0,0,{},1,5,2,40,360,22,18,4,0,1,0,0,0,"[""pair_c6c8cf0e24c3187c"", ""pair_fe7a30f4d02404cb""]","{""NO_SUPPORTED_RELATION"": 2}",0,0,2
da-13-3--rep-002--solver-luna--full-red-team-trace,da-13-3,2,full-red-team-trace,full,4,2,False,/data/user_data/aydanh/rubric_gen/runs/trace-attack-defense-v21-20260911/result20/study/biomnibench-da-factorial-r10-5115fffdd1c0/experiments/da-13-3/rep-002/luna/full-red-team-trace/rubric-generations/generation-0004,d29e25876b129062517cbb6daccc0951fce36da59df15f5ba5c0da8e2d0e99ad,1,0,{},1,6,3,45,405,34,16,21,0,1,0,0,0,"[""pair_c3b12fc4e11c2926"", ""pair_fe7a30f4d02404cb""]","{""ADD"": 1, ""NO_SUPPORTED_RELATION"": 1}",1,0,2
da-13-3--rep-002--solver-luna--full-red-team-trace,da-13-3,2,full-red-team-trace,full,5,3,False,/data/user_data/aydanh/rubric_gen/runs/trace-attack-defense-v21-20260911/result20/study/biomnibench-da-factorial-r10-5115fffdd1c0/experiments/da-13-3/rep-002/luna/full-red-team-trace/rubric-generations/generation-0005,821eef261d512edf82b89756d112d52d7ea3ce5a41d0d5b601f42c9ded186feb,1,1,"{""accepted"": 1}",2,7,4,50,450,38,15,23,0,1,0,0,0,"[""pair_18aa3123d7e74b80"", ""pair_fe7a30f4d02404cb""]","{""ADD"": 1, ""PREFERENCE_CONFLICT"": 1}",1,0,1
da-13-3--rep-002--solver-luna--full-red-team-trace,da-13-3,2,full-red-team-trace,full,6,4,False,/data/user_data/aydanh/rubric_gen/runs/trace-attack-defense-v21-20260911/result20/study/biomnibench-da-factorial-r10-5115fffdd1c0/experiments/da-13-3/rep-002/luna/full-red-team-trace/rubric-generations/generation-0006,b2714b7e466b365e45efbc8cbcd85ed39a37b356b84a08c1d1d243a16e08c937,2,1,"{""accepted"": 1}",3,8,4,55,495,53,48,8,0,1,0,0,0,"[""pair_919762e537962dfc"", ""pair_c3b12fc4e11c2926""]","{""ADD"": 2}",2,0,1
da-13-1--rep-003--solver-luna--user-simulator-red-team-trace,da-13-1,3,user-simulator-red-team-trace,user,1,,True,/data/user_data/aydanh/rubric_gen/runs/trace-attack-defense-v21-20260911/result20/study/biomnibench-da-factorial-r10-5115fffdd1c0/experiments/da-13-1/rep-003/luna/user-simulator-red-team-trace/rubric-generations/generation-0001,ecb81c7011e5740fe7b443a836a8daa47ff6a5b2e2f7178f0412d2425c2b7f64,0,0,{},0,3,0,,72,,,,,,,,,,,,,
da-13-1--rep-003--solver-luna--user-simulator-red-team-trace,da-13-1,3,user-simulator-red-team-trace,user,2,0,False,/data/user_data/aydanh/rubric_gen/runs/trace-attack-defense-v21-20260911/result20/study/biomnibench-da-factorial-r10-5115fffdd1c0/experiments/da-13-1/rep-003/luna/user-simulator-red-team-trace/rubric-generations/generation-0002,6ffea72a5aa2a4505b16d36084ea0f2461c4637ecbece55c722eed42d78793e4,0,0,{},0,3,2,22,198,15,15,0,0,1,0,0,0,"[""pair_7c67e5ee2d186149""]","{""PREFERENCE_CONFLICT"": 1}",0,0,1
da-13-1--rep-003--solver-luna--user-simulator-red-team-trace,da-13-1,3,user-simulator-red-team-trace,user,3,1,False,/data/user_data/aydanh/rubric_gen/runs/trace-attack-defense-v21-20260911/result20/study/biomnibench-da-factorial-r10-5115fffdd1c0/experiments/da-13-1/rep-003/luna/user-simulator-red-team-trace/rubric-generations/generation-0003,96adb8e6a8a9a7a466c521e1d0bd32ea7375468bf7eb1f3a9881b4c0690da1b6,1,1,"{""accepted"": 1}",1,5,3,40,360,31,17,14,0,1,0,0,0,"[""pair_851d4de79a2bb30d"", ""pair_7c67e5ee2d186149""]","{""ADD"": 1, ""PREFERENCE_CONFLICT"": 1}",1,0,1
da-13-1--rep-003--solver-luna--user-simulator-red-team-trace,da-13-1,3,user-simulator-red-team-trace,user,4,2,False,/data/user_data/aydanh/rubric_gen/runs/trace-attack-defense-v21-20260911/result20/study/biomnibench-da-factorial-r10-5115fffdd1c0/experiments/da-13-1/rep-003/luna/user-simulator-red-team-trace/rubric-generations/generation-0004,53ef88039b9ac3b37c06d7a95a257705307096ae5bc30d25ae9d563f80c33a73,1,0,"{""aggregate_margin_failed"": 1}",1,8,3,51,459,40,34,6,0,1,0,0,0,"[""pair_c1cb9c5ef1b6582f"", ""pair_7c67e5ee2d186149""]","{""ADD"": 1, ""PREFERENCE_CONFLICT"": 1}",1,0,1
da-13-1--rep-003--solver-luna--user-simulator-red-team-trace,da-13-1,3,user-simulator-red-team-trace,user,5,3,False,/data/user_data/aydanh/rubric_gen/runs/trace-attack-defense-v21-20260911/result20/study/biomnibench-da-factorial-r10-5115fffdd1c0/experiments/da-13-1/rep-003/luna/user-simulator-red-team-trace/rubric-generations/generation-0005,632468d39cefd7b4b06c24432dccbefcc30ffe3f473de6cf4edda7eb2e0307e4,1,0,"{""criterion_support_failed"": 1}",1,9,4,56,504,44,16,28,0,1,0,0,0,"[""pair_ba70b33eb39ab724"", ""pair_7c67e5ee2d186149""]","{""REPLACE:elicited_8d0cbadf79ba45cf"": 1, ""PREFERENCE_CONFLICT"": 1}",1,0,1
da-13-1--rep-003--solver-luna--user-simulator-red-team-trace,da-13-1,3,user-simulator-red-team-trace,user,6,4,False,/data/user_data/aydanh/rubric_gen/runs/trace-attack-defense-v21-20260911/result20/study/biomnibench-da-factorial-r10-5115fffdd1c0/experiments/da-13-1/rep-003/luna/user-simulator-red-team-trace/rubric-generations/generation-0006,6cba2525a25f972a8a158a2a1b70abe8d5d0666e59a99a1c08b0152586eaa50b,1,0,"{""criterion_support_failed"": 1}",1,10,5,61,549,48,18,31,0,1,0,0,0,"[""pair_9d0cff6ddd93b612"", ""pair_7c67e5ee2d186149""]","{""ADD"": 1, ""PREFERENCE_CONFLICT"": 1}",1,0,1
da-15-2--rep-001--solver-luna--full-red-team-trace,da-15-2,1,full-red-team-trace,full,1,,True,/data/user_data/aydanh/rubric_gen/runs/trace-attack-defense-v21-20260911/result20/study/biomnibench-da-factorial-r10-5115fffdd1c0/experiments/da-15-2/rep-001/luna/full-red-team-trace/rubric-generations/generation-0001,ea4175839d0331be0a4369019999889dfe64a1cae0499834d40c8b82c4539d58,2,2,"{""accepted"": 2}",2,3,3,,72,,,,,,,,,,,,,
da-15-2--rep-001--solver-luna--full-red-team-trace,da-15-2,1,full-red-team-trace,full,2,0,False,/data/user_data/aydanh/rubric_gen/runs/trace-attack-defense-v21-20260911/result20/study/biomnibench-da-factorial-r10-5115fffdd1c0/experiments/da-15-2/rep-001/luna/full-red-team-trace/rubric-generations/generation-0002,91396e4803ba15994342099ec55bea80ed99c245277e67c846ce1b828a0b68ed,0,0,{},2,4,4,30,270,16,16,0,0,0,0,0,0,"[""pair_fdeaaa620adb0507"", ""pair_3e9ec19d4597ab8b""]","{""NO_SUPPORTED_RELATION"": 1, ""PREFERENCE_CONFLICT"": 1}",0,0,2
da-15-2--rep-001--solver-luna--full-red-team-trace,da-15-2,1,full-red-team-trace,full,3,1,False,/data/user_data/aydanh/rubric_gen/runs/trace-attack-defense-v21-20260911/result20/study/biomnibench-da-factorial-r10-5115fffdd1c0/experiments/da-15-2/rep-001/luna/full-red-team-trace/rubric-generations/generation-0003,f4c77fc34cfa839142b81c4615c1ef7f634b34bdea7eed98a4b125d6b478dd2c,1,0,"{""criterion_support_failed"": 1}",2,6,5,40,360,31,16,15,0,0,0,0,0,"[""pair_261ed0d9f71ff6f1"", ""pair_fdeaaa620adb0507""]","{""ADD"": 1, ""NO_SUPPORTED_RELATION"": 1}",1,0,1
da-15-2--rep-001--solver-luna--full-red-team-trace,da-15-2,1,full-red-team-trace,full,4,2,False,/data/user_data/aydanh/rubric_gen/runs/trace-attack-defense-v21-20260911/result20/study/biomnibench-da-factorial-r10-5115fffdd1c0/experiments/da-15-2/rep-001/luna/full-red-team-trace/rubric-generations/generation-0004,549ebcaa968fff8fd2c5aee9f991c4b5253d48fb35b58ec02a83080081149218,1,0,"{""criterion_support_failed"": 1}",2,9,7,51,459,40,19,21,0,0,0,0,0,"[""pair_884093178f522235"", ""pair_fdeaaa620adb0507""]","{""ADD"": 1, ""NO_SUPPORTED_RELATION"": 1}",1,0,1
da-15-2--rep-001--solver-luna--full-red-team-trace,da-15-2,1,full-red-team-trace,full,5,3,False,/data/user_data/aydanh/rubric_gen/runs/trace-attack-defense-v21-20260911/result20/study/biomnibench-da-factorial-r10-5115fffdd1c0/experiments/da-15-2/rep-001/luna/full-red-team-trace/rubric-generations/generation-0005,503b6c8d66c9042d82778a78af685dc4a0afa1efbbae51435c23e7e7935c8c45,0,0,{},2,9,7,56,504,32,3,29,0,1,0,0,0,"[""pair_fdeaaa620adb0507"", ""pair_3e9ec19d4597ab8b""]","{""NO_SUPPORTED_RELATION"": 1, ""PREFERENCE_CONFLICT"": 1}",0,0,2
da-15-2--rep-001--solver-luna--full-red-team-trace,da-15-2,1,full-red-team-trace,full,6,4,False,/data/user_data/aydanh/rubric_gen/runs/trace-attack-defense-v21-20260911/result20/study/biomnibench-da-factorial-r10-5115fffdd1c0/experiments/da-15-2/rep-001/luna/full-red-team-trace/rubric-generations/generation-0006,6092b217448a7d0896add4f6a2b60edfb916098912964bee491fcdd7d16bb220,1,0,"{""aggregate_margin_failed"": 1}",2,10,8,61,549,47,16,31,0,1,0,0,0,"[""pair_ce84417c830ba931"", ""pair_fdeaaa620adb0507""]","{""ADD"": 1, ""NO_SUPPORTED_RELATION"": 1}",1,0,1
da-15-2--rep-001--solver-luna--full-red-team-trace,da-15-2,1,full-red-team-trace,full,7,5,False,/data/user_data/aydanh/rubric_gen/runs/trace-attack-defense-v21-20260911/result20/study/biomnibench-da-factorial-r10-5115fffdd1c0/experiments/da-15-2/rep-001/luna/full-red-team-trace/rubric-generations/generation-0007,fb506a22a7050fec6dee69a88d1c4c8ef6e2e94d7fad83269aa747182e4e11fc,1,0,"{""aggregate_margin_failed"": 1}",2,11,9,71,639,55,22,33,0,2,0,0,0,"[""pair_e3657b26fdcbba7e"", ""pair_fdeaaa620adb0507""]","{""ADD"": 1, ""NO_SUPPORTED_RELATION"": 1}",1,0,1
da-18-7--rep-001--solver-luna--user-simulator-red-team-trace,da-18-7,1,user-simulator-red-team-trace,user,1,,True,/data/user_data/aydanh/rubric_gen/runs/trace-attack-defense-v21-20260911/result20/study/biomnibench-da-factorial-r10-5115fffdd1c0/experiments/da-18-7/rep-001/luna/user-simulator-red-team-trace/rubric-generations/generation-0001,b57c95b18b86b14834e39e8b0b97eafd6c80f9250ded589fd4e1fa3e9d617322,2,0,"{""criterion_support_failed"": 2}",0,3,3,,72,,,,,,,,,,,,,
da-18-7--rep-001--solver-luna--user-simulator-red-team-trace,da-18-7,1,user-simulator-red-team-trace,user,2,0,False,/data/user_data/aydanh/rubric_gen/runs/trace-attack-defense-v21-20260911/result20/study/biomnibench-da-factorial-r10-5115fffdd1c0/experiments/da-18-7/rep-001/luna/user-simulator-red-team-trace/rubric-generations/generation-0002,f03d10cae41ad8ea223a33485c174bb77a9a3b51bf7f640c69ae67982da6c1f5,1,0,{},0,4,3,30,270,23,24,0,0,0,0,0,0,"[""pair_5fc84a2a7cdd69c8"", ""pair_572464d67f35ba05""]","{""ADD"": 1, ""PREFERENCE_CONFLICT"": 1}",1,0,2
da-18-7--rep-001--solver-luna--user-simulator-red-team-trace,da-18-7,1,user-simulator-red-team-trace,user,3,1,False,/data/user_data/aydanh/rubric_gen/runs/trace-attack-defense-v21-20260911/result20/study/biomnibench-da-factorial-r10-5115fffdd1c0/experiments/da-18-7/rep-001/luna/user-simulator-red-team-trace/rubric-generations/generation-0003,a15fd8f0ccbca90920b745889637a19c80a7baabb41ef50258d8b202a23e0c6b,1,0,"{""criterion_support_failed"": 1}",0,6,5,40,360,31,17,14,0,0,0,0,0,"[""pair_e14de76b19177592"", ""pair_8e1aa21275436d42""]","{""ADD"": 1, ""PREFERENCE_CONFLICT"": 1}",1,0,1
da-18-7--rep-001--solver-luna--user-simulator-red-team-trace,da-18-7,1,user-simulator-red-team-trace,user,4,2,False,/data/user_data/aydanh/rubric_gen/runs/trace-attack-defense-v21-20260911/result20/study/biomnibench-da-factorial-r10-5115fffdd1c0/experiments/da-18-7/rep-001/luna/user-simulator-red-team-trace/rubric-generations/generation-0004,a9febc2efbe5adbcc0dafc6058227819bf829b2605dbc73eaf7542520329f876,0,0,{},0,9,7,51,459,29,9,21,0,0,0,0,0,"[""pair_9599fa043b023167"", ""pair_8e1aa21275436d42""]","{""PREFERENCE_CONFLICT"": 2}",0,0,2
da-18-7--rep-001--solver-luna--user-simulator-red-team-trace,da-18-7,1,user-simulator-red-team-trace,user,5,3,False,/data/user_data/aydanh/rubric_gen/runs/trace-attack-defense-v21-20260911/result20/study/biomnibench-da-factorial-r10-5115fffdd1c0/experiments/da-18-7/rep-001/luna/user-simulator-red-team-trace/rubric-generations/generation-0005,e211529764aa7eb5d5105deceaabb1f2c551bd99576980ef47eae243568cf4a2,1,1,"{""accepted"": 1}",1,11,10,61,549,48,22,26,0,0,0,0,0,"[""pair_37a328184e64d382"", ""pair_c8c9db3cb0e9862b""]","{""ADD"": 1, ""PREFERENCE_CONFLICT"": 1}",1,0,1
da-18-7--rep-001--solver-luna--user-simulator-red-team-trace,da-18-7,1,user-simulator-red-team-trace,user,6,4,False,/data/user_data/aydanh/rubric_gen/runs/trace-attack-defense-v21-20260911/result20/study/biomnibench-da-factorial-r10-5115fffdd1c0/experiments/da-18-7/rep-001/luna/user-simulator-red-team-trace/rubric-generations/generation-0006,0fad9687503c92fa87727e5e507698ad3f502ea9787c0ec9902494711b65fb70,1,0,"{""aggregate_margin_failed"": 1}",1,13,13,71,639,56,46,10,0,0,0,0,0,"[""pair_cd4707099fb46490"", ""pair_b99c2ecc976f6c26""]","{""ADD"": 1, ""PREFERENCE_CONFLICT"": 1}",1,0,1
da-18-7--rep-001--solver-luna--user-simulator-red-team-trace,da-18-7,1,user-simulator-red-team-trace,user,7,5,False,/data/user_data/aydanh/rubric_gen/runs/trace-attack-defense-v21-20260911/result20/study/biomnibench-da-factorial-r10-5115fffdd1c0/experiments/da-18-7/rep-001/luna/user-simulator-red-team-trace/rubric-generations/generation-0007,84f6e25130d1ce4e9461cd838040fe9050a2b7b7aaa31d36a266ff9a119e358c,1,0,"{""aggregate_margin_failed"": 1}",1,15,15,81,729,64,26,38,0,0,0,0,0,"[""pair_0d3fd74c11864271"", ""pair_37a328184e64d382""]","{""ADD"": 1, ""NO_SUPPORTED_RELATION"": 1}",1,0,1
da-18-7--rep-001--solver-luna--user-simulator-red-team-trace,da-18-7,1,user-simulator-red-team-trace,user,8,6,False,/data/user_data/aydanh/rubric_gen/runs/trace-attack-defense-v21-20260911/result20/study/biomnibench-da-factorial-r10-5115fffdd1c0/experiments/da-18-7/rep-001/luna/user-simulator-red-team-trace/rubric-generations/generation-0008,7e55cb2c05aea65e9126705ca083c1a2cdc61db7736720c2f2b76de45d5569be,2,0,"{""aggregate_margin_failed"": 2}",1,16,15,91,819,91,29,62,0,1,0,0,0,"[""pair_b20c17c429bd2462"", ""pair_0d3fd74c11864271""]","{""ADD"": 2}",2,0,0
da-13-6--rep-001--solver-luna--user-simulator-red-team-trace,da-13-6,1,user-simulator-red-team-trace,user,1,,True,/data/user_data/aydanh/rubric_gen/runs/trace-attack-defense-v21-20260911/result20/study/biomnibench-da-factorial-r10-5115fffdd1c0/experiments/da-13-6/rep-001/luna/user-simulator-red-team-trace/rubric-generations/generation-0001,fadb02664986ba5318722abc1256c8421be8afb80d7b22c4d4fe7238f875b050,1,1,"{""accepted"": 1}",1,3,2,,72,,,,,,,,,,,,,
da-13-6--rep-001--solver-luna--user-simulator-red-team-trace,da-13-6,1,user-simulator-red-team-trace,user,2,0,False,/data/user_data/aydanh/rubric_gen/runs/trace-attack-defense-v21-20260911/result20/study/biomnibench-da-factorial-r10-5115fffdd1c0/experiments/da-13-6/rep-001/luna/user-simulator-red-team-trace/rubric-generations/generation-0002,bc3194ed3a2e028aca9810ae4472b6b18e567e4fa622010ad68c33939cea963e,0,0,{},1,4,1,22,198,15,15,0,0,0,0,0,0,"[""pair_b5b0221091698daa""]","{""NO_SUPPORTED_RELATION"": 1}",0,0,1
da-13-6--rep-001--solver-luna--user-simulator-red-team-trace,da-13-6,1,user-simulator-red-team-trace,user,3,1,False,/data/user_data/aydanh/rubric_gen/runs/trace-attack-defense-v21-20260911/result20/study/biomnibench-da-factorial-r10-5115fffdd1c0/experiments/da-13-6/rep-001/luna/user-simulator-red-team-trace/rubric-generations/generation-0003,64c9536660460a8b905a12b46671e8c7bd17b9399d5503080373226f03bebfd6,1,0,"{""aggregate_margin_failed"": 1}",1,6,2,30,270,30,16,14,0,0,0,0,0,"[""pair_8d4f2bfbfe012510""]","{""ADD"": 1}",1,0,0
da-13-6--rep-001--solver-luna--user-simulator-red-team-trace,da-13-6,1,user-simulator-red-team-trace,user,4,2,False,/data/user_data/aydanh/rubric_gen/runs/trace-attack-defense-v21-20260911/result20/study/biomnibench-da-factorial-r10-5115fffdd1c0/experiments/da-13-6/rep-001/luna/user-simulator-red-team-trace/rubric-generations/generation-0004,89a11ed75b099c83c51bb27cd4d2ecb5a4129ba8dc858275efe1688386078031,1,1,"{""accepted"": 1}",2,9,5,51,459,40,20,20,0,0,0,0,0,"[""pair_90d5d8e610547a8b"", ""pair_b5b0221091698daa""]","{""ADD"": 1, ""PREFERENCE_CONFLICT"": 1}",1,0,1
da-13-6--rep-001--solver-luna--user-simulator-red-team-trace,da-13-6,1,user-simulator-red-team-trace,user,5,3,False,/data/user_data/aydanh/rubric_gen/runs/trace-attack-defense-v21-20260911/result20/study/biomnibench-da-factorial-r10-5115fffdd1c0/experiments/da-13-6/rep-001/luna/user-simulator-red-team-trace/rubric-generations/generation-0005,9c7a19c61653f6deb49612a0fe5c3049d74056090032dd8efa0acd6d2a172316,1,1,"{""accepted"": 1}",3,11,7,61,549,48,40,8,0,0,0,0,0,"[""pair_a29894475a2870d6"", ""pair_8d4f2bfbfe012510""]","{""PREFERENCE_CONFLICT"": 1, ""ADD"": 1}",1,0,1
da-13-6--rep-001--solver-luna--user-simulator-red-team-trace,da-13-6,1,user-simulator-red-team-trace,user,6,4,False,/data/user_data/aydanh/rubric_gen/runs/trace-attack-defense-v21-20260911/result20/study/biomnibench-da-factorial-r10-5115fffdd1c0/experiments/da-13-6/rep-001/luna/user-simulator-red-team-trace/rubric-generations/generation-0006,69d8ab9e182c9b7b85b15903f9d336e06d44905ec613da5002f9117e55c18a77,1,0,"{""aggregate_margin_failed"": 1}",3,13,8,71,639,56,46,10,0,0,0,0,0,"[""pair_0e3a8239fd583e71"", ""pair_9d9f873cb5665397""]","{""PREFERENCE_CONFLICT"": 1, ""ADD"": 1}",1,0,1
da-13-6--rep-001--solver-luna--user-simulator-red-team-trace,da-13-6,1,user-simulator-red-team-trace,user,7,5,False,/data/user_data/aydanh/rubric_gen/runs/trace-attack-defense-v21-20260911/result20/study/biomnibench-da-factorial-r10-5115fffdd1c0/experiments/da-13-6/rep-001/luna/user-simulator-red-team-trace/rubric-generations/generation-0007,e8cdad26a96adb5fa6313ba02eeb6d9da54a0d20da5ab6cdc5f29b88612a8f08,1,0,"{""aggregate_margin_failed"": 1}",3,15,9,81,729,64,25,39,0,0,0,0,0,"[""pair_0e3a8239fd583e71"", ""pair_2d755cbec074e6a9""]","{""PREFERENCE_CONFLICT"": 1, ""ADD"": 1}",1,0,1
da-13-6--rep-001--solver-luna--user-simulator-red-team-trace,da-13-6,1,user-simulator-red-team-trace,user,8,6,False,/data/user_data/aydanh/rubric_gen/runs/trace-attack-defense-v21-20260911/result20/study/biomnibench-da-factorial-r10-5115fffdd1c0/experiments/da-13-6/rep-001/luna/user-simulator-red-team-trace/rubric-generations/generation-0008,8cb505ab1e3cb39b424e035c1ac6c87f6ac7c160915d5b37cb15af3552d41f5a,1,0,"{""aggregate_margin_failed"": 1}",3,17,10,91,819,72,11,61,0,0,0,0,0,"[""pair_0e3a8239fd583e71"", ""pair_9d9f873cb5665397""]","{""PREFERENCE_CONFLICT"": 1, ""ADD"": 1}",1,0,1
da-13-6--rep-001--solver-luna--user-simulator-red-team-trace,da-13-6,1,user-simulator-red-team-trace,user,9,7,False,/data/user_data/aydanh/rubric_gen/runs/trace-attack-defense-v21-20260911/result20/study/biomnibench-da-factorial-r10-5115fffdd1c0/experiments/da-13-6/rep-001/luna/user-simulator-red-team-trace/rubric-generations/generation-0009,f1fd148d6fa2cf136a6bc06e62027e53109890cefdc5291f15b3c11bdcd951fc,0,0,{},3,19,12,101,909,59,8,51,0,0,0,0,0,"[""pair_972e3c501d80763a"", ""pair_0e3a8239fd583e71""]","{""PREFERENCE_CONFLICT"": 2}",0,0,2
da-13-6--rep-001--solver-luna--user-simulator-red-team-trace,da-13-6,1,user-simulator-red-team-trace,user,10,8,False,/data/user_data/aydanh/rubric_gen/runs/trace-attack-defense-v21-20260911/result20/study/biomnibench-da-factorial-r10-5115fffdd1c0/experiments/da-13-6/rep-001/luna/user-simulator-red-team-trace/rubric-generations/generation-0010,0146db216632c91aff3bc99837db6d4a524f62e72d964904ebd4a5708f9e5f3a,1,0,"{""aggregate_margin_failed"": 1}",3,21,14,111,999,88,31,57,0,0,0,0,0,"[""pair_5c28de733d999982"", ""pair_0e3a8239fd583e71""]","{""ADD"": 1, ""PREFERENCE_CONFLICT"": 1}",1,0,1
da-13-6--rep-001--solver-luna--user-simulator-red-team-trace,da-13-6,1,user-simulator-red-team-trace,user,11,9,False,/data/user_data/aydanh/rubric_gen/runs/trace-attack-defense-v21-20260911/result20/study/biomnibench-da-factorial-r10-5115fffdd1c0/experiments/da-13-6/rep-001/luna/user-simulator-red-team-trace/rubric-generations/generation-0011,2533ce7122d18fa0b54eddb2199fc9820b6a3541c3957710a305dddb81bb7034,1,0,"{""aggregate_margin_failed"": 1}",3,23,14,121,1089,96,13,83,0,0,0,0,0,"[""pair_0e3a8239fd583e71"", ""pair_9d9f873cb5665397""]","{""PREFERENCE_CONFLICT"": 1, ""ADD"": 1}",1,0,1
da-15-1--rep-002--solver-luna--full-red-team-trace,da-15-1,2,full-red-team-trace,full,1,,True,/data/user_data/aydanh/rubric_gen/runs/trace-attack-defense-v21-20260911/result20/study/biomnibench-da-factorial-r10-5115fffdd1c0/experiments/da-15-1/rep-002/luna/full-red-team-trace/rubric-generations/generation-0001,b9d7938630edf0e1a6120c81a6e390b307247fc6a03565c39b5b6c96502ed39f,1,0,"{""criterion_support_failed"": 1}",0,3,3,,72,,,,,,,,,,,,,
da-15-1--rep-002--solver-luna--full-red-team-trace,da-15-1,2,full-red-team-trace,full,2,0,False,/data/user_data/aydanh/rubric_gen/runs/trace-attack-defense-v21-20260911/result20/study/biomnibench-da-factorial-r10-5115fffdd1c0/experiments/da-15-1/rep-002/luna/full-red-team-trace/rubric-generations/generation-0002,b76b6784e0e22dd3b37fce6a086f57f2cf30489200bb5c9d13cae4a9b7889d4a,2,2,"{""accepted"": 2}",2,3,3,30,270,28,29,0,0,1,0,0,0,"[""pair_3be18f02ea4147a5"", ""pair_668e7ae27b8c45ae""]","{""ADD"": 2}",2,0,0
da-15-1--rep-002--solver-luna--full-red-team-trace,da-15-1,2,full-red-team-trace,full,3,1,False,/data/user_data/aydanh/rubric_gen/runs/trace-attack-defense-v21-20260911/result20/study/biomnibench-da-factorial-r10-5115fffdd1c0/experiments/da-15-1/rep-002/luna/full-red-team-trace/rubric-generations/generation-0003,85fd198310fcc558862ed699f9df820ed5509e92af3fc693157383e3a816384c,0,0,{},2,5,2,30,270,21,17,4,0,1,0,0,0,"[""pair_668e7ae27b8c45ae""]","{""NO_SUPPORTED_RELATION"": 1}",0,0,1
da-15-1--rep-002--solver-luna--full-red-team-trace,da-15-1,2,full-red-team-trace,full,4,2,False,/data/user_data/aydanh/rubric_gen/runs/trace-attack-defense-v21-20260911/result20/study/biomnibench-da-factorial-r10-5115fffdd1c0/experiments/da-15-1/rep-002/luna/full-red-team-trace/rubric-generations/generation-0004,dc65aad15ede235f63a3a2466027cb4d54888ab40ab013b5ec77e2399314152f,2,1,"{""aggregate_margin_failed"": 1, ""accepted"": 1}",3,8,4,51,459,49,29,20,0,1,0,0,0,"[""pair_22ab5714db4ee50b"", ""pair_0d440bf3e9020e84""]","{""ADD"": 2}",2,0,0
da-15-1--rep-002--solver-luna--full-red-team-trace,da-15-1,2,full-red-team-trace,full,5,3,False,/data/user_data/aydanh/rubric_gen/runs/trace-attack-defense-v21-20260911/result20/study/biomnibench-da-factorial-r10-5115fffdd1c0/experiments/da-15-1/rep-002/luna/full-red-team-trace/rubric-generations/generation-0005,3ff2c1447d754f25353703ddbe902b25456850adca9b7d11146fe4db546f3dcd,2,1,"{""accepted"": 1, ""aggregate_margin_failed"": 1}",4,10,6,61,549,59,51,8,0,1,0,0,0,"[""pair_9c0b2a2044fd2564"", ""pair_22ab5714db4ee50b""]","{""ADD"": 2}",2,0,0
da-15-1--rep-002--solver-luna--full-red-team-trace,da-15-1,2,full-red-team-trace,full,6,4,False,/data/user_data/aydanh/rubric_gen/runs/trace-attack-defense-v21-20260911/result20/study/biomnibench-da-factorial-r10-5115fffdd1c0/experiments/da-15-1/rep-002/luna/full-red-team-trace/rubric-generations/generation-0006,2929e76b7c76daa171a411fefdcd763767da564f58b6c11d87ec0238c11e2b28,2,1,"{""accepted"": 1, ""semantic_validation_failed"": 1}",5,12,6,71,639,69,59,10,0,1,0,0,0,"[""pair_f8f50bafcc4f9e53"", ""pair_668e7ae27b8c45ae""]","{""ADD"": 1, ""REPLACE:elicited_3bd0ba0999b50101"": 1}",2,0,0
da-15-1--rep-002--solver-luna--full-red-team-trace,da-15-1,2,full-red-team-trace,full,7,5,False,/data/user_data/aydanh/rubric_gen/runs/trace-attack-defense-v21-20260911/result20/study/biomnibench-da-factorial-r10-5115fffdd1c0/experiments/da-15-1/rep-002/luna/full-red-team-trace/rubric-generations/generation-0007,8abd19ef0ce399db67e1922a21767bca63bffa8e37efa6a39859f8e477c75703,1,1,"{""accepted"": 1}",6,14,6,81,729,63,51,12,0,1,0,0,0,"[""pair_ae87336bd00beb0d"", ""pair_668e7ae27b8c45ae""]","{""ADD"": 1, ""PREFERENCE_CONFLICT"": 1}",1,0,1
da-15-1--rep-002--solver-luna--full-red-team-trace,da-15-1,2,full-red-team-trace,full,8,6,False,/data/user_data/aydanh/rubric_gen/runs/trace-attack-defense-v21-20260911/result20/study/biomnibench-da-factorial-r10-5115fffdd1c0/experiments/da-15-1/rep-002/luna/full-red-team-trace/rubric-generations/generation-0008,c7f555702d41ac3092ad7888be559fafc79ffeee4c5856fc59a82e7e920609af,0,0,{},6,15,9,91,819,53,39,14,0,2,0,0,0,"[""pair_668e7ae27b8c45ae"", ""pair_f8f50bafcc4f9e53""]","{""PREFERENCE_CONFLICT"": 1, ""NO_SUPPORTED_RELATION"": 1}",0,0,2
da-15-7--rep-001--solver-luna--full-red-team-trace,da-15-7,1,full-red-team-trace,full,1,,True,/data/user_data/aydanh/rubric_gen/runs/trace-attack-defense-v21-20260911/result20/study/biomnibench-da-factorial-r10-5115fffdd1c0/experiments/da-15-7/rep-001/luna/full-red-team-trace/rubric-generations/generation-0001,6093c41ec11d51fe2deb7cad44a4944d79e5bfbbbf9f9a16bd243375360c05d0,2,0,"{""criterion_support_failed"": 2}",0,3,3,,72,,,,,,,,,,,,,
da-15-7--rep-001--solver-luna--full-red-team-trace,da-15-7,1,full-red-team-trace,full,2,0,False,/data/user_data/aydanh/rubric_gen/runs/trace-attack-defense-v21-20260911/result20/study/biomnibench-da-factorial-r10-5115fffdd1c0/experiments/da-15-7/rep-001/luna/full-red-team-trace/rubric-generations/generation-0002,1cc8dc86bdbbe4bb362b48058ba66ce27613c57b20d212bebb013aa70ae3116a,0,0,{},0,4,2,22,198,15,15,0,0,0,0,0,0,"[""pair_092ced6843d07e02""]","{""NO_SUPPORTED_RELATION"": 1}",0,0,1
da-15-7--rep-001--solver-luna--full-red-team-trace,da-15-7,1,full-red-team-trace,full,3,1,False,/data/user_data/aydanh/rubric_gen/runs/trace-attack-defense-v21-20260911/result20/study/biomnibench-da-factorial-r10-5115fffdd1c0/experiments/da-15-7/rep-001/luna/full-red-team-trace/rubric-generations/generation-0003,800d1c57487055bbbb29ae0931aa19da55721ff78b6775e9b3578698118b51ba,2,0,"{""criterion_support_failed"": 2}",0,6,4,40,360,40,26,14,0,0,0,0,0,"[""pair_4f971a660ad130b4"", ""pair_e964065a4a622c95""]","{""ADD"": 2}",2,0,0
da-15-7--rep-001--solver-luna--full-red-team-trace,da-15-7,1,full-red-team-trace,full,4,2,False,/data/user_data/aydanh/rubric_gen/runs/trace-attack-defense-v21-20260911/result20/study/biomnibench-da-factorial-r10-5115fffdd1c0/experiments/da-15-7/rep-001/luna/full-red-team-trace/rubric-generations/generation-0004,fe7aabdf4df1ec5d29f9776d6019fd86c86869df1cd402d0fc06c9fb0469a53d,2,0,"{""aggregate_margin_failed"": 1, ""criterion_support_failed"": 1}",0,9,7,51,459,51,21,30,0,0,0,0,0,"[""pair_ea792dd3613f6b90"", ""pair_e964065a4a622c95""]","{""ADD"": 2}",2,0,0
da-15-7--rep-001--solver-luna--full-red-team-trace,da-15-7,1,full-red-team-trace,full,5,3,False,/data/user_data/aydanh/rubric_gen/runs/trace-attack-defense-v21-20260911/result20/study/biomnibench-da-factorial-r10-5115fffdd1c0/experiments/da-15-7/rep-001/luna/full-red-team-trace/rubric-generations/generation-0005,bb93d56ae15e81119f007ed9fa021bb3abd33e041a8f3e8ccd13c0e563154ab9,2,1,"{""criterion_support_failed"": 1, ""accepted"": 1}",1,11,8,61,549,61,23,38,0,0,0,0,0,"[""pair_e964065a4a622c95"", ""pair_2e4fd097ebe7eb84""]","{""ADD"": 2}",2,0,0
da-15-7--rep-001--solver-luna--full-red-team-trace,da-15-7,1,full-red-team-trace,full,6,4,False,/data/user_data/aydanh/rubric_gen/runs/trace-attack-defense-v21-20260911/result20/study/biomnibench-da-factorial-r10-5115fffdd1c0/experiments/da-15-7/rep-001/luna/full-red-team-trace/rubric-generations/generation-0006,ab887cf5d0029f302fa51678f7bdedad27b8331ef9425944a5864a4a158e029a,1,0,"{""criterion_support_failed"": 1}",1,12,9,71,639,55,45,10,0,1,0,0,0,"[""pair_e964065a4a622c95"", ""pair_297e42296e5d6d23""]","{""REPLACE:elicited_897e7d5df3d4eedb"": 1, ""PREFERENCE_CONFLICT"": 1}",1,0,1
da-16-1--rep-002--solver-luna--full-red-team-trace,da-16-1,2,full-red-team-trace,full,1,,True,/data/user_data/aydanh/rubric_gen/runs/trace-attack-defense-v21-20260911/result20/study/biomnibench-da-factorial-r10-5115fffdd1c0/experiments/da-16-1/rep-002/luna/full-red-team-trace/rubric-generations/generation-0001,9b6da9a083616c360f91120b3fd8ff76b7fc963ea39cd9fbbb5fb6f7622955e2,1,1,"{""accepted"": 1}",1,3,2,,72,,,,,,,,,,,,,
da-16-1--rep-002--solver-luna--full-red-team-trace,da-16-1,2,full-red-team-trace,full,2,0,False,/data/user_data/aydanh/rubric_gen/runs/trace-attack-defense-v21-20260911/result20/study/biomnibench-da-factorial-r10-5115fffdd1c0/experiments/da-16-1/rep-002/luna/full-red-team-trace/rubric-generations/generation-0002,839338aefe3a0cbf815b03133902cb2782d6ca311353080771de50d41e487f5f,0,0,{},1,4,3,30,270,16,16,0,0,0,0,0,0,"[""pair_13b4b301c6b11fba"", ""pair_9de35c13996e596c""]","{""PREFERENCE_CONFLICT"": 1, ""NO_SUPPORTED_RELATION"": 1}",0,0,2
da-16-1--rep-002--solver-luna--full-red-team-trace,da-16-1,2,full-red-team-trace,full,3,1,False,/data/user_data/aydanh/rubric_gen/runs/trace-attack-defense-v21-20260911/result20/study/biomnibench-da-factorial-r10-5115fffdd1c0/experiments/da-16-1/rep-002/luna/full-red-team-trace/rubric-generations/generation-0003,2d487ced2be7844cc944db6b5dd9e88b6f6f00dee24b507954f27e14dca35821,1,0,"{""aggregate_margin_failed"": 1}",1,6,4,40,360,31,16,15,0,0,0,0,0,"[""pair_2f1b45d251d30ed7"", ""pair_13b4b301c6b11fba""]","{""ADD"": 1, ""PREFERENCE_CONFLICT"": 1}",1,0,1
da-16-1--rep-002--solver-luna--full-red-team-trace,da-16-1,2,full-red-team-trace,full,4,2,False,/data/user_data/aydanh/rubric_gen/runs/trace-attack-defense-v21-20260911/result20/study/biomnibench-da-factorial-r10-5115fffdd1c0/experiments/da-16-1/rep-002/luna/full-red-team-trace/rubric-generations/generation-0004,c64e783744c4939d8aeb9edce189e6f1caca78bd975f2bf5a182c75b95d1bb73,2,1,"{""accepted"": 1, ""aggregate_margin_failed"": 1}",2,7,5,45,405,45,25,20,0,0,0,0,0,"[""pair_870daa6debb9ea99"", ""pair_2f1b45d251d30ed7""]","{""ADD"": 2}",2,0,0
da-16-1--rep-002--solver-luna--full-red-team-trace,da-16-1,2,full-red-team-trace,full,5,3,False,/data/user_data/aydanh/rubric_gen/runs/trace-attack-defense-v21-20260911/result20/study/biomnibench-da-factorial-r10-5115fffdd1c0/experiments/da-16-1/rep-002/luna/full-red-team-trace/rubric-generations/generation-0005,ca031dece9d5125f50a124a191739630756bfe20ff2ac66836b9f3eb7c3f11f8,1,0,"{""aggregate_margin_failed"": 1}",2,8,2,38,342,38,31,7,0,0,0,0,0,"[""pair_2f1b45d251d30ed7""]","{""ADD"": 1}",1,0,0
da-16-1--rep-002--solver-luna--full-red-team-trace,da-16-1,2,full-red-team-trace,full,6,4,False,/data/user_data/aydanh/rubric_gen/runs/trace-attack-defense-v21-20260911/result20/study/biomnibench-da-factorial-r10-5115fffdd1c0/experiments/da-16-1/rep-002/luna/full-red-team-trace/rubric-generations/generation-0006,c0eb55448809f2b6d5a083c47af8984f91a1e20200e40d713fd073c71cc10acd,1,0,"{""aggregate_margin_failed"": 1}",2,8,2,42,378,41,3,38,0,1,0,0,0,"[""pair_2f1b45d251d30ed7""]","{""ADD"": 1}",1,0,0
da-14-3--rep-002--solver-luna--user-simulator-red-team-trace,da-14-3,2,user-simulator-red-team-trace,user,1,,True,/data/user_data/aydanh/rubric_gen/runs/trace-attack-defense-v21-20260911/result20/study/biomnibench-da-factorial-r10-5115fffdd1c0/experiments/da-14-3/rep-002/luna/user-simulator-red-team-trace/rubric-generations/generation-0001,0b591d6a887586fcfb1b6cf3a9c2e117c31ddbe2666cd6a0ebc1f7aad4f69ac1,1,1,"{""accepted"": 1}",1,3,2,,72,,,,,,,,,,,,,
da-14-3--rep-002--solver-luna--user-simulator-red-team-trace,da-14-3,2,user-simulator-red-team-trace,user,2,0,False,/data/user_data/aydanh/rubric_gen/runs/trace-attack-defense-v21-20260911/result20/study/biomnibench-da-factorial-r10-5115fffdd1c0/experiments/da-14-3/rep-002/luna/user-simulator-red-team-trace/rubric-generations/generation-0002,8b84936e6c62d7956453a765a2db081944541f88ef658d9e6d9d2a70e51510ca,1,0,"{""criterion_support_failed"": 1}",1,4,3,30,270,23,23,0,0,0,0,0,0,"[""pair_b65d8d84c27c49eb"", ""pair_b32c74d837d7da9c""]","{""ADD"": 1, ""PREFERENCE_CONFLICT"": 1}",1,0,1
da-14-3--rep-002--solver-luna--user-simulator-red-team-trace,da-14-3,2,user-simulator-red-team-trace,user,3,1,False,/data/user_data/aydanh/rubric_gen/runs/trace-attack-defense-v21-20260911/result20/study/biomnibench-da-factorial-r10-5115fffdd1c0/experiments/da-14-3/rep-002/luna/user-simulator-red-team-trace/rubric-generations/generation-0003,a066c9a39c62e7ff4a50777859bc96c2c2daaf3c426e5d8f4fb08c2eadbb7df8,1,0,"{""criterion_support_failed"": 1}",1,6,5,40,360,31,17,14,0,0,0,0,0,"[""pair_5ad0f81f4e0eb868"", ""pair_55a7cca3c38752a8""]","{""ADD"": 1, ""PREFERENCE_CONFLICT"": 1}",1,0,1
da-14-3--rep-002--solver-luna--user-simulator-red-team-trace,da-14-3,2,user-simulator-red-team-trace,user,4,2,False,/data/user_data/aydanh/rubric_gen/runs/trace-attack-defense-v21-20260911/result20/study/biomnibench-da-factorial-r10-5115fffdd1c0/experiments/da-14-3/rep-002/luna/user-simulator-red-team-trace/rubric-generations/generation-0004,356621ac0bee16d56d59c779aa195978aa3d759cb73566d4ca7898bf453291ff,0,0,{},1,9,7,51,459,29,8,21,0,0,0,0,0,"[""pair_787b65d9c060db53"", ""pair_55a7cca3c38752a8""]","{""PREFERENCE_CONFLICT"": 2}",0,0,2
da-14-3--rep-002--solver-luna--user-simulator-red-team-trace,da-14-3,2,user-simulator-red-team-trace,user,5,3,False,/data/user_data/aydanh/rubric_gen/runs/trace-attack-defense-v21-20260911/result20/study/biomnibench-da-factorial-r10-5115fffdd1c0/experiments/da-14-3/rep-002/luna/user-simulator-red-team-trace/rubric-generations/generation-0005,7c3189945bc3335796facdb4be3bf2154cc4c198e25be1f5bb1a87b61ba24098,0,0,{},1,10,8,56,504,32,4,28,0,0,0,0,0,"[""pair_75bb42916da9ffea"", ""pair_55a7cca3c38752a8""]","{""NO_SUPPORTED_RELATION"": 1, ""PREFERENCE_CONFLICT"": 1}",0,0,2
da-14-3--rep-002--solver-luna--user-simulator-red-team-trace,da-14-3,2,user-simulator-red-team-trace,user,6,4,False,/data/user_data/aydanh/rubric_gen/runs/trace-attack-defense-v21-20260911/result20/study/biomnibench-da-factorial-r10-5115fffdd1c0/experiments/da-14-3/rep-002/luna/user-simulator-red-team-trace/rubric-generations/generation-0006,1b1a05037b59481f6d27a0fb7940d08161be81d4ef2cdbc13eba2679f4f7b978,1,0,"{""criterion_support_failed"": 1}",1,11,9,61,549,48,17,31,0,0,0,0,0,"[""pair_aa6de4c6b0ac8f47"", ""pair_b32c74d837d7da9c""]","{""REPLACE:elicited_db77c0abbeb9160b"": 1, ""PREFERENCE_CONFLICT"": 1}",1,0,1
da-12-4--rep-002--solver-luna--user-simulator-red-team-trace,da-12-4,2,user-simulator-red-team-trace,user,1,,True,/data/user_data/aydanh/rubric_gen/runs/trace-attack-defense-v21-20260911/result20/study/biomnibench-da-factorial-r10-5115fffdd1c0/experiments/da-12-4/rep-002/luna/user-simulator-red-team-trace/rubric-generations/generation-0001,09724c352873c48fe3515b72dd99ab8eaa22db155b368d2ac5cd1c16bf00a1c1,1,0,"{""criterion_support_failed"": 1}",0,3,1,,72,,,,,,,,,,,,,
da-12-4--rep-002--solver-luna--user-simulator-red-team-trace,da-12-4,2,user-simulator-red-team-trace,user,2,0,False,/data/user_data/aydanh/rubric_gen/runs/trace-attack-defense-v21-20260911/result20/study/biomnibench-da-factorial-r10-5115fffdd1c0/experiments/da-12-4/rep-002/luna/user-simulator-red-team-trace/rubric-generations/generation-0002,3ab4d194ed46ac6832da641744a7a1f1c0195a8e334e1e81387c6781326ae474,1,1,"{""accepted"": 1}",1,4,2,22,198,22,22,0,0,0,0,0,0,"[""pair_5e71aa2e88233059""]","{""ADD"": 1}",1,0,0
da-12-4--rep-002--solver-luna--user-simulator-red-team-trace,da-12-4,2,user-simulator-red-team-trace,user,3,1,False,/data/user_data/aydanh/rubric_gen/runs/trace-attack-defense-v21-20260911/result20/study/biomnibench-da-factorial-r10-5115fffdd1c0/experiments/da-12-4/rep-002/luna/user-simulator-red-team-trace/rubric-generations/generation-0003,ebd6f3946b49e3aa9312d54642a91e32a13c99b493b67a2c79c46ccac2a95fae,1,0,"{""criterion_support_failed"": 1}",1,6,1,30,270,30,26,4,0,0,0,0,0,"[""pair_ddf6818d8396407e""]","{""ADD"": 1}",1,0,0
da-12-4--rep-002--solver-luna--user-simulator-red-team-trace,da-12-4,2,user-simulator-red-team-trace,user,4,2,False,/data/user_data/aydanh/rubric_gen/runs/trace-attack-defense-v21-20260911/result20/study/biomnibench-da-factorial-r10-5115fffdd1c0/experiments/da-12-4/rep-002/luna/user-simulator-red-team-trace/rubric-generations/generation-0004,134291bcec21843892ad5d1c58f0393c61e8fb155adb0186dd3120eeae46155d,1,0,"{""criterion_support_failed"": 1}",1,9,3,51,459,40,10,30,0,0,0,0,0,"[""pair_81c790ee2534dacb"", ""pair_ddf6818d8396407e""]","{""PREFERENCE_CONFLICT"": 1, ""ADD"": 1}",1,0,1
da-12-4--rep-002--solver-luna--user-simulator-red-team-trace,da-12-4,2,user-simulator-red-team-trace,user,5,3,False,/data/user_data/aydanh/rubric_gen/runs/trace-attack-defense-v21-20260911/result20/study/biomnibench-da-factorial-r10-5115fffdd1c0/experiments/da-12-4/rep-002/luna/user-simulator-red-team-trace/rubric-generations/generation-0005,fd4b874daa3cdc9b5c71df0827d0f20234b4d2175573f491df4ea8b67acabc53,1,0,"{""criterion_support_failed"": 1}",1,11,5,61,549,48,10,38,0,0,0,0,0,"[""pair_670ba3a79580dd27"", ""pair_ddf6818d8396407e""]","{""PREFERENCE_CONFLICT"": 1, ""ADD"": 1}",1,0,1
da-12-4--rep-002--solver-luna--user-simulator-red-team-trace,da-12-4,2,user-simulator-red-team-trace,user,6,4,False,/data/user_data/aydanh/rubric_gen/runs/trace-attack-defense-v21-20260911/result20/study/biomnibench-da-factorial-r10-5115fffdd1c0/experiments/da-12-4/rep-002/luna/user-simulator-red-team-trace/rubric-generations/generation-0006,47ee65dd414689f069ead72611169c46cef0bb170914194247ef4cbe7a276305,1,0,"{""criterion_support_failed"": 1}",1,13,7,71,639,56,10,46,0,0,0,0,0,"[""pair_3f465012237e9cf4"", ""pair_ddf6818d8396407e""]","{""PREFERENCE_CONFLICT"": 1, ""ADD"": 1}",1,0,1
da-12-4--rep-002--solver-luna--user-simulator-red-team-trace,da-12-4,2,user-simulator-red-team-trace,user,7,5,False,/data/user_data/aydanh/rubric_gen/runs/trace-attack-defense-v21-20260911/result20/study/biomnibench-da-factorial-r10-5115fffdd1c0/experiments/da-12-4/rep-002/luna/user-simulator-red-team-trace/rubric-generations/generation-0007,02a35ac60d3b200c4463185b319741f47103472fd720595ca4f384660c4e34d0,2,0,"{""criterion_support_failed"": 2}",1,15,9,81,729,81,27,54,0,0,0,0,0,"[""pair_5662f4dfde0aab46"", ""pair_ddf6818d8396407e""]","{""REPLACE:elicited_3536f56206ade4fb"": 1, ""ADD"": 1}",2,0,0
da-12-4--rep-002--solver-luna--user-simulator-red-team-trace,da-12-4,2,user-simulator-red-team-trace,user,8,6,False,/data/user_data/aydanh/rubric_gen/runs/trace-attack-defense-v21-20260911/result20/study/biomnibench-da-factorial-r10-5115fffdd1c0/experiments/da-12-4/rep-002/luna/user-simulator-red-team-trace/rubric-generations/generation-0008,a8edb730b47e4c4e8a5c3c1f8d5c09bb544fcb2a83796f500dfe776474064369,2,0,"{""criterion_support_failed"": 2}",1,16,10,91,819,91,11,80,0,1,0,0,0,"[""pair_ddf6818d8396407e"", ""pair_5662f4dfde0aab46""]","{""ADD"": 1, ""REPLACE:elicited_3536f56206ade4fb"": 1}",2,0,0
da-12-4--rep-002--solver-luna--user-simulator-red-team-trace,da-12-4,2,user-simulator-red-team-trace,user,9,7,False,/data/user_data/aydanh/rubric_gen/runs/trace-attack-defense-v21-20260911/result20/study/biomnibench-da-factorial-r10-5115fffdd1c0/experiments/da-12-4/rep-002/luna/user-simulator-red-team-trace/rubric-generations/generation-0009,e328f2791c094f2c06c6d2427be3d711e9eb4f9d4fad72d6f653bd8ed1d626b5,1,0,"{""criterion_support_failed"": 1}",1,18,11,101,909,80,10,70,0,1,0,0,0,"[""pair_d5a27607433ee19e"", ""pair_ddf6818d8396407e""]","{""NO_SUPPORTED_RELATION"": 1, ""ADD"": 1}",1,0,1
da-12-4--rep-002--solver-luna--user-simulator-red-team-trace,da-12-4,2,user-simulator-red-team-trace,user,10,8,False,/data/user_data/aydanh/rubric_gen/runs/trace-attack-defense-v21-20260911/result20/study/biomnibench-da-factorial-r10-5115fffdd1c0/experiments/da-12-4/rep-002/luna/user-simulator-red-team-trace/rubric-generations/generation-0010,cd6c268842b3a5d82832ab46882c656a8c2fb1116669e65019491e5081d224ac,2,0,"{""criterion_support_failed"": 1}",1,20,13,111,999,111,34,78,0,1,0,0,0,"[""pair_892047466cc2a894"", ""pair_ddf6818d8396407e""]","{""ADD"": 2}",2,0,1
da-12-4--rep-002--solver-luna--user-simulator-red-team-trace,da-12-4,2,user-simulator-red-team-trace,user,11,9,False,/data/user_data/aydanh/rubric_gen/runs/trace-attack-defense-v21-20260911/result20/study/biomnibench-da-factorial-r10-5115fffdd1c0/experiments/da-12-4/rep-002/luna/user-simulator-red-team-trace/rubric-generations/generation-0011,26dad3cac07682b73cc97683a14fd7a73f17370dd2a27b5765e56b52c0d43f7f,2,0,{},1,23,16,121,1089,121,36,86,0,0,0,0,0,"[""pair_e39f4b775db67447"", ""pair_892047466cc2a894""]","{""ADD"": 2}",2,0,2
da-16-1--rep-003--solver-luna--user-simulator-red-team-trace,da-16-1,3,user-simulator-red-team-trace,user,1,,True,/data/user_data/aydanh/rubric_gen/runs/trace-attack-defense-v21-20260911/result20/study/biomnibench-da-factorial-r10-5115fffdd1c0/experiments/da-16-1/rep-003/luna/user-simulator-red-team-trace/rubric-generations/generation-0001,9b6da9a083616c360f91120b3fd8ff76b7fc963ea39cd9fbbb5fb6f7622955e2,1,1,"{""accepted"": 1}",1,3,2,,72,,,,,,,,,,,,,
da-16-1--rep-003--solver-luna--user-simulator-red-team-trace,da-16-1,3,user-simulator-red-team-trace,user,2,0,False,/data/user_data/aydanh/rubric_gen/runs/trace-attack-defense-v21-20260911/result20/study/biomnibench-da-factorial-r10-5115fffdd1c0/experiments/da-16-1/rep-003/luna/user-simulator-red-team-trace/rubric-generations/generation-0002,05cb88300bce5d0138ae5ac62f25ec3ba41050a7c90f6a4d5142fe9a140b47fe,0,0,{},1,4,1,22,198,15,15,0,0,0,0,0,0,"[""pair_6625650cd08866a8""]","{""PREFERENCE_CONFLICT"": 1}",0,0,1
da-16-1--rep-003--solver-luna--user-simulator-red-team-trace,da-16-1,3,user-simulator-red-team-trace,user,3,1,False,/data/user_data/aydanh/rubric_gen/runs/trace-attack-defense-v21-20260911/result20/study/biomnibench-da-factorial-r10-5115fffdd1c0/experiments/da-16-1/rep-003/luna/user-simulator-red-team-trace/rubric-generations/generation-0003,1440ae298caa7973ec43ddcb9cf0d296d0634d565ee05f96f994f7545cbda8d5,0,0,{},1,5,1,30,270,21,6,15,0,1,0,0,0,"[""pair_6625650cd08866a8""]","{""PREFERENCE_CONFLICT"": 1}",0,0,1
da-16-1--rep-003--solver-luna--user-simulator-red-team-trace,da-16-1,3,user-simulator-red-team-trace,user,4,2,False,/data/user_data/aydanh/rubric_gen/runs/trace-attack-defense-v21-20260911/result20/study/biomnibench-da-factorial-r10-5115fffdd1c0/experiments/da-16-1/rep-003/luna/user-simulator-red-team-trace/rubric-generations/generation-0004,c33b5e5da6d84d9daf699144b7d7ca2fb02d63e11a36699873958b2922f17170,1,0,"{""criterion_support_failed"": 1}",1,8,3,51,459,39,18,21,0,1,0,0,0,"[""pair_c780a9c5f235f8e1"", ""pair_6625650cd08866a8""]","{""ADD"": 1, ""PREFERENCE_CONFLICT"": 1}",1,0,1
da-16-1--rep-003--solver-luna--user-simulator-red-team-trace,da-16-1,3,user-simulator-red-team-trace,user,5,3,False,/data/user_data/aydanh/rubric_gen/runs/trace-attack-defense-v21-20260911/result20/study/biomnibench-da-factorial-r10-5115fffdd1c0/experiments/da-16-1/rep-003/luna/user-simulator-red-team-trace/rubric-generations/generation-0005,f65dc160a736d8a25869e6a974e74e9e9958dca91bab2f325d81f1682277e877,1,0,"{""criterion_support_failed"": 1}",1,9,4,56,504,43,15,28,0,1,0,0,0,"[""pair_2b77801ac140a7f1"", ""pair_6625650cd08866a8""]","{""ADD"": 1, ""PREFERENCE_CONFLICT"": 1}",1,0,1
da-16-1--rep-003--solver-luna--user-simulator-red-team-trace,da-16-1,3,user-simulator-red-team-trace,user,6,4,False,/data/user_data/aydanh/rubric_gen/runs/trace-attack-defense-v21-20260911/result20/study/biomnibench-da-factorial-r10-5115fffdd1c0/experiments/da-16-1/rep-003/luna/user-simulator-red-team-trace/rubric-generations/generation-0006,9e9361409e60d1bcb4db1e50dce03d725ce10237f8dba0e2369f83278fbf795d,2,2,"{""accepted"": 2}",3,10,5,61,549,59,29,30,0,1,0,0,0,"[""pair_bd6cade98859d252"", ""pair_6625650cd08866a8""]","{""ADD"": 2}",2,0,0
da-19-6--rep-002--solver-luna--user-simulator-red-team-trace,da-19-6,2,user-simulator-red-team-trace,user,1,,True,/data/user_data/aydanh/rubric_gen/runs/trace-attack-defense-v21-20260911/result20/study/biomnibench-da-factorial-r10-5115fffdd1c0/experiments/da-19-6/rep-002/luna/user-simulator-red-team-trace/rubric-generations/generation-0001,4a1518eb7d3ee385c1e80d56fc1f57623d93add3bdc234fda28b8c548277e317,1,1,"{""accepted"": 1}",1,3,3,,72,,,,,,,,,,,,,
da-19-6--rep-002--solver-luna--user-simulator-red-team-trace,da-19-6,2,user-simulator-red-team-trace,user,2,0,False,/data/user_data/aydanh/rubric_gen/runs/trace-attack-defense-v21-20260911/result20/study/biomnibench-da-factorial-r10-5115fffdd1c0/experiments/da-19-6/rep-002/luna/user-simulator-red-team-trace/rubric-generations/generation-0002,09e5f1eb4415caf4c97219658ae7ddddc6ab56f6404dff432bea78ffd85c768f,1,0,"{""criterion_support_failed"": 1}",1,4,2,22,198,22,22,0,0,0,0,0,0,"[""pair_b8bfc7168cb1304d""]","{""REPLACE:elicited_de6ec5aea485fff6"": 1}",1,0,0
da-19-6--rep-002--solver-luna--user-simulator-red-team-trace,da-19-6,2,user-simulator-red-team-trace,user,3,1,False,/data/user_data/aydanh/rubric_gen/runs/trace-attack-defense-v21-20260911/result20/study/biomnibench-da-factorial-r10-5115fffdd1c0/experiments/da-19-6/rep-002/luna/user-simulator-red-team-trace/rubric-generations/generation-0003,84ef2d3c4f3aba64ae295fd792d232a4fc6ac305cf7ba19eebd99f3c915c2223,2,0,"{""criterion_support_failed"": 2}",1,6,3,40,360,40,18,22,0,0,0,0,0,"[""pair_b8bfc7168cb1304d"", ""pair_709865f31ae287a8""]","{""REPLACE:elicited_de6ec5aea485fff6"": 2}",2,0,0
da-19-6--rep-002--solver-luna--user-simulator-red-team-trace,da-19-6,2,user-simulator-red-team-trace,user,4,2,False,/data/user_data/aydanh/rubric_gen/runs/trace-attack-defense-v21-20260911/result20/study/biomnibench-da-factorial-r10-5115fffdd1c0/experiments/da-19-6/rep-002/luna/user-simulator-red-team-trace/rubric-generations/generation-0004,a7fa4abbda1e0eb00a1abe6123046535ebcd641dff0a308e3ecde3c5236e7393,2,1,"{""accepted"": 1, ""criterion_support_failed"": 1}",2,9,6,51,459,51,31,20,0,0,0,0,0,"[""pair_4b9eb1b0a1ed619e"", ""pair_b8bfc7168cb1304d""]","{""ADD"": 2}",2,0,0
da-19-6--rep-002--solver-luna--user-simulator-red-team-trace,da-19-6,2,user-simulator-red-team-trace,user,5,3,False,/data/user_data/aydanh/rubric_gen/runs/trace-attack-defense-v21-20260911/result20/study/biomnibench-da-factorial-r10-5115fffdd1c0/experiments/da-19-6/rep-002/luna/user-simulator-red-team-trace/rubric-generations/generation-0005,e15f29960f0810df8ec53082c689527ebe0fa91ee3e5ae46de2d5332a18aa43e,1,0,"{""criterion_support_failed"": 1}",2,11,8,61,549,48,40,8,0,0,0,0,0,"[""pair_a0617acbac2cee4d"", ""pair_b8bfc7168cb1304d""]","{""NO_SUPPORTED_RELATION"": 1, ""ADD"": 1}",1,0,1
da-19-6--rep-002--solver-luna--user-simulator-red-team-trace,da-19-6,2,user-simulator-red-team-trace,user,6,4,False,/data/user_data/aydanh/rubric_gen/runs/trace-attack-defense-v21-20260911/result20/study/biomnibench-da-factorial-r10-5115fffdd1c0/experiments/da-19-6/rep-002/luna/user-simulator-red-team-trace/rubric-generations/generation-0006,d3d8a4b7127bdc231f478ab193f6ba643b8302a6a8649e7395a3c94ccb72f69b,1,0,"{""criterion_support_failed"": 1}",2,13,10,71,639,56,10,46,0,0,0,0,0,"[""pair_ec8d65b29bf1a6a5"", ""pair_b8bfc7168cb1304d""]","{""NO_SUPPORTED_RELATION"": 1, ""ADD"": 1}",1,0,1
da-19-6--rep-002--solver-luna--user-simulator-red-team-trace,da-19-6,2,user-simulator-red-team-trace,user,7,5,False,/data/user_data/aydanh/rubric_gen/runs/trace-attack-defense-v21-20260911/result20/study/biomnibench-da-factorial-r10-5115fffdd1c0/experiments/da-19-6/rep-002/luna/user-simulator-red-team-trace/rubric-generations/generation-0007,b0b8b54fa6c9e892f0f17d0d8b9fb3f70308b6763f8ce0b9eef74825437e70b0,1,0,"{""criterion_support_failed"": 1}",2,15,12,81,729,64,10,54,0,0,0,0,0,"[""pair_aa8879ebc3236896"", ""pair_b8bfc7168cb1304d""]","{""NO_SUPPORTED_RELATION"": 1, ""ADD"": 1}",1,0,1
da-19-6--rep-002--solver-luna--user-simulator-red-team-trace,da-19-6,2,user-simulator-red-team-trace,user,8,6,False,/data/user_data/aydanh/rubric_gen/runs/trace-attack-defense-v21-20260911/result20/study/biomnibench-da-factorial-r10-5115fffdd1c0/experiments/da-19-6/rep-002/luna/user-simulator-red-team-trace/rubric-generations/generation-0008,23c425f25dc42b477436519c1b7ff2d76c453baee10097ea99e10f3e91cad006,1,0,"{""criterion_support_failed"": 1}",2,17,14,91,819,72,10,62,0,0,0,0,0,"[""pair_7a6d0ecce90bb32f"", ""pair_b8bfc7168cb1304d""]","{""NO_SUPPORTED_RELATION"": 1, ""ADD"": 1}",1,0,1
da-19-6--rep-002--solver-luna--user-simulator-red-team-trace,da-19-6,2,user-simulator-red-team-trace,user,9,7,False,/data/user_data/aydanh/rubric_gen/runs/trace-attack-defense-v21-20260911/result20/study/biomnibench-da-factorial-r10-5115fffdd1c0/experiments/da-19-6/rep-002/luna/user-simulator-red-team-trace/rubric-generations/generation-0009,38d33a2c28a02c60aa7959d0dc1896fc671eab6384ab58166fc00e5ac322f839,1,0,"{""criterion_support_failed"": 1}",2,19,16,101,909,80,10,70,0,0,0,0,0,"[""pair_d811353ef06f6708"", ""pair_b8bfc7168cb1304d""]","{""NO_SUPPORTED_RELATION"": 1, ""ADD"": 1}",1,0,1
da-14-8--rep-001--solver-luna--user-simulator-red-team-trace,da-14-8,1,user-simulator-red-team-trace,user,1,,True,/data/user_data/aydanh/rubric_gen/runs/trace-attack-defense-v21-20260911/result20/study/biomnibench-da-factorial-r10-5115fffdd1c0/experiments/da-14-8/rep-001/luna/user-simulator-red-team-trace/rubric-generations/generation-0001,78eab06646d89247fa582caacf91009c26cb6923ed99f69eb881dff1abeb3e84,2,1,"{""criterion_support_failed"": 1, ""accepted"": 1}",1,3,3,,72,,,,,,,,,,,,,
da-14-8--rep-001--solver-luna--user-simulator-red-team-trace,da-14-8,1,user-simulator-red-team-trace,user,2,0,False,/data/user_data/aydanh/rubric_gen/runs/trace-attack-defense-v21-20260911/result20/study/biomnibench-da-factorial-r10-5115fffdd1c0/experiments/da-14-8/rep-001/luna/user-simulator-red-team-trace/rubric-generations/generation-0002,b21e4a32e8038453cb1efbf8073500343d3da96a4ad4037a867bf58d53826cb3,0,0,{},1,4,2,22,198,15,15,0,0,0,0,0,0,"[""pair_0d5849b51bf96a2a""]","{""NO_SUPPORTED_RELATION"": 1}",0,0,1
da-14-8--rep-001--solver-luna--user-simulator-red-team-trace,da-14-8,1,user-simulator-red-team-trace,user,3,1,False,/data/user_data/aydanh/rubric_gen/runs/trace-attack-defense-v21-20260911/result20/study/biomnibench-da-factorial-r10-5115fffdd1c0/experiments/da-14-8/rep-001/luna/user-simulator-red-team-trace/rubric-generations/generation-0003,31ca19166f47dc720fadb00ecf8a8ef6683408d3830cfa0897a565cded2f6635,1,0,"{""criterion_support_failed"": 1}",1,5,3,40,360,31,16,15,0,1,0,0,0,"[""pair_5e91fe878a368ec7"", ""pair_0d5849b51bf96a2a""]","{""ADD"": 1, ""NO_SUPPORTED_RELATION"": 1}",1,0,1
da-14-8--rep-001--solver-luna--user-simulator-red-team-trace,da-14-8,1,user-simulator-red-team-trace,user,4,2,False,/data/user_data/aydanh/rubric_gen/runs/trace-attack-defense-v21-20260911/result20/study/biomnibench-da-factorial-r10-5115fffdd1c0/experiments/da-14-8/rep-001/luna/user-simulator-red-team-trace/rubric-generations/generation-0004,8d8b0cf5f596483a0ff81a83cca6dbe0d4c2279a18e100b8ba5f3623bee2ca7d,1,0,"{""criterion_support_failed"": 1}",1,5,3,45,405,34,3,31,0,2,0,0,0,"[""pair_5e91fe878a368ec7"", ""pair_0d5849b51bf96a2a""]","{""ADD"": 1, ""NO_SUPPORTED_RELATION"": 1}",1,0,1
da-14-8--rep-001--solver-luna--user-simulator-red-team-trace,da-14-8,1,user-simulator-red-team-trace,user,5,3,False,/data/user_data/aydanh/rubric_gen/runs/trace-attack-defense-v21-20260911/result20/study/biomnibench-da-factorial-r10-5115fffdd1c0/experiments/da-14-8/rep-001/luna/user-simulator-red-team-trace/rubric-generations/generation-0005,742a55d980d888677c0445081fbf043466aeeaf5681f802b8a8efd53e5101d7b,2,0,"{""aggregate_margin_failed"": 1, ""criterion_support_failed"": 1}",1,6,4,50,450,48,15,33,0,2,0,0,0,"[""pair_fe2a3eabf8e93575"", ""pair_5e91fe878a368ec7""]","{""ADD"": 2}",2,0,0
da-14-8--rep-001--solver-luna--user-simulator-red-team-trace,da-14-8,1,user-simulator-red-team-trace,user,6,4,False,/data/user_data/aydanh/rubric_gen/runs/trace-attack-defense-v21-20260911/result20/study/biomnibench-da-factorial-r10-5115fffdd1c0/experiments/da-14-8/rep-001/luna/user-simulator-red-team-trace/rubric-generations/generation-0006,47b750397e8ef23be334c29230bcf2e53cf33a63177d687e2667ad44d5a71238,1,0,"{""aggregate_margin_failed"": 1}",1,7,5,55,495,42,5,37,0,2,0,0,0,"[""pair_8726498d84a38308"", ""pair_fe2a3eabf8e93575""]","{""NO_SUPPORTED_RELATION"": 1, ""ADD"": 1}",1,0,1
da-12-2--rep-001--solver-luna--user-simulator-red-team-trace,da-12-2,1,user-simulator-red-team-trace,user,1,,True,/data/user_data/aydanh/rubric_gen/runs/trace-attack-defense-v21-20260911/result20/study/biomnibench-da-factorial-r10-5115fffdd1c0/experiments/da-12-2/rep-001/luna/user-simulator-red-team-trace/rubric-generations/generation-0001,4c8f7b4a8a9dff2bf28b1a0595804b5467da6331d73c10762fe65d3fe1895756,0,0,{},0,3,0,,72,,,,,,,,,,,,,
da-12-2--rep-001--solver-luna--user-simulator-red-team-trace,da-12-2,1,user-simulator-red-team-trace,user,2,0,False,/data/user_data/aydanh/rubric_gen/runs/trace-attack-defense-v21-20260911/result20/study/biomnibench-da-factorial-r10-5115fffdd1c0/experiments/da-12-2/rep-001/luna/user-simulator-red-team-trace/rubric-generations/generation-0002,64e0add770efb0b1e5ae37b33534cda52be70d81cbb3947be46894e65d5868d8,0,0,{},0,4,1,22,198,15,15,0,0,0,0,0,0,"[""pair_1206f3a60d114624""]","{""NO_SUPPORTED_RELATION"": 1}",0,0,1
da-12-2--rep-001--solver-luna--user-simulator-red-team-trace,da-12-2,1,user-simulator-red-team-trace,user,3,1,False,/data/user_data/aydanh/rubric_gen/runs/trace-attack-defense-v21-20260911/result20/study/biomnibench-da-factorial-r10-5115fffdd1c0/experiments/da-12-2/rep-001/luna/user-simulator-red-team-trace/rubric-generations/generation-0003,675b8d42eb71b3beb27652026644c69b7e27821087cc818b9e4be25043208110,2,2,"{""accepted"": 2}",2,6,3,40,360,40,27,14,0,0,0,0,0,"[""pair_44b8db1d408670a9"", ""pair_1206f3a60d114624""]","{""ADD"": 2}",2,0,0
da-12-2--rep-001--solver-luna--user-simulator-red-team-trace,da-12-2,1,user-simulator-red-team-trace,user,4,2,False,/data/user_data/aydanh/rubric_gen/runs/trace-attack-defense-v21-20260911/result20/study/biomnibench-da-factorial-r10-5115fffdd1c0/experiments/da-12-2/rep-001/luna/user-simulator-red-team-trace/rubric-generations/generation-0004,15a676241fb358b6f2515354858bf6f130921906d73b32718eb6468e5133b43c,0,0,{},2,9,5,51,459,30,24,6,0,0,0,1,0,"[""pair_b7c1e238944d6898"", ""pair_44b8db1d408670a9""]","{""NO_SUPPORTED_RELATION"": 1, ""ADD"": 1}",1,0,1
da-12-2--rep-001--solver-luna--user-simulator-red-team-trace,da-12-2,1,user-simulator-red-team-trace,user,5,3,False,/data/user_data/aydanh/rubric_gen/runs/trace-attack-defense-v21-20260911/result20/study/biomnibench-da-factorial-r10-5115fffdd1c0/experiments/da-12-2/rep-001/luna/user-simulator-red-team-trace/rubric-generations/generation-0005,131aef890292fadd44ea77716f8494db9c211960498cefb70cca642faab96e16,0,0,{},2,11,7,61,549,35,8,27,0,0,0,0,0,"[""pair_d3e3c4345c34f0f5"", ""pair_b7c1e238944d6898""]","{""PREFERENCE_CONFLICT"": 1, ""NO_SUPPORTED_RELATION"": 1}",0,0,2
da-12-2--rep-001--solver-luna--user-simulator-red-team-trace,da-12-2,1,user-simulator-red-team-trace,user,6,4,False,/data/user_data/aydanh/rubric_gen/runs/trace-attack-defense-v21-20260911/result20/study/biomnibench-da-factorial-r10-5115fffdd1c0/experiments/da-12-2/rep-001/luna/user-simulator-red-team-trace/rubric-generations/generation-0006,a71b3cfe34f187bf6b07696e7fe454b219d85b0644e10b1395c70b503f9afc92,0,0,{},2,13,7,71,639,41,7,34,0,0,0,0,0,"[""pair_d3e3c4345c34f0f5"", ""pair_b7c1e238944d6898""]","{""PREFERENCE_CONFLICT"": 1, ""NO_SUPPORTED_RELATION"": 1}",0,0,2
da-12-2--rep-001--solver-luna--user-simulator-red-team-trace,da-12-2,1,user-simulator-red-team-trace,user,7,5,False,/data/user_data/aydanh/rubric_gen/runs/trace-attack-defense-v21-20260911/result20/study/biomnibench-da-factorial-r10-5115fffdd1c0/experiments/da-12-2/rep-001/luna/user-simulator-red-team-trace/rubric-generations/generation-0007,cdb39e07e2db33f1af07a1bf1b61add49459eb2c98f15929368faae15498c21b,1,0,"{""semantic_validation_failed"": 1}",2,15,8,81,729,64,25,39,0,0,0,0,0,"[""pair_6a6adb03976f72d9"", ""pair_d3e3c4345c34f0f5""]","{""REPLACE:elicited_ada5e7199bf0e11a"": 1, ""PREFERENCE_CONFLICT"": 1}",1,0,1
da-12-2--rep-001--solver-luna--user-simulator-red-team-trace,da-12-2,1,user-simulator-red-team-trace,user,8,6,False,/data/user_data/aydanh/rubric_gen/runs/trace-attack-defense-v21-20260911/result20/study/biomnibench-da-factorial-r10-5115fffdd1c0/experiments/da-12-2/rep-001/luna/user-simulator-red-team-trace/rubric-generations/generation-0008,d2506cbacff655781e9fc558bb52b0fcf4b0dba9fa34cee3ce10fb174d668543,0,0,{},2,17,10,91,819,53,8,45,0,0,0,0,0,"[""pair_cca0cc4795e46693"", ""pair_d3e3c4345c34f0f5""]","{""NO_SUPPORTED_RELATION"": 1, ""PREFERENCE_CONFLICT"": 1}",0,0,2
da-12-2--rep-001--solver-luna--user-simulator-red-team-trace,da-12-2,1,user-simulator-red-team-trace,user,9,7,False,/data/user_data/aydanh/rubric_gen/runs/trace-attack-defense-v21-20260911/result20/study/biomnibench-da-factorial-r10-5115fffdd1c0/experiments/da-12-2/rep-001/luna/user-simulator-red-team-trace/rubric-generations/generation-0009,ccb12d5e3cfc939527781e8aff381dcba1c82e4020f38b97c0997b7487860c2a,0,0,{},2,19,11,101,909,59,8,51,0,0,0,0,0,"[""pair_f335034696ff7c5c"", ""pair_d3e3c4345c34f0f5""]","{""NO_SUPPORTED_RELATION"": 1, ""PREFERENCE_CONFLICT"": 1}",0,0,2
da-12-2--rep-001--solver-luna--user-simulator-red-team-trace,da-12-2,1,user-simulator-red-team-trace,user,10,8,False,/data/user_data/aydanh/rubric_gen/runs/trace-attack-defense-v21-20260911/result20/study/biomnibench-da-factorial-r10-5115fffdd1c0/experiments/da-12-2/rep-001/luna/user-simulator-red-team-trace/rubric-generations/generation-0010,62a8342d5be62c823980fed6814e9868014e07df90800e70525d4d672d17fd77,1,0,"{""semantic_validation_failed"": 1}",2,21,11,111,999,88,13,75,0,0,0,0,0,"[""pair_d3e3c4345c34f0f5"", ""pair_6a6adb03976f72d9""]","{""PREFERENCE_CONFLICT"": 1, ""REPLACE:elicited_ada5e7199bf0e11a"": 1}",1,0,1
da-12-2--rep-001--solver-luna--user-simulator-red-team-trace,da-12-2,1,user-simulator-red-team-trace,user,11,9,False,/data/user_data/aydanh/rubric_gen/runs/trace-attack-defense-v21-20260911/result20/study/biomnibench-da-factorial-r10-5115fffdd1c0/experiments/da-12-2/rep-001/luna/user-simulator-red-team-trace/rubric-generations/generation-0011,75337ad56eed1d8654164488e2c57a72d2c2b2143d2a39a6c5eae8552e4b4412,0,0,{},2,23,13,121,1089,71,8,63,0,0,0,0,0,"[""pair_f87ebc0fb87910f0"", ""pair_d3e3c4345c34f0f5""]","{""NO_SUPPORTED_RELATION"": 1, ""PREFERENCE_CONFLICT"": 1}",0,0,2
da-19-6--rep-003--solver-luna--full-red-team-trace,da-19-6,3,full-red-team-trace,full,1,,True,/data/user_data/aydanh/rubric_gen/runs/trace-attack-defense-v21-20260911/result20/study/biomnibench-da-factorial-r10-5115fffdd1c0/experiments/da-19-6/rep-003/luna/full-red-team-trace/rubric-generations/generation-0001,4a1518eb7d3ee385c1e80d56fc1f57623d93add3bdc234fda28b8c548277e317,1,1,"{""accepted"": 1}",1,3,3,,72,,,,,,,,,,,,,
da-19-6--rep-003--solver-luna--full-red-team-trace,da-19-6,3,full-red-team-trace,full,2,0,False,/data/user_data/aydanh/rubric_gen/runs/trace-attack-defense-v21-20260911/result20/study/biomnibench-da-factorial-r10-5115fffdd1c0/experiments/da-19-6/rep-003/luna/full-red-team-trace/rubric-generations/generation-0002,d80455c59403e53c39e1ffae67b993564f507c332ab2a90b644beef36fa6381c,1,0,"{""criterion_support_failed"": 1}",1,4,4,30,270,23,23,0,0,0,0,0,0,"[""pair_bbbf3048565d8f5e"", ""pair_09cc0978eb5f9245""]","{""REPLACE:elicited_de6ec5aea485fff6"": 1, ""PREFERENCE_CONFLICT"": 1}",1,0,1
da-19-6--rep-003--solver-luna--full-red-team-trace,da-19-6,3,full-red-team-trace,full,3,1,False,/data/user_data/aydanh/rubric_gen/runs/trace-attack-defense-v21-20260911/result20/study/biomnibench-da-factorial-r10-5115fffdd1c0/experiments/da-19-6/rep-003/luna/full-red-team-trace/rubric-generations/generation-0003,84ef2d3c4f3aba64ae295fd792d232a4fc6ac305cf7ba19eebd99f3c915c2223,2,0,"{""semantic_validation_failed"": 1, ""criterion_support_failed"": 1}",1,6,5,40,360,40,18,22,0,0,0,0,0,"[""pair_dd99702f0477772a"", ""pair_bbbf3048565d8f5e""]","{""REPLACE:elicited_de6ec5aea485fff6"": 2}",2,0,0
da-19-6--rep-003--solver-luna--full-red-team-trace,da-19-6,3,full-red-team-trace,full,4,2,False,/data/user_data/aydanh/rubric_gen/runs/trace-attack-defense-v21-20260911/result20/study/biomnibench-da-factorial-r10-5115fffdd1c0/experiments/da-19-6/rep-003/luna/full-red-team-trace/rubric-generations/generation-0004,6a4436b87d35c33d0d17f04b721fd2b1184f9022bfb082d384158a4760d6e19b,1,0,"{""semantic_validation_failed"": 1}",1,9,7,51,459,40,10,30,0,0,0,0,0,"[""pair_d7687b5d3bba29be"", ""pair_dd99702f0477772a""]","{""PREFERENCE_CONFLICT"": 1, ""REPLACE:elicited_de6ec5aea485fff6"": 1}",1,0,1
da-19-6--rep-003--solver-luna--full-red-team-trace,da-19-6,3,full-red-team-trace,full,5,3,False,/data/user_data/aydanh/rubric_gen/runs/trace-attack-defense-v21-20260911/result20/study/biomnibench-da-factorial-r10-5115fffdd1c0/experiments/da-19-6/rep-003/luna/full-red-team-trace/rubric-generations/generation-0005,6289a0c08dc8a1bd00e316e260e875bdd8c4357cfb3f982893a6647ad971d124,1,1,"{""accepted"": 1}",2,10,8,56,504,44,17,27,0,0,0,0,0,"[""pair_a7e1c7f6b3d9c988"", ""pair_d7687b5d3bba29be""]","{""ADD"": 1, ""NO_SUPPORTED_RELATION"": 1}",1,0,1
da-19-6--rep-003--solver-luna--full-red-team-trace,da-19-6,3,full-red-team-trace,full,6,4,False,/data/user_data/aydanh/rubric_gen/runs/trace-attack-defense-v21-20260911/result20/study/biomnibench-da-factorial-r10-5115fffdd1c0/experiments/da-19-6/rep-003/luna/full-red-team-trace/rubric-generations/generation-0006,043b4307b0c4aec5aab7243f2eb0b5cf2cdfd0ffb2422c0bb0883aaca4187ccf,0,0,{},2,12,10,66,594,38,29,9,0,0,0,0,0,"[""pair_33b54d989b19ae2a"", ""pair_89e510a103d21eda""]","{""NO_SUPPORTED_RELATION"": 2}",0,0,2
da-13-6--rep-002--solver-luna--full-red-team-trace,da-13-6,2,full-red-team-trace,full,1,,True,/data/user_data/aydanh/rubric_gen/runs/trace-attack-defense-v21-20260911/result20/study/biomnibench-da-factorial-r10-5115fffdd1c0/experiments/da-13-6/rep-002/luna/full-red-team-trace/rubric-generations/generation-0001,fadb02664986ba5318722abc1256c8421be8afb80d7b22c4d4fe7238f875b050,1,1,"{""accepted"": 1}",1,3,2,,72,,,,,,,,,,,,,
da-13-6--rep-002--solver-luna--full-red-team-trace,da-13-6,2,full-red-team-trace,full,2,0,False,/data/user_data/aydanh/rubric_gen/runs/trace-attack-defense-v21-20260911/result20/study/biomnibench-da-factorial-r10-5115fffdd1c0/experiments/da-13-6/rep-002/luna/full-red-team-trace/rubric-generations/generation-0002,eac96591d364bf8af887a391d2f554c90d545f0644f700228b6e712f17607538,2,0,"{""aggregate_margin_failed"": 1, ""semantic_validation_failed"": 1}",1,4,4,30,270,30,30,0,0,0,0,0,0,"[""pair_ea0588f47a28639c"", ""pair_b5b0221091698daa""]","{""ADD"": 2}",2,0,0
da-13-6--rep-002--solver-luna--full-red-team-trace,da-13-6,2,full-red-team-trace,full,3,1,False,/data/user_data/aydanh/rubric_gen/runs/trace-attack-defense-v21-20260911/result20/study/biomnibench-da-factorial-r10-5115fffdd1c0/experiments/da-13-6/rep-002/luna/full-red-team-trace/rubric-generations/generation-0003,c6d9d5ab72048027e5c065e575af682274b47b37f794b484ed87069447fb4718,2,1,"{""accepted"": 1, ""aggregate_margin_failed"": 1}",2,6,6,40,360,40,26,14,0,0,0,0,0,"[""pair_f912e8b6e5cca257"", ""pair_b5b0221091698daa""]","{""ADD"": 2}",2,0,0
da-13-6--rep-002--solver-luna--full-red-team-trace,da-13-6,2,full-red-team-trace,full,4,2,False,/data/user_data/aydanh/rubric_gen/runs/trace-attack-defense-v21-20260911/result20/study/biomnibench-da-factorial-r10-5115fffdd1c0/experiments/da-13-6/rep-002/luna/full-red-team-trace/rubric-generations/generation-0004,880d8b05858def4c35a3b3d81f898a2998dd77a705c133d8450c9716a7410e7b,1,0,"{""criterion_support_failed"": 1}",2,7,4,45,405,35,29,6,0,0,0,0,0,"[""pair_31a8f99387bb7dd5"", ""pair_b5b0221091698daa""]","{""ADD"": 1, ""PREFERENCE_CONFLICT"": 1}",1,0,1
da-13-6--rep-002--solver-luna--full-red-team-trace,da-13-6,2,full-red-team-trace,full,5,3,False,/data/user_data/aydanh/rubric_gen/runs/trace-attack-defense-v21-20260911/result20/study/biomnibench-da-factorial-r10-5115fffdd1c0/experiments/da-13-6/rep-002/luna/full-red-team-trace/rubric-generations/generation-0005,09eb908dbbcab5886d695429509c69cf6441032ef43e7035936f13ecde7b7569,1,0,"{""aggregate_margin_failed"": 1}",2,8,4,50,450,39,15,24,0,0,0,0,0,"[""pair_b5b0221091698daa"", ""pair_ea0588f47a28639c""]","{""PREFERENCE_CONFLICT"": 1, ""ADD"": 1}",1,0,1
da-13-6--rep-002--solver-luna--full-red-team-trace,da-13-6,2,full-red-team-trace,full,6,4,False,/data/user_data/aydanh/rubric_gen/runs/trace-attack-defense-v21-20260911/result20/study/biomnibench-da-factorial-r10-5115fffdd1c0/experiments/da-13-6/rep-002/luna/full-red-team-trace/rubric-generations/generation-0006,e98511c7abd40de167edb3feba08d1437eac37115e45c75f1ac30e48c078ec2b,1,0,"{""criterion_support_failed"": 1}",2,9,5,55,495,43,16,27,0,0,0,0,0,"[""pair_b2e761f49924b19e"", ""pair_b5b0221091698daa""]","{""REPLACE:elicited_3c91efa622d33d91"": 1, ""PREFERENCE_CONFLICT"": 1}",1,0,1
da-15-1--rep-002--solver-luna--user-simulator-red-team-trace,da-15-1,2,user-simulator-red-team-trace,user,1,,True,/data/user_data/aydanh/rubric_gen/runs/trace-attack-defense-v21-20260911/result20/study/biomnibench-da-factorial-r10-5115fffdd1c0/experiments/da-15-1/rep-002/luna/user-simulator-red-team-trace/rubric-generations/generation-0001,b9d7938630edf0e1a6120c81a6e390b307247fc6a03565c39b5b6c96502ed39f,1,0,"{""criterion_support_failed"": 1}",0,3,3,,72,,,,,,,,,,,,,
da-15-1--rep-002--solver-luna--user-simulator-red-team-trace,da-15-1,2,user-simulator-red-team-trace,user,2,0,False,/data/user_data/aydanh/rubric_gen/runs/trace-attack-defense-v21-20260911/result20/study/biomnibench-da-factorial-r10-5115fffdd1c0/experiments/da-15-1/rep-002/luna/user-simulator-red-team-trace/rubric-generations/generation-0002,acca75845bb4a1d5156df8e31095509ac85d43b2ea6048baa304e59af21c0c00,1,0,"{""criterion_support_failed"": 1}",0,4,4,30,270,23,23,0,0,0,0,0,0,"[""pair_63de4d4606f728fd"", ""pair_87c200ce479535c5""]","{""PREFERENCE_CONFLICT"": 1, ""ADD"": 1}",1,0,1
da-15-1--rep-002--solver-luna--user-simulator-red-team-trace,da-15-1,2,user-simulator-red-team-trace,user,3,1,False,/data/user_data/aydanh/rubric_gen/runs/trace-attack-defense-v21-20260911/result20/study/biomnibench-da-factorial-r10-5115fffdd1c0/experiments/da-15-1/rep-002/luna/user-simulator-red-team-trace/rubric-generations/generation-0003,905e904381a5989b9fab51a0a4757faeba14ac8ecd54170029d15af4e92fa800,1,1,"{""accepted"": 1}",1,6,5,40,360,31,17,14,0,0,0,0,0,"[""pair_b7951140dce359ab"", ""pair_87c200ce479535c5""]","{""ADD"": 1, ""NO_SUPPORTED_RELATION"": 1}",1,0,1
da-15-1--rep-002--solver-luna--user-simulator-red-team-trace,da-15-1,2,user-simulator-red-team-trace,user,4,2,False,/data/user_data/aydanh/rubric_gen/runs/trace-attack-defense-v21-20260911/result20/study/biomnibench-da-factorial-r10-5115fffdd1c0/experiments/da-15-1/rep-002/luna/user-simulator-red-team-trace/rubric-generations/generation-0004,3a4ccbb5879762d37f7982342777ebb5f67e28672c92578ca2978367d8a7a926,2,0,"{""aggregate_margin_failed"": 1, ""criterion_support_failed"": 1}",1,9,7,51,459,51,45,6,0,0,0,0,0,"[""pair_ef96473db0d4bdff"", ""pair_668e7ae27b8c45ae""]","{""ADD"": 1, ""REPLACE:elicited_bf69295ace6a824b"": 1}",2,0,0
da-15-1--rep-002--solver-luna--user-simulator-red-team-trace,da-15-1,2,user-simulator-red-team-trace,user,5,3,False,/data/user_data/aydanh/rubric_gen/runs/trace-attack-defense-v21-20260911/result20/study/biomnibench-da-factorial-r10-5115fffdd1c0/experiments/da-15-1/rep-002/luna/user-simulator-red-team-trace/rubric-generations/generation-0005,3ab9bdd9325a20fe62091f080cc08a20d2f1152d8548b90005d0d452ccfa28bb,2,0,"{""criterion_support_failed"": 1, ""aggregate_margin_failed"": 1}",1,11,8,61,549,61,23,38,0,0,0,0,0,"[""pair_668e7ae27b8c45ae"", ""pair_02cb81b22cc75664""]","{""REPLACE:elicited_bf69295ace6a824b"": 1, ""ADD"": 1}",2,0,0
da-15-1--rep-002--solver-luna--user-simulator-red-team-trace,da-15-1,2,user-simulator-red-team-trace,user,6,4,False,/data/user_data/aydanh/rubric_gen/runs/trace-attack-defense-v21-20260911/result20/study/biomnibench-da-factorial-r10-5115fffdd1c0/experiments/da-15-1/rep-002/luna/user-simulator-red-team-trace/rubric-generations/generation-0006,b3b0229383b5f0bc9a56b740ecc4c7a4255e296f148a418d15b4d1b81d2a438e,2,0,"{""criterion_support_failed"": 2}",1,13,9,71,639,71,25,46,0,0,0,0,0,"[""pair_668e7ae27b8c45ae"", ""pair_168c88178633d31a""]","{""REPLACE:elicited_bf69295ace6a824b"": 1, ""ADD"": 1}",2,0,0
da-15-1--rep-002--solver-luna--user-simulator-red-team-trace,da-15-1,2,user-simulator-red-team-trace,user,7,5,False,/data/user_data/aydanh/rubric_gen/runs/trace-attack-defense-v21-20260911/result20/study/biomnibench-da-factorial-r10-5115fffdd1c0/experiments/da-15-1/rep-002/luna/user-simulator-red-team-trace/rubric-generations/generation-0007,cbc56b2804ecf7140594e5948b7abac1c08c62068e930036d73434f5f3fa721e,2,1,"{""accepted"": 1}",2,15,11,81,729,81,43,38,0,0,0,0,0,"[""pair_6e77225f8c3d825f"", ""pair_668e7ae27b8c45ae""]","{""ADD"": 2}",2,0,1
da-15-1--rep-002--solver-luna--user-simulator-red-team-trace,da-15-1,2,user-simulator-red-team-trace,user,8,6,False,/data/user_data/aydanh/rubric_gen/runs/trace-attack-defense-v21-20260911/result20/study/biomnibench-da-factorial-r10-5115fffdd1c0/experiments/da-15-1/rep-002/luna/user-simulator-red-team-trace/rubric-generations/generation-0008,111313c34c2a32e5b07ef9ae28895eeba7d1a852b13658560686b647f892bd4f,2,0,"{""aggregate_margin_failed"": 1, ""criterion_support_failed"": 1}",2,17,9,91,819,91,77,14,0,0,0,0,0,"[""pair_5b07269ae8834556"", ""pair_668e7ae27b8c45ae""]","{""ADD"": 2}",2,0,0
da-15-1--rep-002--solver-luna--user-simulator-red-team-trace,da-15-1,2,user-simulator-red-team-trace,user,9,7,False,/data/user_data/aydanh/rubric_gen/runs/trace-attack-defense-v21-20260911/result20/study/biomnibench-da-factorial-r10-5115fffdd1c0/experiments/da-15-1/rep-002/luna/user-simulator-red-team-trace/rubric-generations/generation-0009,c22985e41f934d557994147f9c541d5d72398cebe468377a4236fe64591608aa,2,0,"{""aggregate_margin_failed"": 1, ""criterion_support_failed"": 1}",2,19,11,101,909,101,31,70,0,0,0,0,0,"[""pair_8c54712ebf7852bc"", ""pair_668e7ae27b8c45ae""]","{""ADD"": 2}",2,0,0
da-15-1--rep-002--solver-luna--user-simulator-red-team-trace,da-15-1,2,user-simulator-red-team-trace,user,10,8,False,/data/user_data/aydanh/rubric_gen/runs/trace-attack-defense-v21-20260911/result20/study/biomnibench-da-factorial-r10-5115fffdd1c0/experiments/da-15-1/rep-002/luna/user-simulator-red-team-trace/rubric-generations/generation-0010,89dae5cee301c21f037370095000982fd1542ef8d2ccaf5c2cd841c8c3d77402,2,0,"{""criterion_support_failed"": 1, ""aggregate_margin_failed"": 1}",2,20,11,111,999,111,11,100,0,1,0,0,0,"[""pair_668e7ae27b8c45ae"", ""pair_8c54712ebf7852bc""]","{""ADD"": 2}",2,0,0
da-15-1--rep-002--solver-luna--user-simulator-red-team-trace,da-15-1,2,user-simulator-red-team-trace,user,11,9,False,/data/user_data/aydanh/rubric_gen/runs/trace-attack-defense-v21-20260911/result20/study/biomnibench-da-factorial-r10-5115fffdd1c0/experiments/da-15-1/rep-002/luna/user-simulator-red-team-trace/rubric-generations/generation-0011,42482592265e8430ec0439843b96d90ff2afe7df227137005f3a9c212ed56eab,2,0,"{""criterion_support_failed"": 1, ""aggregate_margin_failed"": 1}",2,21,11,121,1089,121,11,110,0,2,0,0,0,"[""pair_668e7ae27b8c45ae"", ""pair_8c54712ebf7852bc""]","{""ADD"": 2}",2,0,0
da-16-1--rep-003--solver-luna--full-red-team-trace,da-16-1,3,full-red-team-trace,full,1,,True,/data/user_data/aydanh/rubric_gen/runs/trace-attack-defense-v21-20260911/result20/study/biomnibench-da-factorial-r10-5115fffdd1c0/experiments/da-16-1/rep-003/luna/full-red-team-trace/rubric-generations/generation-0001,9b6da9a083616c360f91120b3fd8ff76b7fc963ea39cd9fbbb5fb6f7622955e2,1,1,"{""accepted"": 1}",1,3,2,,72,,,,,,,,,,,,,
da-16-1--rep-003--solver-luna--full-red-team-trace,da-16-1,3,full-red-team-trace,full,2,0,False,/data/user_data/aydanh/rubric_gen/runs/trace-attack-defense-v21-20260911/result20/study/biomnibench-da-factorial-r10-5115fffdd1c0/experiments/da-16-1/rep-003/luna/full-red-team-trace/rubric-generations/generation-0002,7503d206f42d7ec972a354c315601cf24ab3555fd6d384da6ad15974c745eb86,1,1,"{""accepted"": 1}",2,4,2,22,198,22,22,0,0,0,0,0,0,"[""pair_483b79c489ac05f9""]","{""ADD"": 1}",1,0,0
da-16-1--rep-003--solver-luna--full-red-team-trace,da-16-1,3,full-red-team-trace,full,3,1,False,/data/user_data/aydanh/rubric_gen/runs/trace-attack-defense-v21-20260911/result20/study/biomnibench-da-factorial-r10-5115fffdd1c0/experiments/da-16-1/rep-003/luna/full-red-team-trace/rubric-generations/generation-0003,30ab5f95e1dc43ec0a43577a9f022695b037619e8e47daef899a76369f2f2f3f,0,0,{},2,6,2,40,360,22,18,4,0,0,0,0,0,"[""pair_27671d9a4b6700d0"", ""pair_483b79c489ac05f9""]","{""NO_SUPPORTED_RELATION"": 2}",0,0,2
da-16-1--rep-003--solver-luna--full-red-team-trace,da-16-1,3,full-red-team-trace,full,4,2,False,/data/user_data/aydanh/rubric_gen/runs/trace-attack-defense-v21-20260911/result20/study/biomnibench-da-factorial-r10-5115fffdd1c0/experiments/da-16-1/rep-003/luna/full-red-team-trace/rubric-generations/generation-0004,ec2ee18dfe0e23d78008f1416c68ca76e376b38d4957b1c7dadfdab6fd97fb3f,0,0,{},2,9,4,51,459,29,8,21,0,0,0,0,0,"[""pair_7a85a81be31724fa"", ""pair_483b79c489ac05f9""]","{""PREFERENCE_CONFLICT"": 1, ""NO_SUPPORTED_RELATION"": 1}",0,0,2
da-16-1--rep-003--solver-luna--full-red-team-trace,da-16-1,3,full-red-team-trace,full,5,3,False,/data/user_data/aydanh/rubric_gen/runs/trace-attack-defense-v21-20260911/result20/study/biomnibench-da-factorial-r10-5115fffdd1c0/experiments/da-16-1/rep-003/luna/full-red-team-trace/rubric-generations/generation-0005,ce739362c6802577d5a9fb077e9380739ccfa0af55a84997e200a7ccb0de899f,0,0,{},2,10,4,56,504,32,3,29,0,0,0,0,0,"[""pair_483b79c489ac05f9"", ""pair_27671d9a4b6700d0""]","{""NO_SUPPORTED_RELATION"": 2}",0,0,2
da-16-1--rep-003--solver-luna--full-red-team-trace,da-16-1,3,full-red-team-trace,full,6,4,False,/data/user_data/aydanh/rubric_gen/runs/trace-attack-defense-v21-20260911/result20/study/biomnibench-da-factorial-r10-5115fffdd1c0/experiments/da-16-1/rep-003/luna/full-red-team-trace/rubric-generations/generation-0006,8a9611a5f8f0f73e7fc83f83421b0e010f5ada80d1988a243f53ea03f454bf69,1,1,"{""accepted"": 1}",3,11,5,61,549,48,18,30,0,0,0,0,0,"[""pair_c5e0643c5b928645"", ""pair_483b79c489ac05f9""]","{""ADD"": 1, ""NO_SUPPORTED_RELATION"": 1}",1,0,1
da-16-1--rep-003--solver-luna--full-red-team-trace,da-16-1,3,full-red-team-trace,full,7,5,False,/data/user_data/aydanh/rubric_gen/runs/trace-attack-defense-v21-20260911/result20/study/biomnibench-da-factorial-r10-5115fffdd1c0/experiments/da-16-1/rep-003/luna/full-red-team-trace/rubric-generations/generation-0007,330dfb522fb6887ef6061c8bcfcac6f706eea2cc92cc66e09a692cf6f1a8d70f,1,1,"{""accepted"": 1}",4,13,6,71,639,56,46,10,0,0,0,0,0,"[""pair_a45f09b916fe6388"", ""pair_483b79c489ac05f9""]","{""ADD"": 1, ""NO_SUPPORTED_RELATION"": 1}",1,0,1
da-18-7--rep-003--solver-luna--user-simulator-red-team-trace,da-18-7,3,user-simulator-red-team-trace,user,1,,True,/data/user_data/aydanh/rubric_gen/runs/trace-attack-defense-v21-20260911/result20/study/biomnibench-da-factorial-r10-5115fffdd1c0/experiments/da-18-7/rep-003/luna/user-simulator-red-team-trace/rubric-generations/generation-0001,b57c95b18b86b14834e39e8b0b97eafd6c80f9250ded589fd4e1fa3e9d617322,2,0,"{""criterion_support_failed"": 2}",0,3,3,,72,,,,,,,,,,,,,
da-18-7--rep-003--solver-luna--user-simulator-red-team-trace,da-18-7,3,user-simulator-red-team-trace,user,2,0,False,/data/user_data/aydanh/rubric_gen/runs/trace-attack-defense-v21-20260911/result20/study/biomnibench-da-factorial-r10-5115fffdd1c0/experiments/da-18-7/rep-003/luna/user-simulator-red-team-trace/rubric-generations/generation-0002,0ae097fe0250857073df7ec383fc62e13070192bc44cbb96acb4814c3b063502,1,1,"{""accepted"": 1}",1,4,4,30,270,23,23,0,0,0,0,0,0,"[""pair_490293a0bd012e1c"", ""pair_572464d67f35ba05""]","{""ADD"": 1, ""NO_SUPPORTED_RELATION"": 1}",1,0,1
da-18-7--rep-003--solver-luna--user-simulator-red-team-trace,da-18-7,3,user-simulator-red-team-trace,user,3,1,False,/data/user_data/aydanh/rubric_gen/runs/trace-attack-defense-v21-20260911/result20/study/biomnibench-da-factorial-r10-5115fffdd1c0/experiments/da-18-7/rep-003/luna/user-simulator-red-team-trace/rubric-generations/generation-0003,03fb3e3cb70f8c218f90ae216c7a45f9bf9a7eb3d0abdbf317cdf27d6e42eb09,2,1,"{""accepted"": 1, ""semantic_validation_failed"": 1}",2,5,3,40,360,40,36,4,0,1,0,0,0,"[""pair_c322cf2bf5731563"", ""pair_5fc84a2a7cdd69c8""]","{""ADD"": 2}",2,0,0
da-18-7--rep-003--solver-luna--user-simulator-red-team-trace,da-18-7,3,user-simulator-red-team-trace,user,4,2,False,/data/user_data/aydanh/rubric_gen/runs/trace-attack-defense-v21-20260911/result20/study/biomnibench-da-factorial-r10-5115fffdd1c0/experiments/da-18-7/rep-003/luna/user-simulator-red-team-trace/rubric-generations/generation-0004,982c2ec1affa04a9504b0980297ecbd591e77cea5eb3a85b40c27d7a49c52460,2,0,"{""aggregate_margin_failed"": 1, ""criterion_support_failed"": 1}",2,8,6,51,459,51,45,6,0,1,0,0,0,"[""pair_ed589b2f8dbba3c6"", ""pair_bb89055fc292cb64""]","{""ADD"": 2}",2,0,0
da-18-7--rep-003--solver-luna--user-simulator-red-team-trace,da-18-7,3,user-simulator-red-team-trace,user,5,3,False,/data/user_data/aydanh/rubric_gen/runs/trace-attack-defense-v21-20260911/result20/study/biomnibench-da-factorial-r10-5115fffdd1c0/experiments/da-18-7/rep-003/luna/user-simulator-red-team-trace/rubric-generations/generation-0005,30bded485d4d1ed63089bbd017a13293054f409d4d03b3bbaa9fd47508ee723d,1,1,"{""accepted"": 1}",3,10,6,61,549,48,22,26,0,1,0,0,0,"[""pair_2e044b44c30472dc"", ""pair_572464d67f35ba05""]","{""ADD"": 1, ""NO_SUPPORTED_RELATION"": 1}",1,0,1
da-18-7--rep-003--solver-luna--user-simulator-red-team-trace,da-18-7,3,user-simulator-red-team-trace,user,6,4,False,/data/user_data/aydanh/rubric_gen/runs/trace-attack-defense-v21-20260911/result20/study/biomnibench-da-factorial-r10-5115fffdd1c0/experiments/da-18-7/rep-003/luna/user-simulator-red-team-trace/rubric-generations/generation-0006,1fe47f669bb5987929757898a914ce374bb00e1a70ec88497c968def7abef4ea,2,0,"{""criterion_support_failed"": 2}",3,12,7,71,639,71,61,10,0,1,0,0,0,"[""pair_a46a9750c174b982"", ""pair_5fc84a2a7cdd69c8""]","{""ADD"": 1, ""REPLACE:elicited_bf3243134ae665e9"": 1}",2,0,0
da-15-8--rep-003--solver-luna--full-red-team-trace,da-15-8,3,full-red-team-trace,full,1,,True,/data/user_data/aydanh/rubric_gen/runs/trace-attack-defense-v21-20260911/result20/study/biomnibench-da-factorial-r10-5115fffdd1c0/experiments/da-15-8/rep-003/luna/full-red-team-trace/rubric-generations/generation-0001,5902ac8043f4a37db3b019bf2aad7f61aa989357a723b635edf4f1f3843272b6,1,0,"{""criterion_support_failed"": 1}",0,3,3,,72,,,,,,,,,,,,,
da-15-8--rep-003--solver-luna--full-red-team-trace,da-15-8,3,full-red-team-trace,full,2,0,False,/data/user_data/aydanh/rubric_gen/runs/trace-attack-defense-v21-20260911/result20/study/biomnibench-da-factorial-r10-5115fffdd1c0/experiments/da-15-8/rep-003/luna/full-red-team-trace/rubric-generations/generation-0002,d38ff7ba5016bd5bc6e207ded8c0332e10239a24ab0c222e645ae326b8f68fde,1,1,"{""accepted"": 1}",1,4,3,30,270,23,23,0,0,0,0,0,0,"[""pair_4167587e50af7ca3"", ""pair_f3e47ebe4e5ae9c6""]","{""NO_SUPPORTED_RELATION"": 1, ""ADD"": 1}",1,0,1
da-15-8--rep-003--solver-luna--full-red-team-trace,da-15-8,3,full-red-team-trace,full,3,1,False,/data/user_data/aydanh/rubric_gen/runs/trace-attack-defense-v21-20260911/result20/study/biomnibench-da-factorial-r10-5115fffdd1c0/experiments/da-15-8/rep-003/luna/full-red-team-trace/rubric-generations/generation-0003,43f83451369926961a7763c8b85d2c3ac1de4ba0d026bcf5070d98ac8a2cd90e,1,0,"{""aggregate_margin_failed"": 1}",1,6,3,40,360,31,27,4,0,0,0,0,0,"[""pair_e08ac17e03043331"", ""pair_4167587e50af7ca3""]","{""ADD"": 1, ""PREFERENCE_CONFLICT"": 1}",1,0,1
da-15-8--rep-003--solver-luna--full-red-team-trace,da-15-8,3,full-red-team-trace,full,4,2,False,/data/user_data/aydanh/rubric_gen/runs/trace-attack-defense-v21-20260911/result20/study/biomnibench-da-factorial-r10-5115fffdd1c0/experiments/da-15-8/rep-003/luna/full-red-team-trace/rubric-generations/generation-0004,6cccb1906713443c87f21202b3f75adac8c8fcbc7334223da77e5a291b5b6771,1,0,"{""criterion_support_failed"": 1}",1,7,4,45,405,35,14,21,0,0,0,0,0,"[""pair_3c3565421cc561aa"", ""pair_4167587e50af7ca3""]","{""ADD"": 1, ""PREFERENCE_CONFLICT"": 1}",1,0,1
da-15-8--rep-003--solver-luna--full-red-team-trace,da-15-8,3,full-red-team-trace,full,5,3,False,/data/user_data/aydanh/rubric_gen/runs/trace-attack-defense-v21-20260911/result20/study/biomnibench-da-factorial-r10-5115fffdd1c0/experiments/da-15-8/rep-003/luna/full-red-team-trace/rubric-generations/generation-0005,89a3dc4be6a75f4c748d25a840518023533e8540703102bb1f5b8a0f7b3759de,0,0,{},1,8,5,50,450,28,4,24,0,0,0,0,0,"[""pair_094d817ea6d15686"", ""pair_4167587e50af7ca3""]","{""NO_SUPPORTED_RELATION"": 1, ""PREFERENCE_CONFLICT"": 1}",0,0,2
da-15-8--rep-003--solver-luna--full-red-team-trace,da-15-8,3,full-red-team-trace,full,6,4,False,/data/user_data/aydanh/rubric_gen/runs/trace-attack-defense-v21-20260911/result20/study/biomnibench-da-factorial-r10-5115fffdd1c0/experiments/da-15-8/rep-003/luna/full-red-team-trace/rubric-generations/generation-0006,72b2b4395b4984ef241368a79bb02b3be4b505342ebd70c59b8c7fe801feca6f,0,0,{},1,9,6,55,495,31,4,27,0,0,0,0,0,"[""pair_47fbfef930f6678a"", ""pair_094d817ea6d15686""]","{""PREFERENCE_CONFLICT"": 1, ""NO_SUPPORTED_RELATION"": 1}",0,0,2
da-19-6--rep-001--solver-luna--user-simulator-red-team-trace,da-19-6,1,user-simulator-red-team-trace,user,1,,True,/data/user_data/aydanh/rubric_gen/runs/trace-attack-defense-v21-20260911/result20/study/biomnibench-da-factorial-r10-5115fffdd1c0/experiments/da-19-6/rep-001/luna/user-simulator-red-team-trace/rubric-generations/generation-0001,4a1518eb7d3ee385c1e80d56fc1f57623d93add3bdc234fda28b8c548277e317,1,1,"{""accepted"": 1}",1,3,3,,72,,,,,,,,,,,,,
da-19-6--rep-001--solver-luna--user-simulator-red-team-trace,da-19-6,1,user-simulator-red-team-trace,user,2,0,False,/data/user_data/aydanh/rubric_gen/runs/trace-attack-defense-v21-20260911/result20/study/biomnibench-da-factorial-r10-5115fffdd1c0/experiments/da-19-6/rep-001/luna/user-simulator-red-team-trace/rubric-generations/generation-0002,00ab29487460dfd8f2921901feb1f2a151f2df2ab6f340cd4e873281f195469c,2,1,"{""accepted"": 1, ""criterion_support_failed"": 1}",2,4,4,30,270,30,30,0,0,0,0,0,0,"[""pair_e39be78d5bdb1e04"", ""pair_48f4c1071533b42c""]","{""ADD"": 1, ""REPLACE:elicited_de6ec5aea485fff6"": 1}",2,0,0
da-19-6--rep-001--solver-luna--user-simulator-red-team-trace,da-19-6,1,user-simulator-red-team-trace,user,3,1,False,/data/user_data/aydanh/rubric_gen/runs/trace-attack-defense-v21-20260911/result20/study/biomnibench-da-factorial-r10-5115fffdd1c0/experiments/da-19-6/rep-001/luna/user-simulator-red-team-trace/rubric-generations/generation-0003,0fd748080d16d0391504ceae1254b25a4f6900a706ede62c8035b35bc10afcaf,1,0,"{""criterion_support_failed"": 1}",2,6,3,40,360,31,27,4,0,0,0,0,0,"[""pair_a3e2e631cef2bd5f"", ""pair_48f4c1071533b42c""]","{""REPLACE:elicited_54d419bb7a830219"": 1, ""NO_SUPPORTED_RELATION"": 1}",1,0,1
da-19-6--rep-001--solver-luna--user-simulator-red-team-trace,da-19-6,1,user-simulator-red-team-trace,user,4,2,False,/data/user_data/aydanh/rubric_gen/runs/trace-attack-defense-v21-20260911/result20/study/biomnibench-da-factorial-r10-5115fffdd1c0/experiments/da-19-6/rep-001/luna/user-simulator-red-team-trace/rubric-generations/generation-0004,6a7b42a042cd7c801fc130a5624d34b2b11eeb65f3a540ad830df4806f6a8a7d,2,2,"{""accepted"": 2}",3,9,4,51,459,51,31,20,0,0,0,0,0,"[""pair_2c531201a7f7d117"", ""pair_a3e2e631cef2bd5f""]","{""ADD"": 1, ""REPLACE:elicited_54d419bb7a830219"": 1}",2,0,0
da-19-6--rep-001--solver-luna--user-simulator-red-team-trace,da-19-6,1,user-simulator-red-team-trace,user,5,3,False,/data/user_data/aydanh/rubric_gen/runs/trace-attack-defense-v21-20260911/result20/study/biomnibench-da-factorial-r10-5115fffdd1c0/experiments/da-19-6/rep-001/luna/user-simulator-red-team-trace/rubric-generations/generation-0005,8ffa04e669047c1dea6c9c90169f058796a9e653a1c1adfdba7959536cbab568,1,0,"{""criterion_support_failed"": 1}",3,11,4,61,549,48,40,8,0,0,0,0,0,"[""pair_0b29ef6f253b4d08"", ""pair_48f4c1071533b42c""]","{""ADD"": 1, ""NO_SUPPORTED_RELATION"": 1}",1,0,1
da-19-6--rep-001--solver-luna--user-simulator-red-team-trace,da-19-6,1,user-simulator-red-team-trace,user,6,4,False,/data/user_data/aydanh/rubric_gen/runs/trace-attack-defense-v21-20260911/result20/study/biomnibench-da-factorial-r10-5115fffdd1c0/experiments/da-19-6/rep-001/luna/user-simulator-red-team-trace/rubric-generations/generation-0006,64418c405afe6dc585208d3477f5c7f992b96a22001d0b9d56fd0b00468e3457,2,0,"{""criterion_support_failed"": 2}",3,13,6,71,639,71,39,32,0,0,0,0,0,"[""pair_3ff1fcd458f6bb63"", ""pair_6d1f68ff9cdf2f46""]","{""ADD"": 1, ""REPLACE:elicited_5a1dd65605ac1845"": 1}",2,0,0
da-14-3--rep-001--solver-luna--user-simulator-red-team-trace,da-14-3,1,user-simulator-red-team-trace,user,1,,True,/data/user_data/aydanh/rubric_gen/runs/trace-attack-defense-v21-20260911/result20/study/biomnibench-da-factorial-r10-5115fffdd1c0/experiments/da-14-3/rep-001/luna/user-simulator-red-team-trace/rubric-generations/generation-0001,0b591d6a887586fcfb1b6cf3a9c2e117c31ddbe2666cd6a0ebc1f7aad4f69ac1,1,1,"{""accepted"": 1}",1,3,2,,72,,,,,,,,,,,,,
da-14-3--rep-001--solver-luna--user-simulator-red-team-trace,da-14-3,1,user-simulator-red-team-trace,user,2,0,False,/data/user_data/aydanh/rubric_gen/runs/trace-attack-defense-v21-20260911/result20/study/biomnibench-da-factorial-r10-5115fffdd1c0/experiments/da-14-3/rep-001/luna/user-simulator-red-team-trace/rubric-generations/generation-0002,8b84936e6c62d7956453a765a2db081944541f88ef658d9e6d9d2a70e51510ca,1,0,"{""criterion_support_failed"": 1}",1,3,3,30,270,22,22,0,0,1,0,0,0,"[""pair_b32c74d837d7da9c"", ""pair_bca9ad4cab26c969""]","{""PREFERENCE_CONFLICT"": 1, ""ADD"": 1}",1,0,1
da-14-3--rep-001--solver-luna--user-simulator-red-team-trace,da-14-3,1,user-simulator-red-team-trace,user,3,1,False,/data/user_data/aydanh/rubric_gen/runs/trace-attack-defense-v21-20260911/result20/study/biomnibench-da-factorial-r10-5115fffdd1c0/experiments/da-14-3/rep-001/luna/user-simulator-red-team-trace/rubric-generations/generation-0003,a066c9a39c62e7ff4a50777859bc96c2c2daaf3c426e5d8f4fb08c2eadbb7df8,1,0,"{""criterion_support_failed"": 1}",1,5,3,40,360,30,8,22,0,1,0,0,0,"[""pair_b32c74d837d7da9c"", ""pair_bca9ad4cab26c969""]","{""PREFERENCE_CONFLICT"": 1, ""ADD"": 1}",1,0,1
da-14-3--rep-001--solver-luna--user-simulator-red-team-trace,da-14-3,1,user-simulator-red-team-trace,user,4,2,False,/data/user_data/aydanh/rubric_gen/runs/trace-attack-defense-v21-20260911/result20/study/biomnibench-da-factorial-r10-5115fffdd1c0/experiments/da-14-3/rep-001/luna/user-simulator-red-team-trace/rubric-generations/generation-0004,9196c3f70b0a76843117be869fa4710c1eae0975b80abeeaad84f61d06d3b9a6,1,1,"{""accepted"": 1}",2,6,4,45,405,34,14,20,0,1,0,0,0,"[""pair_a26e465c708f8628"", ""pair_b32c74d837d7da9c""]","{""ADD"": 1, ""PREFERENCE_CONFLICT"": 1}",1,0,1
da-14-3--rep-001--solver-luna--user-simulator-red-team-trace,da-14-3,1,user-simulator-red-team-trace,user,5,3,False,/data/user_data/aydanh/rubric_gen/runs/trace-attack-defense-v21-20260911/result20/study/biomnibench-da-factorial-r10-5115fffdd1c0/experiments/da-14-3/rep-001/luna/user-simulator-red-team-trace/rubric-generations/generation-0005,9ec32bafefbde46900203470aa8524d619210dfd6f4527df07607bd097ba000a,1,0,"{""aggregate_margin_failed"": 1}",2,7,5,50,450,38,31,7,0,1,0,0,0,"[""pair_9b951fc7a2c70ea1"", ""pair_b32c74d837d7da9c""]","{""PREFERENCE_CONFLICT"": 1, ""ADD"": 1}",1,0,1
da-14-3--rep-001--solver-luna--user-simulator-red-team-trace,da-14-3,1,user-simulator-red-team-trace,user,6,4,False,/data/user_data/aydanh/rubric_gen/runs/trace-attack-defense-v21-20260911/result20/study/biomnibench-da-factorial-r10-5115fffdd1c0/experiments/da-14-3/rep-001/luna/user-simulator-red-team-trace/rubric-generations/generation-0006,efcfe8f7eec08037473fd95e588e7dde2cd6b4e1777882b90d459343ba4fe0c9,1,1,"{""accepted"": 1}",3,8,6,55,495,42,16,26,0,1,0,0,0,"[""pair_5a3dfa5d4266067b"", ""pair_b32c74d837d7da9c""]","{""ADD"": 1, ""PREFERENCE_CONFLICT"": 1}",1,0,1
da-10-1--rep-003--solver-luna--user-simulator-red-team-trace,da-10-1,3,user-simulator-red-team-trace,user,1,,True,/data/user_data/aydanh/rubric_gen/runs/trace-attack-defense-v21-20260911/result20/study/biomnibench-da-factorial-r10-5115fffdd1c0/experiments/da-10-1/rep-003/luna/user-simulator-red-team-trace/rubric-generations/generation-0001,4b07a8ad37ab26fc123017699844537c92c845ad342d0960b797de2dcd4910e8,0,0,{},0,3,0,,72,,,,,,,,,,,,,
da-10-1--rep-003--solver-luna--user-simulator-red-team-trace,da-10-1,3,user-simulator-red-team-trace,user,2,0,False,/data/user_data/aydanh/rubric_gen/runs/trace-attack-defense-v21-20260911/result20/study/biomnibench-da-factorial-r10-5115fffdd1c0/experiments/da-10-1/rep-003/luna/user-simulator-red-team-trace/rubric-generations/generation-0002,2d230c153e93b526a8509e0e30473d6c32c1fd54c60992dfd284f03c0a3b28ca,2,1,"{""accepted"": 1, ""criterion_support_failed"": 1}",1,4,3,30,270,30,30,0,0,0,0,0,0,"[""pair_6332d50558a444bd"", ""pair_4267ae532527d5ad""]","{""ADD"": 2}",2,0,0
da-10-1--rep-003--solver-luna--user-simulator-red-team-trace,da-10-1,3,user-simulator-red-team-trace,user,3,1,False,/data/user_data/aydanh/rubric_gen/runs/trace-attack-defense-v21-20260911/result20/study/biomnibench-da-factorial-r10-5115fffdd1c0/experiments/da-10-1/rep-003/luna/user-simulator-red-team-trace/rubric-generations/generation-0003,e32e2c3c279e542f8cf2c93be37ba1f4fb95b4e432b8e8d5a18aba22d2a5d74f,1,1,"{""accepted"": 1}",2,5,1,30,270,30,26,4,0,1,0,0,0,"[""pair_c640ab7c727c004f""]","{""ADD"": 1}",1,0,0
da-10-1--rep-003--solver-luna--user-simulator-red-team-trace,da-10-1,3,user-simulator-red-team-trace,user,4,2,False,/data/user_data/aydanh/rubric_gen/runs/trace-attack-defense-v21-20260911/result20/study/biomnibench-da-factorial-r10-5115fffdd1c0/experiments/da-10-1/rep-003/luna/user-simulator-red-team-trace/rubric-generations/generation-0004,b58a394be6682ead00cb07b2ca0034363a102dfe8a6f34c311efd323426af84e,2,0,"{""criterion_support_failed"": 2}",2,8,3,51,459,51,45,6,0,1,0,0,0,"[""pair_5200255b8e42c27b"", ""pair_4267ae532527d5ad""]","{""ADD"": 2}",2,0,0
da-10-1--rep-003--solver-luna--user-simulator-red-team-trace,da-10-1,3,user-simulator-red-team-trace,user,5,3,False,/data/user_data/aydanh/rubric_gen/runs/trace-attack-defense-v21-20260911/result20/study/biomnibench-da-factorial-r10-5115fffdd1c0/experiments/da-10-1/rep-003/luna/user-simulator-red-team-trace/rubric-generations/generation-0005,6d7201076db6c094bec967d71bdd41dfc6416bd88bf376501a2ec3c49a7379c0,2,0,"{""aggregate_margin_failed"": 1, ""criterion_support_failed"": 1}",2,10,5,61,549,61,24,38,0,1,0,0,0,"[""pair_1744977749ab3925"", ""pair_5200255b8e42c27b""]","{""ADD"": 2}",2,0,0
da-10-1--rep-003--solver-luna--user-simulator-red-team-trace,da-10-1,3,user-simulator-red-team-trace,user,6,4,False,/data/user_data/aydanh/rubric_gen/runs/trace-attack-defense-v21-20260911/result20/study/biomnibench-da-factorial-r10-5115fffdd1c0/experiments/da-10-1/rep-003/luna/user-simulator-red-team-trace/rubric-generations/generation-0006,f0e46f8f9e5a4153b2a4a4b13d1c747e1e440c09c0731636d8e05a5fe2d90637,2,0,"{""aggregate_margin_failed"": 1, ""criterion_support_failed"": 1}",2,12,6,71,639,71,11,60,0,1,0,0,0,"[""pair_1744977749ab3925"", ""pair_5200255b8e42c27b""]","{""ADD"": 2}",2,0,0
da-10-1--rep-003--solver-luna--user-simulator-red-team-trace,da-10-1,3,user-simulator-red-team-trace,user,7,5,False,/data/user_data/aydanh/rubric_gen/runs/trace-attack-defense-v21-20260911/result20/study/biomnibench-da-factorial-r10-5115fffdd1c0/experiments/da-10-1/rep-003/luna/user-simulator-red-team-trace/rubric-generations/generation-0007,fd5ac605ccbe50d5ec1b07562a70eb5de61e6433379bfb6b14abb498fae30c43,2,1,"{""accepted"": 1}",3,14,7,81,729,81,44,38,0,1,0,0,0,"[""pair_ede17b53deb6b464"", ""pair_1744977749ab3925""]","{""ADD"": 2}",2,0,1
da-10-1--rep-003--solver-luna--user-simulator-red-team-trace,da-10-1,3,user-simulator-red-team-trace,user,8,6,False,/data/user_data/aydanh/rubric_gen/runs/trace-attack-defense-v21-20260911/result20/study/biomnibench-da-factorial-r10-5115fffdd1c0/experiments/da-10-1/rep-003/luna/user-simulator-red-team-trace/rubric-generations/generation-0008,9ca315e121133a7c9a2eee7de32d233731262cb2e9d8b24800be7a2f6d886498,1,1,"{""accepted"": 1}",4,16,6,91,819,72,58,14,0,1,0,0,0,"[""pair_d34e7cf8a1c800ae"", ""pair_5200255b8e42c27b""]","{""ADD"": 1, ""PREFERENCE_CONFLICT"": 1}",1,0,1
da-10-1--rep-003--solver-luna--user-simulator-red-team-trace,da-10-1,3,user-simulator-red-team-trace,user,9,7,False,/data/user_data/aydanh/rubric_gen/runs/trace-attack-defense-v21-20260911/result20/study/biomnibench-da-factorial-r10-5115fffdd1c0/experiments/da-10-1/rep-003/luna/user-simulator-red-team-trace/rubric-generations/generation-0009,d7e41e5620c902e711e0fe54686072ed8cd865e5447d2f0fb9e2115f7f25cc3d,1,0,"{""criterion_support_failed"": 1}",4,18,7,101,909,80,64,16,0,1,0,0,0,"[""pair_780c862aaca15e8f"", ""pair_4267ae532527d5ad""]","{""NO_SUPPORTED_RELATION"": 1, ""ADD"": 1}",1,0,1
da-10-1--rep-003--solver-luna--user-simulator-red-team-trace,da-10-1,3,user-simulator-red-team-trace,user,10,8,False,/data/user_data/aydanh/rubric_gen/runs/trace-attack-defense-v21-20260911/result20/study/biomnibench-da-factorial-r10-5115fffdd1c0/experiments/da-10-1/rep-003/luna/user-simulator-red-team-trace/rubric-generations/generation-0010,980569fcec514b63576aa3032733a5e9c6e72b899d57b940af8251fc51b31c93,1,0,"{""aggregate_margin_failed"": 1}",4,20,9,111,999,88,31,57,0,1,0,0,0,"[""pair_d55a4a19fd3b55eb"", ""pair_780c862aaca15e8f""]","{""ADD"": 1, ""NO_SUPPORTED_RELATION"": 1}",1,0,1
da-10-1--rep-003--solver-luna--user-simulator-red-team-trace,da-10-1,3,user-simulator-red-team-trace,user,11,9,False,/data/user_data/aydanh/rubric_gen/runs/trace-attack-defense-v21-20260911/result20/study/biomnibench-da-factorial-r10-5115fffdd1c0/experiments/da-10-1/rep-003/luna/user-simulator-red-team-trace/rubric-generations/generation-0011,d74a402062631c93bc3cc485eb27d89f1267917c913067811bacc26d232e0c32,1,0,"{""aggregate_margin_failed"": 1}",4,22,10,121,1089,96,9,87,0,1,0,0,0,"[""pair_780c862aaca15e8f"", ""pair_d55a4a19fd3b55eb""]","{""NO_SUPPORTED_RELATION"": 1, ""ADD"": 1}",1,0,1
da-13-6--rep-002--solver-luna--user-simulator-red-team-trace,da-13-6,2,user-simulator-red-team-trace,user,1,,True,/data/user_data/aydanh/rubric_gen/runs/trace-attack-defense-v21-20260911/result20/study/biomnibench-da-factorial-r10-5115fffdd1c0/experiments/da-13-6/rep-002/luna/user-simulator-red-team-trace/rubric-generations/generation-0001,fadb02664986ba5318722abc1256c8421be8afb80d7b22c4d4fe7238f875b050,1,1,"{""accepted"": 1}",1,3,2,,72,,,,,,,,,,,,,
da-13-6--rep-002--solver-luna--user-simulator-red-team-trace,da-13-6,2,user-simulator-red-team-trace,user,2,0,False,/data/user_data/aydanh/rubric_gen/runs/trace-attack-defense-v21-20260911/result20/study/biomnibench-da-factorial-r10-5115fffdd1c0/experiments/da-13-6/rep-002/luna/user-simulator-red-team-trace/rubric-generations/generation-0002,eac96591d364bf8af887a391d2f554c90d545f0644f700228b6e712f17607538,2,0,"{""aggregate_margin_failed"": 2}",1,4,3,30,270,30,30,0,0,0,0,0,0,"[""pair_07f16ae839f03f32"", ""pair_b5b0221091698daa""]","{""ADD"": 2}",2,0,0
da-13-6--rep-002--solver-luna--user-simulator-red-team-trace,da-13-6,2,user-simulator-red-team-trace,user,3,1,False,/data/user_data/aydanh/rubric_gen/runs/trace-attack-defense-v21-20260911/result20/study/biomnibench-da-factorial-r10-5115fffdd1c0/experiments/da-13-6/rep-002/luna/user-simulator-red-team-trace/rubric-generations/generation-0003,a82062769c3b6301e41e862db6927d1d98e19305194d14119127e30cd4c998d5,2,0,"{""aggregate_margin_failed"": 2}",1,6,5,40,360,40,18,22,0,0,0,0,0,"[""pair_ff471476705c208c"", ""pair_b5b0221091698daa""]","{""ADD"": 2}",2,0,0
da-13-6--rep-002--solver-luna--user-simulator-red-team-trace,da-13-6,2,user-simulator-red-team-trace,user,4,2,False,/data/user_data/aydanh/rubric_gen/runs/trace-attack-defense-v21-20260911/result20/study/biomnibench-da-factorial-r10-5115fffdd1c0/experiments/da-13-6/rep-002/luna/user-simulator-red-team-trace/rubric-generations/generation-0004,3f59513c05aff35c3667cfcc3b2621269cf116c64fa9961945e44afd43b88770,1,1,"{""accepted"": 1}",2,9,6,51,459,40,20,20,0,0,0,0,0,"[""pair_95f44ad8cc968f52"", ""pair_b5b0221091698daa""]","{""ADD"": 1, ""PREFERENCE_CONFLICT"": 1}",1,0,1
da-13-6--rep-002--solver-luna--user-simulator-red-team-trace,da-13-6,2,user-simulator-red-team-trace,user,5,3,False,/data/user_data/aydanh/rubric_gen/runs/trace-attack-defense-v21-20260911/result20/study/biomnibench-da-factorial-r10-5115fffdd1c0/experiments/da-13-6/rep-002/luna/user-simulator-red-team-trace/rubric-generations/generation-0005,784e02f1ce031b6e522ffffc651a9fc218abf5114deb87d2a95e46d77c9e5016,2,1,"{""aggregate_margin_failed"": 1, ""accepted"": 1}",3,10,6,61,549,61,53,8,0,1,0,0,0,"[""pair_784e3fdf551704cf"", ""pair_07f16ae839f03f32""]","{""REPLACE:elicited_fd1b148d5bf4b379"": 1, ""ADD"": 1}",2,0,0
da-13-6--rep-002--solver-luna--user-simulator-red-team-trace,da-13-6,2,user-simulator-red-team-trace,user,6,4,False,/data/user_data/aydanh/rubric_gen/runs/trace-attack-defense-v21-20260911/result20/study/biomnibench-da-factorial-r10-5115fffdd1c0/experiments/da-13-6/rep-002/luna/user-simulator-red-team-trace/rubric-generations/generation-0006,02480ef24c6abeaaef5dc04e48175d27ed6acd581e1b4c4060565bacd042a2e9,1,0,"{""semantic_validation_failed"": 1}",3,11,5,66,594,52,41,11,0,1,0,0,0,"[""pair_8475a9bec9584884"", ""pair_b5b0221091698daa""]","{""PREFERENCE_CONFLICT"": 1, ""ADD"": 1}",1,0,1
da-13-1--rep-002--solver-luna--user-simulator-red-team-trace,da-13-1,2,user-simulator-red-team-trace,user,1,,True,/data/user_data/aydanh/rubric_gen/runs/trace-attack-defense-v21-20260911/result20/study/biomnibench-da-factorial-r10-5115fffdd1c0/experiments/da-13-1/rep-002/luna/user-simulator-red-team-trace/rubric-generations/generation-0001,ecb81c7011e5740fe7b443a836a8daa47ff6a5b2e2f7178f0412d2425c2b7f64,0,0,{},0,3,0,,72,,,,,,,,,,,,,
da-13-1--rep-002--solver-luna--user-simulator-red-team-trace,da-13-1,2,user-simulator-red-team-trace,user,2,0,False,/data/user_data/aydanh/rubric_gen/runs/trace-attack-defense-v21-20260911/result20/study/biomnibench-da-factorial-r10-5115fffdd1c0/experiments/da-13-1/rep-002/luna/user-simulator-red-team-trace/rubric-generations/generation-0002,4ae6a1cd292a03b3be4161dc49628c2376c2869544268f52e1854ca64a4b1f0b,2,1,"{""criterion_support_failed"": 1, ""accepted"": 1}",1,4,3,30,270,30,30,0,0,0,0,0,0,"[""pair_5b17c2e85d7f8126"", ""pair_6861b5bd50fa8f7a""]","{""ADD"": 2}",2,0,0
da-13-1--rep-002--solver-luna--user-simulator-red-team-trace,da-13-1,2,user-simulator-red-team-trace,user,3,1,False,/data/user_data/aydanh/rubric_gen/runs/trace-attack-defense-v21-20260911/result20/study/biomnibench-da-factorial-r10-5115fffdd1c0/experiments/da-13-1/rep-002/luna/user-simulator-red-team-trace/rubric-generations/generation-0003,002e4b6cb9ed13c02a5a98bd7c1b98fba8e62206b75cfb3e6d561289fb9542cc,1,0,"{""criterion_support_failed"": 1}",1,6,2,30,270,30,26,4,0,0,0,0,0,"[""pair_5b17c2e85d7f8126""]","{""REPLACE:elicited_e807360b7f2cdd78"": 1}",1,0,0
da-13-1--rep-002--solver-luna--user-simulator-red-team-trace,da-13-1,2,user-simulator-red-team-trace,user,4,2,False,/data/user_data/aydanh/rubric_gen/runs/trace-attack-defense-v21-20260911/result20/study/biomnibench-da-factorial-r10-5115fffdd1c0/experiments/da-13-1/rep-002/luna/user-simulator-red-team-trace/rubric-generations/generation-0004,66ad6d663b45c0341febd6fa4f043f36397f51b591510c2464feacb94f3efc4d,0,0,{},1,9,4,51,459,29,9,20,0,0,0,0,0,"[""pair_4c819c38129f3014"", ""pair_5214e7bafe829207""]","{""PREFERENCE_CONFLICT"": 1, ""NO_SUPPORTED_RELATION"": 1}",0,0,2
da-13-1--rep-002--solver-luna--user-simulator-red-team-trace,da-13-1,2,user-simulator-red-team-trace,user,5,3,False,/data/user_data/aydanh/rubric_gen/runs/trace-attack-defense-v21-20260911/result20/study/biomnibench-da-factorial-r10-5115fffdd1c0/experiments/da-13-1/rep-002/luna/user-simulator-red-team-trace/rubric-generations/generation-0005,726746ef52e15e5f02e844fe6c66d544a68f9fc3a2241d9ced2cc5e9303934d6,1,1,"{""accepted"": 1}",2,11,5,61,549,48,22,26,0,0,0,0,0,"[""pair_251ed4ed92272493"", ""pair_4c819c38129f3014""]","{""ADD"": 1, ""NO_SUPPORTED_RELATION"": 1}",1,0,1
da-13-1--rep-002--solver-luna--user-simulator-red-team-trace,da-13-1,2,user-simulator-red-team-trace,user,6,4,False,/data/user_data/aydanh/rubric_gen/runs/trace-attack-defense-v21-20260911/result20/study/biomnibench-da-factorial-r10-5115fffdd1c0/experiments/da-13-1/rep-002/luna/user-simulator-red-team-trace/rubric-generations/generation-0006,f56e3f080099b3139072b44da81c6fa494ee320f0a38d5db8cd6f00efd2ff925,1,0,"{""aggregate_margin_failed"": 1}",2,13,7,71,639,56,46,10,0,0,0,0,0,"[""pair_6a0ebd39d3f8a810"", ""pair_1627c71e29191e37""]","{""ADD"": 1, ""NO_SUPPORTED_RELATION"": 1}",1,0,1
da-13-1--rep-002--solver-luna--user-simulator-red-team-trace,da-13-1,2,user-simulator-red-team-trace,user,7,5,False,/data/user_data/aydanh/rubric_gen/runs/trace-attack-defense-v21-20260911/result20/study/biomnibench-da-factorial-r10-5115fffdd1c0/experiments/da-13-1/rep-002/luna/user-simulator-red-team-trace/rubric-generations/generation-0007,bf3bcc38f8501dcdfcdfc27567aa2efc67636ed490d0c26a43d8ee6e3a8d706d,2,1,"{""accepted"": 1, ""aggregate_margin_failed"": 1}",3,15,9,81,729,81,43,38,0,0,0,0,0,"[""pair_22a5efe1db17aeed"", ""pair_6a0ebd39d3f8a810""]","{""ADD"": 2}",2,0,0
da-13-1--rep-002--solver-luna--user-simulator-red-team-trace,da-13-1,2,user-simulator-red-team-trace,user,8,6,False,/data/user_data/aydanh/rubric_gen/runs/trace-attack-defense-v21-20260911/result20/study/biomnibench-da-factorial-r10-5115fffdd1c0/experiments/da-13-1/rep-002/luna/user-simulator-red-team-trace/rubric-generations/generation-0008,3479f87f2c33945659cd97bdd5e33a7303e0c5cc85329a6b301885d18ef9e4db,2,1,"{""aggregate_margin_failed"": 1, ""accepted"": 1}",4,17,6,91,819,91,77,14,0,0,0,0,0,"[""pair_66594d190c8c3ff4"", ""pair_5214e7bafe829207""]","{""ADD"": 2}",2,0,0
da-13-1--rep-002--solver-luna--user-simulator-red-team-trace,da-13-1,2,user-simulator-red-team-trace,user,9,7,False,/data/user_data/aydanh/rubric_gen/runs/trace-attack-defense-v21-20260911/result20/study/biomnibench-da-factorial-r10-5115fffdd1c0/experiments/da-13-1/rep-002/luna/user-simulator-red-team-trace/rubric-generations/generation-0009,7c1912a094aaa62e73d67474e72742f2d66573ab5b52937cf56d2b64e7776fd8,1,0,"{""aggregate_margin_failed"": 1}",4,19,7,101,909,81,65,16,0,0,0,1,0,"[""pair_5b17c2e85d7f8126"", ""pair_66594d190c8c3ff4""]","{""ADD"": 2}",2,0,0
da-13-1--rep-002--solver-luna--user-simulator-red-team-trace,da-13-1,2,user-simulator-red-team-trace,user,10,8,False,/data/user_data/aydanh/rubric_gen/runs/trace-attack-defense-v21-20260911/result20/study/biomnibench-da-factorial-r10-5115fffdd1c0/experiments/da-13-1/rep-002/luna/user-simulator-red-team-trace/rubric-generations/generation-0010,757d64273ce26fc99d9d68a4ce734216dc0963a82f8b007ec7558ff71e416841,0,0,{},4,21,9,111,999,66,8,58,0,0,0,1,0,"[""pair_d3b0dedbc76e6aaa"", ""pair_5b17c2e85d7f8126""]","{""NO_SUPPORTED_RELATION"": 1, ""ADD"": 1}",1,0,1
da-13-1--rep-002--solver-luna--user-simulator-red-team-trace,da-13-1,2,user-simulator-red-team-trace,user,11,9,False,/data/user_data/aydanh/rubric_gen/runs/trace-attack-defense-v21-20260911/result20/study/biomnibench-da-factorial-r10-5115fffdd1c0/experiments/da-13-1/rep-002/luna/user-simulator-red-team-trace/rubric-generations/generation-0011,16bba56d68b16240d3411e49fa15f70bc2dff200975ca194c3f9a91732bd889b,1,0,"{""aggregate_margin_failed"": 1}",4,23,10,121,1089,97,11,86,0,0,0,1,0,"[""pair_5b17c2e85d7f8126"", ""pair_66594d190c8c3ff4""]","{""ADD"": 2}",2,0,0
da-13-3--rep-003--solver-luna--full-red-team-trace,da-13-3,3,full-red-team-trace,full,1,,True,/data/user_data/aydanh/rubric_gen/runs/trace-attack-defense-v21-20260911/result20/study/biomnibench-da-factorial-r10-5115fffdd1c0/experiments/da-13-3/rep-003/luna/full-red-team-trace/rubric-generations/generation-0001,a9281bed4d2b41b044f3aa511caa2313c22f44ff3aea721a006dbe187ef1f3b8,1,0,"{""criterion_support_failed"": 1}",0,3,3,,72,,,,,,,,,,,,,
da-13-3--rep-003--solver-luna--full-red-team-trace,da-13-3,3,full-red-team-trace,full,2,0,False,/data/user_data/aydanh/rubric_gen/runs/trace-attack-defense-v21-20260911/result20/study/biomnibench-da-factorial-r10-5115fffdd1c0/experiments/da-13-3/rep-003/luna/full-red-team-trace/rubric-generations/generation-0002,6dfea0a9355ca5f6510d23aa6da8f7e40f5d082a36c02012768357a29208dc31,0,0,{},0,3,2,22,198,15,15,0,0,1,0,0,0,"[""pair_a8ebe283d0d86a70""]","{""NO_SUPPORTED_RELATION"": 1}",0,0,1
da-13-3--rep-003--solver-luna--full-red-team-trace,da-13-3,3,full-red-team-trace,full,3,1,False,/data/user_data/aydanh/rubric_gen/runs/trace-attack-defense-v21-20260911/result20/study/biomnibench-da-factorial-r10-5115fffdd1c0/experiments/da-13-3/rep-003/luna/full-red-team-trace/rubric-generations/generation-0003,550489fcc9961e65ae6608c78c7d3145ea167566e545fed65344483362e6b033,0,0,{},0,5,3,40,360,22,7,15,0,1,0,0,0,"[""pair_1497ab1cee865362"", ""pair_a8ebe283d0d86a70""]","{""PREFERENCE_CONFLICT"": 1, ""NO_SUPPORTED_RELATION"": 1}",0,0,2
da-13-3--rep-003--solver-luna--full-red-team-trace,da-13-3,3,full-red-team-trace,full,4,2,False,/data/user_data/aydanh/rubric_gen/runs/trace-attack-defense-v21-20260911/result20/study/biomnibench-da-factorial-r10-5115fffdd1c0/experiments/da-13-3/rep-003/luna/full-red-team-trace/rubric-generations/generation-0004,2df86ea372ff41b9c5dfe24b2fe128b4cd34de0a0cfd442847111a2f0af16aeb,0,0,{},0,5,3,45,405,25,3,22,0,2,0,0,0,"[""pair_a8ebe283d0d86a70"", ""pair_1497ab1cee865362""]","{""NO_SUPPORTED_RELATION"": 1, ""PREFERENCE_CONFLICT"": 1}",0,0,2
da-13-3--rep-003--solver-luna--full-red-team-trace,da-13-3,3,full-red-team-trace,full,5,3,False,/data/user_data/aydanh/rubric_gen/runs/trace-attack-defense-v21-20260911/result20/study/biomnibench-da-factorial-r10-5115fffdd1c0/experiments/da-13-3/rep-003/luna/full-red-team-trace/rubric-generations/generation-0005,00570cede82792d51e6dbb310bacecbd03fd20efccbc87616760b8bf274a2e83,1,0,"{""aggregate_margin_failed"": 1}",0,6,4,50,450,38,14,24,0,2,0,0,0,"[""pair_eef8fc19bee7711d"", ""pair_a8ebe283d0d86a70""]","{""ADD"": 1, ""NO_SUPPORTED_RELATION"": 1}",1,0,1
da-13-3--rep-003--solver-luna--full-red-team-trace,da-13-3,3,full-red-team-trace,full,6,4,False,/data/user_data/aydanh/rubric_gen/runs/trace-attack-defense-v21-20260911/result20/study/biomnibench-da-factorial-r10-5115fffdd1c0/experiments/da-13-3/rep-003/luna/full-red-team-trace/rubric-generations/generation-0006,6fa6712f5dcef842f62f08a58bf098592ff2ed56f588ee05518143d3770538e1,1,0,"{""aggregate_margin_failed"": 1}",0,7,4,55,495,42,4,38,0,2,0,0,0,"[""pair_a8ebe283d0d86a70"", ""pair_eef8fc19bee7711d""]","{""NO_SUPPORTED_RELATION"": 1, ""ADD"": 1}",1,0,1
da-12-2--rep-003--solver-luna--full-red-team-trace,da-12-2,3,full-red-team-trace,full,1,,True,/data/user_data/aydanh/rubric_gen/runs/trace-attack-defense-v21-20260911/result20/study/biomnibench-da-factorial-r10-5115fffdd1c0/experiments/da-12-2/rep-003/luna/full-red-team-trace/rubric-generations/generation-0001,4c8f7b4a8a9dff2bf28b1a0595804b5467da6331d73c10762fe65d3fe1895756,0,0,{},0,3,0,,72,,,,,,,,,,,,,
da-12-2--rep-003--solver-luna--full-red-team-trace,da-12-2,3,full-red-team-trace,full,2,0,False,/data/user_data/aydanh/rubric_gen/runs/trace-attack-defense-v21-20260911/result20/study/biomnibench-da-factorial-r10-5115fffdd1c0/experiments/da-12-2/rep-003/luna/full-red-team-trace/rubric-generations/generation-0002,64e0add770efb0b1e5ae37b33534cda52be70d81cbb3947be46894e65d5868d8,0,0,{},0,4,1,22,198,15,15,0,0,0,0,0,0,"[""pair_2f030841f9a78b6b""]","{""NO_SUPPORTED_RELATION"": 1}",0,0,1
da-12-2--rep-003--solver-luna--full-red-team-trace,da-12-2,3,full-red-team-trace,full,3,1,False,/data/user_data/aydanh/rubric_gen/runs/trace-attack-defense-v21-20260911/result20/study/biomnibench-da-factorial-r10-5115fffdd1c0/experiments/da-12-2/rep-003/luna/full-red-team-trace/rubric-generations/generation-0003,6bf1770193104e88c85af18bd0586a3391c4cfaae2ff552c7813eb958acdade1,1,1,"{""accepted"": 1}",1,6,3,40,360,31,17,14,0,0,0,0,0,"[""pair_8ea30b4b83fc0b48"", ""pair_2f030841f9a78b6b""]","{""ADD"": 1, ""NO_SUPPORTED_RELATION"": 1}",1,0,1
da-12-2--rep-003--solver-luna--full-red-team-trace,da-12-2,3,full-red-team-trace,full,4,2,False,/data/user_data/aydanh/rubric_gen/runs/trace-attack-defense-v21-20260911/result20/study/biomnibench-da-factorial-r10-5115fffdd1c0/experiments/da-12-2/rep-003/luna/full-red-team-trace/rubric-generations/generation-0004,5518797f74f33202a52f1a4ecfbd6d50f2edec2a408b595e1f8b754c66b71182,1,0,"{""aggregate_margin_failed"": 1}",1,9,5,51,459,40,34,6,0,0,0,0,0,"[""pair_2f030841f9a78b6b"", ""pair_9c4ffb94bec277ba""]","{""PREFERENCE_CONFLICT"": 1, ""ADD"": 1}",1,0,1
da-12-2--rep-003--solver-luna--full-red-team-trace,da-12-2,3,full-red-team-trace,full,5,3,False,/data/user_data/aydanh/rubric_gen/runs/trace-attack-defense-v21-20260911/result20/study/biomnibench-da-factorial-r10-5115fffdd1c0/experiments/da-12-2/rep-003/luna/full-red-team-trace/rubric-generations/generation-0005,b93f4179f1f1083293cdefcac0f464350b1b809eaa42fc7a57849800727a8e25,1,0,"{""aggregate_margin_failed"": 1}",1,10,5,56,504,44,4,40,0,0,0,0,0,"[""pair_2f030841f9a78b6b"", ""pair_9c4ffb94bec277ba""]","{""PREFERENCE_CONFLICT"": 1, ""ADD"": 1}",1,0,1
da-12-2--rep-003--solver-luna--full-red-team-trace,da-12-2,3,full-red-team-trace,full,6,4,False,/data/user_data/aydanh/rubric_gen/runs/trace-attack-defense-v21-20260911/result20/study/biomnibench-da-factorial-r10-5115fffdd1c0/experiments/da-12-2/rep-003/luna/full-red-team-trace/rubric-generations/generation-0006,2acff8dec156d0b9b5b497a9446aef1726c33561ea3c3b2ede176066f6764f8b,1,0,"{""aggregate_margin_failed"": 1}",1,11,5,61,549,48,4,44,0,0,0,0,0,"[""pair_2f030841f9a78b6b"", ""pair_9c4ffb94bec277ba""]","{""PREFERENCE_CONFLICT"": 1, ""ADD"": 1}",1,0,1
da-13-3--rep-001--solver-luna--full-red-team-trace,da-13-3,1,full-red-team-trace,full,1,,True,/data/user_data/aydanh/rubric_gen/runs/trace-attack-defense-v21-20260911/result20/study/biomnibench-da-factorial-r10-5115fffdd1c0/experiments/da-13-3/rep-001/luna/full-red-team-trace/rubric-generations/generation-0001,a9281bed4d2b41b044f3aa511caa2313c22f44ff3aea721a006dbe187ef1f3b8,1,0,"{""criterion_support_failed"": 1}",0,3,3,,72,,,,,,,,,,,,,
da-13-3--rep-001--solver-luna--full-red-team-trace,da-13-3,1,full-red-team-trace,full,2,0,False,/data/user_data/aydanh/rubric_gen/runs/trace-attack-defense-v21-20260911/result20/study/biomnibench-da-factorial-r10-5115fffdd1c0/experiments/da-13-3/rep-001/luna/full-red-team-trace/rubric-generations/generation-0002,220832bfab06c60d7cc67b411eaa6a78c9d48d73a24ad0621148df99d5e52f5a,1,0,"{""aggregate_margin_failed"": 1}",0,3,3,30,270,22,22,0,0,1,0,0,0,"[""pair_19e09e0bd33603e0"", ""pair_a8ebe283d0d86a70""]","{""ADD"": 1, ""NO_SUPPORTED_RELATION"": 1}",1,0,1
da-13-3--rep-001--solver-luna--full-red-team-trace,da-13-3,1,full-red-team-trace,full,3,1,False,/data/user_data/aydanh/rubric_gen/runs/trace-attack-defense-v21-20260911/result20/study/biomnibench-da-factorial-r10-5115fffdd1c0/experiments/da-13-3/rep-001/luna/full-red-team-trace/rubric-generations/generation-0003,550489fcc9961e65ae6608c78c7d3145ea167566e545fed65344483362e6b033,1,0,"{""aggregate_margin_failed"": 1}",0,5,3,40,360,30,8,22,0,1,0,0,0,"[""pair_a8ebe283d0d86a70"", ""pair_19e09e0bd33603e0""]","{""NO_SUPPORTED_RELATION"": 1, ""ADD"": 1}",1,0,1
da-13-3--rep-001--solver-luna--full-red-team-trace,da-13-3,1,full-red-team-trace,full,4,2,False,/data/user_data/aydanh/rubric_gen/runs/trace-attack-defense-v21-20260911/result20/study/biomnibench-da-factorial-r10-5115fffdd1c0/experiments/da-13-3/rep-001/luna/full-red-team-trace/rubric-generations/generation-0004,2df86ea372ff41b9c5dfe24b2fe128b4cd34de0a0cfd442847111a2f0af16aeb,1,0,"{""aggregate_margin_failed"": 1}",0,6,4,45,405,34,13,21,0,1,0,0,0,"[""pair_dfb7736c2eb21355"", ""pair_a8ebe283d0d86a70""]","{""ADD"": 1, ""NO_SUPPORTED_RELATION"": 1}",1,0,1
da-13-3--rep-001--solver-luna--full-red-team-trace,da-13-3,1,full-red-team-trace,full,5,3,False,/data/user_data/aydanh/rubric_gen/runs/trace-attack-defense-v21-20260911/result20/study/biomnibench-da-factorial-r10-5115fffdd1c0/experiments/da-13-3/rep-001/luna/full-red-team-trace/rubric-generations/generation-0005,00570cede82792d51e6dbb310bacecbd03fd20efccbc87616760b8bf274a2e83,0,0,{},0,7,5,50,450,28,4,24,0,1,0,0,0,"[""pair_e00fb861200b8976"", ""pair_a8ebe283d0d86a70""]","{""PREFERENCE_CONFLICT"": 1, ""NO_SUPPORTED_RELATION"": 1}",0,0,2
da-13-3--rep-001--solver-luna--full-red-team-trace,da-13-3,1,full-red-team-trace,full,6,4,False,/data/user_data/aydanh/rubric_gen/runs/trace-attack-defense-v21-20260911/result20/study/biomnibench-da-factorial-r10-5115fffdd1c0/experiments/da-13-3/rep-001/luna/full-red-team-trace/rubric-generations/generation-0006,6fa6712f5dcef842f62f08a58bf098592ff2ed56f588ee05518143d3770538e1,0,0,{},0,8,5,55,495,31,3,28,0,1,0,0,0,"[""pair_a8ebe283d0d86a70"", ""pair_e00fb861200b8976""]","{""NO_SUPPORTED_RELATION"": 1, ""PREFERENCE_CONFLICT"": 1}",0,0,2
da-15-2--rep-001--solver-luna--user-simulator-red-team-trace,da-15-2,1,user-simulator-red-team-trace,user,1,,True,/data/user_data/aydanh/rubric_gen/runs/trace-attack-defense-v21-20260911/result20/study/biomnibench-da-factorial-r10-5115fffdd1c0/experiments/da-15-2/rep-001/luna/user-simulator-red-team-trace/rubric-generations/generation-0001,ea4175839d0331be0a4369019999889dfe64a1cae0499834d40c8b82c4539d58,2,2,"{""accepted"": 2}",2,3,3,,72,,,,,,,,,,,,,
da-15-2--rep-001--solver-luna--user-simulator-red-team-trace,da-15-2,1,user-simulator-red-team-trace,user,2,0,False,/data/user_data/aydanh/rubric_gen/runs/trace-attack-defense-v21-20260911/result20/study/biomnibench-da-factorial-r10-5115fffdd1c0/experiments/da-15-2/rep-001/luna/user-simulator-red-team-trace/rubric-generations/generation-0002,91396e4803ba15994342099ec55bea80ed99c245277e67c846ce1b828a0b68ed,0,0,{},2,4,4,30,270,16,16,0,0,0,0,0,0,"[""pair_434ccac5fafed4ea"", ""pair_b6460b3c0bd0fc16""]","{""PREFERENCE_CONFLICT"": 1, ""NO_SUPPORTED_RELATION"": 1}",0,0,2
da-15-2--rep-001--solver-luna--user-simulator-red-team-trace,da-15-2,1,user-simulator-red-team-trace,user,3,1,False,/data/user_data/aydanh/rubric_gen/runs/trace-attack-defense-v21-20260911/result20/study/biomnibench-da-factorial-r10-5115fffdd1c0/experiments/da-15-2/rep-001/luna/user-simulator-red-team-trace/rubric-generations/generation-0003,3b1a096b72d9ff063f05eef521de5893e39bb23431a8947d5f9fb7ac9b6e1620,1,1,"{""accepted"": 1}",3,6,6,40,360,31,17,14,0,0,0,0,0,"[""pair_c034def16e9426f3"", ""pair_7db378cd1c120f8d""]","{""ADD"": 1, ""PREFERENCE_CONFLICT"": 1}",1,0,1
da-15-2--rep-001--solver-luna--user-simulator-red-team-trace,da-15-2,1,user-simulator-red-team-trace,user,4,2,False,/data/user_data/aydanh/rubric_gen/runs/trace-attack-defense-v21-20260911/result20/study/biomnibench-da-factorial-r10-5115fffdd1c0/experiments/da-15-2/rep-001/luna/user-simulator-red-team-trace/rubric-generations/generation-0004,10d9ac51585f9b8bd3fb70735c43744ae0b0f89eaa6d28072b217731dc160748,0,0,{},3,9,6,51,459,29,23,6,0,0,0,0,0,"[""pair_c9eab1848d80a3a4"", ""pair_37c4bc4256e17d0f""]","{""NO_SUPPORTED_RELATION"": 1, ""PREFERENCE_CONFLICT"": 1}",0,0,2
da-15-2--rep-001--solver-luna--user-simulator-red-team-trace,da-15-2,1,user-simulator-red-team-trace,user,5,3,False,/data/user_data/aydanh/rubric_gen/runs/trace-attack-defense-v21-20260911/result20/study/biomnibench-da-factorial-r10-5115fffdd1c0/experiments/da-15-2/rep-001/luna/user-simulator-red-team-trace/rubric-generations/generation-0005,c238ce4afe643d330de8d1c5c83bc1b1ffa7d198fc03b512b8b0cd0525e3b12c,1,0,"{""criterion_support_failed"": 1}",3,11,6,61,549,48,22,26,0,0,0,0,0,"[""pair_7db378cd1c120f8d"", ""pair_8926b657391be380""]","{""NO_SUPPORTED_RELATION"": 1, ""ADD"": 1}",1,0,1
da-15-2--rep-001--solver-luna--user-simulator-red-team-trace,da-15-2,1,user-simulator-red-team-trace,user,6,4,False,/data/user_data/aydanh/rubric_gen/runs/trace-attack-defense-v21-20260911/result20/study/biomnibench-da-factorial-r10-5115fffdd1c0/experiments/da-15-2/rep-001/luna/user-simulator-red-team-trace/rubric-generations/generation-0006,05d42d6d71574462f9eafa98e744522be7ead63b00bfb9f6bd2411a0ec043af0,0,0,{},3,13,8,71,639,41,8,33,0,0,0,0,0,"[""pair_2d4a0656821c21f0"", ""pair_7db378cd1c120f8d""]","{""NO_SUPPORTED_RELATION"": 2}",0,0,2
da-15-2--rep-001--solver-luna--user-simulator-red-team-trace,da-15-2,1,user-simulator-red-team-trace,user,7,5,False,/data/user_data/aydanh/rubric_gen/runs/trace-attack-defense-v21-20260911/result20/study/biomnibench-da-factorial-r10-5115fffdd1c0/experiments/da-15-2/rep-001/luna/user-simulator-red-team-trace/rubric-generations/generation-0007,3e059fe3b3658a2a5c35c184e37f082446cfc4753370bb37c1dcefd95ae94e95,2,1,"{""accepted"": 1, ""criterion_support_failed"": 1}",4,15,9,81,729,81,43,38,0,0,0,0,0,"[""pair_bc20c8dfcada4630"", ""pair_2d4a0656821c21f0""]","{""ADD"": 2}",2,0,0
da-15-2--rep-001--solver-luna--user-simulator-red-team-trace,da-15-2,1,user-simulator-red-team-trace,user,8,6,False,/data/user_data/aydanh/rubric_gen/runs/trace-attack-defense-v21-20260911/result20/study/biomnibench-da-factorial-r10-5115fffdd1c0/experiments/da-15-2/rep-001/luna/user-simulator-red-team-trace/rubric-generations/generation-0008,027c31e8b346d1b19cfbff144cdf7ddfe778cb836158413d2f37b32841009099,1,0,"{""criterion_support_failed"": 1}",4,17,13,91,819,72,58,14,0,0,0,0,0,"[""pair_0ffe6b5e5c7854b4"", ""pair_986f273020fd280b""]","{""ADD"": 1, ""PREFERENCE_CONFLICT"": 1}",1,0,1
da-15-2--rep-001--solver-luna--user-simulator-red-team-trace,da-15-2,1,user-simulator-red-team-trace,user,9,7,False,/data/user_data/aydanh/rubric_gen/runs/trace-attack-defense-v21-20260911/result20/study/biomnibench-da-factorial-r10-5115fffdd1c0/experiments/da-15-2/rep-001/luna/user-simulator-red-team-trace/rubric-generations/generation-0009,2d69b618bec113fc9a5e519a8d2945ebf63664ef62c0ed897af1d8654a08cfb6,1,0,"{""aggregate_margin_failed"": 1}",4,19,15,101,909,80,30,50,0,0,0,0,0,"[""pair_77454235d4ba8d6b"", ""pair_9a02363483d6f658""]","{""ADD"": 1, ""NO_SUPPORTED_RELATION"": 1}",1,0,1
da-15-2--rep-001--solver-luna--user-simulator-red-team-trace,da-15-2,1,user-simulator-red-team-trace,user,10,8,False,/data/user_data/aydanh/rubric_gen/runs/trace-attack-defense-v21-20260911/result20/study/biomnibench-da-factorial-r10-5115fffdd1c0/experiments/da-15-2/rep-001/luna/user-simulator-red-team-trace/rubric-generations/generation-0010,75596d656daece2c6c5f4ab8a8675f6514e080c3971aa43abe02bd3961f49d75,1,1,"{""accepted"": 1}",5,21,17,111,999,88,32,56,0,0,0,0,0,"[""pair_aa5d3d068edc3daa"", ""pair_7db378cd1c120f8d""]","{""ADD"": 1, ""PREFERENCE_CONFLICT"": 1}",1,0,1
da-15-2--rep-001--solver-luna--user-simulator-red-team-trace,da-15-2,1,user-simulator-red-team-trace,user,11,9,False,/data/user_data/aydanh/rubric_gen/runs/trace-attack-defense-v21-20260911/result20/study/biomnibench-da-factorial-r10-5115fffdd1c0/experiments/da-15-2/rep-001/luna/user-simulator-red-team-trace/rubric-generations/generation-0011,3fa2a26c33c9319bfd15d20b6c58bca33b62966a9e4b1334cbd2f6b6a9b79710,1,0,"{""criterion_support_failed"": 1}",5,23,17,121,1089,96,76,20,0,0,0,0,0,"[""pair_6b30f02ae9869875"", ""pair_893a43667822ded3""]","{""ADD"": 1, ""PREFERENCE_CONFLICT"": 1}",1,0,1
da-13-5--rep-003--solver-luna--full-red-team-trace,da-13-5,3,full-red-team-trace,full,1,,True,/data/user_data/aydanh/rubric_gen/runs/trace-attack-defense-v21-20260911/result20/study/biomnibench-da-factorial-r10-5115fffdd1c0/experiments/da-13-5/rep-003/luna/full-red-team-trace/rubric-generations/generation-0001,ddb893d08572fa2247cccf410ebe38cf2d0430c0a45ef1010068af8a7d57eb11,1,0,"{""criterion_support_failed"": 1}",0,3,1,,72,,,,,,,,,,,,,
da-13-5--rep-003--solver-luna--full-red-team-trace,da-13-5,3,full-red-team-trace,full,2,0,False,/data/user_data/aydanh/rubric_gen/runs/trace-attack-defense-v21-20260911/result20/study/biomnibench-da-factorial-r10-5115fffdd1c0/experiments/da-13-5/rep-003/luna/full-red-team-trace/rubric-generations/generation-0002,d1cb68cbde639da6f0ae2028095d78bc96ea8a34b88d9d27895cf45039d1708e,0,0,{},0,4,0,14,126,14,14,0,0,0,0,0,0,[],{},0,0,0
da-13-5--rep-003--solver-luna--full-red-team-trace,da-13-5,3,full-red-team-trace,full,3,1,False,/data/user_data/aydanh/rubric_gen/runs/trace-attack-defense-v21-20260911/result20/study/biomnibench-da-factorial-r10-5115fffdd1c0/experiments/da-13-5/rep-003/luna/full-red-team-trace/rubric-generations/generation-0003,fa5926cad458a7f926d3decc69bcf6bad340bc3cc68dcf9a1706df85319aa23f,1,1,"{""accepted"": 1}",1,6,2,30,270,30,16,14,0,0,0,0,0,"[""pair_fe0b35e10cfdccf4""]","{""ADD"": 1}",1,0,0
da-13-5--rep-003--solver-luna--full-red-team-trace,da-13-5,3,full-red-team-trace,full,4,2,False,/data/user_data/aydanh/rubric_gen/runs/trace-attack-defense-v21-20260911/result20/study/biomnibench-da-factorial-r10-5115fffdd1c0/experiments/da-13-5/rep-003/luna/full-red-team-trace/rubric-generations/generation-0004,0f6171b443557967379e61f532405555fbc210c2c4c38ebc5dc5fd3e9de001f4,0,0,{},1,7,2,34,306,24,18,6,0,0,0,0,0,"[""pair_65e6093c616310d6""]","{""NO_SUPPORTED_RELATION"": 1}",0,0,1
da-13-5--rep-003--solver-luna--full-red-team-trace,da-13-5,3,full-red-team-trace,full,5,3,False,/data/user_data/aydanh/rubric_gen/runs/trace-attack-defense-v21-20260911/result20/study/biomnibench-da-factorial-r10-5115fffdd1c0/experiments/da-13-5/rep-003/luna/full-red-team-trace/rubric-generations/generation-0005,a63209f48c78d1370051fa2e01658e58858bed85dc3ee2fd809c32c1a1a88334,0,0,{},1,8,2,38,342,27,3,24,0,0,0,0,0,"[""pair_65e6093c616310d6""]","{""NO_SUPPORTED_RELATION"": 1}",0,0,1
da-13-5--rep-003--solver-luna--full-red-team-trace,da-13-5,3,full-red-team-trace,full,6,4,False,/data/user_data/aydanh/rubric_gen/runs/trace-attack-defense-v21-20260911/result20/study/biomnibench-da-factorial-r10-5115fffdd1c0/experiments/da-13-5/rep-003/luna/full-red-team-trace/rubric-generations/generation-0006,0f0fd92f3b1e4245a37f161dc761ad0e1e2141603f57605ae69e7ac9a42d6624,0,0,{},1,9,2,42,378,30,3,27,0,0,0,0,0,"[""pair_65e6093c616310d6""]","{""NO_SUPPORTED_RELATION"": 1}",0,0,1
da-15-2--rep-003--solver-luna--full-red-team-trace,da-15-2,3,full-red-team-trace,full,1,,True,/data/user_data/aydanh/rubric_gen/runs/trace-attack-defense-v21-20260911/result20/study/biomnibench-da-factorial-r10-5115fffdd1c0/experiments/da-15-2/rep-003/luna/full-red-team-trace/rubric-generations/generation-0001,ea4175839d0331be0a4369019999889dfe64a1cae0499834d40c8b82c4539d58,2,2,"{""accepted"": 2}",2,3,3,,72,,,,,,,,,,,,,
da-15-2--rep-003--solver-luna--full-red-team-trace,da-15-2,3,full-red-team-trace,full,2,0,False,/data/user_data/aydanh/rubric_gen/runs/trace-attack-defense-v21-20260911/result20/study/biomnibench-da-factorial-r10-5115fffdd1c0/experiments/da-15-2/rep-003/luna/full-red-team-trace/rubric-generations/generation-0002,70c72e779d13bed3ebe448d3ea9cdc59ac7d19199daac6634380f2f01bc1994e,1,0,"{""aggregate_margin_failed"": 1}",2,4,2,22,198,22,22,0,0,0,0,0,0,"[""pair_5f61b0a06ceb7581""]","{""ADD"": 1}",1,0,0
da-15-2--rep-003--solver-luna--full-red-team-trace,da-15-2,3,full-red-team-trace,full,3,1,False,/data/user_data/aydanh/rubric_gen/runs/trace-attack-defense-v21-20260911/result20/study/biomnibench-da-factorial-r10-5115fffdd1c0/experiments/da-15-2/rep-003/luna/full-red-team-trace/rubric-generations/generation-0003,e5fe5f3488638fc61eeb69b01e920e8c52717b4c92e9995881701b5a762e02e6,2,1,"{""criterion_support_failed"": 1, ""accepted"": 1}",3,6,4,40,360,40,26,14,0,0,0,0,0,"[""pair_34359c4c4f57cb83"", ""pair_67892d34cfca92cf""]","{""ADD"": 2}",2,0,0
da-15-2--rep-003--solver-luna--full-red-team-trace,da-15-2,3,full-red-team-trace,full,4,2,False,/data/user_data/aydanh/rubric_gen/runs/trace-attack-defense-v21-20260911/result20/study/biomnibench-da-factorial-r10-5115fffdd1c0/experiments/da-15-2/rep-003/luna/full-red-team-trace/rubric-generations/generation-0004,45094d9b0921b3fc047330d75fd5b9d90cafda123c993c0ef9e6ca3aff947b01,1,1,"{""accepted"": 1}",4,9,7,51,459,40,34,6,0,0,0,0,0,"[""pair_15a2bb8a595bad5a"", ""pair_67892d34cfca92cf""]","{""ADD"": 1, ""NO_SUPPORTED_RELATION"": 1}",1,0,1
da-15-2--rep-003--solver-luna--full-red-team-trace,da-15-2,3,full-red-team-trace,full,5,3,False,/data/user_data/aydanh/rubric_gen/runs/trace-attack-defense-v21-20260911/result20/study/biomnibench-da-factorial-r10-5115fffdd1c0/experiments/da-15-2/rep-003/luna/full-red-team-trace/rubric-generations/generation-0005,3a14ce66b70cda8ea9b92308e0f4f6cdcc83e4e7e043646ae62b405b527b8e52,1,0,"{""criterion_support_failed"": 1}",4,10,8,61,549,47,39,8,0,1,0,0,0,"[""pair_67892d34cfca92cf"", ""pair_34359c4c4f57cb83""]","{""PREFERENCE_CONFLICT"": 1, ""ADD"": 1}",1,0,1
da-15-2--rep-003--solver-luna--full-red-team-trace,da-15-2,3,full-red-team-trace,full,6,4,False,/data/user_data/aydanh/rubric_gen/runs/trace-attack-defense-v21-20260911/result20/study/biomnibench-da-factorial-r10-5115fffdd1c0/experiments/da-15-2/rep-003/luna/full-red-team-trace/rubric-generations/generation-0006,7d00e7907f2386ea59395535f855f60b440e537a1b960c203846cda582255b19,1,0,"{""criterion_support_failed"": 1}",4,12,10,71,639,55,23,32,0,1,0,0,0,"[""pair_81ddac4df44fc2d4"", ""pair_b31b7aba96609bab""]","{""ADD"": 1, ""NO_SUPPORTED_RELATION"": 1}",1,0,1
da-15-2--rep-003--solver-luna--full-red-team-trace,da-15-2,3,full-red-team-trace,full,7,5,False,/data/user_data/aydanh/rubric_gen/runs/trace-attack-defense-v21-20260911/result20/study/biomnibench-da-factorial-r10-5115fffdd1c0/experiments/da-15-2/rep-003/luna/full-red-team-trace/rubric-generations/generation-0007,8a08f5ebd724bd2c0f00bbe26fafc966f0b1266d43bfd0f2a88516a295adbbe1,0,0,{},4,14,12,81,729,47,8,39,0,1,0,0,0,"[""pair_38315e1d546e938b"", ""pair_b31b7aba96609bab""]","{""PREFERENCE_CONFLICT"": 1, ""NO_SUPPORTED_RELATION"": 1}",0,0,2
da-15-2--rep-003--solver-luna--full-red-team-trace,da-15-2,3,full-red-team-trace,full,8,6,False,/data/user_data/aydanh/rubric_gen/runs/trace-attack-defense-v21-20260911/result20/study/biomnibench-da-factorial-r10-5115fffdd1c0/experiments/da-15-2/rep-003/luna/full-red-team-trace/rubric-generations/generation-0008,3ce16b4a7d93d6f28a06d61edc599c8ba431b1192492367e16e634678b5c5bb1,1,0,"{""criterion_support_failed"": 1}",4,16,14,91,819,71,27,44,0,1,0,0,0,"[""pair_1d574d4b35060cd3"", ""pair_8e9ab72447ef4fab""]","{""ADD"": 1, ""PREFERENCE_CONFLICT"": 1}",1,0,1
da-14-1--rep-003--solver-luna--full-red-team-trace,da-14-1,3,full-red-team-trace,full,1,,True,/data/user_data/aydanh/rubric_gen/runs/trace-attack-defense-v21-20260911/result20/study/biomnibench-da-factorial-r10-5115fffdd1c0/experiments/da-14-1/rep-003/luna/full-red-team-trace/rubric-generations/generation-0001,3b327987df1b285cb705f8a1768cd769377b4e96c3fa35154f6018e76f70ee9f,1,1,"{""accepted"": 1}",1,3,2,,72,,,,,,,,,,,,,
da-14-1--rep-003--solver-luna--full-red-team-trace,da-14-1,3,full-red-team-trace,full,2,0,False,/data/user_data/aydanh/rubric_gen/runs/trace-attack-defense-v21-20260911/result20/study/biomnibench-da-factorial-r10-5115fffdd1c0/experiments/da-14-1/rep-003/luna/full-red-team-trace/rubric-generations/generation-0002,26c32b3f99cf7314496562b70946f3097ca6f35a3241fe92764a10a7d203b43f,0,0,{},1,4,3,30,270,16,16,0,0,0,0,0,0,"[""pair_c27c854cd3d4a192"", ""pair_c0cdc4d73c9a5061""]","{""PREFERENCE_CONFLICT"": 2}",0,0,2
da-14-1--rep-003--solver-luna--full-red-team-trace,da-14-1,3,full-red-team-trace,full,3,1,False,/data/user_data/aydanh/rubric_gen/runs/trace-attack-defense-v21-20260911/result20/study/biomnibench-da-factorial-r10-5115fffdd1c0/experiments/da-14-1/rep-003/luna/full-red-team-trace/rubric-generations/generation-0003,5ca00c45f1c8cf1b5d179cbee4dd03a6283677f810f95bc807b18f322aa6f9c1,0,0,{},1,6,4,40,360,22,7,15,0,0,0,0,0,"[""pair_c49294dc15b6a3fe"", ""pair_c27c854cd3d4a192""]","{""NO_SUPPORTED_RELATION"": 1, ""PREFERENCE_CONFLICT"": 1}",0,0,2
da-14-1--rep-003--solver-luna--full-red-team-trace,da-14-1,3,full-red-team-trace,full,4,2,False,/data/user_data/aydanh/rubric_gen/runs/trace-attack-defense-v21-20260911/result20/study/biomnibench-da-factorial-r10-5115fffdd1c0/experiments/da-14-1/rep-003/luna/full-red-team-trace/rubric-generations/generation-0004,234f03f8a255e0d29e5bbca9fb3d6ef83ed647730ef1609254f3e55ecc73f67f,0,0,{},1,7,4,45,405,25,3,22,0,0,0,0,0,"[""pair_c27c854cd3d4a192"", ""pair_c49294dc15b6a3fe""]","{""PREFERENCE_CONFLICT"": 1, ""NO_SUPPORTED_RELATION"": 1}",0,0,2
da-14-1--rep-003--solver-luna--full-red-team-trace,da-14-1,3,full-red-team-trace,full,5,3,False,/data/user_data/aydanh/rubric_gen/runs/trace-attack-defense-v21-20260911/result20/study/biomnibench-da-factorial-r10-5115fffdd1c0/experiments/da-14-1/rep-003/luna/full-red-team-trace/rubric-generations/generation-0005,4490454240d68bd6d32682156124a81ef760a7bbba46fa843e203cf3a0322067,1,0,"{""aggregate_margin_failed"": 1}",1,8,5,50,450,39,15,24,0,0,0,0,0,"[""pair_9995daf86891f37f"", ""pair_c27c854cd3d4a192""]","{""ADD"": 1, ""PREFERENCE_CONFLICT"": 1}",1,0,1
da-14-1--rep-003--solver-luna--full-red-team-trace,da-14-1,3,full-red-team-trace,full,6,4,False,/data/user_data/aydanh/rubric_gen/runs/trace-attack-defense-v21-20260911/result20/study/biomnibench-da-factorial-r10-5115fffdd1c0/experiments/da-14-1/rep-003/luna/full-red-team-trace/rubric-generations/generation-0006,10c097886ae38c0795f84c132556ffabb3779537e6da4159810ffe9e0e475233,1,0,"{""criterion_support_failed"": 1}",1,9,6,55,495,43,16,27,0,0,0,0,0,"[""pair_87fe8df5ced41c88"", ""pair_c27c854cd3d4a192""]","{""ADD"": 1, ""PREFERENCE_CONFLICT"": 1}",1,0,1
da-13-1--rep-001--solver-luna--user-simulator-red-team-trace,da-13-1,1,user-simulator-red-team-trace,user,1,,True,/data/user_data/aydanh/rubric_gen/runs/trace-attack-defense-v21-20260911/result20/study/biomnibench-da-factorial-r10-5115fffdd1c0/experiments/da-13-1/rep-001/luna/user-simulator-red-team-trace/rubric-generations/generation-0001,ecb81c7011e5740fe7b443a836a8daa47ff6a5b2e2f7178f0412d2425c2b7f64,0,0,{},0,3,0,,72,,,,,,,,,,,,,
da-13-1--rep-001--solver-luna--user-simulator-red-team-trace,da-13-1,1,user-simulator-red-team-trace,user,2,0,False,/data/user_data/aydanh/rubric_gen/runs/trace-attack-defense-v21-20260911/result20/study/biomnibench-da-factorial-r10-5115fffdd1c0/experiments/da-13-1/rep-001/luna/user-simulator-red-team-trace/rubric-generations/generation-0002,4986be46bf3d92570c14a437d77c1fd7614ff50bbdf9a391ad5524322a1306f5,2,1,"{""aggregate_margin_failed"": 1, ""accepted"": 1}",1,4,3,30,270,30,30,0,0,0,0,0,0,"[""pair_a26e4687fd2981bb"", ""pair_d99624bf48793dd4""]","{""ADD"": 2}",2,0,0
da-13-1--rep-001--solver-luna--user-simulator-red-team-trace,da-13-1,1,user-simulator-red-team-trace,user,3,1,False,/data/user_data/aydanh/rubric_gen/runs/trace-attack-defense-v21-20260911/result20/study/biomnibench-da-factorial-r10-5115fffdd1c0/experiments/da-13-1/rep-001/luna/user-simulator-red-team-trace/rubric-generations/generation-0003,43fec9c37460717a31451cb4c0bdc2892ee38ecef1c9d97a7675b7ef761baf31,1,1,"{""accepted"": 1}",2,6,4,40,360,31,27,4,0,0,0,0,0,"[""pair_2669063c24056f4b"", ""pair_6861b5bd50fa8f7a""]","{""ADD"": 1, ""PREFERENCE_CONFLICT"": 1}",1,0,1
da-13-1--rep-001--solver-luna--user-simulator-red-team-trace,da-13-1,1,user-simulator-red-team-trace,user,4,2,False,/data/user_data/aydanh/rubric_gen/runs/trace-attack-defense-v21-20260911/result20/study/biomnibench-da-factorial-r10-5115fffdd1c0/experiments/da-13-1/rep-001/luna/user-simulator-red-team-trace/rubric-generations/generation-0004,a5ed850e2ab1c38293fc6b770120ac7edd512390910d0865fe756fea32f2c717,1,0,"{""criterion_support_failed"": 1}",2,9,6,51,459,40,34,6,0,0,0,0,0,"[""pair_072614381b1cac98"", ""pair_6861b5bd50fa8f7a""]","{""REPLACE:elicited_73125ab1aeba672f"": 1, ""NO_SUPPORTED_RELATION"": 1}",1,0,1
da-13-1--rep-001--solver-luna--user-simulator-red-team-trace,da-13-1,1,user-simulator-red-team-trace,user,5,3,False,/data/user_data/aydanh/rubric_gen/runs/trace-attack-defense-v21-20260911/result20/study/biomnibench-da-factorial-r10-5115fffdd1c0/experiments/da-13-1/rep-001/luna/user-simulator-red-team-trace/rubric-generations/generation-0005,4564029a44009da076d248ac135e3051ddf68a4e4f472987a7f4052689955731,0,0,{},2,10,7,61,549,35,8,27,0,1,0,0,0,"[""pair_d99624bf48793dd4"", ""pair_6861b5bd50fa8f7a""]","{""NO_SUPPORTED_RELATION"": 2}",0,0,2
da-13-1--rep-001--solver-luna--user-simulator-red-team-trace,da-13-1,1,user-simulator-red-team-trace,user,6,4,False,/data/user_data/aydanh/rubric_gen/runs/trace-attack-defense-v21-20260911/result20/study/biomnibench-da-factorial-r10-5115fffdd1c0/experiments/da-13-1/rep-001/luna/user-simulator-red-team-trace/rubric-generations/generation-0006,6b1ebfae633a3da6415fca9c8fffea5ecbe8fc5a43ebff29a4a23a2a5148176a,0,0,{},2,12,9,71,639,41,8,33,0,1,0,0,0,"[""pair_4333f794be5aa65f"", ""pair_6861b5bd50fa8f7a""]","{""PREFERENCE_CONFLICT"": 1, ""NO_SUPPORTED_RELATION"": 1}",0,0,2
da-13-1--rep-001--solver-luna--user-simulator-red-team-trace,da-13-1,1,user-simulator-red-team-trace,user,7,5,False,/data/user_data/aydanh/rubric_gen/runs/trace-attack-defense-v21-20260911/result20/study/biomnibench-da-factorial-r10-5115fffdd1c0/experiments/da-13-1/rep-001/luna/user-simulator-red-team-trace/rubric-generations/generation-0007,08feb2ac6e66858d3c38dc844121c5d877d81ffb87654d421a7901a0272c6de8,0,0,{},2,13,10,81,729,47,7,40,0,2,0,0,0,"[""pair_d99624bf48793dd4"", ""pair_6861b5bd50fa8f7a""]","{""NO_SUPPORTED_RELATION"": 2}",0,0,2
da-13-1--rep-001--solver-luna--user-simulator-red-team-trace,da-13-1,1,user-simulator-red-team-trace,user,8,6,False,/data/user_data/aydanh/rubric_gen/runs/trace-attack-defense-v21-20260911/result20/study/biomnibench-da-factorial-r10-5115fffdd1c0/experiments/da-13-1/rep-001/luna/user-simulator-red-team-trace/rubric-generations/generation-0008,8521561a324a45e847cd795f2107e93d21883246b52ffc3e0c40007a9ae8179d,0,0,{},2,14,11,91,819,53,7,46,0,3,0,0,0,"[""pair_d99624bf48793dd4"", ""pair_6861b5bd50fa8f7a""]","{""NO_SUPPORTED_RELATION"": 2}",0,0,2
da-13-1--rep-001--solver-luna--user-simulator-red-team-trace,da-13-1,1,user-simulator-red-team-trace,user,9,7,False,/data/user_data/aydanh/rubric_gen/runs/trace-attack-defense-v21-20260911/result20/study/biomnibench-da-factorial-r10-5115fffdd1c0/experiments/da-13-1/rep-001/luna/user-simulator-red-team-trace/rubric-generations/generation-0009,e87fb38201234c72d36f04dcdf52571cd9138b8d9ccf0fc4ae48d359931d3eae,0,0,{},2,15,12,101,909,59,8,51,0,4,0,0,0,"[""pair_f28dee3f1a2a8236"", ""pair_6861b5bd50fa8f7a""]","{""NO_SUPPORTED_RELATION"": 2}",0,0,2
da-13-1--rep-001--solver-luna--user-simulator-red-team-trace,da-13-1,1,user-simulator-red-team-trace,user,10,8,False,/data/user_data/aydanh/rubric_gen/runs/trace-attack-defense-v21-20260911/result20/study/biomnibench-da-factorial-r10-5115fffdd1c0/experiments/da-13-1/rep-001/luna/user-simulator-red-team-trace/rubric-generations/generation-0010,23c631642bd2b00a1bf0accc05c5a1a9c926e546c9b404b7573c17d06f8867d7,1,0,"{""aggregate_margin_failed"": 1}",2,17,14,111,999,85,28,57,0,4,0,0,0,"[""pair_529c4c2b40a02074"", ""pair_d99624bf48793dd4""]","{""ADD"": 1, ""NO_SUPPORTED_RELATION"": 1}",1,0,1
da-13-1--rep-001--solver-luna--user-simulator-red-team-trace,da-13-1,1,user-simulator-red-team-trace,user,11,9,False,/data/user_data/aydanh/rubric_gen/runs/trace-attack-defense-v21-20260911/result20/study/biomnibench-da-factorial-r10-5115fffdd1c0/experiments/da-13-1/rep-001/luna/user-simulator-red-team-trace/rubric-generations/generation-0011,171db9457db18bd9995128b692521986cf8f5557861b40b0fe700adf6d042026,1,0,"{""aggregate_margin_failed"": 1}",2,19,16,121,1089,93,30,63,0,4,0,0,0,"[""pair_6f3cc160d6ef6fbb"", ""pair_d99624bf48793dd4""]","{""ADD"": 1, ""NO_SUPPORTED_RELATION"": 1}",1,0,1
da-14-3--rep-003--solver-luna--full-red-team-trace,da-14-3,3,full-red-team-trace,full,1,,True,/data/user_data/aydanh/rubric_gen/runs/trace-attack-defense-v21-20260911/result20/study/biomnibench-da-factorial-r10-5115fffdd1c0/experiments/da-14-3/rep-003/luna/full-red-team-trace/rubric-generations/generation-0001,0b591d6a887586fcfb1b6cf3a9c2e117c31ddbe2666cd6a0ebc1f7aad4f69ac1,1,1,"{""accepted"": 1}",1,3,2,,72,,,,,,,,,,,,,
da-14-3--rep-003--solver-luna--full-red-team-trace,da-14-3,3,full-red-team-trace,full,2,0,False,/data/user_data/aydanh/rubric_gen/runs/trace-attack-defense-v21-20260911/result20/study/biomnibench-da-factorial-r10-5115fffdd1c0/experiments/da-14-3/rep-003/luna/full-red-team-trace/rubric-generations/generation-0002,b05e3cbde021844c4fa5a55f83306475f6e2cf79dc0a678575a8a239a97c1931,1,0,"{""criterion_support_failed"": 1}",1,3,2,22,198,21,21,0,0,1,0,0,0,"[""pair_0780137f757e9a0d""]","{""ADD"": 1}",1,0,0
da-14-3--rep-003--solver-luna--full-red-team-trace,da-14-3,3,full-red-team-trace,full,3,1,False,/data/user_data/aydanh/rubric_gen/runs/trace-attack-defense-v21-20260911/result20/study/biomnibench-da-factorial-r10-5115fffdd1c0/experiments/da-14-3/rep-003/luna/full-red-team-trace/rubric-generations/generation-0003,a066c9a39c62e7ff4a50777859bc96c2c2daaf3c426e5d8f4fb08c2eadbb7df8,2,0,"{""aggregate_margin_failed"": 1, ""criterion_support_failed"": 1}",1,5,3,40,360,38,17,21,0,1,0,0,0,"[""pair_80ce9aa78a4a8976"", ""pair_0780137f757e9a0d""]","{""ADD"": 2}",2,0,0
da-14-3--rep-003--solver-luna--full-red-team-trace,da-14-3,3,full-red-team-trace,full,4,2,False,/data/user_data/aydanh/rubric_gen/runs/trace-attack-defense-v21-20260911/result20/study/biomnibench-da-factorial-r10-5115fffdd1c0/experiments/da-14-3/rep-003/luna/full-red-team-trace/rubric-generations/generation-0004,723e5b79b40d8e04891e725738cbe2b0987672ab874fb7246f156b13672a017d,1,0,"{""criterion_support_failed"": 1}",1,6,4,45,405,34,5,29,0,1,0,0,0,"[""pair_8a91dee55f249f39"", ""pair_0780137f757e9a0d""]","{""NO_SUPPORTED_RELATION"": 1, ""ADD"": 1}",1,0,1
da-14-3--rep-003--solver-luna--full-red-team-trace,da-14-3,3,full-red-team-trace,full,5,3,False,/data/user_data/aydanh/rubric_gen/runs/trace-attack-defense-v21-20260911/result20/study/biomnibench-da-factorial-r10-5115fffdd1c0/experiments/da-14-3/rep-003/luna/full-red-team-trace/rubric-generations/generation-0005,320f0058d331bf5aaa8f5612cd3c0c51e331f5eaaef378c2ac214845344f500e,1,0,"{""criterion_support_failed"": 1}",1,6,4,50,450,37,3,34,0,2,0,0,0,"[""pair_0780137f757e9a0d"", ""pair_8a91dee55f249f39""]","{""ADD"": 1, ""NO_SUPPORTED_RELATION"": 1}",1,0,1
da-14-3--rep-003--solver-luna--full-red-team-trace,da-14-3,3,full-red-team-trace,full,6,4,False,/data/user_data/aydanh/rubric_gen/runs/trace-attack-defense-v21-20260911/result20/study/biomnibench-da-factorial-r10-5115fffdd1c0/experiments/da-14-3/rep-003/luna/full-red-team-trace/rubric-generations/generation-0006,ad30b24b76ffaee47f65e78c1d5f30e930067a678761e18a3f87c13e452f2c58,1,0,"{""criterion_support_failed"": 1}",1,7,4,55,495,41,4,37,0,2,0,0,0,"[""pair_0780137f757e9a0d"", ""pair_8a91dee55f249f39""]","{""ADD"": 1, ""NO_SUPPORTED_RELATION"": 1}",1,0,1
da-14-3--rep-001--solver-luna--full-red-team-trace,da-14-3,1,full-red-team-trace,full,1,,True,/data/user_data/aydanh/rubric_gen/runs/trace-attack-defense-v21-20260911/result20/study/biomnibench-da-factorial-r10-5115fffdd1c0/experiments/da-14-3/rep-001/luna/full-red-team-trace/rubric-generations/generation-0001,0b591d6a887586fcfb1b6cf3a9c2e117c31ddbe2666cd6a0ebc1f7aad4f69ac1,1,1,"{""accepted"": 1}",1,3,2,,72,,,,,,,,,,,,,
da-14-3--rep-001--solver-luna--full-red-team-trace,da-14-3,1,full-red-team-trace,full,2,0,False,/data/user_data/aydanh/rubric_gen/runs/trace-attack-defense-v21-20260911/result20/study/biomnibench-da-factorial-r10-5115fffdd1c0/experiments/da-14-3/rep-001/luna/full-red-team-trace/rubric-generations/generation-0002,89dc9e6b9c95245914121bb0e4db365411c1e429f35b5bc0daa9c97bf99c4e23,1,1,"{""accepted"": 1}",2,4,4,30,270,23,23,0,0,0,0,0,0,"[""pair_4ca008a2648a4d0e"", ""pair_b32c74d837d7da9c""]","{""ADD"": 1, ""PREFERENCE_CONFLICT"": 1}",1,0,1
da-14-3--rep-001--solver-luna--full-red-team-trace,da-14-3,1,full-red-team-trace,full,3,1,False,/data/user_data/aydanh/rubric_gen/runs/trace-attack-defense-v21-20260911/result20/study/biomnibench-da-factorial-r10-5115fffdd1c0/experiments/da-14-3/rep-001/luna/full-red-team-trace/rubric-generations/generation-0003,dfa13e87544404a4bb458d999147bd340f6b175543c04f1b95f5bed8b1e675f2,0,0,{},2,6,4,40,360,22,18,4,0,0,0,0,0,"[""pair_4408e30e1c1b710c"", ""pair_b32c74d837d7da9c""]","{""PREFERENCE_CONFLICT"": 2}",0,0,2
da-14-3--rep-001--solver-luna--full-red-team-trace,da-14-3,1,full-red-team-trace,full,4,2,False,/data/user_data/aydanh/rubric_gen/runs/trace-attack-defense-v21-20260911/result20/study/biomnibench-da-factorial-r10-5115fffdd1c0/experiments/da-14-3/rep-001/luna/full-red-team-trace/rubric-generations/generation-0004,ccb35dc0798b9ced356c87ce5b9088411a7393fc5621ade1938d139bd4ea66a7,1,0,"{""aggregate_margin_failed"": 1}",2,7,5,45,405,35,14,21,0,0,0,0,0,"[""pair_5f49a5b4ee0f9cb9"", ""pair_b32c74d837d7da9c""]","{""ADD"": 1, ""PREFERENCE_CONFLICT"": 1}",1,0,1
da-14-3--rep-001--solver-luna--full-red-team-trace,da-14-3,1,full-red-team-trace,full,5,3,False,/data/user_data/aydanh/rubric_gen/runs/trace-attack-defense-v21-20260911/result20/study/biomnibench-da-factorial-r10-5115fffdd1c0/experiments/da-14-3/rep-001/luna/full-red-team-trace/rubric-generations/generation-0005,3948896735fc5dd80df5d7ffbe6a7bac4b485c49fdf7d286db331efb939ce737,0,0,{},2,8,5,50,450,28,4,24,0,0,0,0,0,"[""pair_b32c74d837d7da9c"", ""pair_4ca008a2648a4d0e""]","{""PREFERENCE_CONFLICT"": 1, ""NO_SUPPORTED_RELATION"": 1}",0,0,2
da-14-3--rep-001--solver-luna--full-red-team-trace,da-14-3,1,full-red-team-trace,full,6,4,False,/data/user_data/aydanh/rubric_gen/runs/trace-attack-defense-v21-20260911/result20/study/biomnibench-da-factorial-r10-5115fffdd1c0/experiments/da-14-3/rep-001/luna/full-red-team-trace/rubric-generations/generation-0006,6d09014ef3c71e739370c26d7884e89aadc6f1b0e9dd5c7992bb9be47f602b39,0,0,{},2,9,5,55,495,31,3,28,0,0,0,0,0,"[""pair_b32c74d837d7da9c"", ""pair_4ca008a2648a4d0e""]","{""PREFERENCE_CONFLICT"": 1, ""NO_SUPPORTED_RELATION"": 1}",0,0,2
da-16-1--rep-001--solver-luna--user-simulator-red-team-trace,da-16-1,1,user-simulator-red-team-trace,user,1,,True,/data/user_data/aydanh/rubric_gen/runs/trace-attack-defense-v21-20260911/result20/study/biomnibench-da-factorial-r10-5115fffdd1c0/experiments/da-16-1/rep-001/luna/user-simulator-red-team-trace/rubric-generations/generation-0001,9b6da9a083616c360f91120b3fd8ff76b7fc963ea39cd9fbbb5fb6f7622955e2,1,1,"{""accepted"": 1}",1,3,2,,72,,,,,,,,,,,,,
da-16-1--rep-001--solver-luna--user-simulator-red-team-trace,da-16-1,1,user-simulator-red-team-trace,user,2,0,False,/data/user_data/aydanh/rubric_gen/runs/trace-attack-defense-v21-20260911/result20/study/biomnibench-da-factorial-r10-5115fffdd1c0/experiments/da-16-1/rep-001/luna/user-simulator-red-team-trace/rubric-generations/generation-0002,07abc17e5dfdfd017f3b455fae339f10e25c066a1e097a2031592f7f5161e68a,1,1,"{""accepted"": 1}",2,4,2,22,198,22,22,0,0,0,0,0,0,"[""pair_1099dc190f2d0efd""]","{""ADD"": 1}",1,0,0
da-16-1--rep-001--solver-luna--user-simulator-red-team-trace,da-16-1,1,user-simulator-red-team-trace,user,3,1,False,/data/user_data/aydanh/rubric_gen/runs/trace-attack-defense-v21-20260911/result20/study/biomnibench-da-factorial-r10-5115fffdd1c0/experiments/da-16-1/rep-001/luna/user-simulator-red-team-trace/rubric-generations/generation-0003,8c5c88fda971f744f13ff701ddc8cdf83987ca26adeb00aeb437a8f34eecfa8e,0,0,{},2,6,2,30,270,21,17,4,0,0,0,0,0,"[""pair_9de35c13996e596c""]","{""PREFERENCE_CONFLICT"": 1}",0,0,1
da-16-1--rep-001--solver-luna--user-simulator-red-team-trace,da-16-1,1,user-simulator-red-team-trace,user,4,2,False,/data/user_data/aydanh/rubric_gen/runs/trace-attack-defense-v21-20260911/result20/study/biomnibench-da-factorial-r10-5115fffdd1c0/experiments/da-16-1/rep-001/luna/user-simulator-red-team-trace/rubric-generations/generation-0004,be747bb0b2d6b4eb23d9f5575bdc08300a3b9c9259c3d6cd07b9789a2d6247e6,0,0,{},2,9,3,51,459,29,8,21,0,0,0,0,0,"[""pair_9de35c13996e596c"", ""pair_416ad03976cbf74c""]","{""PREFERENCE_CONFLICT"": 1, ""NO_SUPPORTED_RELATION"": 1}",0,0,2
da-16-1--rep-001--solver-luna--user-simulator-red-team-trace,da-16-1,1,user-simulator-red-team-trace,user,5,3,False,/data/user_data/aydanh/rubric_gen/runs/trace-attack-defense-v21-20260911/result20/study/biomnibench-da-factorial-r10-5115fffdd1c0/experiments/da-16-1/rep-001/luna/user-simulator-red-team-trace/rubric-generations/generation-0005,07011e4285901bde08e052eb371a5add6130132fef1cdffadb1ceb965db1b60c,1,1,"{""accepted"": 1}",3,10,4,56,504,44,17,27,0,0,0,0,0,"[""pair_5439dcb0993fe4d6"", ""pair_9de35c13996e596c""]","{""ADD"": 1, ""PREFERENCE_CONFLICT"": 1}",1,0,1
da-16-1--rep-001--solver-luna--user-simulator-red-team-trace,da-16-1,1,user-simulator-red-team-trace,user,6,4,False,/data/user_data/aydanh/rubric_gen/runs/trace-attack-defense-v21-20260911/result20/study/biomnibench-da-factorial-r10-5115fffdd1c0/experiments/da-16-1/rep-001/luna/user-simulator-red-team-trace/rubric-generations/generation-0006,37f02bd1fa3c3f6f3034a4aa2549ef98452045cb48c35e33ebe135dbae18e807,2,0,"{""aggregate_margin_failed"": 2}",3,11,5,61,549,61,51,10,0,0,0,0,0,"[""pair_ad55394d790f18a5"", ""pair_416ad03976cbf74c""]","{""ADD"": 2}",2,0,0
da-14-8--rep-002--solver-luna--user-simulator-red-team-trace,da-14-8,2,user-simulator-red-team-trace,user,1,,True,/data/user_data/aydanh/rubric_gen/runs/trace-attack-defense-v21-20260911/result20/study/biomnibench-da-factorial-r10-5115fffdd1c0/experiments/da-14-8/rep-002/luna/user-simulator-red-team-trace/rubric-generations/generation-0001,78eab06646d89247fa582caacf91009c26cb6923ed99f69eb881dff1abeb3e84,2,1,"{""criterion_support_failed"": 1, ""accepted"": 1}",1,3,3,,72,,,,,,,,,,,,,
da-14-8--rep-002--solver-luna--user-simulator-red-team-trace,da-14-8,2,user-simulator-red-team-trace,user,2,0,False,/data/user_data/aydanh/rubric_gen/runs/trace-attack-defense-v21-20260911/result20/study/biomnibench-da-factorial-r10-5115fffdd1c0/experiments/da-14-8/rep-002/luna/user-simulator-red-team-trace/rubric-generations/generation-0002,b21e4a32e8038453cb1efbf8073500343d3da96a4ad4037a867bf58d53826cb3,1,0,"{""criterion_support_failed"": 1}",1,4,2,22,198,22,22,0,0,0,0,0,0,"[""pair_3eb166c533e58800""]","{""REPLACE:elicited_42633414a38f749a"": 1}",1,0,0
da-14-8--rep-002--solver-luna--user-simulator-red-team-trace,da-14-8,2,user-simulator-red-team-trace,user,3,1,False,/data/user_data/aydanh/rubric_gen/runs/trace-attack-defense-v21-20260911/result20/study/biomnibench-da-factorial-r10-5115fffdd1c0/experiments/da-14-8/rep-002/luna/user-simulator-red-team-trace/rubric-generations/generation-0003,31ca19166f47dc720fadb00ecf8a8ef6683408d3830cfa0897a565cded2f6635,1,0,"{""criterion_support_failed"": 1}",1,6,3,40,360,31,9,22,0,0,0,0,0,"[""pair_5fa96479df7c59e1"", ""pair_3eb166c533e58800""]","{""PREFERENCE_CONFLICT"": 1, ""REPLACE:elicited_42633414a38f749a"": 1}",1,0,1
da-14-8--rep-002--solver-luna--user-simulator-red-team-trace,da-14-8,2,user-simulator-red-team-trace,user,4,2,False,/data/user_data/aydanh/rubric_gen/runs/trace-attack-defense-v21-20260911/result20/study/biomnibench-da-factorial-r10-5115fffdd1c0/experiments/da-14-8/rep-002/luna/user-simulator-red-team-trace/rubric-generations/generation-0004,76735f7d681dca349921d0dc2225f57bf71b8a38da8f788868dd40c32170f9a5,1,0,"{""criterion_support_failed"": 1}",1,7,4,51,459,39,8,31,0,2,0,0,0,"[""pair_3eb166c533e58800"", ""pair_5fa96479df7c59e1""]","{""REPLACE:elicited_42633414a38f749a"": 1, ""PREFERENCE_CONFLICT"": 1}",1,0,1
da-14-8--rep-002--solver-luna--user-simulator-red-team-trace,da-14-8,2,user-simulator-red-team-trace,user,5,3,False,/data/user_data/aydanh/rubric_gen/runs/trace-attack-defense-v21-20260911/result20/study/biomnibench-da-factorial-r10-5115fffdd1c0/experiments/da-14-8/rep-002/luna/user-simulator-red-team-trace/rubric-generations/generation-0005,548705f9fb6003d818464837bd0e86837ab8e02bd5273706998911d77c855c7b,1,0,"{""criterion_support_failed"": 1}",1,10,5,61,549,47,9,38,0,1,0,0,0,"[""pair_3eb166c533e58800"", ""pair_5fa96479df7c59e1""]","{""REPLACE:elicited_42633414a38f749a"": 1, ""PREFERENCE_CONFLICT"": 1}",1,0,1
da-14-8--rep-002--solver-luna--user-simulator-red-team-trace,da-14-8,2,user-simulator-red-team-trace,user,6,4,False,/data/user_data/aydanh/rubric_gen/runs/trace-attack-defense-v21-20260911/result20/study/biomnibench-da-factorial-r10-5115fffdd1c0/experiments/da-14-8/rep-002/luna/user-simulator-red-team-trace/rubric-generations/generation-0006,2dee65b2fd5044954d8e5a75ef84f6933591d8b8c9b5c4a05eda133292b15a5f,1,0,"{""criterion_support_failed"": 1}",1,12,6,71,639,55,9,46,0,1,0,0,0,"[""pair_3eb166c533e58800"", ""pair_5fa96479df7c59e1""]","{""REPLACE:elicited_42633414a38f749a"": 1, ""PREFERENCE_CONFLICT"": 1}",1,0,1
da-14-8--rep-002--solver-luna--user-simulator-red-team-trace,da-14-8,2,user-simulator-red-team-trace,user,7,5,False,/data/user_data/aydanh/rubric_gen/runs/trace-attack-defense-v21-20260911/result20/study/biomnibench-da-factorial-r10-5115fffdd1c0/experiments/da-14-8/rep-002/luna/user-simulator-red-team-trace/rubric-generations/generation-0007,89af5a7a479073d11dbf62dabd56e52b8cc686a7078968940a608e1b785698e3,1,1,"{""accepted"": 1}",2,14,8,81,729,63,25,38,0,1,0,0,0,"[""pair_066617602706d20a"", ""pair_141c61d484f10703""]","{""ADD"": 1, ""NO_SUPPORTED_RELATION"": 1}",1,0,1
da-14-8--rep-002--solver-luna--user-simulator-red-team-trace,da-14-8,2,user-simulator-red-team-trace,user,8,6,False,/data/user_data/aydanh/rubric_gen/runs/trace-attack-defense-v21-20260911/result20/study/biomnibench-da-factorial-r10-5115fffdd1c0/experiments/da-14-8/rep-002/luna/user-simulator-red-team-trace/rubric-generations/generation-0008,7a8054d7542b38718815acf005dd793a83ab61d29b6596a8e674395a6f12888e,1,1,"{""accepted"": 1}",3,16,11,91,819,71,57,14,0,1,0,0,0,"[""pair_c403bbcd0a152d5f"", ""pair_5fa96479df7c59e1""]","{""ADD"": 1, ""PREFERENCE_CONFLICT"": 1}",1,0,1
da-14-8--rep-002--solver-luna--user-simulator-red-team-trace,da-14-8,2,user-simulator-red-team-trace,user,9,7,False,/data/user_data/aydanh/rubric_gen/runs/trace-attack-defense-v21-20260911/result20/study/biomnibench-da-factorial-r10-5115fffdd1c0/experiments/da-14-8/rep-002/luna/user-simulator-red-team-trace/rubric-generations/generation-0009,b1591f6828e25d9ef5d3694733d6557df1a152d448f0d738e98c8a98f167cb08,0,0,{},3,18,12,101,909,59,43,16,0,1,0,0,0,"[""pair_e1a32a9f7d4de0b8"", ""pair_141c61d484f10703""]","{""PREFERENCE_CONFLICT"": 1, ""NO_SUPPORTED_RELATION"": 1}",0,0,2
da-14-8--rep-002--solver-luna--user-simulator-red-team-trace,da-14-8,2,user-simulator-red-team-trace,user,10,8,False,/data/user_data/aydanh/rubric_gen/runs/trace-attack-defense-v21-20260911/result20/study/biomnibench-da-factorial-r10-5115fffdd1c0/experiments/da-14-8/rep-002/luna/user-simulator-red-team-trace/rubric-generations/generation-0010,e585d777f85a8b486b5ac4edc61821a0c8e4104d88d08cbe9a1646f91f6e617f,1,0,"{""criterion_support_failed"": 1}",3,20,14,111,999,87,30,57,0,1,0,0,0,"[""pair_13471f9b71e3d5e1"", ""pair_141c61d484f10703""]","{""ADD"": 1, ""NO_SUPPORTED_RELATION"": 1}",1,0,1
da-14-8--rep-002--solver-luna--user-simulator-red-team-trace,da-14-8,2,user-simulator-red-team-trace,user,11,9,False,/data/user_data/aydanh/rubric_gen/runs/trace-attack-defense-v21-20260911/result20/study/biomnibench-da-factorial-r10-5115fffdd1c0/experiments/da-14-8/rep-002/luna/user-simulator-red-team-trace/rubric-generations/generation-0011,c97ee5ee81969f365a2c496499ec8dda94e28a2ed0074b53cbb8a66faace5b18,0,0,{},3,22,15,121,1089,71,8,63,0,1,0,0,0,"[""pair_141c61d484f10703"", ""pair_fb0c6a05c1c376a4""]","{""NO_SUPPORTED_RELATION"": 2}",0,0,2
da-18-5--rep-002--solver-luna--full-red-team-trace,da-18-5,2,full-red-team-trace,full,1,,True,/data/user_data/aydanh/rubric_gen/runs/trace-attack-defense-v21-20260911/result20/study/biomnibench-da-factorial-r10-5115fffdd1c0/experiments/da-18-5/rep-002/luna/full-red-team-trace/rubric-generations/generation-0001,240822d25a13ee8ab44b8c97970ce504feb321b79947e1fa216390476a8d3a60,0,0,{},0,3,2,,72,,,,,,,,,,,,,
da-18-5--rep-002--solver-luna--full-red-team-trace,da-18-5,2,full-red-team-trace,full,2,0,False,/data/user_data/aydanh/rubric_gen/runs/trace-attack-defense-v21-20260911/result20/study/biomnibench-da-factorial-r10-5115fffdd1c0/experiments/da-18-5/rep-002/luna/full-red-team-trace/rubric-generations/generation-0002,a5c05a3bdd89d5caf5b19f17e3ea94a572e1d7536b687d77e96a0110f082cff6,0,0,{},0,4,4,30,270,16,16,0,0,0,0,0,0,"[""pair_7c09a97f44617590"", ""pair_2c73526aba34d7b3""]","{""NO_SUPPORTED_RELATION"": 1, ""PREFERENCE_CONFLICT"": 1}",0,0,2
da-18-5--rep-002--solver-luna--full-red-team-trace,da-18-5,2,full-red-team-trace,full,3,1,False,/data/user_data/aydanh/rubric_gen/runs/trace-attack-defense-v21-20260911/result20/study/biomnibench-da-factorial-r10-5115fffdd1c0/experiments/da-18-5/rep-002/luna/full-red-team-trace/rubric-generations/generation-0003,48083947e5a7e4250a655c8cf21ddf5e4403a8f9eb30c1aeb58d235567fcdc81,1,1,"{""accepted"": 1}",1,6,5,40,360,31,17,14,0,0,0,0,0,"[""pair_0f3c396c0e935cc2"", ""pair_7c09a97f44617590""]","{""ADD"": 1, ""NO_SUPPORTED_RELATION"": 1}",1,0,1
da-18-5--rep-002--solver-luna--full-red-team-trace,da-18-5,2,full-red-team-trace,full,4,2,False,/data/user_data/aydanh/rubric_gen/runs/trace-attack-defense-v21-20260911/result20/study/biomnibench-da-factorial-r10-5115fffdd1c0/experiments/da-18-5/rep-002/luna/full-red-team-trace/rubric-generations/generation-0004,a88e0763f129ee0eb24977f1023a485ea92c49a2c814ba6f50956d45add61548,2,2,"{""accepted"": 2}",3,9,5,51,459,51,45,6,0,0,0,0,0,"[""pair_6772a826a8115446"", ""pair_7c09a97f44617590""]","{""ADD"": 2}",2,0,0
da-18-5--rep-002--solver-luna--full-red-team-trace,da-18-5,2,full-red-team-trace,full,5,3,False,/data/user_data/aydanh/rubric_gen/runs/trace-attack-defense-v21-20260911/result20/study/biomnibench-da-factorial-r10-5115fffdd1c0/experiments/da-18-5/rep-002/luna/full-red-team-trace/rubric-generations/generation-0005,59255d4d808b3f788177bf4d41ec79fab837a5332e3874df71d2576e45692fba,1,0,"{""aggregate_margin_failed"": 1}",3,10,5,61,549,48,40,8,0,1,0,0,0,"[""pair_dab6b2e6f2da0b19"", ""pair_21eac671e392587c""]","{""ADD"": 1, ""PREFERENCE_CONFLICT"": 1}",1,0,1
da-18-5--rep-002--solver-luna--full-red-team-trace,da-18-5,2,full-red-team-trace,full,6,4,False,/data/user_data/aydanh/rubric_gen/runs/trace-attack-defense-v21-20260911/result20/study/biomnibench-da-factorial-r10-5115fffdd1c0/experiments/da-18-5/rep-002/luna/full-red-team-trace/rubric-generations/generation-0006,0047049a9b8a86dee80d20d25045d24dc3abd64b9f8e044d1af14c9fb35f1cad,1,1,"{""accepted"": 1}",4,11,6,66,594,52,19,33,0,1,0,0,0,"[""pair_9f9e42dcfc98130e"", ""pair_7c09a97f44617590""]","{""ADD"": 1, ""NO_SUPPORTED_RELATION"": 1}",1,0,1
da-18-7--rep-001--solver-luna--full-red-team-trace,da-18-7,1,full-red-team-trace,full,1,,True,/data/user_data/aydanh/rubric_gen/runs/trace-attack-defense-v21-20260911/result20/study/biomnibench-da-factorial-r10-5115fffdd1c0/experiments/da-18-7/rep-001/luna/full-red-team-trace/rubric-generations/generation-0001,b57c95b18b86b14834e39e8b0b97eafd6c80f9250ded589fd4e1fa3e9d617322,2,0,"{""criterion_support_failed"": 2}",0,3,3,,72,,,,,,,,,,,,,
da-18-7--rep-001--solver-luna--full-red-team-trace,da-18-7,1,full-red-team-trace,full,2,0,False,/data/user_data/aydanh/rubric_gen/runs/trace-attack-defense-v21-20260911/result20/study/biomnibench-da-factorial-r10-5115fffdd1c0/experiments/da-18-7/rep-001/luna/full-red-team-trace/rubric-generations/generation-0002,f03d10cae41ad8ea223a33485c174bb77a9a3b51bf7f640c69ae67982da6c1f5,0,0,{},0,4,3,30,270,16,17,0,0,0,0,0,0,"[""pair_238e568d757bfe4a"", ""pair_5fc84a2a7cdd69c8""]","{""PREFERENCE_CONFLICT"": 1, ""NO_SUPPORTED_RELATION"": 1}",0,0,2
da-18-7--rep-001--solver-luna--full-red-team-trace,da-18-7,1,full-red-team-trace,full,3,1,False,/data/user_data/aydanh/rubric_gen/runs/trace-attack-defense-v21-20260911/result20/study/biomnibench-da-factorial-r10-5115fffdd1c0/experiments/da-18-7/rep-001/luna/full-red-team-trace/rubric-generations/generation-0003,a15fd8f0ccbca90920b745889637a19c80a7baabb41ef50258d8b202a23e0c6b,0,0,{},0,6,4,40,360,22,7,15,0,0,0,0,0,"[""pair_5fc84a2a7cdd69c8"", ""pair_572464d67f35ba05""]","{""NO_SUPPORTED_RELATION"": 1, ""PREFERENCE_CONFLICT"": 1}",0,0,2
da-18-7--rep-001--solver-luna--full-red-team-trace,da-18-7,1,full-red-team-trace,full,4,2,False,/data/user_data/aydanh/rubric_gen/runs/trace-attack-defense-v21-20260911/result20/study/biomnibench-da-factorial-r10-5115fffdd1c0/experiments/da-18-7/rep-001/luna/full-red-team-trace/rubric-generations/generation-0004,8f256e06ed17eea6691159e23eaa11396688e1fd8717cef9a2a86b3ad16fd9a5,1,0,"{""criterion_support_failed"": 1}",0,7,5,45,405,35,14,21,0,0,0,0,0,"[""pair_fb877c6cdf410bbb"", ""pair_5fc84a2a7cdd69c8""]","{""ADD"": 1, ""NO_SUPPORTED_RELATION"": 1}",1,0,1
da-18-7--rep-001--solver-luna--full-red-team-trace,da-18-7,1,full-red-team-trace,full,5,3,False,/data/user_data/aydanh/rubric_gen/runs/trace-attack-defense-v21-20260911/result20/study/biomnibench-da-factorial-r10-5115fffdd1c0/experiments/da-18-7/rep-001/luna/full-red-team-trace/rubric-generations/generation-0005,56ae8cd3065dcbedd2c80d973035359c579642dc7058d7a7ca8b8f09214bc247,0,0,{},0,8,6,50,450,28,4,24,0,0,0,0,0,"[""pair_d6c872ed960ba728"", ""pair_5fc84a2a7cdd69c8""]","{""PREFERENCE_CONFLICT"": 1, ""NO_SUPPORTED_RELATION"": 1}",0,0,2
da-18-7--rep-001--solver-luna--full-red-team-trace,da-18-7,1,full-red-team-trace,full,6,4,False,/data/user_data/aydanh/rubric_gen/runs/trace-attack-defense-v21-20260911/result20/study/biomnibench-da-factorial-r10-5115fffdd1c0/experiments/da-18-7/rep-001/luna/full-red-team-trace/rubric-generations/generation-0006,e16049c96459274efd8e1c0257cf2a7e786fd1d3ef25147d10a90edc50ef01e0,1,0,"{""criterion_support_failed"": 1}",0,9,6,55,495,43,5,38,0,0,0,0,0,"[""pair_5fc84a2a7cdd69c8"", ""pair_fb877c6cdf410bbb""]","{""NO_SUPPORTED_RELATION"": 1, ""ADD"": 1}",1,0,1
da-14-1--rep-002--solver-luna--user-simulator-red-team-trace,da-14-1,2,user-simulator-red-team-trace,user,1,,True,/data/user_data/aydanh/rubric_gen/runs/trace-attack-defense-v21-20260911/result20/study/biomnibench-da-factorial-r10-5115fffdd1c0/experiments/da-14-1/rep-002/luna/user-simulator-red-team-trace/rubric-generations/generation-0001,3b327987df1b285cb705f8a1768cd769377b4e96c3fa35154f6018e76f70ee9f,1,1,"{""accepted"": 1}",1,3,2,,72,,,,,,,,,,,,,
da-14-1--rep-002--solver-luna--user-simulator-red-team-trace,da-14-1,2,user-simulator-red-team-trace,user,2,0,False,/data/user_data/aydanh/rubric_gen/runs/trace-attack-defense-v21-20260911/result20/study/biomnibench-da-factorial-r10-5115fffdd1c0/experiments/da-14-1/rep-002/luna/user-simulator-red-team-trace/rubric-generations/generation-0002,a611dde3f3369f7a1e692e371eb5ec6db184f46599601fc1c509f7d53671442f,0,0,{},1,4,2,22,198,15,15,0,0,0,0,0,0,"[""pair_c0cdc4d73c9a5061""]","{""PREFERENCE_CONFLICT"": 1}",0,0,1
da-14-1--rep-002--solver-luna--user-simulator-red-team-trace,da-14-1,2,user-simulator-red-team-trace,user,3,1,False,/data/user_data/aydanh/rubric_gen/runs/trace-attack-defense-v21-20260911/result20/study/biomnibench-da-factorial-r10-5115fffdd1c0/experiments/da-14-1/rep-002/luna/user-simulator-red-team-trace/rubric-generations/generation-0003,d4c1f9a092531d35b0a9e5ada9a54f4cefd36fe991c3a36b6a5a9685705292fc,0,0,{},1,6,2,30,270,21,6,15,0,0,0,0,0,"[""pair_c0cdc4d73c9a5061""]","{""PREFERENCE_CONFLICT"": 1}",0,0,1
da-14-1--rep-002--solver-luna--user-simulator-red-team-trace,da-14-1,2,user-simulator-red-team-trace,user,4,2,False,/data/user_data/aydanh/rubric_gen/runs/trace-attack-defense-v21-20260911/result20/study/biomnibench-da-factorial-r10-5115fffdd1c0/experiments/da-14-1/rep-002/luna/user-simulator-red-team-trace/rubric-generations/generation-0004,958a3fe2d93e530e2234aa21971b91525abeac41958e73d46fd73c6b025d8115,2,1,"{""accepted"": 1, ""semantic_validation_failed"": 1}",2,7,3,45,405,45,25,20,0,0,0,0,0,"[""pair_f21740761e05fe04"", ""pair_c0cdc4d73c9a5061""]","{""ADD"": 1, ""REPLACE:elicited_17bac549dc540429"": 1}",2,0,0
da-14-1--rep-002--solver-luna--user-simulator-red-team-trace,da-14-1,2,user-simulator-red-team-trace,user,5,3,False,/data/user_data/aydanh/rubric_gen/runs/trace-attack-defense-v21-20260911/result20/study/biomnibench-da-factorial-r10-5115fffdd1c0/experiments/da-14-1/rep-002/luna/user-simulator-red-team-trace/rubric-generations/generation-0005,27dac6956b7e5edadd451674088e252dd9d4a8787c85ef113ebfd52e939ceca1,0,0,{},2,8,4,50,450,28,21,7,0,0,0,0,0,"[""pair_3ff6d6d3d3f37f92"", ""pair_f21740761e05fe04""]","{""NO_SUPPORTED_RELATION"": 1, ""PREFERENCE_CONFLICT"": 1}",0,0,2
da-14-1--rep-002--solver-luna--user-simulator-red-team-trace,da-14-1,2,user-simulator-red-team-trace,user,6,4,False,/data/user_data/aydanh/rubric_gen/runs/trace-attack-defense-v21-20260911/result20/study/biomnibench-da-factorial-r10-5115fffdd1c0/experiments/da-14-1/rep-002/luna/user-simulator-red-team-trace/rubric-generations/generation-0006,0fcabbb8efff1cb5bb192b487ab4f8aaffb1d03e3be2cedceda57f8a04f3600c,1,0,"{""criterion_support_failed"": 1}",2,9,5,55,495,43,16,27,0,0,0,0,0,"[""pair_715f4d3aa283b7ad"", ""pair_f21740761e05fe04""]","{""ADD"": 1, ""PREFERENCE_CONFLICT"": 1}",1,0,1
da-15-8--rep-002--solver-luna--user-simulator-red-team-trace,da-15-8,2,user-simulator-red-team-trace,user,1,,True,/data/user_data/aydanh/rubric_gen/runs/trace-attack-defense-v21-20260911/result20/study/biomnibench-da-factorial-r10-5115fffdd1c0/experiments/da-15-8/rep-002/luna/user-simulator-red-team-trace/rubric-generations/generation-0001,5902ac8043f4a37db3b019bf2aad7f61aa989357a723b635edf4f1f3843272b6,1,0,"{""criterion_support_failed"": 1}",0,3,3,,72,,,,,,,,,,,,,
da-15-8--rep-002--solver-luna--user-simulator-red-team-trace,da-15-8,2,user-simulator-red-team-trace,user,2,0,False,/data/user_data/aydanh/rubric_gen/runs/trace-attack-defense-v21-20260911/result20/study/biomnibench-da-factorial-r10-5115fffdd1c0/experiments/da-15-8/rep-002/luna/user-simulator-red-team-trace/rubric-generations/generation-0002,784cb4c3f75b9cce44c8383c1a14f0acf437c9116e9b5f71fd100c6757a3774c,1,1,"{""accepted"": 1}",1,3,3,30,270,22,22,0,0,1,0,0,0,"[""pair_4167587e50af7ca3"", ""pair_f3e47ebe4e5ae9c6""]","{""ADD"": 1, ""NO_SUPPORTED_RELATION"": 1}",1,0,1
da-15-8--rep-002--solver-luna--user-simulator-red-team-trace,da-15-8,2,user-simulator-red-team-trace,user,3,1,False,/data/user_data/aydanh/rubric_gen/runs/trace-attack-defense-v21-20260911/result20/study/biomnibench-da-factorial-r10-5115fffdd1c0/experiments/da-15-8/rep-002/luna/user-simulator-red-team-trace/rubric-generations/generation-0003,f721c9feee8f478918b4fdfb6869f24674b9b5723b99a9a87702f40647e590ee,0,0,{},1,5,4,40,360,22,18,4,0,1,0,0,0,"[""pair_db6e2e21e108dd13"", ""pair_2e8cf859d2618153""]","{""NO_SUPPORTED_RELATION"": 2}",0,0,2
da-15-8--rep-002--solver-luna--user-simulator-red-team-trace,da-15-8,2,user-simulator-red-team-trace,user,4,2,False,/data/user_data/aydanh/rubric_gen/runs/trace-attack-defense-v21-20260911/result20/study/biomnibench-da-factorial-r10-5115fffdd1c0/experiments/da-15-8/rep-002/luna/user-simulator-red-team-trace/rubric-generations/generation-0004,1a54a52c4397b5eaeea54391886a963a02168f1709b5dcda42682d74f5f46733,0,0,{},1,8,5,51,459,29,8,21,0,1,0,0,0,"[""pair_1b691636711ce490"", ""pair_2e8cf859d2618153""]","{""PREFERENCE_CONFLICT"": 1, ""NO_SUPPORTED_RELATION"": 1}",0,0,2
da-15-8--rep-002--solver-luna--user-simulator-red-team-trace,da-15-8,2,user-simulator-red-team-trace,user,5,3,False,/data/user_data/aydanh/rubric_gen/runs/trace-attack-defense-v21-20260911/result20/study/biomnibench-da-factorial-r10-5115fffdd1c0/experiments/da-15-8/rep-002/luna/user-simulator-red-team-trace/rubric-generations/generation-0005,b7aa2836587754c0ae9cc492c031edbc0fd5962565122314e6faa30c4fe40655,0,0,{},1,9,5,56,504,32,3,29,0,1,0,0,0,"[""pair_1b691636711ce490"", ""pair_2e8cf859d2618153""]","{""PREFERENCE_CONFLICT"": 1, ""NO_SUPPORTED_RELATION"": 1}",0,0,2
da-15-8--rep-002--solver-luna--user-simulator-red-team-trace,da-15-8,2,user-simulator-red-team-trace,user,6,4,False,/data/user_data/aydanh/rubric_gen/runs/trace-attack-defense-v21-20260911/result20/study/biomnibench-da-factorial-r10-5115fffdd1c0/experiments/da-15-8/rep-002/luna/user-simulator-red-team-trace/rubric-generations/generation-0006,88469e8dfa526e153a41f55f7ba2d1a429f13631b12491050bef7e1aafa4a8ee,0,0,{},1,10,6,66,594,38,9,29,0,2,0,0,0,"[""pair_552415cf4991ed22"", ""pair_0d24ee9e5adc6dbc""]","{""PREFERENCE_CONFLICT"": 2}",0,0,2
da-15-8--rep-002--solver-luna--user-simulator-red-team-trace,da-15-8,2,user-simulator-red-team-trace,user,7,5,False,/data/user_data/aydanh/rubric_gen/runs/trace-attack-defense-v21-20260911/result20/study/biomnibench-da-factorial-r10-5115fffdd1c0/experiments/da-15-8/rep-002/luna/user-simulator-red-team-trace/rubric-generations/generation-0007,cc68491b062334e9fa263d74e1af71398fad84705001a7b159a7fabd1026001e,0,0,{},1,12,8,76,684,44,8,36,0,2,0,0,0,"[""pair_bd73fcaebf09a3a3"", ""pair_2e8cf859d2618153""]","{""NO_SUPPORTED_RELATION"": 2}",0,0,2
da-15-8--rep-002--solver-luna--user-simulator-red-team-trace,da-15-8,2,user-simulator-red-team-trace,user,8,6,False,/data/user_data/aydanh/rubric_gen/runs/trace-attack-defense-v21-20260911/result20/study/biomnibench-da-factorial-r10-5115fffdd1c0/experiments/da-15-8/rep-002/luna/user-simulator-red-team-trace/rubric-generations/generation-0008,4c062da76dc89336136438d4a41e92842d9673de460ee76d62986d07a87a6958,0,0,{},1,13,9,86,774,50,9,41,0,3,0,0,0,"[""pair_4a1182c98e429789"", ""pair_5dba9e98fa2a1164""]","{""NO_SUPPORTED_RELATION"": 1, ""PREFERENCE_CONFLICT"": 1}",0,0,2
da-15-8--rep-002--solver-luna--user-simulator-red-team-trace,da-15-8,2,user-simulator-red-team-trace,user,9,7,False,/data/user_data/aydanh/rubric_gen/runs/trace-attack-defense-v21-20260911/result20/study/biomnibench-da-factorial-r10-5115fffdd1c0/experiments/da-15-8/rep-002/luna/user-simulator-red-team-trace/rubric-generations/generation-0009,a789051fae155a20789979b06ffda153df186bb97b7e1258bff8b8767726109c,0,0,{},1,15,10,96,864,56,8,48,0,3,0,0,0,"[""pair_bf4b1834435b67c8"", ""pair_2e8cf859d2618153""]","{""PREFERENCE_CONFLICT"": 1, ""NO_SUPPORTED_RELATION"": 1}",0,0,2
da-15-8--rep-002--solver-luna--user-simulator-red-team-trace,da-15-8,2,user-simulator-red-team-trace,user,10,8,False,/data/user_data/aydanh/rubric_gen/runs/trace-attack-defense-v21-20260911/result20/study/biomnibench-da-factorial-r10-5115fffdd1c0/experiments/da-15-8/rep-002/luna/user-simulator-red-team-trace/rubric-generations/generation-0010,445c33097b477e0f7b1c3bebded6486575f3bff1f3fe8073549abd573b904c72,0,0,{},1,17,12,106,954,62,8,54,0,3,0,0,0,"[""pair_2a2c95f8167be970"", ""pair_2e8cf859d2618153""]","{""NO_SUPPORTED_RELATION"": 2}",0,0,2
da-15-8--rep-002--solver-luna--user-simulator-red-team-trace,da-15-8,2,user-simulator-red-team-trace,user,11,9,False,/data/user_data/aydanh/rubric_gen/runs/trace-attack-defense-v21-20260911/result20/study/biomnibench-da-factorial-r10-5115fffdd1c0/experiments/da-15-8/rep-002/luna/user-simulator-red-team-trace/rubric-generations/generation-0011,bfc885aa0750443c9b2dda9900b3ac6fb9b3972eb0bd638b3d228669bc95a02d,0,0,{},1,19,13,116,1044,68,8,60,0,3,0,0,0,"[""pair_2007f5e310ddfd33"", ""pair_2e8cf859d2618153""]","{""NO_SUPPORTED_RELATION"": 2}",0,0,2
da-14-1--rep-003--solver-luna--user-simulator-red-team-trace,da-14-1,3,user-simulator-red-team-trace,user,1,,True,/data/user_data/aydanh/rubric_gen/runs/trace-attack-defense-v21-20260911/result20/study/biomnibench-da-factorial-r10-5115fffdd1c0/experiments/da-14-1/rep-003/luna/user-simulator-red-team-trace/rubric-generations/generation-0001,3b327987df1b285cb705f8a1768cd769377b4e96c3fa35154f6018e76f70ee9f,1,1,"{""accepted"": 1}",1,3,2,,72,,,,,,,,,,,,,
da-14-1--rep-003--solver-luna--user-simulator-red-team-trace,da-14-1,3,user-simulator-red-team-trace,user,2,0,False,/data/user_data/aydanh/rubric_gen/runs/trace-attack-defense-v21-20260911/result20/study/biomnibench-da-factorial-r10-5115fffdd1c0/experiments/da-14-1/rep-003/luna/user-simulator-red-team-trace/rubric-generations/generation-0002,a611dde3f3369f7a1e692e371eb5ec6db184f46599601fc1c509f7d53671442f,1,0,"{""criterion_support_failed"": 1}",1,4,2,22,198,22,22,0,0,0,0,0,0,"[""pair_431d7f35e683c6ad""]","{""ADD"": 1}",1,0,0
da-14-1--rep-003--solver-luna--user-simulator-red-team-trace,da-14-1,3,user-simulator-red-team-trace,user,3,1,False,/data/user_data/aydanh/rubric_gen/runs/trace-attack-defense-v21-20260911/result20/study/biomnibench-da-factorial-r10-5115fffdd1c0/experiments/da-14-1/rep-003/luna/user-simulator-red-team-trace/rubric-generations/generation-0003,5ca00c45f1c8cf1b5d179cbee4dd03a6283677f810f95bc807b18f322aa6f9c1,2,0,"{""aggregate_margin_failed"": 1, ""criterion_support_failed"": 1}",1,6,3,40,360,40,18,22,0,0,0,0,0,"[""pair_c82093e347ffb7ab"", ""pair_431d7f35e683c6ad""]","{""ADD"": 2}",2,0,0
da-14-1--rep-003--solver-luna--user-simulator-red-team-trace,da-14-1,3,user-simulator-red-team-trace,user,4,2,False,/data/user_data/aydanh/rubric_gen/runs/trace-attack-defense-v21-20260911/result20/study/biomnibench-da-factorial-r10-5115fffdd1c0/experiments/da-14-1/rep-003/luna/user-simulator-red-team-trace/rubric-generations/generation-0004,f2316a7c68638727f89542687392da9bb1705df558011eea499abab7721c011c,2,0,"{""aggregate_margin_failed"": 2}",1,9,4,51,459,51,21,30,0,0,0,0,0,"[""pair_f8909a23ac0d2e3f"", ""pair_c82093e347ffb7ab""]","{""ADD"": 2}",2,0,0
da-14-1--rep-003--solver-luna--user-simulator-red-team-trace,da-14-1,3,user-simulator-red-team-trace,user,5,3,False,/data/user_data/aydanh/rubric_gen/runs/trace-attack-defense-v21-20260911/result20/study/biomnibench-da-factorial-r10-5115fffdd1c0/experiments/da-14-1/rep-003/luna/user-simulator-red-team-trace/rubric-generations/generation-0005,cbd7a34dbd212d53f266f0e83604ca1b32a2efb4b3ab17862ce52c7e3c2655e3,2,1,"{""accepted"": 1, ""semantic_validation_failed"": 1}",2,11,6,61,549,61,35,26,0,0,0,0,0,"[""pair_5550e9281318446b"", ""pair_c82093e347ffb7ab""]","{""ADD"": 2}",2,0,0
da-14-1--rep-003--solver-luna--user-simulator-red-team-trace,da-14-1,3,user-simulator-red-team-trace,user,6,4,False,/data/user_data/aydanh/rubric_gen/runs/trace-attack-defense-v21-20260911/result20/study/biomnibench-da-factorial-r10-5115fffdd1c0/experiments/da-14-1/rep-003/luna/user-simulator-red-team-trace/rubric-generations/generation-0006,652d473cd0175c63dd80a4878afa91250f42e0e1cc17cb6953a1a4b374affb21,1,0,"{""aggregate_margin_failed"": 1}",2,11,7,66,594,51,40,11,0,1,0,0,0,"[""pair_c82093e347ffb7ab"", ""pair_59910c9378035e0b""]","{""PREFERENCE_CONFLICT"": 1, ""ADD"": 1}",1,0,1
da-12-2--rep-003--solver-luna--user-simulator-red-team-trace,da-12-2,3,user-simulator-red-team-trace,user,1,,True,/data/user_data/aydanh/rubric_gen/runs/trace-attack-defense-v21-20260911/result20/study/biomnibench-da-factorial-r10-5115fffdd1c0/experiments/da-12-2/rep-003/luna/user-simulator-red-team-trace/rubric-generations/generation-0001,4c8f7b4a8a9dff2bf28b1a0595804b5467da6331d73c10762fe65d3fe1895756,0,0,{},0,3,0,,72,,,,,,,,,,,,,
da-12-2--rep-003--solver-luna--user-simulator-red-team-trace,da-12-2,3,user-simulator-red-team-trace,user,2,0,False,/data/user_data/aydanh/rubric_gen/runs/trace-attack-defense-v21-20260911/result20/study/biomnibench-da-factorial-r10-5115fffdd1c0/experiments/da-12-2/rep-003/luna/user-simulator-red-team-trace/rubric-generations/generation-0002,64e0add770efb0b1e5ae37b33534cda52be70d81cbb3947be46894e65d5868d8,0,0,{},0,4,1,22,198,15,16,0,0,0,0,0,0,"[""pair_f3f2c3e08460fe02""]","{""PREFERENCE_CONFLICT"": 1}",0,0,1
da-12-2--rep-003--solver-luna--user-simulator-red-team-trace,da-12-2,3,user-simulator-red-team-trace,user,3,1,False,/data/user_data/aydanh/rubric_gen/runs/trace-attack-defense-v21-20260911/result20/study/biomnibench-da-factorial-r10-5115fffdd1c0/experiments/da-12-2/rep-003/luna/user-simulator-red-team-trace/rubric-generations/generation-0003,d90aa4434f5d2c367143ac331975b920472316b1f9adbb39e5256c9ac52bf812,1,1,"{""accepted"": 1}",1,6,3,40,360,31,17,14,0,0,0,0,0,"[""pair_dd2d661b1de65a2e"", ""pair_f3f2c3e08460fe02""]","{""ADD"": 1, ""PREFERENCE_CONFLICT"": 1}",1,0,1
da-12-2--rep-003--solver-luna--user-simulator-red-team-trace,da-12-2,3,user-simulator-red-team-trace,user,4,2,False,/data/user_data/aydanh/rubric_gen/runs/trace-attack-defense-v21-20260911/result20/study/biomnibench-da-factorial-r10-5115fffdd1c0/experiments/da-12-2/rep-003/luna/user-simulator-red-team-trace/rubric-generations/generation-0004,c085d9e3fb82a8bb464219432070809debb2033cf5bb50fe79e6b122f4ee6ac7,1,1,"{""accepted"": 1}",2,9,5,51,459,40,34,6,0,0,0,0,0,"[""pair_f3f2c3e08460fe02"", ""pair_dd2d661b1de65a2e""]","{""ADD"": 1, ""PREFERENCE_CONFLICT"": 1}",1,0,1
da-12-2--rep-003--solver-luna--user-simulator-red-team-trace,da-12-2,3,user-simulator-red-team-trace,user,5,3,False,/data/user_data/aydanh/rubric_gen/runs/trace-attack-defense-v21-20260911/result20/study/biomnibench-da-factorial-r10-5115fffdd1c0/experiments/da-12-2/rep-003/luna/user-simulator-red-team-trace/rubric-generations/generation-0005,e36a367f767defbe721efc636966fb1bd0e0f9164322a5c75adb08225b16a202,0,0,{},2,11,4,61,549,35,27,8,0,0,0,0,0,"[""pair_f3f2c3e08460fe02"", ""pair_e026f3aa1388e133""]","{""NO_SUPPORTED_RELATION"": 1, ""PREFERENCE_CONFLICT"": 1}",0,0,2
da-12-2--rep-003--solver-luna--user-simulator-red-team-trace,da-12-2,3,user-simulator-red-team-trace,user,6,4,False,/data/user_data/aydanh/rubric_gen/runs/trace-attack-defense-v21-20260911/result20/study/biomnibench-da-factorial-r10-5115fffdd1c0/experiments/da-12-2/rep-003/luna/user-simulator-red-team-trace/rubric-generations/generation-0006,ef08c0593859816bf030f0bb3eb5aecca3b6d43cf1ba6a68f8eeba585f7f2c1d,0,0,{},2,13,6,71,639,41,8,33,0,0,0,0,0,"[""pair_f3f2c3e08460fe02"", ""pair_30b5c8f742a586ca""]","{""NO_SUPPORTED_RELATION"": 1, ""PREFERENCE_CONFLICT"": 1}",0,0,2
da-19-6--rep-002--solver-luna--full-red-team-trace,da-19-6,2,full-red-team-trace,full,1,,True,/data/user_data/aydanh/rubric_gen/runs/trace-attack-defense-v21-20260911/result20/study/biomnibench-da-factorial-r10-5115fffdd1c0/experiments/da-19-6/rep-002/luna/full-red-team-trace/rubric-generations/generation-0001,4a1518eb7d3ee385c1e80d56fc1f57623d93add3bdc234fda28b8c548277e317,1,1,"{""accepted"": 1}",1,3,3,,72,,,,,,,,,,,,,
da-19-6--rep-002--solver-luna--full-red-team-trace,da-19-6,2,full-red-team-trace,full,2,0,False,/data/user_data/aydanh/rubric_gen/runs/trace-attack-defense-v21-20260911/result20/study/biomnibench-da-factorial-r10-5115fffdd1c0/experiments/da-19-6/rep-002/luna/full-red-team-trace/rubric-generations/generation-0002,d206fb5a4dd7646e32c4086ed55e6ff61a8205d7400f120535c1bfad18c3f21d,1,1,"{""accepted"": 1}",2,4,3,30,270,23,23,0,0,0,0,0,0,"[""pair_86eed79f82d0ecf8"", ""pair_09cc0978eb5f9245""]","{""ADD"": 1, ""PREFERENCE_CONFLICT"": 1}",1,0,1
da-19-6--rep-002--solver-luna--full-red-team-trace,da-19-6,2,full-red-team-trace,full,3,1,False,/data/user_data/aydanh/rubric_gen/runs/trace-attack-defense-v21-20260911/result20/study/biomnibench-da-factorial-r10-5115fffdd1c0/experiments/da-19-6/rep-002/luna/full-red-team-trace/rubric-generations/generation-0003,8a0069762c0644949b57f3a957a93c634f6926a151842c7624e00d342fc1fea4,1,0,"{""criterion_support_failed"": 1}",2,6,6,40,360,31,27,4,0,0,0,0,0,"[""pair_636222579ba42541"", ""pair_86eed79f82d0ecf8""]","{""ADD"": 1, ""NO_SUPPORTED_RELATION"": 1}",1,0,1
da-19-6--rep-002--solver-luna--full-red-team-trace,da-19-6,2,full-red-team-trace,full,4,2,False,/data/user_data/aydanh/rubric_gen/runs/trace-attack-defense-v21-20260911/result20/study/biomnibench-da-factorial-r10-5115fffdd1c0/experiments/da-19-6/rep-002/luna/full-red-team-trace/rubric-generations/generation-0004,7f727abdf3c1afbc07a44d30ce3798ccce0e438c179eac82787318974e86913b,1,1,"{""accepted"": 1}",3,7,7,45,405,35,15,20,0,0,0,0,0,"[""pair_5e6b619ec8ab9af6"", ""pair_86eed79f82d0ecf8""]","{""ADD"": 1, ""NO_SUPPORTED_RELATION"": 1}",1,0,1
da-19-6--rep-002--solver-luna--full-red-team-trace,da-19-6,2,full-red-team-trace,full,5,3,False,/data/user_data/aydanh/rubric_gen/runs/trace-attack-defense-v21-20260911/result20/study/biomnibench-da-factorial-r10-5115fffdd1c0/experiments/da-19-6/rep-002/luna/full-red-team-trace/rubric-generations/generation-0005,37579e931843602c58d89160ef788c4481fb7231bad3a114a098b98540da7ea6,0,0,{},3,10,8,56,504,32,25,7,0,0,0,0,0,"[""pair_93b910046dc95220"", ""pair_86eed79f82d0ecf8""]","{""PREFERENCE_CONFLICT"": 2}",0,0,2
da-19-6--rep-002--solver-luna--full-red-team-trace,da-19-6,2,full-red-team-trace,full,6,4,False,/data/user_data/aydanh/rubric_gen/runs/trace-attack-defense-v21-20260911/result20/study/biomnibench-da-factorial-r10-5115fffdd1c0/experiments/da-19-6/rep-002/luna/full-red-team-trace/rubric-generations/generation-0006,21753482b8b402bc96d795983d1b598cf243d16329e2ef5a0a7c0f77e0f37f61,0,0,{},3,12,10,66,594,38,8,30,0,0,0,0,0,"[""pair_a7c73043facb30c1"", ""pair_86eed79f82d0ecf8""]","{""NO_SUPPORTED_RELATION"": 1, ""PREFERENCE_CONFLICT"": 1}",0,0,2
da-19-6--rep-002--solver-luna--full-red-team-trace,da-19-6,2,full-red-team-trace,full,7,5,False,/data/user_data/aydanh/rubric_gen/runs/trace-attack-defense-v21-20260911/result20/study/biomnibench-da-factorial-r10-5115fffdd1c0/experiments/da-19-6/rep-002/luna/full-red-team-trace/rubric-generations/generation-0007,717306bd5d3747ab8fbe0eabc6d4a0258afbccd85692f595f63c2aba043e8831,0,0,{},3,14,11,76,684,44,8,36,0,0,0,0,0,"[""pair_86eed79f82d0ecf8"", ""pair_88e4a3e7293624fd""]","{""PREFERENCE_CONFLICT"": 2}",0,0,2
da-19-6--rep-002--solver-luna--full-red-team-trace,da-19-6,2,full-red-team-trace,full,8,6,False,/data/user_data/aydanh/rubric_gen/runs/trace-attack-defense-v21-20260911/result20/study/biomnibench-da-factorial-r10-5115fffdd1c0/experiments/da-19-6/rep-002/luna/full-red-team-trace/rubric-generations/generation-0008,5dc1765f5d439621b2f42ca9f6d13b337c315dda737881b83b7b902a8aaeaf4a,0,0,{},3,16,14,86,774,50,8,42,0,0,0,0,0,"[""pair_74f0c8e921d5d337"", ""pair_86eed79f82d0ecf8""]","{""NO_SUPPORTED_RELATION"": 1, ""PREFERENCE_CONFLICT"": 1}",0,0,2
da-12-4--rep-003--solver-luna--user-simulator-red-team-trace,da-12-4,3,user-simulator-red-team-trace,user,1,,True,/data/user_data/aydanh/rubric_gen/runs/trace-attack-defense-v21-20260911/result20/study/biomnibench-da-factorial-r10-5115fffdd1c0/experiments/da-12-4/rep-003/luna/user-simulator-red-team-trace/rubric-generations/generation-0001,09724c352873c48fe3515b72dd99ab8eaa22db155b368d2ac5cd1c16bf00a1c1,1,0,"{""criterion_support_failed"": 1}",0,3,1,,72,,,,,,,,,,,,,
da-12-4--rep-003--solver-luna--user-simulator-red-team-trace,da-12-4,3,user-simulator-red-team-trace,user,2,0,False,/data/user_data/aydanh/rubric_gen/runs/trace-attack-defense-v21-20260911/result20/study/biomnibench-da-factorial-r10-5115fffdd1c0/experiments/da-12-4/rep-003/luna/user-simulator-red-team-trace/rubric-generations/generation-0002,36f921e7a6431f5438d6ad9c171a27169cc91cc5c97ec9de82897c95200a0b3d,1,1,"{""accepted"": 1}",1,4,2,22,198,22,23,0,0,0,0,0,0,"[""pair_d765b1e387581fdd""]","{""ADD"": 1}",1,0,0
da-12-4--rep-003--solver-luna--user-simulator-red-team-trace,da-12-4,3,user-simulator-red-team-trace,user,3,1,False,/data/user_data/aydanh/rubric_gen/runs/trace-attack-defense-v21-20260911/result20/study/biomnibench-da-factorial-r10-5115fffdd1c0/experiments/da-12-4/rep-003/luna/user-simulator-red-team-trace/rubric-generations/generation-0003,3a734fdd8ea3376d1389bf51aa3563ee210772b864239a5f396c0e30da29ae2a,2,0,"{""aggregate_margin_failed"": 1, ""criterion_support_failed"": 1}",1,6,4,40,360,40,36,4,0,0,0,0,0,"[""pair_5223ee95e914c4da"", ""pair_2ffd2b57fe8c7979""]","{""ADD"": 2}",2,0,0
da-12-4--rep-003--solver-luna--user-simulator-red-team-trace,da-12-4,3,user-simulator-red-team-trace,user,4,2,False,/data/user_data/aydanh/rubric_gen/runs/trace-attack-defense-v21-20260911/result20/study/biomnibench-da-factorial-r10-5115fffdd1c0/experiments/da-12-4/rep-003/luna/user-simulator-red-team-trace/rubric-generations/generation-0004,0e3c0ee6286f1f8ddf0cbcb44d2091ace102fea38771b417d0f78bdc5880ad82,2,1,"{""accepted"": 1, ""criterion_support_failed"": 1}",2,9,7,51,459,51,31,20,0,0,0,0,0,"[""pair_fee71b070936c7f7"", ""pair_2ffd2b57fe8c7979""]","{""ADD"": 2}",2,0,0
da-12-4--rep-003--solver-luna--user-simulator-red-team-trace,da-12-4,3,user-simulator-red-team-trace,user,5,3,False,/data/user_data/aydanh/rubric_gen/runs/trace-attack-defense-v21-20260911/result20/study/biomnibench-da-factorial-r10-5115fffdd1c0/experiments/da-12-4/rep-003/luna/user-simulator-red-team-trace/rubric-generations/generation-0005,1441525aaa479760962448b98417395f4385d6d2eff3a63fd8192df59fef20ba,1,0,"{""aggregate_margin_failed"": 1}",2,10,6,61,549,48,40,8,0,1,0,0,0,"[""pair_f33872f3f74fe13e"", ""pair_2ffd2b57fe8c7979""]","{""ADD"": 1, ""PREFERENCE_CONFLICT"": 1}",1,0,1
da-12-4--rep-003--solver-luna--user-simulator-red-team-trace,da-12-4,3,user-simulator-red-team-trace,user,6,4,False,/data/user_data/aydanh/rubric_gen/runs/trace-attack-defense-v21-20260911/result20/study/biomnibench-da-factorial-r10-5115fffdd1c0/experiments/da-12-4/rep-003/luna/user-simulator-red-team-trace/rubric-generations/generation-0006,1949dfbd7309b21a10e26ae5a0c5759ec60ac7fe5100016764f0cc755a212864,1,0,"{""aggregate_margin_failed"": 1}",2,13,8,71,639,56,23,33,0,0,0,0,0,"[""pair_7e187b637ae04d12"", ""pair_2ffd2b57fe8c7979""]","{""ADD"": 1, ""PREFERENCE_CONFLICT"": 1}",1,0,1
da-12-4--rep-003--solver-luna--user-simulator-red-team-trace,da-12-4,3,user-simulator-red-team-trace,user,7,5,False,/data/user_data/aydanh/rubric_gen/runs/trace-attack-defense-v21-20260911/result20/study/biomnibench-da-factorial-r10-5115fffdd1c0/experiments/da-12-4/rep-003/luna/user-simulator-red-team-trace/rubric-generations/generation-0007,e855858eedb60adeeab05b7de7572a797f0f02eed91c0e44a80f32cec1bf9df4,0,0,{},2,15,10,81,729,47,8,39,0,0,0,0,0,"[""pair_22571bb632c1ac7c"", ""pair_2ffd2b57fe8c7979""]","{""PREFERENCE_CONFLICT"": 2}",0,0,2
da-12-4--rep-003--solver-luna--user-simulator-red-team-trace,da-12-4,3,user-simulator-red-team-trace,user,8,6,False,/data/user_data/aydanh/rubric_gen/runs/trace-attack-defense-v21-20260911/result20/study/biomnibench-da-factorial-r10-5115fffdd1c0/experiments/da-12-4/rep-003/luna/user-simulator-red-team-trace/rubric-generations/generation-0008,38e26c3479f26a4f1e1bc93cced622d2c182b76f77231898a46a99bed709e068,1,0,{},2,17,12,91,819,72,29,44,0,0,0,0,0,"[""pair_995b591e35d1c93a"", ""pair_5223ee95e914c4da""]","{""ADD"": 1, ""PREFERENCE_CONFLICT"": 1}",1,0,2
da-12-4--rep-003--solver-luna--user-simulator-red-team-trace,da-12-4,3,user-simulator-red-team-trace,user,9,7,False,/data/user_data/aydanh/rubric_gen/runs/trace-attack-defense-v21-20260911/result20/study/biomnibench-da-factorial-r10-5115fffdd1c0/experiments/da-12-4/rep-003/luna/user-simulator-red-team-trace/rubric-generations/generation-0009,c945e84752151708c286783a5d3dc9d7b2969bf0e450ec86b952818c45e3629b,0,0,{},2,19,14,101,909,59,7,52,0,0,0,0,0,"[""pair_2ffd2b57fe8c7979"", ""pair_5223ee95e914c4da""]","{""PREFERENCE_CONFLICT"": 2}",0,0,2
da-12-4--rep-003--solver-luna--user-simulator-red-team-trace,da-12-4,3,user-simulator-red-team-trace,user,10,8,False,/data/user_data/aydanh/rubric_gen/runs/trace-attack-defense-v21-20260911/result20/study/biomnibench-da-factorial-r10-5115fffdd1c0/experiments/da-12-4/rep-003/luna/user-simulator-red-team-trace/rubric-generations/generation-0010,a143db674b788b81d6c1136e74842ff6db7689aee1c31ec7e07c8b2c0a4e747f,1,0,{},2,21,15,111,999,88,32,57,0,0,0,0,0,"[""pair_18af4f1182ec47b2"", ""pair_5223ee95e914c4da""]","{""ADD"": 1, ""PREFERENCE_CONFLICT"": 1}",1,0,2
da-12-4--rep-003--solver-luna--user-simulator-red-team-trace,da-12-4,3,user-simulator-red-team-trace,user,11,9,False,/data/user_data/aydanh/rubric_gen/runs/trace-attack-defense-v21-20260911/result20/study/biomnibench-da-factorial-r10-5115fffdd1c0/experiments/da-12-4/rep-003/luna/user-simulator-red-team-trace/rubric-generations/generation-0011,504c15bd24b31c044eb5be4d4cef4b26892177fa1f4dbe0f7ae1dc75b6141f94,0,0,{},2,23,17,121,1089,71,8,63,0,0,0,0,0,"[""pair_0be2e4cc62940cf0"", ""pair_2ffd2b57fe8c7979""]","{""PREFERENCE_CONFLICT"": 2}",0,0,2
da-18-5--rep-001--solver-luna--user-simulator-red-team-trace,da-18-5,1,user-simulator-red-team-trace,user,1,,True,/data/user_data/aydanh/rubric_gen/runs/trace-attack-defense-v21-20260911/result20/study/biomnibench-da-factorial-r10-5115fffdd1c0/experiments/da-18-5/rep-001/luna/user-simulator-red-team-trace/rubric-generations/generation-0001,240822d25a13ee8ab44b8c97970ce504feb321b79947e1fa216390476a8d3a60,0,0,{},0,3,2,,72,,,,,,,,,,,,,
da-18-5--rep-001--solver-luna--user-simulator-red-team-trace,da-18-5,1,user-simulator-red-team-trace,user,2,0,False,/data/user_data/aydanh/rubric_gen/runs/trace-attack-defense-v21-20260911/result20/study/biomnibench-da-factorial-r10-5115fffdd1c0/experiments/da-18-5/rep-001/luna/user-simulator-red-team-trace/rubric-generations/generation-0002,1a71cc816b407ab3d35a5dfc3cee1774da5c7438011d736cf4f8a9aa1eb1064c,1,1,"{""accepted"": 1}",1,4,1,22,198,22,22,0,0,0,0,0,0,"[""pair_279182504c05a57c""]","{""ADD"": 1}",1,0,0
da-18-5--rep-001--solver-luna--user-simulator-red-team-trace,da-18-5,1,user-simulator-red-team-trace,user,3,1,False,/data/user_data/aydanh/rubric_gen/runs/trace-attack-defense-v21-20260911/result20/study/biomnibench-da-factorial-r10-5115fffdd1c0/experiments/da-18-5/rep-001/luna/user-simulator-red-team-trace/rubric-generations/generation-0003,6f16fb67294b0bbc91485130c53ec17bfbe6489e89dd3938ce6ec01b32245ff3,1,0,"{""aggregate_margin_failed"": 1}",1,6,3,40,360,31,27,4,0,0,0,0,0,"[""pair_001d2ada8ff32991"", ""pair_2c73526aba34d7b3""]","{""PREFERENCE_CONFLICT"": 1, ""ADD"": 1}",1,0,1
da-18-5--rep-001--solver-luna--user-simulator-red-team-trace,da-18-5,1,user-simulator-red-team-trace,user,4,2,False,/data/user_data/aydanh/rubric_gen/runs/trace-attack-defense-v21-20260911/result20/study/biomnibench-da-factorial-r10-5115fffdd1c0/experiments/da-18-5/rep-001/luna/user-simulator-red-team-trace/rubric-generations/generation-0004,6780b3cacca6971ea95f44a22494d4595a3142e303f6dfedb1f9a6c3304defa6,1,0,"{""aggregate_margin_failed"": 1}",1,8,4,51,459,39,9,30,0,1,0,0,0,"[""pair_648a4ce966686bca"", ""pair_2c73526aba34d7b3""]","{""PREFERENCE_CONFLICT"": 1, ""ADD"": 1}",1,0,1
da-18-5--rep-001--solver-luna--user-simulator-red-team-trace,da-18-5,1,user-simulator-red-team-trace,user,5,3,False,/data/user_data/aydanh/rubric_gen/runs/trace-attack-defense-v21-20260911/result20/study/biomnibench-da-factorial-r10-5115fffdd1c0/experiments/da-18-5/rep-001/luna/user-simulator-red-team-trace/rubric-generations/generation-0005,86e60f278785088bcdc1342ddc335644275328caa7ef27d2f7e1ad6035042153,1,1,"{""accepted"": 1}",2,10,5,61,549,47,21,26,0,1,0,0,0,"[""pair_27d7b15bd4f68d72"", ""pair_2c73526aba34d7b3""]","{""ADD"": 1, ""NO_SUPPORTED_RELATION"": 1}",1,0,1
da-18-5--rep-001--solver-luna--user-simulator-red-team-trace,da-18-5,1,user-simulator-red-team-trace,user,6,4,False,/data/user_data/aydanh/rubric_gen/runs/trace-attack-defense-v21-20260911/result20/study/biomnibench-da-factorial-r10-5115fffdd1c0/experiments/da-18-5/rep-001/luna/user-simulator-red-team-trace/rubric-generations/generation-0006,295dde226577e18bd1dbd44e05ba9d5a60bfd946a145a89b1acdf84b983677c4,2,1,"{""accepted"": 1, ""criterion_support_failed"": 1}",3,11,7,66,594,64,53,11,0,1,0,0,0,"[""pair_6bb7d03710a695d1"", ""pair_4cd235ec7e936d86""]","{""ADD"": 2}",2,0,0
da-10-3--rep-001--solver-luna--full-red-team-trace,da-10-3,1,full-red-team-trace,full,1,,True,/data/user_data/aydanh/rubric_gen/runs/trace-attack-defense-v21-20260911/result20/study/biomnibench-da-factorial-r10-5115fffdd1c0/experiments/da-10-3/rep-001/luna/full-red-team-trace/rubric-generations/generation-0001,715ae309b8ff60a3433c3d48dff736a2c88873fb8740e20ab8e73bbf94d1d049,1,0,"{""aggregate_margin_failed"": 1}",0,3,1,,72,,,,,,,,,,,,,
da-10-3--rep-001--solver-luna--full-red-team-trace,da-10-3,1,full-red-team-trace,full,2,0,False,/data/user_data/aydanh/rubric_gen/runs/trace-attack-defense-v21-20260911/result20/study/biomnibench-da-factorial-r10-5115fffdd1c0/experiments/da-10-3/rep-001/luna/full-red-team-trace/rubric-generations/generation-0002,dd1991f4ca4947ce9567e399f083e7f288214f975f4ceebb5df5dce3b8384ff9,0,0,{},0,3,3,30,270,16,16,0,0,1,0,0,0,"[""pair_e49d88faa4b2f739"", ""pair_51d83c15b0c2aa1b""]","{""NO_SUPPORTED_RELATION"": 1, ""PREFERENCE_CONFLICT"": 1}",0,0,2
da-10-3--rep-001--solver-luna--full-red-team-trace,da-10-3,1,full-red-team-trace,full,3,1,False,/data/user_data/aydanh/rubric_gen/runs/trace-attack-defense-v21-20260911/result20/study/biomnibench-da-factorial-r10-5115fffdd1c0/experiments/da-10-3/rep-001/luna/full-red-team-trace/rubric-generations/generation-0003,cb2fe9e2561c428bbd95af19c57c80b5b65a468f0b1199b72d757c696a58f16f,0,0,{},0,5,5,40,360,22,7,15,0,1,0,0,0,"[""pair_6794bea1f251c319"", ""pair_e49d88faa4b2f739""]","{""PREFERENCE_CONFLICT"": 1, ""NO_SUPPORTED_RELATION"": 1}",0,0,2
da-10-3--rep-001--solver-luna--full-red-team-trace,da-10-3,1,full-red-team-trace,full,4,2,False,/data/user_data/aydanh/rubric_gen/runs/trace-attack-defense-v21-20260911/result20/study/biomnibench-da-factorial-r10-5115fffdd1c0/experiments/da-10-3/rep-001/luna/full-red-team-trace/rubric-generations/generation-0004,fc78837fb98a94a347c042c4d9cc4ecfc555e461dfcb32313f0d1c76e74e03c0,0,0,{},0,6,6,45,405,25,4,21,0,1,0,0,0,"[""pair_a50417b04cdbd2ac"", ""pair_e49d88faa4b2f739""]","{""PREFERENCE_CONFLICT"": 1, ""NO_SUPPORTED_RELATION"": 1}",0,0,2
da-10-3--rep-001--solver-luna--full-red-team-trace,da-10-3,1,full-red-team-trace,full,5,3,False,/data/user_data/aydanh/rubric_gen/runs/trace-attack-defense-v21-20260911/result20/study/biomnibench-da-factorial-r10-5115fffdd1c0/experiments/da-10-3/rep-001/luna/full-red-team-trace/rubric-generations/generation-0005,81ff93eafe71dcd51437539cb89c05da27593018368d321835f7cdd82783c9ad,0,0,{},0,7,7,50,450,28,4,24,0,1,0,0,0,"[""pair_9bd820d5422ad51d"", ""pair_a50417b04cdbd2ac""]","{""PREFERENCE_CONFLICT"": 2}",0,0,2
da-10-3--rep-001--solver-luna--full-red-team-trace,da-10-3,1,full-red-team-trace,full,6,4,False,/data/user_data/aydanh/rubric_gen/runs/trace-attack-defense-v21-20260911/result20/study/biomnibench-da-factorial-r10-5115fffdd1c0/experiments/da-10-3/rep-001/luna/full-red-team-trace/rubric-generations/generation-0006,13a136a723cf3f91e8625a3a541abbe612abf7fd1a1a5e320df6ea16292d4113,0,0,{},0,8,7,55,495,31,4,28,0,1,0,0,0,"[""pair_9bd820d5422ad51d"", ""pair_a50417b04cdbd2ac""]","{""PREFERENCE_CONFLICT"": 2}",0,0,2
da-19-6--rep-003--solver-luna--user-simulator-red-team-trace,da-19-6,3,user-simulator-red-team-trace,user,1,,True,/data/user_data/aydanh/rubric_gen/runs/trace-attack-defense-v21-20260911/result20/study/biomnibench-da-factorial-r10-5115fffdd1c0/experiments/da-19-6/rep-003/luna/user-simulator-red-team-trace/rubric-generations/generation-0001,4a1518eb7d3ee385c1e80d56fc1f57623d93add3bdc234fda28b8c548277e317,1,1,"{""accepted"": 1}",1,3,3,,72,,,,,,,,,,,,,
da-19-6--rep-003--solver-luna--user-simulator-red-team-trace,da-19-6,3,user-simulator-red-team-trace,user,2,0,False,/data/user_data/aydanh/rubric_gen/runs/trace-attack-defense-v21-20260911/result20/study/biomnibench-da-factorial-r10-5115fffdd1c0/experiments/da-19-6/rep-003/luna/user-simulator-red-team-trace/rubric-generations/generation-0002,d80455c59403e53c39e1ffae67b993564f507c332ab2a90b644beef36fa6381c,0,0,{},1,4,3,30,270,16,16,0,0,0,0,0,0,"[""pair_2ad3de1f9f478651"", ""pair_09cc0978eb5f9245""]","{""NO_SUPPORTED_RELATION"": 1, ""PREFERENCE_CONFLICT"": 1}",0,0,2
da-19-6--rep-003--solver-luna--user-simulator-red-team-trace,da-19-6,3,user-simulator-red-team-trace,user,3,1,False,/data/user_data/aydanh/rubric_gen/runs/trace-attack-defense-v21-20260911/result20/study/biomnibench-da-factorial-r10-5115fffdd1c0/experiments/da-19-6/rep-003/luna/user-simulator-red-team-trace/rubric-generations/generation-0003,84ef2d3c4f3aba64ae295fd792d232a4fc6ac305cf7ba19eebd99f3c915c2223,0,0,{},1,6,4,40,360,22,7,15,0,0,0,0,0,"[""pair_e0452791d76e27bf"", ""pair_2ad3de1f9f478651""]","{""NO_SUPPORTED_RELATION"": 2}",0,0,2
da-19-6--rep-003--solver-luna--user-simulator-red-team-trace,da-19-6,3,user-simulator-red-team-trace,user,4,2,False,/data/user_data/aydanh/rubric_gen/runs/trace-attack-defense-v21-20260911/result20/study/biomnibench-da-factorial-r10-5115fffdd1c0/experiments/da-19-6/rep-003/luna/user-simulator-red-team-trace/rubric-generations/generation-0004,237a244a40ffb707fa30e5636dd7d4a182c314f192df5f2f48bc040d4266d011,1,1,"{""accepted"": 1}",2,9,5,51,459,40,20,20,0,0,0,0,0,"[""pair_78db35fb8ff40f9c"", ""pair_2ad3de1f9f478651""]","{""ADD"": 1, ""NO_SUPPORTED_RELATION"": 1}",1,0,1
da-19-6--rep-003--solver-luna--user-simulator-red-team-trace,da-19-6,3,user-simulator-red-team-trace,user,5,3,False,/data/user_data/aydanh/rubric_gen/runs/trace-attack-defense-v21-20260911/result20/study/biomnibench-da-factorial-r10-5115fffdd1c0/experiments/da-19-6/rep-003/luna/user-simulator-red-team-trace/rubric-generations/generation-0005,b5608cdbdf23a6cb53cef85598771be4b3b0bb728dbf36a6cc9cc98ce331c13b,0,0,{},2,11,7,61,549,35,27,8,0,0,0,0,0,"[""pair_2ad3de1f9f478651"", ""pair_09cc0978eb5f9245""]","{""NO_SUPPORTED_RELATION"": 1, ""PREFERENCE_CONFLICT"": 1}",0,0,2
da-19-6--rep-003--solver-luna--user-simulator-red-team-trace,da-19-6,3,user-simulator-red-team-trace,user,6,4,False,/data/user_data/aydanh/rubric_gen/runs/trace-attack-defense-v21-20260911/result20/study/biomnibench-da-factorial-r10-5115fffdd1c0/experiments/da-19-6/rep-003/luna/user-simulator-red-team-trace/rubric-generations/generation-0006,92d48da66debb5fed7b0094cb3eebdb0f74b03d54f95644cfc2a3c638e746c9a,0,0,{},2,13,9,71,639,41,8,33,0,0,0,0,0,"[""pair_f5aefaf86cadda32"", ""pair_2ad3de1f9f478651""]","{""NO_SUPPORTED_RELATION"": 2}",0,0,2
da-19-6--rep-003--solver-luna--user-simulator-red-team-trace,da-19-6,3,user-simulator-red-team-trace,user,7,5,False,/data/user_data/aydanh/rubric_gen/runs/trace-attack-defense-v21-20260911/result20/study/biomnibench-da-factorial-r10-5115fffdd1c0/experiments/da-19-6/rep-003/luna/user-simulator-red-team-trace/rubric-generations/generation-0007,817d153cdbda483ad6c8dea43bb49234b13bf8203a3ee0090a7f8afb80f548ac,1,0,"{""criterion_support_failed"": 1}",2,15,11,81,729,64,25,39,0,0,0,0,0,"[""pair_7a91a12f7c87aa7e"", ""pair_2ad3de1f9f478651""]","{""ADD"": 1, ""NO_SUPPORTED_RELATION"": 1}",1,0,1
da-19-6--rep-003--solver-luna--user-simulator-red-team-trace,da-19-6,3,user-simulator-red-team-trace,user,8,6,False,/data/user_data/aydanh/rubric_gen/runs/trace-attack-defense-v21-20260911/result20/study/biomnibench-da-factorial-r10-5115fffdd1c0/experiments/da-19-6/rep-003/luna/user-simulator-red-team-trace/rubric-generations/generation-0008,e1a43a9da1ef99e5ffe7187950ecd7cd5ee626591b6b190422f8f8fe5c2f56bb,0,0,{},2,17,11,91,819,53,8,45,0,0,0,0,0,"[""pair_2e2ac0506004a166"", ""pair_2ad3de1f9f478651""]","{""NO_SUPPORTED_RELATION"": 2}",0,0,2
da-19-6--rep-003--solver-luna--user-simulator-red-team-trace,da-19-6,3,user-simulator-red-team-trace,user,9,7,False,/data/user_data/aydanh/rubric_gen/runs/trace-attack-defense-v21-20260911/result20/study/biomnibench-da-factorial-r10-5115fffdd1c0/experiments/da-19-6/rep-003/luna/user-simulator-red-team-trace/rubric-generations/generation-0009,aa1abcffd5b7c91e7802a95d982660bf1b5d5440cfa4f7ba9ff0fe825c5137b4,0,0,{},2,19,14,101,909,59,8,51,0,0,0,0,0,"[""pair_1a49aff8510efde4"", ""pair_2ad3de1f9f478651""]","{""NO_SUPPORTED_RELATION"": 2}",0,0,2
da-19-6--rep-003--solver-luna--user-simulator-red-team-trace,da-19-6,3,user-simulator-red-team-trace,user,10,8,False,/data/user_data/aydanh/rubric_gen/runs/trace-attack-defense-v21-20260911/result20/study/biomnibench-da-factorial-r10-5115fffdd1c0/experiments/da-19-6/rep-003/luna/user-simulator-red-team-trace/rubric-generations/generation-0010,ca797e5523416280bbb1b02c6883e1a87dd03f97f02d98532a2b3ff496472573,0,0,{},2,21,16,111,999,66,9,57,0,0,0,1,0,"[""pair_635548894d5aadbb"", ""pair_2ad3de1f9f478651""]","{""ADD"": 1, ""NO_SUPPORTED_RELATION"": 1}",1,0,1
da-19-6--rep-003--solver-luna--user-simulator-red-team-trace,da-19-6,3,user-simulator-red-team-trace,user,11,9,False,/data/user_data/aydanh/rubric_gen/runs/trace-attack-defense-v21-20260911/result20/study/biomnibench-da-factorial-r10-5115fffdd1c0/experiments/da-19-6/rep-003/luna/user-simulator-red-team-trace/rubric-generations/generation-0011,a14906b00124cf2e45dd3ed2bb7af1f2bf9cb336a26996864addd337c122b3fd,0,0,{},2,23,18,121,1089,71,8,63,0,0,0,0,0,"[""pair_3e05ebe83f07d987"", ""pair_2ad3de1f9f478651""]","{""NO_SUPPORTED_RELATION"": 2}",0,0,2
da-15-7--rep-001--solver-luna--user-simulator-red-team-trace,da-15-7,1,user-simulator-red-team-trace,user,1,,True,/data/user_data/aydanh/rubric_gen/runs/trace-attack-defense-v21-20260911/result20/study/biomnibench-da-factorial-r10-5115fffdd1c0/experiments/da-15-7/rep-001/luna/user-simulator-red-team-trace/rubric-generations/generation-0001,6093c41ec11d51fe2deb7cad44a4944d79e5bfbbbf9f9a16bd243375360c05d0,2,0,"{""criterion_support_failed"": 2}",0,3,3,,72,,,,,,,,,,,,,
da-15-7--rep-001--solver-luna--user-simulator-red-team-trace,da-15-7,1,user-simulator-red-team-trace,user,2,0,False,/data/user_data/aydanh/rubric_gen/runs/trace-attack-defense-v21-20260911/result20/study/biomnibench-da-factorial-r10-5115fffdd1c0/experiments/da-15-7/rep-001/luna/user-simulator-red-team-trace/rubric-generations/generation-0002,2ec90206b4eb13e82acb5be416536868072cbacfb7696a1b41e1a9de4a922709,0,0,{},0,4,3,30,270,16,16,0,0,0,0,0,0,"[""pair_5eb7b2cbfbcecab9"", ""pair_d01cca7f4dfae59d""]","{""PREFERENCE_CONFLICT"": 2}",0,0,2
da-15-7--rep-001--solver-luna--user-simulator-red-team-trace,da-15-7,1,user-simulator-red-team-trace,user,3,1,False,/data/user_data/aydanh/rubric_gen/runs/trace-attack-defense-v21-20260911/result20/study/biomnibench-da-factorial-r10-5115fffdd1c0/experiments/da-15-7/rep-001/luna/user-simulator-red-team-trace/rubric-generations/generation-0003,4add3ddd8f3bc71ec8e96a4ebdb4f7fca8596610d29e877c1d5f83ec0261e635,1,1,"{""accepted"": 1}",1,6,5,40,360,31,17,14,0,0,0,0,0,"[""pair_4dcb0e8c3c399680"", ""pair_337c224f051f9a93""]","{""ADD"": 1, ""PREFERENCE_CONFLICT"": 1}",1,0,1
da-15-7--rep-001--solver-luna--user-simulator-red-team-trace,da-15-7,1,user-simulator-red-team-trace,user,4,2,False,/data/user_data/aydanh/rubric_gen/runs/trace-attack-defense-v21-20260911/result20/study/biomnibench-da-factorial-r10-5115fffdd1c0/experiments/da-15-7/rep-001/luna/user-simulator-red-team-trace/rubric-generations/generation-0004,994806331f585d0b5e33afa4a02d63d02968e3be97ffcff70a6980277b32158d,0,0,{},1,9,6,51,459,29,23,6,0,0,0,0,0,"[""pair_0191fd926246a8a8"", ""pair_337c224f051f9a93""]","{""PREFERENCE_CONFLICT"": 2}",0,0,2
da-15-7--rep-001--solver-luna--user-simulator-red-team-trace,da-15-7,1,user-simulator-red-team-trace,user,5,3,False,/data/user_data/aydanh/rubric_gen/runs/trace-attack-defense-v21-20260911/result20/study/biomnibench-da-factorial-r10-5115fffdd1c0/experiments/da-15-7/rep-001/luna/user-simulator-red-team-trace/rubric-generations/generation-0005,073e1b9c6793bc4399880e1d1807500eb583d3be0788832133ff059a941603aa,1,1,"{""accepted"": 1}",2,11,7,61,549,48,22,26,0,0,0,0,0,"[""pair_1886196bcd49a6aa"", ""pair_07ae14627042fd5b""]","{""PREFERENCE_CONFLICT"": 1, ""ADD"": 1}",1,0,1
da-15-7--rep-001--solver-luna--user-simulator-red-team-trace,da-15-7,1,user-simulator-red-team-trace,user,6,4,False,/data/user_data/aydanh/rubric_gen/runs/trace-attack-defense-v21-20260911/result20/study/biomnibench-da-factorial-r10-5115fffdd1c0/experiments/da-15-7/rep-001/luna/user-simulator-red-team-trace/rubric-generations/generation-0006,b861c59751991cdd23c16930cadcfc45625c910af4f884637fc3b2229fe98cb8,0,0,{},2,13,8,71,639,42,32,10,0,0,0,1,0,"[""pair_337c224f051f9a93"", ""pair_0ddbf791cb01eee3""]","{""ADD"": 1, ""PREFERENCE_CONFLICT"": 1}",1,0,1
da-15-7--rep-001--solver-luna--user-simulator-red-team-trace,da-15-7,1,user-simulator-red-team-trace,user,7,5,False,/data/user_data/aydanh/rubric_gen/runs/trace-attack-defense-v21-20260911/result20/study/biomnibench-da-factorial-r10-5115fffdd1c0/experiments/da-15-7/rep-001/luna/user-simulator-red-team-trace/rubric-generations/generation-0007,71fd1137e14643823ef79695a5c75613f90f05eb5ae9b7b33b1ae9908262a1e8,1,0,"{""criterion_support_failed"": 1}",2,15,10,81,729,65,25,40,0,0,0,1,0,"[""pair_507615cf85b5cbbd"", ""pair_337c224f051f9a93""]","{""ADD"": 2}",2,0,0
da-15-7--rep-001--solver-luna--user-simulator-red-team-trace,da-15-7,1,user-simulator-red-team-trace,user,8,6,False,/data/user_data/aydanh/rubric_gen/runs/trace-attack-defense-v21-20260911/result20/study/biomnibench-da-factorial-r10-5115fffdd1c0/experiments/da-15-7/rep-001/luna/user-simulator-red-team-trace/rubric-generations/generation-0008,a10a62baa90f862da693da3d73b3d8191e92cd6e7b8d5dc53058d66cf76d9a26,1,1,"{""accepted"": 1}",3,17,11,91,819,72,28,44,0,0,0,0,0,"[""pair_acde2674eaa1f135"", ""pair_337c224f051f9a93""]","{""ADD"": 1, ""PREFERENCE_CONFLICT"": 1}",1,0,1
da-15-7--rep-001--solver-luna--user-simulator-red-team-trace,da-15-7,1,user-simulator-red-team-trace,user,9,7,False,/data/user_data/aydanh/rubric_gen/runs/trace-attack-defense-v21-20260911/result20/study/biomnibench-da-factorial-r10-5115fffdd1c0/experiments/da-15-7/rep-001/luna/user-simulator-red-team-trace/rubric-generations/generation-0009,d62123b4b74e77d2410d04d4d5f9a45d97d39b17279f60bb55b14b2a1727afc2,0,0,{},3,19,13,101,909,59,43,16,0,0,0,0,0,"[""pair_11d44dbe477b1e2a"", ""pair_337c224f051f9a93""]","{""PREFERENCE_CONFLICT"": 2}",0,0,2
da-15-7--rep-001--solver-luna--user-simulator-red-team-trace,da-15-7,1,user-simulator-red-team-trace,user,10,8,False,/data/user_data/aydanh/rubric_gen/runs/trace-attack-defense-v21-20260911/result20/study/biomnibench-da-factorial-r10-5115fffdd1c0/experiments/da-15-7/rep-001/luna/user-simulator-red-team-trace/rubric-generations/generation-0010,7d4e513b0e3443e7212043838d983ecbbc15c218ab4ba95e9edc4e73e46a81e4,1,0,"{""criterion_support_failed"": 1}",3,21,16,111,999,88,31,57,0,0,0,0,0,"[""pair_6776ff9fcfff6090"", ""pair_337c224f051f9a93""]","{""ADD"": 1, ""PREFERENCE_CONFLICT"": 1}",1,0,1
da-15-7--rep-001--solver-luna--user-simulator-red-team-trace,da-15-7,1,user-simulator-red-team-trace,user,11,9,False,/data/user_data/aydanh/rubric_gen/runs/trace-attack-defense-v21-20260911/result20/study/biomnibench-da-factorial-r10-5115fffdd1c0/experiments/da-15-7/rep-001/luna/user-simulator-red-team-trace/rubric-generations/generation-0011,652b7002c91be2a0f587b4b35266388e876d9b6bf3c15bdda2e8df8d73f82843,1,0,"{""aggregate_margin_failed"": 1}",3,22,17,121,1089,96,33,63,0,1,0,0,0,"[""pair_bca31f8a3dacae0d"", ""pair_337c224f051f9a93""]","{""ADD"": 1, ""PREFERENCE_CONFLICT"": 1}",1,0,1
da-15-7--rep-003--solver-luna--full-red-team-trace,da-15-7,3,full-red-team-trace,full,1,,True,/data/user_data/aydanh/rubric_gen/runs/trace-attack-defense-v21-20260911/result20/study/biomnibench-da-factorial-r10-5115fffdd1c0/experiments/da-15-7/rep-003/luna/full-red-team-trace/rubric-generations/generation-0001,6093c41ec11d51fe2deb7cad44a4944d79e5bfbbbf9f9a16bd243375360c05d0,2,0,"{""criterion_support_failed"": 2}",0,3,3,,72,,,,,,,,,,,,,
da-15-7--rep-003--solver-luna--full-red-team-trace,da-15-7,3,full-red-team-trace,full,2,0,False,/data/user_data/aydanh/rubric_gen/runs/trace-attack-defense-v21-20260911/result20/study/biomnibench-da-factorial-r10-5115fffdd1c0/experiments/da-15-7/rep-003/luna/full-red-team-trace/rubric-generations/generation-0002,2ec90206b4eb13e82acb5be416536868072cbacfb7696a1b41e1a9de4a922709,1,0,"{""semantic_validation_failed"": 1}",0,4,3,30,270,23,23,0,0,0,0,0,0,"[""pair_04d5c0443457c5af"", ""pair_5eb7b2cbfbcecab9""]","{""ADD"": 1, ""PREFERENCE_CONFLICT"": 1}",1,0,1
da-15-7--rep-003--solver-luna--full-red-team-trace,da-15-7,3,full-red-team-trace,full,3,1,False,/data/user_data/aydanh/rubric_gen/runs/trace-attack-defense-v21-20260911/result20/study/biomnibench-da-factorial-r10-5115fffdd1c0/experiments/da-15-7/rep-003/luna/full-red-team-trace/rubric-generations/generation-0003,800d1c57487055bbbb29ae0931aa19da55721ff78b6775e9b3578698118b51ba,1,0,"{""semantic_validation_failed"": 1}",0,5,4,40,360,30,8,22,0,1,0,0,0,"[""pair_ca2017a11eac1cc2"", ""pair_04d5c0443457c5af""]","{""PREFERENCE_CONFLICT"": 1, ""ADD"": 1}",1,0,1
da-15-7--rep-003--solver-luna--full-red-team-trace,da-15-7,3,full-red-team-trace,full,4,2,False,/data/user_data/aydanh/rubric_gen/runs/trace-attack-defense-v21-20260911/result20/study/biomnibench-da-factorial-r10-5115fffdd1c0/experiments/da-15-7/rep-003/luna/full-red-team-trace/rubric-generations/generation-0004,fe7aabdf4df1ec5d29f9776d6019fd86c86869df1cd402d0fc06c9fb0469a53d,0,0,{},0,8,7,51,459,29,9,20,0,1,0,0,0,"[""pair_38cf304662b7621c"", ""pair_5f1eee13a3f4c2b9""]","{""PREFERENCE_CONFLICT"": 2}",0,0,2
da-15-7--rep-003--solver-luna--full-red-team-trace,da-15-7,3,full-red-team-trace,full,5,3,False,/data/user_data/aydanh/rubric_gen/runs/trace-attack-defense-v21-20260911/result20/study/biomnibench-da-factorial-r10-5115fffdd1c0/experiments/da-15-7/rep-003/luna/full-red-team-trace/rubric-generations/generation-0005,25ca68e0738d1b21c50b6730485c18914e77376cb9fb01f122d5e315c7c5b611,0,0,{},0,10,9,61,549,35,8,27,0,1,0,0,0,"[""pair_a05c6a04de308b51"", ""pair_ca2017a11eac1cc2""]","{""NO_SUPPORTED_RELATION"": 1, ""PREFERENCE_CONFLICT"": 1}",0,0,2
da-15-7--rep-003--solver-luna--full-red-team-trace,da-15-7,3,full-red-team-trace,full,6,4,False,/data/user_data/aydanh/rubric_gen/runs/trace-attack-defense-v21-20260911/result20/study/biomnibench-da-factorial-r10-5115fffdd1c0/experiments/da-15-7/rep-003/luna/full-red-team-trace/rubric-generations/generation-0006,6760f93e35e98c1d928067c52f3cf57d4390e969f961aeb762a5794e5736553b,1,0,"{""criterion_support_failed"": 1}",0,12,10,71,639,55,23,33,0,1,0,0,0,"[""pair_ca2017a11eac1cc2"", ""pair_ff65828387990465""]","{""PREFERENCE_CONFLICT"": 1, ""ADD"": 1}",1,0,1
da-15-7--rep-003--solver-luna--full-red-team-trace,da-15-7,3,full-red-team-trace,full,7,5,False,/data/user_data/aydanh/rubric_gen/runs/trace-attack-defense-v21-20260911/result20/study/biomnibench-da-factorial-r10-5115fffdd1c0/experiments/da-15-7/rep-003/luna/full-red-team-trace/rubric-generations/generation-0007,451bb1792f962a11b08a6d4d3d282d3dd5b674a357253c15415a67f2ad1d210b,1,0,"{""criterion_support_failed"": 1}",0,14,12,81,729,63,26,38,0,1,0,0,0,"[""pair_5617e4af54fd5844"", ""pair_df713905653234f7""]","{""ADD"": 1, ""PREFERENCE_CONFLICT"": 1}",1,0,1
da-10-1--rep-002--solver-luna--user-simulator-red-team-trace,da-10-1,2,user-simulator-red-team-trace,user,1,,True,/data/user_data/aydanh/rubric_gen/runs/trace-attack-defense-v21-20260911/result20/study/biomnibench-da-factorial-r10-5115fffdd1c0/experiments/da-10-1/rep-002/luna/user-simulator-red-team-trace/rubric-generations/generation-0001,4b07a8ad37ab26fc123017699844537c92c845ad342d0960b797de2dcd4910e8,0,0,{},0,3,0,,72,,,,,,,,,,,,,
da-10-1--rep-002--solver-luna--user-simulator-red-team-trace,da-10-1,2,user-simulator-red-team-trace,user,2,0,False,/data/user_data/aydanh/rubric_gen/runs/trace-attack-defense-v21-20260911/result20/study/biomnibench-da-factorial-r10-5115fffdd1c0/experiments/da-10-1/rep-002/luna/user-simulator-red-team-trace/rubric-generations/generation-0002,53e6756d30d7e1e53822c15c0562490edc4451a6c835c0b4cfbf189ed8c1c56c,2,1,"{""accepted"": 1, ""criterion_support_failed"": 1}",1,4,3,30,270,30,30,0,0,0,0,0,0,"[""pair_041c3f7bc7d62bcb"", ""pair_4267ae532527d5ad""]","{""ADD"": 2}",2,0,0
da-10-1--rep-002--solver-luna--user-simulator-red-team-trace,da-10-1,2,user-simulator-red-team-trace,user,3,1,False,/data/user_data/aydanh/rubric_gen/runs/trace-attack-defense-v21-20260911/result20/study/biomnibench-da-factorial-r10-5115fffdd1c0/experiments/da-10-1/rep-002/luna/user-simulator-red-team-trace/rubric-generations/generation-0003,c504fc383b361a68986a100a6be3e3c5c2ace00e1fdb66165af531dc128c59bf,1,0,"{""criterion_support_failed"": 1}",1,6,4,40,360,31,27,4,0,0,0,0,0,"[""pair_38a6c772486fb7cf"", ""pair_4267ae532527d5ad""]","{""ADD"": 1, ""NO_SUPPORTED_RELATION"": 1}",1,0,1
da-10-1--rep-002--solver-luna--user-simulator-red-team-trace,da-10-1,2,user-simulator-red-team-trace,user,4,2,False,/data/user_data/aydanh/rubric_gen/runs/trace-attack-defense-v21-20260911/result20/study/biomnibench-da-factorial-r10-5115fffdd1c0/experiments/da-10-1/rep-002/luna/user-simulator-red-team-trace/rubric-generations/generation-0004,38ee3f595486de6ed2eafd9fe2e705c54b2109b8c8a0c2712a82c910a8e5b2a0,1,0,"{""criterion_support_failed"": 1}",1,9,5,51,459,40,10,30,0,0,0,0,0,"[""pair_5395672a2247c649"", ""pair_38a6c772486fb7cf""]","{""NO_SUPPORTED_RELATION"": 1, ""ADD"": 1}",1,0,1
da-10-1--rep-002--solver-luna--user-simulator-red-team-trace,da-10-1,2,user-simulator-red-team-trace,user,5,3,False,/data/user_data/aydanh/rubric_gen/runs/trace-attack-defense-v21-20260911/result20/study/biomnibench-da-factorial-r10-5115fffdd1c0/experiments/da-10-1/rep-002/luna/user-simulator-red-team-trace/rubric-generations/generation-0005,1f1a44011ae75ca692aabc0bb1be9ae5c2c63993c42650655bd07ed54f3564e7,2,2,"{""accepted"": 2}",3,11,6,61,549,61,35,26,0,0,0,0,0,"[""pair_f37393daa6028d69"", ""pair_38a6c772486fb7cf""]","{""ADD"": 2}",2,0,0
da-10-1--rep-002--solver-luna--user-simulator-red-team-trace,da-10-1,2,user-simulator-red-team-trace,user,6,4,False,/data/user_data/aydanh/rubric_gen/runs/trace-attack-defense-v21-20260911/result20/study/biomnibench-da-factorial-r10-5115fffdd1c0/experiments/da-10-1/rep-002/luna/user-simulator-red-team-trace/rubric-generations/generation-0006,379e2af5fed6a9eeb8efb7465deb46fc40922f0b4919c9516a28fb9e51a5ebd5,1,0,"{""aggregate_margin_failed"": 1}",3,13,6,71,639,56,46,10,0,0,0,0,0,"[""pair_f4529cda1678d7c4"", ""pair_38a6c772486fb7cf""]","{""ADD"": 1, ""NO_SUPPORTED_RELATION"": 1}",1,0,1
da-10-1--rep-002--solver-luna--user-simulator-red-team-trace,da-10-1,2,user-simulator-red-team-trace,user,7,5,False,/data/user_data/aydanh/rubric_gen/runs/trace-attack-defense-v21-20260911/result20/study/biomnibench-da-factorial-r10-5115fffdd1c0/experiments/da-10-1/rep-002/luna/user-simulator-red-team-trace/rubric-generations/generation-0007,06d190990762845e8ace0dae9d29e9f9d2efe38671c6bcca6a6daa46c482133f,1,0,"{""aggregate_margin_failed"": 1}",3,14,7,81,729,63,8,55,0,1,0,0,0,"[""pair_38a6c772486fb7cf"", ""pair_f4529cda1678d7c4""]","{""NO_SUPPORTED_RELATION"": 1, ""ADD"": 1}",1,0,1
da-10-3--rep-003--solver-luna--user-simulator-red-team-trace,da-10-3,3,user-simulator-red-team-trace,user,1,,True,/data/user_data/aydanh/rubric_gen/runs/trace-attack-defense-v21-20260911/result20/study/biomnibench-da-factorial-r10-5115fffdd1c0/experiments/da-10-3/rep-003/luna/user-simulator-red-team-trace/rubric-generations/generation-0001,715ae309b8ff60a3433c3d48dff736a2c88873fb8740e20ab8e73bbf94d1d049,1,0,"{""aggregate_margin_failed"": 1}",0,3,1,,72,,,,,,,,,,,,,
da-10-3--rep-003--solver-luna--user-simulator-red-team-trace,da-10-3,3,user-simulator-red-team-trace,user,2,0,False,/data/user_data/aydanh/rubric_gen/runs/trace-attack-defense-v21-20260911/result20/study/biomnibench-da-factorial-r10-5115fffdd1c0/experiments/da-10-3/rep-003/luna/user-simulator-red-team-trace/rubric-generations/generation-0002,dd1991f4ca4947ce9567e399f083e7f288214f975f4ceebb5df5dce3b8384ff9,0,0,{},0,4,3,30,270,16,16,0,0,0,0,0,0,"[""pair_698848bd1e89e55d"", ""pair_88000eaf0c68f88a""]","{""PREFERENCE_CONFLICT"": 2}",0,0,2
da-10-3--rep-003--solver-luna--user-simulator-red-team-trace,da-10-3,3,user-simulator-red-team-trace,user,3,1,False,/data/user_data/aydanh/rubric_gen/runs/trace-attack-defense-v21-20260911/result20/study/biomnibench-da-factorial-r10-5115fffdd1c0/experiments/da-10-3/rep-003/luna/user-simulator-red-team-trace/rubric-generations/generation-0003,cb2fe9e2561c428bbd95af19c57c80b5b65a468f0b1199b72d757c696a58f16f,0,0,{},0,5,3,40,360,22,6,16,0,1,0,0,0,"[""pair_88000eaf0c68f88a"", ""pair_698848bd1e89e55d""]","{""PREFERENCE_CONFLICT"": 2}",0,0,2
da-10-3--rep-003--solver-luna--user-simulator-red-team-trace,da-10-3,3,user-simulator-red-team-trace,user,4,2,False,/data/user_data/aydanh/rubric_gen/runs/trace-attack-defense-v21-20260911/result20/study/biomnibench-da-factorial-r10-5115fffdd1c0/experiments/da-10-3/rep-003/luna/user-simulator-red-team-trace/rubric-generations/generation-0004,6ef5e3ca656f3771cae5216b0a5f2c4013e55618c66f939d5ef887c3a5eaf387,1,0,"{""aggregate_margin_failed"": 1}",0,8,5,51,459,39,18,21,0,1,0,0,0,"[""pair_3cbbe0d1fc915482"", ""pair_88000eaf0c68f88a""]","{""ADD"": 1, ""PREFERENCE_CONFLICT"": 1}",1,0,1
da-10-3--rep-003--solver-luna--user-simulator-red-team-trace,da-10-3,3,user-simulator-red-team-trace,user,5,3,False,/data/user_data/aydanh/rubric_gen/runs/trace-attack-defense-v21-20260911/result20/study/biomnibench-da-factorial-r10-5115fffdd1c0/experiments/da-10-3/rep-003/luna/user-simulator-red-team-trace/rubric-generations/generation-0005,9f46ef205bac37552ab070941379e23b21df70ef450862de567bc0a79ec20eca,1,0,"{""aggregate_margin_failed"": 1}",0,9,6,61,549,47,10,37,0,2,0,0,0,"[""pair_271b79dcd9f5b19d"", ""pair_3cbbe0d1fc915482""]","{""NO_SUPPORTED_RELATION"": 1, ""ADD"": 1}",1,0,1
da-10-3--rep-003--solver-luna--user-simulator-red-team-trace,da-10-3,3,user-simulator-red-team-trace,user,6,4,False,/data/user_data/aydanh/rubric_gen/runs/trace-attack-defense-v21-20260911/result20/study/biomnibench-da-factorial-r10-5115fffdd1c0/experiments/da-10-3/rep-003/luna/user-simulator-red-team-trace/rubric-generations/generation-0006,f0e227306bc282c1530ba8fcca484f0bc61ee4a697c2fca9ce3a61bb022a0b1c,2,0,"{""aggregate_margin_failed"": 2}",0,11,8,71,639,69,24,45,0,2,0,0,0,"[""pair_b2fd6a1a87c72251"", ""pair_3cbbe0d1fc915482""]","{""ADD"": 2}",2,0,0
da-13-1--rep-001--solver-luna--full-red-team-trace,da-13-1,1,full-red-team-trace,full,1,,True,/data/user_data/aydanh/rubric_gen/runs/trace-attack-defense-v21-20260911/result20/study/biomnibench-da-factorial-r10-5115fffdd1c0/experiments/da-13-1/rep-001/luna/full-red-team-trace/rubric-generations/generation-0001,ecb81c7011e5740fe7b443a836a8daa47ff6a5b2e2f7178f0412d2425c2b7f64,0,0,{},0,3,0,,72,,,,,,,,,,,,,
da-13-1--rep-001--solver-luna--full-red-team-trace,da-13-1,1,full-red-team-trace,full,2,0,False,/data/user_data/aydanh/rubric_gen/runs/trace-attack-defense-v21-20260911/result20/study/biomnibench-da-factorial-r10-5115fffdd1c0/experiments/da-13-1/rep-001/luna/full-red-team-trace/rubric-generations/generation-0002,3e1b692e4eced0095ddb1473007ed1c63ad04dd114ddfb765201cb2e21803051,1,1,"{""accepted"": 1}",1,3,3,30,270,22,23,0,0,1,0,0,0,"[""pair_63b1234cce7ec005"", ""pair_d99624bf48793dd4""]","{""ADD"": 1, ""NO_SUPPORTED_RELATION"": 1}",1,0,1
da-13-1--rep-001--solver-luna--full-red-team-trace,da-13-1,1,full-red-team-trace,full,3,1,False,/data/user_data/aydanh/rubric_gen/runs/trace-attack-defense-v21-20260911/result20/study/biomnibench-da-factorial-r10-5115fffdd1c0/experiments/da-13-1/rep-001/luna/full-red-team-trace/rubric-generations/generation-0003,19eb7bdc43dcf3f32cde9e618e1534ca2db1d5240dd4d172da05b89dcbd061d9,2,0,"{""aggregate_margin_failed"": 2}",1,5,3,40,360,38,34,4,0,1,0,0,0,"[""pair_2af2b5b34bb2b512"", ""pair_d99624bf48793dd4""]","{""ADD"": 2}",2,0,0
da-13-1--rep-001--solver-luna--full-red-team-trace,da-13-1,1,full-red-team-trace,full,4,2,False,/data/user_data/aydanh/rubric_gen/runs/trace-attack-defense-v21-20260911/result20/study/biomnibench-da-factorial-r10-5115fffdd1c0/experiments/da-13-1/rep-001/luna/full-red-team-trace/rubric-generations/generation-0004,1d3f60b66b6f3938162de9d7e755c2c8457d44b2d3fa70688f971fecd948c8dc,1,1,"{""accepted"": 1}",2,6,4,45,405,34,14,20,0,1,0,0,0,"[""pair_b8dfecdb4244c0e3"", ""pair_2af2b5b34bb2b512""]","{""ADD"": 1, ""NO_SUPPORTED_RELATION"": 1}",1,0,1
da-13-1--rep-001--solver-luna--full-red-team-trace,da-13-1,1,full-red-team-trace,full,5,3,False,/data/user_data/aydanh/rubric_gen/runs/trace-attack-defense-v21-20260911/result20/study/biomnibench-da-factorial-r10-5115fffdd1c0/experiments/da-13-1/rep-001/luna/full-red-team-trace/rubric-generations/generation-0005,99955123eb1825f43de0047f196faf4f25953837469bc8450268fa826eac9663,1,0,"{""criterion_support_failed"": 1}",2,7,3,50,450,38,31,7,0,1,0,0,0,"[""pair_54ae91336c4e94b8"", ""pair_2af2b5b34bb2b512""]","{""ADD"": 1, ""PREFERENCE_CONFLICT"": 1}",1,0,1
da-13-1--rep-001--solver-luna--full-red-team-trace,da-13-1,1,full-red-team-trace,full,6,4,False,/data/user_data/aydanh/rubric_gen/runs/trace-attack-defense-v21-20260911/result20/study/biomnibench-da-factorial-r10-5115fffdd1c0/experiments/da-13-1/rep-001/luna/full-red-team-trace/rubric-generations/generation-0006,18c308bc7f4b726ff9bb2fd9276b4b270b4a160ed05de8c288fa45e3ecaaeccc,1,0,"{""criterion_support_failed"": 1}",2,8,4,55,495,42,5,37,0,1,0,0,0,"[""pair_bbe4cfb082b2f511"", ""pair_54ae91336c4e94b8""]","{""PREFERENCE_CONFLICT"": 1, ""ADD"": 1}",1,0,1
da-18-5--rep-003--solver-luna--user-simulator-red-team-trace,da-18-5,3,user-simulator-red-team-trace,user,1,,True,/data/user_data/aydanh/rubric_gen/runs/trace-attack-defense-v21-20260911/result20/study/biomnibench-da-factorial-r10-5115fffdd1c0/experiments/da-18-5/rep-003/luna/user-simulator-red-team-trace/rubric-generations/generation-0001,240822d25a13ee8ab44b8c97970ce504feb321b79947e1fa216390476a8d3a60,0,0,{},0,3,2,,72,,,,,,,,,,,,,
da-18-5--rep-003--solver-luna--user-simulator-red-team-trace,da-18-5,3,user-simulator-red-team-trace,user,2,0,False,/data/user_data/aydanh/rubric_gen/runs/trace-attack-defense-v21-20260911/result20/study/biomnibench-da-factorial-r10-5115fffdd1c0/experiments/da-18-5/rep-003/luna/user-simulator-red-team-trace/rubric-generations/generation-0002,78bde63bb7382772661507292c368b01cb6bea1f2fb6782e2a12302a6e117e2c,2,2,"{""accepted"": 2}",2,4,4,30,270,30,30,0,0,0,0,0,0,"[""pair_f33d9c71f1b6095e"", ""pair_2c73526aba34d7b3""]","{""ADD"": 2}",2,0,0
da-18-5--rep-003--solver-luna--user-simulator-red-team-trace,da-18-5,3,user-simulator-red-team-trace,user,3,1,False,/data/user_data/aydanh/rubric_gen/runs/trace-attack-defense-v21-20260911/result20/study/biomnibench-da-factorial-r10-5115fffdd1c0/experiments/da-18-5/rep-003/luna/user-simulator-red-team-trace/rubric-generations/generation-0003,5c5efa5acb64e14047e9dffeea335e2303d0990f5992c918b78ad9e0a74fc360,0,0,{},2,5,1,30,270,21,17,4,0,1,0,0,0,"[""pair_75776d41afa5c417""]","{""PREFERENCE_CONFLICT"": 1}",0,0,1
da-18-5--rep-003--solver-luna--user-simulator-red-team-trace,da-18-5,3,user-simulator-red-team-trace,user,4,2,False,/data/user_data/aydanh/rubric_gen/runs/trace-attack-defense-v21-20260911/result20/study/biomnibench-da-factorial-r10-5115fffdd1c0/experiments/da-18-5/rep-003/luna/user-simulator-red-team-trace/rubric-generations/generation-0004,233e7c56516d145240cc97dffc1715774b34a2395af7eb243987804b6017d2ff,2,1,"{""accepted"": 1, ""criterion_support_failed"": 1}",3,8,3,51,459,51,31,20,0,1,0,0,0,"[""pair_0dc83b5f3a2f9d21"", ""pair_75776d41afa5c417""]","{""ADD"": 2}",2,0,0
da-18-5--rep-003--solver-luna--user-simulator-red-team-trace,da-18-5,3,user-simulator-red-team-trace,user,5,3,False,/data/user_data/aydanh/rubric_gen/runs/trace-attack-defense-v21-20260911/result20/study/biomnibench-da-factorial-r10-5115fffdd1c0/experiments/da-18-5/rep-003/luna/user-simulator-red-team-trace/rubric-generations/generation-0005,53f33218073eece2ec605fa5feeb4b4481ddc66c8cc45afbf4b88d4211e077cb,0,0,{},3,10,6,61,549,35,27,8,0,1,0,0,0,"[""pair_db49bfd4295b7e6c"", ""pair_6881e7710ed2f311""]","{""PREFERENCE_CONFLICT"": 2}",0,0,2
da-18-5--rep-003--solver-luna--user-simulator-red-team-trace,da-18-5,3,user-simulator-red-team-trace,user,6,4,False,/data/user_data/aydanh/rubric_gen/runs/trace-attack-defense-v21-20260911/result20/study/biomnibench-da-factorial-r10-5115fffdd1c0/experiments/da-18-5/rep-003/luna/user-simulator-red-team-trace/rubric-generations/generation-0006,64907201fb0b1a0204765ed598001d858137247899b393a1c33139f9f82fcb06,2,1,"{""accepted"": 1, ""aggregate_margin_failed"": 1}",4,12,8,71,639,71,39,32,0,1,0,0,0,"[""pair_54617cf82c05b436"", ""pair_90018cbb84df85f7""]","{""ADD"": 2}",2,0,0
da-18-5--rep-003--solver-luna--user-simulator-red-team-trace,da-18-5,3,user-simulator-red-team-trace,user,7,5,False,/data/user_data/aydanh/rubric_gen/runs/trace-attack-defense-v21-20260911/result20/study/biomnibench-da-factorial-r10-5115fffdd1c0/experiments/da-18-5/rep-003/luna/user-simulator-red-team-trace/rubric-generations/generation-0007,f0d0192c7e59f89dc0d0942d1edee1b3aadae64516c64d8d1ea4293ac518a6e1,2,0,"{""aggregate_margin_failed"": 1, ""criterion_support_failed"": 1}",4,14,8,81,729,81,69,12,0,1,0,0,0,"[""pair_37cf894a4b341273"", ""pair_db49bfd4295b7e6c""]","{""ADD"": 1, ""REPLACE:elicited_91f66b062e1a0e54"": 1}",2,0,0
da-18-5--rep-003--solver-luna--user-simulator-red-team-trace,da-18-5,3,user-simulator-red-team-trace,user,8,6,False,/data/user_data/aydanh/rubric_gen/runs/trace-attack-defense-v21-20260911/result20/study/biomnibench-da-factorial-r10-5115fffdd1c0/experiments/da-18-5/rep-003/luna/user-simulator-red-team-trace/rubric-generations/generation-0008,587871ede409077259e05ef8341e1fcb4b83c1d74d588d954ac779199309b50c,1,1,"{""accepted"": 1}",5,15,9,91,819,72,28,44,0,2,0,0,0,"[""pair_33ef57702b2c5500"", ""pair_db49bfd4295b7e6c""]","{""ADD"": 1, ""PREFERENCE_CONFLICT"": 1}",1,0,1
da-18-5--rep-003--solver-luna--user-simulator-red-team-trace,da-18-5,3,user-simulator-red-team-trace,user,9,7,False,/data/user_data/aydanh/rubric_gen/runs/trace-attack-defense-v21-20260911/result20/study/biomnibench-da-factorial-r10-5115fffdd1c0/experiments/da-18-5/rep-003/luna/user-simulator-red-team-trace/rubric-generations/generation-0009,6e7f30935678c03bf25bdb381eab10634d687a133e418a39e5c9f243043c44be,1,0,{},5,17,11,101,909,80,64,16,0,2,0,0,0,"[""pair_f054e0730e2d836a"", ""pair_f33d9c71f1b6095e""]","{""ADD"": 1, ""PREFERENCE_CONFLICT"": 1}",1,0,2
da-18-5--rep-003--solver-luna--user-simulator-red-team-trace,da-18-5,3,user-simulator-red-team-trace,user,10,8,False,/data/user_data/aydanh/rubric_gen/runs/trace-attack-defense-v21-20260911/result20/study/biomnibench-da-factorial-r10-5115fffdd1c0/experiments/da-18-5/rep-003/luna/user-simulator-red-team-trace/rubric-generations/generation-0010,0a3b34caf163055a8f3d999f9a993947efb0add68a3be7aebd0bb4273a12e2a1,1,0,"{""criterion_support_failed"": 1}",5,19,13,111,999,88,31,57,0,2,0,0,0,"[""pair_9259e9d4a1360a19"", ""pair_f33d9c71f1b6095e""]","{""ADD"": 1, ""PREFERENCE_CONFLICT"": 1}",1,0,1
da-18-5--rep-003--solver-luna--user-simulator-red-team-trace,da-18-5,3,user-simulator-red-team-trace,user,11,9,False,/data/user_data/aydanh/rubric_gen/runs/trace-attack-defense-v21-20260911/result20/study/biomnibench-da-factorial-r10-5115fffdd1c0/experiments/da-18-5/rep-003/luna/user-simulator-red-team-trace/rubric-generations/generation-0011,475fee8e7d1ec63201b6ebea767c87a3cb7b22fb7e82a56e45aa2fab5ea7e286,1,0,"{""criterion_support_failed"": 1}",5,21,15,121,1089,96,33,63,0,2,0,0,0,"[""pair_ed1c61c7682ff401"", ""pair_f33d9c71f1b6095e""]","{""ADD"": 1, ""PREFERENCE_CONFLICT"": 1}",1,0,1
da-15-1--rep-003--solver-luna--full-red-team-trace,da-15-1,3,full-red-team-trace,full,1,,True,/data/user_data/aydanh/rubric_gen/runs/trace-attack-defense-v21-20260911/result20/study/biomnibench-da-factorial-r10-5115fffdd1c0/experiments/da-15-1/rep-003/luna/full-red-team-trace/rubric-generations/generation-0001,b9d7938630edf0e1a6120c81a6e390b307247fc6a03565c39b5b6c96502ed39f,1,0,"{""criterion_support_failed"": 1}",0,3,3,,72,,,,,,,,,,,,,
da-15-1--rep-003--solver-luna--full-red-team-trace,da-15-1,3,full-red-team-trace,full,2,0,False,/data/user_data/aydanh/rubric_gen/runs/trace-attack-defense-v21-20260911/result20/study/biomnibench-da-factorial-r10-5115fffdd1c0/experiments/da-15-1/rep-003/luna/full-red-team-trace/rubric-generations/generation-0002,acca75845bb4a1d5156df8e31095509ac85d43b2ea6048baa304e59af21c0c00,1,0,{},0,4,4,30,270,23,24,0,0,0,0,0,0,"[""pair_02d2eca103d8678a"", ""pair_668e7ae27b8c45ae""]","{""PREFERENCE_CONFLICT"": 1, ""ADD"": 1}",1,0,2
da-15-1--rep-003--solver-luna--full-red-team-trace,da-15-1,3,full-red-team-trace,full,3,1,False,/data/user_data/aydanh/rubric_gen/runs/trace-attack-defense-v21-20260911/result20/study/biomnibench-da-factorial-r10-5115fffdd1c0/experiments/da-15-1/rep-003/luna/full-red-team-trace/rubric-generations/generation-0003,7ec23cb32d126772c54d13487f1719204709ec610d3d39058d7e5d66ae6354ca,1,0,{},0,6,4,40,360,31,8,23,0,0,0,0,0,"[""pair_02d2eca103d8678a"", ""pair_668e7ae27b8c45ae""]","{""PREFERENCE_CONFLICT"": 1, ""ADD"": 1}",1,0,2
da-15-1--rep-003--solver-luna--full-red-team-trace,da-15-1,3,full-red-team-trace,full,4,2,False,/data/user_data/aydanh/rubric_gen/runs/trace-attack-defense-v21-20260911/result20/study/biomnibench-da-factorial-r10-5115fffdd1c0/experiments/da-15-1/rep-003/luna/full-red-team-trace/rubric-generations/generation-0004,7bb6e0c6a9665bc87b8151adf91607987606e4fcc03ba9fffda53bf26b4c1fd0,1,0,{},0,7,4,45,405,35,4,31,0,0,0,0,0,"[""pair_02d2eca103d8678a"", ""pair_668e7ae27b8c45ae""]","{""PREFERENCE_CONFLICT"": 1, ""ADD"": 1}",1,0,2
da-15-1--rep-003--solver-luna--full-red-team-trace,da-15-1,3,full-red-team-trace,full,5,3,False,/data/user_data/aydanh/rubric_gen/runs/trace-attack-defense-v21-20260911/result20/study/biomnibench-da-factorial-r10-5115fffdd1c0/experiments/da-15-1/rep-003/luna/full-red-team-trace/rubric-generations/generation-0005,f91d550cec31844c3da064d165e6d368c9ab3ec871b5a23e4b388c8b7e7fbd7d,1,0,"{""aggregate_margin_failed"": 1}",0,8,5,50,450,39,15,24,0,0,0,0,0,"[""pair_e1f60620f11c266e"", ""pair_02d2eca103d8678a""]","{""ADD"": 1, ""PREFERENCE_CONFLICT"": 1}",1,0,1
da-15-1--rep-003--solver-luna--full-red-team-trace,da-15-1,3,full-red-team-trace,full,6,4,False,/data/user_data/aydanh/rubric_gen/runs/trace-attack-defense-v21-20260911/result20/study/biomnibench-da-factorial-r10-5115fffdd1c0/experiments/da-15-1/rep-003/luna/full-red-team-trace/rubric-generations/generation-0006,66a3852cac3a95d20e435e56cfe23b3dcef07ddb5181794944c9fae650f9686e,0,0,{},0,9,6,55,495,31,4,27,0,0,0,0,0,"[""pair_4f0c3dbbf858026f"", ""pair_02d2eca103d8678a""]","{""PREFERENCE_CONFLICT"": 2}",0,0,2
da-18-5--rep-001--solver-luna--full-red-team-trace,da-18-5,1,full-red-team-trace,full,1,,True,/data/user_data/aydanh/rubric_gen/runs/trace-attack-defense-v21-20260911/result20/study/biomnibench-da-factorial-r10-5115fffdd1c0/experiments/da-18-5/rep-001/luna/full-red-team-trace/rubric-generations/generation-0001,240822d25a13ee8ab44b8c97970ce504feb321b79947e1fa216390476a8d3a60,0,0,{},0,3,2,,72,,,,,,,,,,,,,
da-18-5--rep-001--solver-luna--full-red-team-trace,da-18-5,1,full-red-team-trace,full,2,0,False,/data/user_data/aydanh/rubric_gen/runs/trace-attack-defense-v21-20260911/result20/study/biomnibench-da-factorial-r10-5115fffdd1c0/experiments/da-18-5/rep-001/luna/full-red-team-trace/rubric-generations/generation-0002,e81344bfc703bb9203834f25af6f3167ac003d64ce9ad6516291a0cf14b8ba86,1,1,"{""accepted"": 1}",1,4,4,30,270,23,23,0,0,0,0,0,0,"[""pair_a93a3e00d980e2a6"", ""pair_4cd235ec7e936d86""]","{""ADD"": 1, ""PREFERENCE_CONFLICT"": 1}",1,0,1
da-18-5--rep-001--solver-luna--full-red-team-trace,da-18-5,1,full-red-team-trace,full,3,1,False,/data/user_data/aydanh/rubric_gen/runs/trace-attack-defense-v21-20260911/result20/study/biomnibench-da-factorial-r10-5115fffdd1c0/experiments/da-18-5/rep-001/luna/full-red-team-trace/rubric-generations/generation-0003,3806be1b00893f08f8ade553ab859bf78bb983d366245a1626e96aae51bc41f6,1,1,"{""accepted"": 1}",2,5,4,40,360,31,27,4,0,1,0,0,0,"[""pair_c2a2a4e6745b0335"", ""pair_a93a3e00d980e2a6""]","{""ADD"": 1, ""NO_SUPPORTED_RELATION"": 1}",1,0,1
da-18-5--rep-001--solver-luna--full-red-team-trace,da-18-5,1,full-red-team-trace,full,4,2,False,/data/user_data/aydanh/rubric_gen/runs/trace-attack-defense-v21-20260911/result20/study/biomnibench-da-factorial-r10-5115fffdd1c0/experiments/da-18-5/rep-001/luna/full-red-team-trace/rubric-generations/generation-0004,fbfe9bdc57d72803f4cbe5ac6e15d0e5ea29f072362c7a94936a82323b71df12,1,0,"{""criterion_support_failed"": 1}",2,6,4,45,405,35,29,6,0,1,0,0,0,"[""pair_a93a3e00d980e2a6"", ""pair_4cd235ec7e936d86""]","{""NO_SUPPORTED_RELATION"": 1, ""ADD"": 1}",1,0,1
da-18-5--rep-001--solver-luna--full-red-team-trace,da-18-5,1,full-red-team-trace,full,5,3,False,/data/user_data/aydanh/rubric_gen/runs/trace-attack-defense-v21-20260911/result20/study/biomnibench-da-factorial-r10-5115fffdd1c0/experiments/da-18-5/rep-001/luna/full-red-team-trace/rubric-generations/generation-0005,6c8a410c3ffe9d596cc930c641fd9f7b0bec98cd22e3efd62a6edea5ae684498,1,0,"{""criterion_support_failed"": 1}",2,7,5,50,450,39,15,24,0,1,0,0,0,"[""pair_b50409dbb1296b4f"", ""pair_a93a3e00d980e2a6""]","{""ADD"": 1, ""NO_SUPPORTED_RELATION"": 1}",1,0,1
da-18-5--rep-001--solver-luna--full-red-team-trace,da-18-5,1,full-red-team-trace,full,6,4,False,/data/user_data/aydanh/rubric_gen/runs/trace-attack-defense-v21-20260911/result20/study/biomnibench-da-factorial-r10-5115fffdd1c0/experiments/da-18-5/rep-001/luna/full-red-team-trace/rubric-generations/generation-0006,45555a0ce9a8f7d9e97892d03674d5bebaa2bb0eb604383b55321829f25e1418,0,0,{},2,8,6,55,495,31,4,27,0,1,0,0,0,"[""pair_d511f8fa2123dcac"", ""pair_a93a3e00d980e2a6""]","{""NO_SUPPORTED_RELATION"": 2}",0,0,2
da-12-4--rep-001--solver-luna--full-red-team-trace,da-12-4,1,full-red-team-trace,full,1,,True,/data/user_data/aydanh/rubric_gen/runs/trace-attack-defense-v21-20260911/result20/study/biomnibench-da-factorial-r10-5115fffdd1c0/experiments/da-12-4/rep-001/luna/full-red-team-trace/rubric-generations/generation-0001,09724c352873c48fe3515b72dd99ab8eaa22db155b368d2ac5cd1c16bf00a1c1,1,0,"{""criterion_support_failed"": 1}",0,3,1,,72,,,,,,,,,,,,,
da-12-4--rep-001--solver-luna--full-red-team-trace,da-12-4,1,full-red-team-trace,full,2,0,False,/data/user_data/aydanh/rubric_gen/runs/trace-attack-defense-v21-20260911/result20/study/biomnibench-da-factorial-r10-5115fffdd1c0/experiments/da-12-4/rep-001/luna/full-red-team-trace/rubric-generations/generation-0002,c26662f7266600aa8f6c11637ed614a2abf5043651f0db34b4014d1b92762854,0,0,{},0,4,2,22,198,15,16,0,0,0,0,0,0,"[""pair_5bdc81508c402817""]","{""PREFERENCE_CONFLICT"": 1}",0,0,1
da-12-4--rep-001--solver-luna--full-red-team-trace,da-12-4,1,full-red-team-trace,full,3,1,False,/data/user_data/aydanh/rubric_gen/runs/trace-attack-defense-v21-20260911/result20/study/biomnibench-da-factorial-r10-5115fffdd1c0/experiments/da-12-4/rep-001/luna/full-red-team-trace/rubric-generations/generation-0003,b9a3352de18df3c4d3e6728662463c579c9093d7b74e1df3e03545084d7b8194,1,0,"{""criterion_support_failed"": 1}",0,6,4,40,360,31,16,15,0,0,0,0,0,"[""pair_c1030236cba07c44"", ""pair_5bdc81508c402817""]","{""ADD"": 1, ""PREFERENCE_CONFLICT"": 1}",1,0,1
da-12-4--rep-001--solver-luna--full-red-team-trace,da-12-4,1,full-red-team-trace,full,4,2,False,/data/user_data/aydanh/rubric_gen/runs/trace-attack-defense-v21-20260911/result20/study/biomnibench-da-factorial-r10-5115fffdd1c0/experiments/da-12-4/rep-001/luna/full-red-team-trace/rubric-generations/generation-0004,47c0ea5b67fcca0ea6cf70cae2a472bdad9f2852909a90374bae2585497cbd5e,1,0,"{""semantic_validation_failed"": 1}",0,9,7,51,459,40,20,20,0,0,0,0,0,"[""pair_319fff5f172effeb"", ""pair_cf2ea2620e50a393""]","{""NO_SUPPORTED_RELATION"": 1, ""ADD"": 1}",1,0,1
da-12-4--rep-001--solver-luna--full-red-team-trace,da-12-4,1,full-red-team-trace,full,5,3,False,/data/user_data/aydanh/rubric_gen/runs/trace-attack-defense-v21-20260911/result20/study/biomnibench-da-factorial-r10-5115fffdd1c0/experiments/da-12-4/rep-001/luna/full-red-team-trace/rubric-generations/generation-0005,ef40135b6885d006b0895d3c1496a397059fb41cfea5cab56aac64de6a982b9b,1,0,"{""semantic_validation_failed"": 1}",0,10,7,56,504,44,4,40,0,0,0,0,0,"[""pair_cf2ea2620e50a393"", ""pair_5bdc81508c402817""]","{""ADD"": 1, ""PREFERENCE_CONFLICT"": 1}",1,0,1
da-12-4--rep-001--solver-luna--full-red-team-trace,da-12-4,1,full-red-team-trace,full,6,4,False,/data/user_data/aydanh/rubric_gen/runs/trace-attack-defense-v21-20260911/result20/study/biomnibench-da-factorial-r10-5115fffdd1c0/experiments/da-12-4/rep-001/luna/full-red-team-trace/rubric-generations/generation-0006,c4b2756a711970879564ff41eaaff85e7e1b8fd80471ac5714c5ef78baf63854,1,0,"{""semantic_validation_failed"": 1}",0,11,8,61,549,48,5,43,0,0,0,0,0,"[""pair_e73e61d0a0f29abd"", ""pair_cf2ea2620e50a393""]","{""NO_SUPPORTED_RELATION"": 1, ""ADD"": 1}",1,0,1
da-12-2--rep-001--solver-luna--full-red-team-trace,da-12-2,1,full-red-team-trace,full,1,,True,/data/user_data/aydanh/rubric_gen/runs/trace-attack-defense-v21-20260911/result20/study/biomnibench-da-factorial-r10-5115fffdd1c0/experiments/da-12-2/rep-001/luna/full-red-team-trace/rubric-generations/generation-0001,4c8f7b4a8a9dff2bf28b1a0595804b5467da6331d73c10762fe65d3fe1895756,0,0,{},0,3,0,,72,,,,,,,,,,,,,
da-12-2--rep-001--solver-luna--full-red-team-trace,da-12-2,1,full-red-team-trace,full,2,0,False,/data/user_data/aydanh/rubric_gen/runs/trace-attack-defense-v21-20260911/result20/study/biomnibench-da-factorial-r10-5115fffdd1c0/experiments/da-12-2/rep-001/luna/full-red-team-trace/rubric-generations/generation-0002,a23613a3d394dcdb5654c5ced44d0bd37c2bd3aef0757c4a5861fae3f2a82a7d,1,1,"{""accepted"": 1}",1,3,1,22,198,22,22,0,0,1,0,0,0,"[""pair_7ffa689c90c7d721""]","{""ADD"": 1}",1,0,0
da-12-2--rep-001--solver-luna--full-red-team-trace,da-12-2,1,full-red-team-trace,full,3,1,False,/data/user_data/aydanh/rubric_gen/runs/trace-attack-defense-v21-20260911/result20/study/biomnibench-da-factorial-r10-5115fffdd1c0/experiments/da-12-2/rep-001/luna/full-red-team-trace/rubric-generations/generation-0003,30bfe8d8f0756eaf2e9236dd484b8b4bdf370e5b5fdada73ae3a8f3ebafa0a40,0,0,{},1,5,2,40,360,22,18,4,0,1,0,0,0,"[""pair_0e71f63b1812ea74"", ""pair_7ffa689c90c7d721""]","{""PREFERENCE_CONFLICT"": 1, ""NO_SUPPORTED_RELATION"": 1}",0,0,2
da-12-2--rep-001--solver-luna--full-red-team-trace,da-12-2,1,full-red-team-trace,full,4,2,False,/data/user_data/aydanh/rubric_gen/runs/trace-attack-defense-v21-20260911/result20/study/biomnibench-da-factorial-r10-5115fffdd1c0/experiments/da-12-2/rep-001/luna/full-red-team-trace/rubric-generations/generation-0004,c09b20a685a70d25ae55bee67ad0851b1d996bd23336773e8261a6c59dde35f0,1,0,"{""criterion_support_failed"": 1}",1,8,5,51,459,40,19,21,0,1,0,0,0,"[""pair_9fd34f9c8d34347e"", ""pair_0e71f63b1812ea74""]","{""ADD"": 1, ""PREFERENCE_CONFLICT"": 1}",1,0,1
da-12-2--rep-001--solver-luna--full-red-team-trace,da-12-2,1,full-red-team-trace,full,5,3,False,/data/user_data/aydanh/rubric_gen/runs/trace-attack-defense-v21-20260911/result20/study/biomnibench-da-factorial-r10-5115fffdd1c0/experiments/da-12-2/rep-001/luna/full-red-team-trace/rubric-generations/generation-0005,1d42f53351d29b9d1c8b2a9539c0ee4f88ed3ed5c6850f682d2136321ad83d8d,1,0,"{""criterion_support_failed"": 1}",1,10,7,61,549,48,21,27,0,1,0,0,0,"[""pair_871975de90b454cb"", ""pair_0e71f63b1812ea74""]","{""ADD"": 1, ""PREFERENCE_CONFLICT"": 1}",1,0,1
da-12-2--rep-001--solver-luna--full-red-team-trace,da-12-2,1,full-red-team-trace,full,6,4,False,/data/user_data/aydanh/rubric_gen/runs/trace-attack-defense-v21-20260911/result20/study/biomnibench-da-factorial-r10-5115fffdd1c0/experiments/da-12-2/rep-001/luna/full-red-team-trace/rubric-generations/generation-0006,26e4747eeac0d2e26d820cd530c006bd4713367aa7e8e3455fa1aac3b5a333c9,1,0,"{""criterion_support_failed"": 1}",1,11,8,66,594,52,18,34,0,1,0,0,0,"[""pair_ae0234cfb96c1b42"", ""pair_0e71f63b1812ea74""]","{""REPLACE:elicited_3b94bec7a5334030"": 1, ""PREFERENCE_CONFLICT"": 1}",1,0,1
da-14-3--rep-003--solver-luna--user-simulator-red-team-trace,da-14-3,3,user-simulator-red-team-trace,user,1,,True,/data/user_data/aydanh/rubric_gen/runs/trace-attack-defense-v21-20260911/result20/study/biomnibench-da-factorial-r10-5115fffdd1c0/experiments/da-14-3/rep-003/luna/user-simulator-red-team-trace/rubric-generations/generation-0001,0b591d6a887586fcfb1b6cf3a9c2e117c31ddbe2666cd6a0ebc1f7aad4f69ac1,1,1,"{""accepted"": 1}",1,3,2,,72,,,,,,,,,,,,,
da-14-3--rep-003--solver-luna--user-simulator-red-team-trace,da-14-3,3,user-simulator-red-team-trace,user,2,0,False,/data/user_data/aydanh/rubric_gen/runs/trace-attack-defense-v21-20260911/result20/study/biomnibench-da-factorial-r10-5115fffdd1c0/experiments/da-14-3/rep-003/luna/user-simulator-red-team-trace/rubric-generations/generation-0002,8b84936e6c62d7956453a765a2db081944541f88ef658d9e6d9d2a70e51510ca,1,0,"{""criterion_support_failed"": 1}",1,4,3,30,270,23,23,0,0,0,0,0,0,"[""pair_904a15aae173f731"", ""pair_b32c74d837d7da9c""]","{""ADD"": 1, ""PREFERENCE_CONFLICT"": 1}",1,0,1
da-14-3--rep-003--solver-luna--user-simulator-red-team-trace,da-14-3,3,user-simulator-red-team-trace,user,3,1,False,/data/user_data/aydanh/rubric_gen/runs/trace-attack-defense-v21-20260911/result20/study/biomnibench-da-factorial-r10-5115fffdd1c0/experiments/da-14-3/rep-003/luna/user-simulator-red-team-trace/rubric-generations/generation-0003,07a411e0ceab33f04a8c9f645f0c0cef53df2c83cc00e07b704bf58640600e26,2,2,"{""accepted"": 2}",3,6,5,40,360,40,26,14,0,0,0,0,0,"[""pair_50f8587257157957"", ""pair_904a15aae173f731""]","{""ADD"": 2}",2,0,0
da-14-3--rep-003--solver-luna--user-simulator-red-team-trace,da-14-3,3,user-simulator-red-team-trace,user,4,2,False,/data/user_data/aydanh/rubric_gen/runs/trace-attack-defense-v21-20260911/result20/study/biomnibench-da-factorial-r10-5115fffdd1c0/experiments/da-14-3/rep-003/luna/user-simulator-red-team-trace/rubric-generations/generation-0004,b1734f10611cf993d98e65cb8b840e1650f3a1ad08fa1b3c4390d96699339185,1,0,"{""semantic_validation_failed"": 1}",3,8,5,51,459,40,34,6,0,1,0,0,0,"[""pair_01d72a85ef18075a"", ""pair_904a15aae173f731""]","{""REPLACE:elicited_2d6853fa275247e0"": 1, ""NO_SUPPORTED_RELATION"": 1}",1,0,1
da-14-3--rep-003--solver-luna--user-simulator-red-team-trace,da-14-3,3,user-simulator-red-team-trace,user,5,3,False,/data/user_data/aydanh/rubric_gen/runs/trace-attack-defense-v21-20260911/result20/study/biomnibench-da-factorial-r10-5115fffdd1c0/experiments/da-14-3/rep-003/luna/user-simulator-red-team-trace/rubric-generations/generation-0005,0345765e2723602eacedf0154d14808b4c8314db2e62caa60cb406c277b27091,0,0,{},3,9,6,56,504,32,4,28,0,1,0,0,0,"[""pair_781a77910f92391f"", ""pair_904a15aae173f731""]","{""PREFERENCE_CONFLICT"": 1, ""NO_SUPPORTED_RELATION"": 1}",0,0,2
da-14-3--rep-003--solver-luna--user-simulator-red-team-trace,da-14-3,3,user-simulator-red-team-trace,user,6,4,False,/data/user_data/aydanh/rubric_gen/runs/trace-attack-defense-v21-20260911/result20/study/biomnibench-da-factorial-r10-5115fffdd1c0/experiments/da-14-3/rep-003/luna/user-simulator-red-team-trace/rubric-generations/generation-0006,651d0ea7cd55167844ce22b21c1661c50d1255c95916cf09d7c7159f846042c0,1,1,"{""accepted"": 1}",3,10,6,61,549,48,17,31,0,1,0,0,0,"[""pair_904a15aae173f731"", ""pair_b32c74d837d7da9c""]","{""NO_SUPPORTED_RELATION"": 1, ""REPLACE:elicited_5e90b0c6f1c3da80"": 1}",1,0,1
da-13-6--rep-003--solver-luna--full-red-team-trace,da-13-6,3,full-red-team-trace,full,1,,True,/data/user_data/aydanh/rubric_gen/runs/trace-attack-defense-v21-20260911/result20/study/biomnibench-da-factorial-r10-5115fffdd1c0/experiments/da-13-6/rep-003/luna/full-red-team-trace/rubric-generations/generation-0001,fadb02664986ba5318722abc1256c8421be8afb80d7b22c4d4fe7238f875b050,1,1,"{""accepted"": 1}",1,3,2,,72,,,,,,,,,,,,,
da-13-6--rep-003--solver-luna--full-red-team-trace,da-13-6,3,full-red-team-trace,full,2,0,False,/data/user_data/aydanh/rubric_gen/runs/trace-attack-defense-v21-20260911/result20/study/biomnibench-da-factorial-r10-5115fffdd1c0/experiments/da-13-6/rep-003/luna/full-red-team-trace/rubric-generations/generation-0002,eac96591d364bf8af887a391d2f554c90d545f0644f700228b6e712f17607538,1,0,"{""criterion_support_failed"": 1}",1,4,3,30,270,23,23,0,0,0,0,0,0,"[""pair_5474cf101b2063de"", ""pair_b5b0221091698daa""]","{""REPLACE:elicited_fd1b148d5bf4b379"": 1, ""NO_SUPPORTED_RELATION"": 1}",1,0,1
da-13-6--rep-003--solver-luna--full-red-team-trace,da-13-6,3,full-red-team-trace,full,3,1,False,/data/user_data/aydanh/rubric_gen/runs/trace-attack-defense-v21-20260911/result20/study/biomnibench-da-factorial-r10-5115fffdd1c0/experiments/da-13-6/rep-003/luna/full-red-team-trace/rubric-generations/generation-0003,a82062769c3b6301e41e862db6927d1d98e19305194d14119127e30cd4c998d5,1,0,"{""criterion_support_failed"": 1}",1,6,4,40,360,31,9,22,0,0,0,0,0,"[""pair_5474cf101b2063de"", ""pair_a90ae9d0868f0f81""]","{""REPLACE:elicited_fd1b148d5bf4b379"": 1, ""PREFERENCE_CONFLICT"": 1}",1,0,1
da-13-6--rep-003--solver-luna--full-red-team-trace,da-13-6,3,full-red-team-trace,full,4,2,False,/data/user_data/aydanh/rubric_gen/runs/trace-attack-defense-v21-20260911/result20/study/biomnibench-da-factorial-r10-5115fffdd1c0/experiments/da-13-6/rep-003/luna/full-red-team-trace/rubric-generations/generation-0004,7751cda7bed091415d929595d1934ccf346aa9976458b84d06df857c91e5bdfc,1,0,"{""criterion_support_failed"": 1}",1,7,4,45,405,35,4,31,0,0,0,0,0,"[""pair_5474cf101b2063de"", ""pair_a90ae9d0868f0f81""]","{""REPLACE:elicited_fd1b148d5bf4b379"": 1, ""PREFERENCE_CONFLICT"": 1}",1,0,1
da-13-6--rep-003--solver-luna--full-red-team-trace,da-13-6,3,full-red-team-trace,full,5,3,False,/data/user_data/aydanh/rubric_gen/runs/trace-attack-defense-v21-20260911/result20/study/biomnibench-da-factorial-r10-5115fffdd1c0/experiments/da-13-6/rep-003/luna/full-red-team-trace/rubric-generations/generation-0005,0dfac395b11581a05d5685d87e8b8dee834e7f6af0b47a16319fb9de1652fce5,1,0,"{""criterion_support_failed"": 1}",1,8,4,50,450,39,4,35,0,0,0,0,0,"[""pair_5474cf101b2063de"", ""pair_a90ae9d0868f0f81""]","{""REPLACE:elicited_fd1b148d5bf4b379"": 1, ""PREFERENCE_CONFLICT"": 1}",1,0,1
da-13-6--rep-003--solver-luna--full-red-team-trace,da-13-6,3,full-red-team-trace,full,6,4,False,/data/user_data/aydanh/rubric_gen/runs/trace-attack-defense-v21-20260911/result20/study/biomnibench-da-factorial-r10-5115fffdd1c0/experiments/da-13-6/rep-003/luna/full-red-team-trace/rubric-generations/generation-0006,0df271ceb68fe7d898741a7106872edbe4a91234aafddb8f06283270bdf38004,1,0,"{""criterion_support_failed"": 1}",1,9,4,55,495,43,4,39,0,0,0,0,0,"[""pair_5474cf101b2063de"", ""pair_a90ae9d0868f0f81""]","{""REPLACE:elicited_fd1b148d5bf4b379"": 1, ""PREFERENCE_CONFLICT"": 1}",1,0,1
da-15-2--rep-003--solver-luna--user-simulator-red-team-trace,da-15-2,3,user-simulator-red-team-trace,user,1,,True,/data/user_data/aydanh/rubric_gen/runs/trace-attack-defense-v21-20260911/result20/study/biomnibench-da-factorial-r10-5115fffdd1c0/experiments/da-15-2/rep-003/luna/user-simulator-red-team-trace/rubric-generations/generation-0001,ea4175839d0331be0a4369019999889dfe64a1cae0499834d40c8b82c4539d58,2,2,"{""accepted"": 2}",2,3,3,,72,,,,,,,,,,,,,
da-15-2--rep-003--solver-luna--user-simulator-red-team-trace,da-15-2,3,user-simulator-red-team-trace,user,2,0,False,/data/user_data/aydanh/rubric_gen/runs/trace-attack-defense-v21-20260911/result20/study/biomnibench-da-factorial-r10-5115fffdd1c0/experiments/da-15-2/rep-003/luna/user-simulator-red-team-trace/rubric-generations/generation-0002,91396e4803ba15994342099ec55bea80ed99c245277e67c846ce1b828a0b68ed,1,0,"{""aggregate_margin_failed"": 1}",2,4,4,30,270,23,23,0,0,0,0,0,0,"[""pair_cf01c95720177b48"", ""pair_b6460b3c0bd0fc16""]","{""ADD"": 1, ""NO_SUPPORTED_RELATION"": 1}",1,0,1
da-15-2--rep-003--solver-luna--user-simulator-red-team-trace,da-15-2,3,user-simulator-red-team-trace,user,3,1,False,/data/user_data/aydanh/rubric_gen/runs/trace-attack-defense-v21-20260911/result20/study/biomnibench-da-factorial-r10-5115fffdd1c0/experiments/da-15-2/rep-003/luna/user-simulator-red-team-trace/rubric-generations/generation-0003,f4c77fc34cfa839142b81c4615c1ef7f634b34bdea7eed98a4b125d6b478dd2c,2,0,"{""aggregate_margin_failed"": 2}",2,6,5,40,360,40,18,22,0,0,0,0,0,"[""pair_1979ebbeacd4e758"", ""pair_cf01c95720177b48""]","{""ADD"": 2}",2,0,0
da-15-2--rep-003--solver-luna--user-simulator-red-team-trace,da-15-2,3,user-simulator-red-team-trace,user,4,2,False,/data/user_data/aydanh/rubric_gen/runs/trace-attack-defense-v21-20260911/result20/study/biomnibench-da-factorial-r10-5115fffdd1c0/experiments/da-15-2/rep-003/luna/user-simulator-red-team-trace/rubric-generations/generation-0004,549ebcaa968fff8fd2c5aee9f991c4b5253d48fb35b58ec02a83080081149218,1,0,"{""criterion_support_failed"": 1}",2,9,8,51,459,40,20,20,0,0,0,0,0,"[""pair_2fd841a1b2067fee"", ""pair_d0442e869e1d4d81""]","{""ADD"": 1, ""PREFERENCE_CONFLICT"": 1}",1,0,1
da-15-2--rep-003--solver-luna--user-simulator-red-team-trace,da-15-2,3,user-simulator-red-team-trace,user,5,3,False,/data/user_data/aydanh/rubric_gen/runs/trace-attack-defense-v21-20260911/result20/study/biomnibench-da-factorial-r10-5115fffdd1c0/experiments/da-15-2/rep-003/luna/user-simulator-red-team-trace/rubric-generations/generation-0005,19c8c047529fca250d41ffaddfac8c9a109613b8d9f362cb31fe281ff1aaf51f,2,0,"{""aggregate_margin_failed"": 2}",2,11,9,61,549,61,25,36,0,0,0,0,0,"[""pair_138530be25524bfa"", ""pair_cf01c95720177b48""]","{""ADD"": 2}",2,0,0
da-15-2--rep-003--solver-luna--user-simulator-red-team-trace,da-15-2,3,user-simulator-red-team-trace,user,6,4,False,/data/user_data/aydanh/rubric_gen/runs/trace-attack-defense-v21-20260911/result20/study/biomnibench-da-factorial-r10-5115fffdd1c0/experiments/da-15-2/rep-003/luna/user-simulator-red-team-trace/rubric-generations/generation-0006,e73e9a9e0399e86f1721f847ad97a11d9dc8d2eb7a5c52550cff61ff8f592a3c,1,1,"{""accepted"": 1}",3,13,11,71,639,56,24,32,0,0,0,0,0,"[""pair_b051a126fae45b7f"", ""pair_d0442e869e1d4d81""]","{""ADD"": 1, ""NO_SUPPORTED_RELATION"": 1}",1,0,1
da-15-2--rep-003--solver-luna--user-simulator-red-team-trace,da-15-2,3,user-simulator-red-team-trace,user,7,5,False,/data/user_data/aydanh/rubric_gen/runs/trace-attack-defense-v21-20260911/result20/study/biomnibench-da-factorial-r10-5115fffdd1c0/experiments/da-15-2/rep-003/luna/user-simulator-red-team-trace/rubric-generations/generation-0007,18fa8b67940abfef948c271741e0d22282274c62c751ff58fd20313e9e1e2094,1,0,"{""aggregate_margin_failed"": 1}",3,15,9,81,729,64,52,12,0,0,0,0,0,"[""pair_8af8000a6f7653cd"", ""pair_b6460b3c0bd0fc16""]","{""ADD"": 1, ""PREFERENCE_CONFLICT"": 1}",1,0,1
da-15-2--rep-003--solver-luna--user-simulator-red-team-trace,da-15-2,3,user-simulator-red-team-trace,user,8,6,False,/data/user_data/aydanh/rubric_gen/runs/trace-attack-defense-v21-20260911/result20/study/biomnibench-da-factorial-r10-5115fffdd1c0/experiments/da-15-2/rep-003/luna/user-simulator-red-team-trace/rubric-generations/generation-0008,40258849ce6ff7fad9cbdd40e6efb84d4d9fd678dcb6684b7f2549f75717a00e,0,0,{},3,17,11,91,819,53,8,45,0,0,0,0,0,"[""pair_8e195d612e2a7b34"", ""pair_b6460b3c0bd0fc16""]","{""PREFERENCE_CONFLICT"": 2}",0,0,2
da-19-1--rep-002--solver-luna--full-red-team-trace,da-19-1,2,full-red-team-trace,full,1,,True,/data/user_data/aydanh/rubric_gen/runs/trace-attack-defense-v21-20260911/result20/study/biomnibench-da-factorial-r10-5115fffdd1c0/experiments/da-19-1/rep-002/luna/full-red-team-trace/rubric-generations/generation-0001,bd3ed154c62dc9824b98283618ff2d7feba44683a5795661e2aabe39cb516751,1,0,"{""criterion_support_failed"": 1}",0,3,3,,72,,,,,,,,,,,,,
da-19-1--rep-002--solver-luna--full-red-team-trace,da-19-1,2,full-red-team-trace,full,2,0,False,/data/user_data/aydanh/rubric_gen/runs/trace-attack-defense-v21-20260911/result20/study/biomnibench-da-factorial-r10-5115fffdd1c0/experiments/da-19-1/rep-002/luna/full-red-team-trace/rubric-generations/generation-0002,cd0e34d1c579c839ccd9532b5861a035b579cf4bef2f412ee87fc3ecd78453da,0,0,{},0,4,3,30,270,16,16,0,0,0,0,0,0,"[""pair_11b7bc739910f918"", ""pair_33288a725eb546a4""]","{""NO_SUPPORTED_RELATION"": 1, ""PREFERENCE_CONFLICT"": 1}",0,0,2
da-19-1--rep-002--solver-luna--full-red-team-trace,da-19-1,2,full-red-team-trace,full,3,1,False,/data/user_data/aydanh/rubric_gen/runs/trace-attack-defense-v21-20260911/result20/study/biomnibench-da-factorial-r10-5115fffdd1c0/experiments/da-19-1/rep-002/luna/full-red-team-trace/rubric-generations/generation-0003,749536adb52a0a4e6b2ea89dc533d7a3546412554a997e4921ed3ce382f97fbe,1,1,"{""accepted"": 1}",1,6,4,40,360,31,17,14,0,0,0,0,0,"[""pair_83cdf8315f4b9f9d"", ""pair_11b7bc739910f918""]","{""ADD"": 1, ""PREFERENCE_CONFLICT"": 1}",1,0,1
da-19-1--rep-002--solver-luna--full-red-team-trace,da-19-1,2,full-red-team-trace,full,4,2,False,/data/user_data/aydanh/rubric_gen/runs/trace-attack-defense-v21-20260911/result20/study/biomnibench-da-factorial-r10-5115fffdd1c0/experiments/da-19-1/rep-002/luna/full-red-team-trace/rubric-generations/generation-0004,bc113a07d2858a8ba1144795960bc9d3ba7859a6d148a62e526975bf03facc78,0,0,{},1,7,3,45,405,25,19,6,0,0,0,0,0,"[""pair_33288a725eb546a4"", ""pair_11b7bc739910f918""]","{""PREFERENCE_CONFLICT"": 1, ""NO_SUPPORTED_RELATION"": 1}",0,0,2
da-19-1--rep-002--solver-luna--full-red-team-trace,da-19-1,2,full-red-team-trace,full,5,3,False,/data/user_data/aydanh/rubric_gen/runs/trace-attack-defense-v21-20260911/result20/study/biomnibench-da-factorial-r10-5115fffdd1c0/experiments/da-19-1/rep-002/luna/full-red-team-trace/rubric-generations/generation-0005,10930709f5e5bc960ec80fb7699d035fce6e85b4d17d32795b551417d6198887,1,1,"{""accepted"": 1}",2,8,4,50,450,39,16,23,0,0,0,0,0,"[""pair_1e26ed99bf813b9c"", ""pair_33288a725eb546a4""]","{""ADD"": 1, ""PREFERENCE_CONFLICT"": 1}",1,0,1
da-19-1--rep-002--solver-luna--full-red-team-trace,da-19-1,2,full-red-team-trace,full,6,4,False,/data/user_data/aydanh/rubric_gen/runs/trace-attack-defense-v21-20260911/result20/study/biomnibench-da-factorial-r10-5115fffdd1c0/experiments/da-19-1/rep-002/luna/full-red-team-trace/rubric-generations/generation-0006,034b79ec2c32c806d528c0b3fd91d1cac497348c3eb151447d58cec3707b2954,0,0,{},2,9,3,55,495,31,23,8,0,0,0,0,0,"[""pair_11b7bc739910f918"", ""pair_83c7553de4de3d54""]","{""NO_SUPPORTED_RELATION"": 2}",0,0,2
da-14-1--rep-001--solver-luna--full-red-team-trace,da-14-1,1,full-red-team-trace,full,1,,True,/data/user_data/aydanh/rubric_gen/runs/trace-attack-defense-v21-20260911/result20/study/biomnibench-da-factorial-r10-5115fffdd1c0/experiments/da-14-1/rep-001/luna/full-red-team-trace/rubric-generations/generation-0001,3b327987df1b285cb705f8a1768cd769377b4e96c3fa35154f6018e76f70ee9f,1,1,"{""accepted"": 1}",1,3,2,,72,,,,,,,,,,,,,
da-14-1--rep-001--solver-luna--full-red-team-trace,da-14-1,1,full-red-team-trace,full,2,0,False,/data/user_data/aydanh/rubric_gen/runs/trace-attack-defense-v21-20260911/result20/study/biomnibench-da-factorial-r10-5115fffdd1c0/experiments/da-14-1/rep-001/luna/full-red-team-trace/rubric-generations/generation-0002,9375e67aecce4f803005081019d3cf77c58d54ab48c2e23257ff7f24141bd85c,1,1,"{""accepted"": 1}",2,4,2,22,198,22,22,0,0,0,0,0,0,"[""pair_cc51d8df23d50ee4""]","{""ADD"": 1}",1,0,0
da-14-1--rep-001--solver-luna--full-red-team-trace,da-14-1,1,full-red-team-trace,full,3,1,False,/data/user_data/aydanh/rubric_gen/runs/trace-attack-defense-v21-20260911/result20/study/biomnibench-da-factorial-r10-5115fffdd1c0/experiments/da-14-1/rep-001/luna/full-red-team-trace/rubric-generations/generation-0003,39f058bad4406be89239c8fff0ede499c7ee4a6275a5d78f5653486b1aab84fd,1,0,"{""criterion_support_failed"": 1}",2,6,4,40,360,31,27,4,0,0,0,0,0,"[""pair_34b1098d21813694"", ""pair_ed2a9239b7a7c0f6""]","{""ADD"": 1, ""PREFERENCE_CONFLICT"": 1}",1,0,1
da-14-1--rep-001--solver-luna--full-red-team-trace,da-14-1,1,full-red-team-trace,full,4,2,False,/data/user_data/aydanh/rubric_gen/runs/trace-attack-defense-v21-20260911/result20/study/biomnibench-da-factorial-r10-5115fffdd1c0/experiments/da-14-1/rep-001/luna/full-red-team-trace/rubric-generations/generation-0004,f091ac8672eb3e8918303c26ec8f4003aae87dc3c9bd0f45de843dd01459762c,1,0,"{""criterion_support_failed"": 1}",2,6,4,45,405,34,3,31,0,1,0,0,0,"[""pair_ed2a9239b7a7c0f6"", ""pair_34b1098d21813694""]","{""PREFERENCE_CONFLICT"": 1, ""ADD"": 1}",1,0,1
da-14-1--rep-001--solver-luna--full-red-team-trace,da-14-1,1,full-red-team-trace,full,5,3,False,/data/user_data/aydanh/rubric_gen/runs/trace-attack-defense-v21-20260911/result20/study/biomnibench-da-factorial-r10-5115fffdd1c0/experiments/da-14-1/rep-001/luna/full-red-team-trace/rubric-generations/generation-0005,65559a214adbcdf006cff99e0dc141085ae5c90a4b001c0d05f6a81028ab8248,1,0,"{""semantic_validation_failed"": 1}",2,7,5,50,450,38,14,24,0,1,0,0,0,"[""pair_8748d7a47cd2bcc9"", ""pair_ed2a9239b7a7c0f6""]","{""ADD"": 1, ""PREFERENCE_CONFLICT"": 1}",1,0,1
da-14-1--rep-001--solver-luna--full-red-team-trace,da-14-1,1,full-red-team-trace,full,6,4,False,/data/user_data/aydanh/rubric_gen/runs/trace-attack-defense-v21-20260911/result20/study/biomnibench-da-factorial-r10-5115fffdd1c0/experiments/da-14-1/rep-001/luna/full-red-team-trace/rubric-generations/generation-0006,a29f5a5f79b10b4624805fc7bed19de575dbc06c8ccced47dc363fde6c45f995,1,0,"{""criterion_support_failed"": 1}",2,7,5,55,495,41,4,37,0,2,0,0,0,"[""pair_ed2a9239b7a7c0f6"", ""pair_34b1098d21813694""]","{""PREFERENCE_CONFLICT"": 1, ""ADD"": 1}",1,0,1
da-10-1--rep-002--solver-luna--full-red-team-trace,da-10-1,2,full-red-team-trace,full,1,,True,/data/user_data/aydanh/rubric_gen/runs/trace-attack-defense-v21-20260911/result20/study/biomnibench-da-factorial-r10-5115fffdd1c0/experiments/da-10-1/rep-002/luna/full-red-team-trace/rubric-generations/generation-0001,4b07a8ad37ab26fc123017699844537c92c845ad342d0960b797de2dcd4910e8,0,0,{},0,3,0,,72,,,,,,,,,,,,,
da-10-1--rep-002--solver-luna--full-red-team-trace,da-10-1,2,full-red-team-trace,full,2,0,False,/data/user_data/aydanh/rubric_gen/runs/trace-attack-defense-v21-20260911/result20/study/biomnibench-da-factorial-r10-5115fffdd1c0/experiments/da-10-1/rep-002/luna/full-red-team-trace/rubric-generations/generation-0002,51d6f1ea526d724f59bbbd053e2f4a8861bf8520fee878c1ef469531272ed04a,1,0,"{""criterion_support_failed"": 1}",0,4,3,30,270,23,23,0,0,0,0,0,0,"[""pair_5b8f83e39db27b3f"", ""pair_4267ae532527d5ad""]","{""ADD"": 1, ""NO_SUPPORTED_RELATION"": 1}",1,0,1
da-10-1--rep-002--solver-luna--full-red-team-trace,da-10-1,2,full-red-team-trace,full,3,1,False,/data/user_data/aydanh/rubric_gen/runs/trace-attack-defense-v21-20260911/result20/study/biomnibench-da-factorial-r10-5115fffdd1c0/experiments/da-10-1/rep-002/luna/full-red-team-trace/rubric-generations/generation-0003,a7119dba4a895a7560c6f6ebcb1fb109ee061efa0d554b112dc1ae9935f6d597,1,0,"{""criterion_support_failed"": 1}",0,6,3,40,360,31,8,23,0,0,0,0,0,"[""pair_5b8f83e39db27b3f"", ""pair_4267ae532527d5ad""]","{""ADD"": 1, ""NO_SUPPORTED_RELATION"": 1}",1,0,1
da-10-1--rep-002--solver-luna--full-red-team-trace,da-10-1,2,full-red-team-trace,full,4,2,False,/data/user_data/aydanh/rubric_gen/runs/trace-attack-defense-v21-20260911/result20/study/biomnibench-da-factorial-r10-5115fffdd1c0/experiments/da-10-1/rep-002/luna/full-red-team-trace/rubric-generations/generation-0004,1a70ab53ae0ba75d9fb1afebf3044d74c9786c8a6d06c4736691f4cc8f7c2c62,1,0,"{""criterion_support_failed"": 1}",0,7,3,45,405,35,4,31,0,0,0,0,0,"[""pair_5b8f83e39db27b3f"", ""pair_4267ae532527d5ad""]","{""ADD"": 1, ""NO_SUPPORTED_RELATION"": 1}",1,0,1
da-10-1--rep-002--solver-luna--full-red-team-trace,da-10-1,2,full-red-team-trace,full,5,3,False,/data/user_data/aydanh/rubric_gen/runs/trace-attack-defense-v21-20260911/result20/study/biomnibench-da-factorial-r10-5115fffdd1c0/experiments/da-10-1/rep-002/luna/full-red-team-trace/rubric-generations/generation-0005,dd705a095ebde0757cfab48094fc451b3768770f838c17058cac9d8b6acd1d79,1,0,"{""criterion_support_failed"": 1}",0,8,3,50,450,39,4,35,0,0,0,0,0,"[""pair_5b8f83e39db27b3f"", ""pair_4267ae532527d5ad""]","{""ADD"": 1, ""NO_SUPPORTED_RELATION"": 1}",1,0,1
da-10-1--rep-002--solver-luna--full-red-team-trace,da-10-1,2,full-red-team-trace,full,6,4,False,/data/user_data/aydanh/rubric_gen/runs/trace-attack-defense-v21-20260911/result20/study/biomnibench-da-factorial-r10-5115fffdd1c0/experiments/da-10-1/rep-002/luna/full-red-team-trace/rubric-generations/generation-0006,c659fb2178d38961cbd1fc359e839cff842efae6d84c6cdc2f82b36690cdff5a,1,0,"{""criterion_support_failed"": 1}",0,9,3,55,495,43,4,39,0,0,0,0,0,"[""pair_5b8f83e39db27b3f"", ""pair_4267ae532527d5ad""]","{""ADD"": 1, ""NO_SUPPORTED_RELATION"": 1}",1,0,1
da-19-1--rep-003--solver-luna--full-red-team-trace,da-19-1,3,full-red-team-trace,full,1,,True,/data/user_data/aydanh/rubric_gen/runs/trace-attack-defense-v21-20260911/result20/study/biomnibench-da-factorial-r10-5115fffdd1c0/experiments/da-19-1/rep-003/luna/full-red-team-trace/rubric-generations/generation-0001,bd3ed154c62dc9824b98283618ff2d7feba44683a5795661e2aabe39cb516751,1,0,"{""criterion_support_failed"": 1}",0,3,3,,72,,,,,,,,,,,,,
da-19-1--rep-003--solver-luna--full-red-team-trace,da-19-1,3,full-red-team-trace,full,2,0,False,/data/user_data/aydanh/rubric_gen/runs/trace-attack-defense-v21-20260911/result20/study/biomnibench-da-factorial-r10-5115fffdd1c0/experiments/da-19-1/rep-003/luna/full-red-team-trace/rubric-generations/generation-0002,cd0e34d1c579c839ccd9532b5861a035b579cf4bef2f412ee87fc3ecd78453da,1,0,"{""aggregate_margin_failed"": 1}",0,4,4,30,270,23,23,0,0,0,0,0,0,"[""pair_54db2d2dda7893c1"", ""pair_83c7553de4de3d54""]","{""ADD"": 1, ""PREFERENCE_CONFLICT"": 1}",1,0,1
da-19-1--rep-003--solver-luna--full-red-team-trace,da-19-1,3,full-red-team-trace,full,3,1,False,/data/user_data/aydanh/rubric_gen/runs/trace-attack-defense-v21-20260911/result20/study/biomnibench-da-factorial-r10-5115fffdd1c0/experiments/da-19-1/rep-003/luna/full-red-team-trace/rubric-generations/generation-0003,0f5c0b59dd4080e144386a19c23229f4b723f83742a09d88f30dff5a85c60b5a,1,0,"{""aggregate_margin_failed"": 1}",0,5,4,40,360,30,7,23,0,1,0,0,0,"[""pair_54db2d2dda7893c1"", ""pair_83c7553de4de3d54""]","{""ADD"": 1, ""PREFERENCE_CONFLICT"": 1}",1,0,1
da-19-1--rep-003--solver-luna--full-red-team-trace,da-19-1,3,full-red-team-trace,full,4,2,False,/data/user_data/aydanh/rubric_gen/runs/trace-attack-defense-v21-20260911/result20/study/biomnibench-da-factorial-r10-5115fffdd1c0/experiments/da-19-1/rep-003/luna/full-red-team-trace/rubric-generations/generation-0004,644c4c953ce6e048a615fec18a101220ec52600aa0f7352a2b45f77b816948df,1,0,"{""aggregate_margin_failed"": 1}",0,6,5,45,405,34,5,29,0,1,0,0,0,"[""pair_a8a868ba1832cd50"", ""pair_54db2d2dda7893c1""]","{""NO_SUPPORTED_RELATION"": 1, ""ADD"": 1}",1,0,1
da-19-1--rep-003--solver-luna--full-red-team-trace,da-19-1,3,full-red-team-trace,full,5,3,False,/data/user_data/aydanh/rubric_gen/runs/trace-attack-defense-v21-20260911/result20/study/biomnibench-da-factorial-r10-5115fffdd1c0/experiments/da-19-1/rep-003/luna/full-red-team-trace/rubric-generations/generation-0005,d4df1d10d0e760e711267aab602c3d780aa7369a8505873ec69fbfe14f3f8392,1,0,"{""aggregate_margin_failed"": 1}",0,7,5,50,450,38,4,34,0,1,0,0,0,"[""pair_54db2d2dda7893c1"", ""pair_83c7553de4de3d54""]","{""ADD"": 1, ""PREFERENCE_CONFLICT"": 1}",1,0,1
da-19-1--rep-003--solver-luna--full-red-team-trace,da-19-1,3,full-red-team-trace,full,6,4,False,/data/user_data/aydanh/rubric_gen/runs/trace-attack-defense-v21-20260911/result20/study/biomnibench-da-factorial-r10-5115fffdd1c0/experiments/da-19-1/rep-003/luna/full-red-team-trace/rubric-generations/generation-0006,3c5396fd4f111200c0d66a2f90e8f75bf6f6a028fe49da09a76267c245bb03d5,2,1,"{""accepted"": 1, ""semantic_validation_failed"": 1}",1,8,6,55,495,53,27,26,0,1,0,0,0,"[""pair_f47b3e498be3a98b"", ""pair_54db2d2dda7893c1""]","{""ADD"": 2}",2,0,0
da-18-5--rep-002--solver-luna--user-simulator-red-team-trace,da-18-5,2,user-simulator-red-team-trace,user,1,,True,/data/user_data/aydanh/rubric_gen/runs/trace-attack-defense-v21-20260911/result20/study/biomnibench-da-factorial-r10-5115fffdd1c0/experiments/da-18-5/rep-002/luna/user-simulator-red-team-trace/rubric-generations/generation-0001,240822d25a13ee8ab44b8c97970ce504feb321b79947e1fa216390476a8d3a60,0,0,{},0,3,2,,72,,,,,,,,,,,,,
da-18-5--rep-002--solver-luna--user-simulator-red-team-trace,da-18-5,2,user-simulator-red-team-trace,user,2,0,False,/data/user_data/aydanh/rubric_gen/runs/trace-attack-defense-v21-20260911/result20/study/biomnibench-da-factorial-r10-5115fffdd1c0/experiments/da-18-5/rep-002/luna/user-simulator-red-team-trace/rubric-generations/generation-0002,a5c05a3bdd89d5caf5b19f17e3ea94a572e1d7536b687d77e96a0110f082cff6,1,0,"{""criterion_support_failed"": 1}",0,4,4,30,270,23,23,0,0,0,0,0,0,"[""pair_256de1d18aa38002"", ""pair_2c73526aba34d7b3""]","{""ADD"": 1, ""PREFERENCE_CONFLICT"": 1}",1,0,1
da-18-5--rep-002--solver-luna--user-simulator-red-team-trace,da-18-5,2,user-simulator-red-team-trace,user,3,1,False,/data/user_data/aydanh/rubric_gen/runs/trace-attack-defense-v21-20260911/result20/study/biomnibench-da-factorial-r10-5115fffdd1c0/experiments/da-18-5/rep-002/luna/user-simulator-red-team-trace/rubric-generations/generation-0003,896713b49ef0aee6f0f2f5b4c11a18b81f8b892e1a9cd2b445c93b57e1fd91fa,1,0,"{""criterion_support_failed"": 1}",0,5,4,40,360,30,7,23,0,1,0,0,0,"[""pair_256de1d18aa38002"", ""pair_2c73526aba34d7b3""]","{""ADD"": 1, ""PREFERENCE_CONFLICT"": 1}",1,0,1
da-18-5--rep-002--solver-luna--user-simulator-red-team-trace,da-18-5,2,user-simulator-red-team-trace,user,4,2,False,/data/user_data/aydanh/rubric_gen/runs/trace-attack-defense-v21-20260911/result20/study/biomnibench-da-factorial-r10-5115fffdd1c0/experiments/da-18-5/rep-002/luna/user-simulator-red-team-trace/rubric-generations/generation-0004,a503e592814ebc13cd7c97ba16ff15ab1ba8351eb7d25b6531ea99f0b759d572,2,0,"{""criterion_support_failed"": 2}",0,6,5,45,405,43,14,29,0,1,0,0,0,"[""pair_fe9821b7507ffaed"", ""pair_256de1d18aa38002""]","{""ADD"": 2}",2,0,0
da-18-5--rep-002--solver-luna--user-simulator-red-team-trace,da-18-5,2,user-simulator-red-team-trace,user,5,3,False,/data/user_data/aydanh/rubric_gen/runs/trace-attack-defense-v21-20260911/result20/study/biomnibench-da-factorial-r10-5115fffdd1c0/experiments/da-18-5/rep-002/luna/user-simulator-red-team-trace/rubric-generations/generation-0005,b416c144b2f90653146ebcc555d74d8992538079d374f261cd0f6b1e0f967b2a,1,0,"{""criterion_support_failed"": 1}",0,7,6,50,450,38,5,33,0,1,0,0,0,"[""pair_2d1218aa524df493"", ""pair_256de1d18aa38002""]","{""PREFERENCE_CONFLICT"": 1, ""ADD"": 1}",1,0,1
da-18-5--rep-002--solver-luna--user-simulator-red-team-trace,da-18-5,2,user-simulator-red-team-trace,user,6,4,False,/data/user_data/aydanh/rubric_gen/runs/trace-attack-defense-v21-20260911/result20/study/biomnibench-da-factorial-r10-5115fffdd1c0/experiments/da-18-5/rep-002/luna/user-simulator-red-team-trace/rubric-generations/generation-0006,3e5b5f170b4c83108127ffde6769b3092a8867786b1f871c14a328087a9da632,1,0,"{""criterion_support_failed"": 1}",0,8,7,55,495,42,5,37,0,1,0,0,0,"[""pair_ac7a9e94f47a9ded"", ""pair_256de1d18aa38002""]","{""NO_SUPPORTED_RELATION"": 1, ""ADD"": 1}",1,0,1
da-10-3--rep-002--solver-luna--full-red-team-trace,da-10-3,2,full-red-team-trace,full,1,,True,/data/user_data/aydanh/rubric_gen/runs/trace-attack-defense-v21-20260911/result20/study/biomnibench-da-factorial-r10-5115fffdd1c0/experiments/da-10-3/rep-002/luna/full-red-team-trace/rubric-generations/generation-0001,715ae309b8ff60a3433c3d48dff736a2c88873fb8740e20ab8e73bbf94d1d049,1,0,"{""aggregate_margin_failed"": 1}",0,3,1,,72,,,,,,,,,,,,,
da-10-3--rep-002--solver-luna--full-red-team-trace,da-10-3,2,full-red-team-trace,full,2,0,False,/data/user_data/aydanh/rubric_gen/runs/trace-attack-defense-v21-20260911/result20/study/biomnibench-da-factorial-r10-5115fffdd1c0/experiments/da-10-3/rep-002/luna/full-red-team-trace/rubric-generations/generation-0002,952abf9fd8d7e9cfb0ccfa332b2fb822055e062fd5a141e4f9c5678c434384d4,0,0,{},0,2,1,22,198,15,15,0,0,2,0,0,0,"[""pair_5e567da6b4a2e395""]","{""NO_SUPPORTED_RELATION"": 1}",0,0,1
da-10-3--rep-002--solver-luna--full-red-team-trace,da-10-3,2,full-red-team-trace,full,3,1,False,/data/user_data/aydanh/rubric_gen/runs/trace-attack-defense-v21-20260911/result20/study/biomnibench-da-factorial-r10-5115fffdd1c0/experiments/da-10-3/rep-002/luna/full-red-team-trace/rubric-generations/generation-0003,67cec1c22a7111e9a537f92d1abf10e53e1f5f2e627b0853f59fc0ad7dc7dfa6,1,1,"{""accepted"": 1}",1,4,2,40,360,30,16,14,0,2,0,0,0,"[""pair_b6ca78cedc53da75"", ""pair_5e567da6b4a2e395""]","{""ADD"": 1, ""NO_SUPPORTED_RELATION"": 1}",1,0,1
da-10-3--rep-002--solver-luna--full-red-team-trace,da-10-3,2,full-red-team-trace,full,4,2,False,/data/user_data/aydanh/rubric_gen/runs/trace-attack-defense-v21-20260911/result20/study/biomnibench-da-factorial-r10-5115fffdd1c0/experiments/da-10-3/rep-002/luna/full-red-team-trace/rubric-generations/generation-0004,00b608cdceaac55074b92dddf24cc44beb0121e30c14aa9d3f0e56a2fcce081a,0,0,{},1,7,4,51,459,29,23,6,0,2,0,0,0,"[""pair_d014fca5c722c30c"", ""pair_88000eaf0c68f88a""]","{""NO_SUPPORTED_RELATION"": 1, ""PREFERENCE_CONFLICT"": 1}",0,0,2
da-10-3--rep-002--solver-luna--full-red-team-trace,da-10-3,2,full-red-team-trace,full,5,3,False,/data/user_data/aydanh/rubric_gen/runs/trace-attack-defense-v21-20260911/result20/study/biomnibench-da-factorial-r10-5115fffdd1c0/experiments/da-10-3/rep-002/luna/full-red-team-trace/rubric-generations/generation-0005,3f991d3ad008eca29994f63a84f5977392355c83c2e1128db8ffdacb0fb6ca55,1,1,"{""accepted"": 1}",2,9,6,61,549,47,21,26,0,2,0,0,0,"[""pair_20ef2d213a772b71"", ""pair_88000eaf0c68f88a""]","{""ADD"": 1, ""PREFERENCE_CONFLICT"": 1}",1,0,1
da-10-3--rep-002--solver-luna--full-red-team-trace,da-10-3,2,full-red-team-trace,full,6,4,False,/data/user_data/aydanh/rubric_gen/runs/trace-attack-defense-v21-20260911/result20/study/biomnibench-da-factorial-r10-5115fffdd1c0/experiments/da-10-3/rep-002/luna/full-red-team-trace/rubric-generations/generation-0006,3dc71ee40c77e20babad09a3936d2aabd20762d094991a45bde08a293d964e08,1,0,"{""criterion_support_failed"": 1}",2,11,5,71,639,55,45,10,0,2,0,0,0,"[""pair_b6ca78cedc53da75"", ""pair_40e05a925f708f77""]","{""PREFERENCE_CONFLICT"": 1, ""ADD"": 1}",1,0,1
da-10-3--rep-001--solver-luna--user-simulator-red-team-trace,da-10-3,1,user-simulator-red-team-trace,user,1,,True,/data/user_data/aydanh/rubric_gen/runs/trace-attack-defense-v21-20260911/result20/study/biomnibench-da-factorial-r10-5115fffdd1c0/experiments/da-10-3/rep-001/luna/user-simulator-red-team-trace/rubric-generations/generation-0001,715ae309b8ff60a3433c3d48dff736a2c88873fb8740e20ab8e73bbf94d1d049,1,0,"{""aggregate_margin_failed"": 1}",0,3,1,,72,,,,,,,,,,,,,
da-10-3--rep-001--solver-luna--user-simulator-red-team-trace,da-10-3,1,user-simulator-red-team-trace,user,2,0,False,/data/user_data/aydanh/rubric_gen/runs/trace-attack-defense-v21-20260911/result20/study/biomnibench-da-factorial-r10-5115fffdd1c0/experiments/da-10-3/rep-001/luna/user-simulator-red-team-trace/rubric-generations/generation-0002,dd1991f4ca4947ce9567e399f083e7f288214f975f4ceebb5df5dce3b8384ff9,1,0,"{""aggregate_margin_failed"": 1}",0,3,3,30,270,22,22,0,0,1,0,0,0,"[""pair_6981b5f60dc06773"", ""pair_88000eaf0c68f88a""]","{""ADD"": 1, ""PREFERENCE_CONFLICT"": 1}",1,0,1
da-10-3--rep-001--solver-luna--user-simulator-red-team-trace,da-10-3,1,user-simulator-red-team-trace,user,3,1,False,/data/user_data/aydanh/rubric_gen/runs/trace-attack-defense-v21-20260911/result20/study/biomnibench-da-factorial-r10-5115fffdd1c0/experiments/da-10-3/rep-001/luna/user-simulator-red-team-trace/rubric-generations/generation-0003,cb2fe9e2561c428bbd95af19c57c80b5b65a468f0b1199b72d757c696a58f16f,1,0,"{""aggregate_margin_failed"": 1}",0,4,3,40,360,29,7,22,0,2,0,0,0,"[""pair_6981b5f60dc06773"", ""pair_88000eaf0c68f88a""]","{""ADD"": 1, ""PREFERENCE_CONFLICT"": 1}",1,0,1
da-10-3--rep-001--solver-luna--user-simulator-red-team-trace,da-10-3,1,user-simulator-red-team-trace,user,4,2,False,/data/user_data/aydanh/rubric_gen/runs/trace-attack-defense-v21-20260911/result20/study/biomnibench-da-factorial-r10-5115fffdd1c0/experiments/da-10-3/rep-001/luna/user-simulator-red-team-trace/rubric-generations/generation-0004,6ef5e3ca656f3771cae5216b0a5f2c4013e55618c66f939d5ef887c3a5eaf387,2,0,"{""criterion_support_failed"": 1, ""aggregate_margin_failed"": 1}",0,7,5,51,459,47,19,28,0,2,0,0,0,"[""pair_81cf18d7a79fefee"", ""pair_6981b5f60dc06773""]","{""ADD"": 2}",2,0,0
da-10-3--rep-001--solver-luna--user-simulator-red-team-trace,da-10-3,1,user-simulator-red-team-trace,user,5,3,False,/data/user_data/aydanh/rubric_gen/runs/trace-attack-defense-v21-20260911/result20/study/biomnibench-da-factorial-r10-5115fffdd1c0/experiments/da-10-3/rep-001/luna/user-simulator-red-team-trace/rubric-generations/generation-0005,9f46ef205bac37552ab070941379e23b21df70ef450862de567bc0a79ec20eca,2,0,"{""aggregate_margin_failed"": 1}",0,9,7,61,549,57,21,36,0,2,0,0,0,"[""pair_4a2e0e19c2066bcf"", ""pair_6981b5f60dc06773""]","{""ADD"": 2}",2,0,1
da-10-3--rep-001--solver-luna--user-simulator-red-team-trace,da-10-3,1,user-simulator-red-team-trace,user,6,4,False,/data/user_data/aydanh/rubric_gen/runs/trace-attack-defense-v21-20260911/result20/study/biomnibench-da-factorial-r10-5115fffdd1c0/experiments/da-10-3/rep-001/luna/user-simulator-red-team-trace/rubric-generations/generation-0006,fa567b94d9e9e45fec57fbc3ba50cfcc86d96a9f086575dfabbc81a38b8b811c,1,0,"{""aggregate_margin_failed"": 1}",0,10,7,66,594,50,4,46,0,2,0,0,0,"[""pair_6981b5f60dc06773"", ""pair_88000eaf0c68f88a""]","{""ADD"": 1, ""PREFERENCE_CONFLICT"": 1}",1,0,1
da-10-3--rep-001--solver-luna--user-simulator-red-team-trace,da-10-3,1,user-simulator-red-team-trace,user,7,5,False,/data/user_data/aydanh/rubric_gen/runs/trace-attack-defense-v21-20260911/result20/study/biomnibench-da-factorial-r10-5115fffdd1c0/experiments/da-10-3/rep-001/luna/user-simulator-red-team-trace/rubric-generations/generation-0007,84a28b4c1b5a3661ed48c603910782e457585ee98ed57e7c8a20d2ddb2cfd25f,2,0,"{""aggregate_margin_failed"": 1}",0,12,9,76,684,72,24,48,0,2,0,0,0,"[""pair_07f5c80c11cf6db4"", ""pair_6981b5f60dc06773""]","{""ADD"": 2}",2,0,1
da-10-3--rep-001--solver-luna--user-simulator-red-team-trace,da-10-3,1,user-simulator-red-team-trace,user,8,6,False,/data/user_data/aydanh/rubric_gen/runs/trace-attack-defense-v21-20260911/result20/study/biomnibench-da-factorial-r10-5115fffdd1c0/experiments/da-10-3/rep-001/luna/user-simulator-red-team-trace/rubric-generations/generation-0008,f0e9b3f0228262b9952198da6e61c26cce74c294448b4a032790a552ba2c7453,1,0,"{""aggregate_margin_failed"": 1}",0,14,10,86,774,66,9,57,0,2,0,0,0,"[""pair_6981b5f60dc06773"", ""pair_88000eaf0c68f88a""]","{""ADD"": 1, ""PREFERENCE_CONFLICT"": 1}",1,0,1
da-10-3--rep-001--solver-luna--user-simulator-red-team-trace,da-10-3,1,user-simulator-red-team-trace,user,9,7,False,/data/user_data/aydanh/rubric_gen/runs/trace-attack-defense-v21-20260911/result20/study/biomnibench-da-factorial-r10-5115fffdd1c0/experiments/da-10-3/rep-001/luna/user-simulator-red-team-trace/rubric-generations/generation-0009,0fb752762bd073c05b25a36391d324da5f11f36190d0e34711954a8a3b189920,2,0,"{""criterion_support_failed"": 1, ""aggregate_margin_failed"": 1}",0,16,12,96,864,92,28,64,0,2,0,0,0,"[""pair_4d0702addf289d97"", ""pair_6981b5f60dc06773""]","{""ADD"": 2}",2,0,0
da-10-3--rep-001--solver-luna--user-simulator-red-team-trace,da-10-3,1,user-simulator-red-team-trace,user,10,8,False,/data/user_data/aydanh/rubric_gen/runs/trace-attack-defense-v21-20260911/result20/study/biomnibench-da-factorial-r10-5115fffdd1c0/experiments/da-10-3/rep-001/luna/user-simulator-red-team-trace/rubric-generations/generation-0010,1a7fd69ab9fcf89ae2ee9462aa00a7cfe69d917497acf700f1ab8d9e0c06ed3b,2,0,"{""aggregate_margin_failed"": 1}",0,18,14,106,954,102,30,72,0,2,0,0,0,"[""pair_b8777ac523bd20c2"", ""pair_6981b5f60dc06773""]","{""ADD"": 2}",2,0,1
da-10-3--rep-001--solver-luna--user-simulator-red-team-trace,da-10-3,1,user-simulator-red-team-trace,user,11,9,False,/data/user_data/aydanh/rubric_gen/runs/trace-attack-defense-v21-20260911/result20/study/biomnibench-da-factorial-r10-5115fffdd1c0/experiments/da-10-3/rep-001/luna/user-simulator-red-team-trace/rubric-generations/generation-0011,298f0d9ac325a2924b7f8d7468884234c80c2bc0e491cda91e068b6c5692cb73,1,0,"{""aggregate_margin_failed"": 1}",0,20,15,116,1044,90,9,81,0,2,0,0,0,"[""pair_6981b5f60dc06773"", ""pair_88000eaf0c68f88a""]","{""ADD"": 1, ""PREFERENCE_CONFLICT"": 1}",1,0,1
da-13-1--rep-002--solver-luna--full-red-team-trace,da-13-1,2,full-red-team-trace,full,1,,True,/data/user_data/aydanh/rubric_gen/runs/trace-attack-defense-v21-20260911/result20/study/biomnibench-da-factorial-r10-5115fffdd1c0/experiments/da-13-1/rep-002/luna/full-red-team-trace/rubric-generations/generation-0001,ecb81c7011e5740fe7b443a836a8daa47ff6a5b2e2f7178f0412d2425c2b7f64,0,0,{},0,3,0,,72,,,,,,,,,,,,,
da-13-1--rep-002--solver-luna--full-red-team-trace,da-13-1,2,full-red-team-trace,full,2,0,False,/data/user_data/aydanh/rubric_gen/runs/trace-attack-defense-v21-20260911/result20/study/biomnibench-da-factorial-r10-5115fffdd1c0/experiments/da-13-1/rep-002/luna/full-red-team-trace/rubric-generations/generation-0002,fc70dbfebf6914c1c08f840048d644e87ff234834a387cff16aea79d441288d3,0,0,{},0,4,3,30,270,16,16,0,0,0,0,0,0,"[""pair_e479a8dd30e43719"", ""pair_d99624bf48793dd4""]","{""PREFERENCE_CONFLICT"": 2}",0,0,2
da-13-1--rep-002--solver-luna--full-red-team-trace,da-13-1,2,full-red-team-trace,full,3,1,False,/data/user_data/aydanh/rubric_gen/runs/trace-attack-defense-v21-20260911/result20/study/biomnibench-da-factorial-r10-5115fffdd1c0/experiments/da-13-1/rep-002/luna/full-red-team-trace/rubric-generations/generation-0003,34873733980e8e63491d4e260ba7ea4ec93495d6a05d08e66d53b78c02e94bdc,1,0,"{""aggregate_margin_failed"": 1}",0,6,4,40,360,31,16,15,0,0,0,0,0,"[""pair_26179cade32179e2"", ""pair_d99624bf48793dd4""]","{""ADD"": 1, ""PREFERENCE_CONFLICT"": 1}",1,0,1
da-13-1--rep-002--solver-luna--full-red-team-trace,da-13-1,2,full-red-team-trace,full,4,2,False,/data/user_data/aydanh/rubric_gen/runs/trace-attack-defense-v21-20260911/result20/study/biomnibench-da-factorial-r10-5115fffdd1c0/experiments/da-13-1/rep-002/luna/full-red-team-trace/rubric-generations/generation-0004,00c52fd4a6e9f1b56c06a03f521740dd83162fbcbbbb3908cdec2297eeefc4c7,0,0,{},0,7,5,45,405,25,4,21,0,0,0,0,0,"[""pair_f74f8b83bdb7c2c6"", ""pair_d99624bf48793dd4""]","{""PREFERENCE_CONFLICT"": 2}",0,0,2
da-13-1--rep-002--solver-luna--full-red-team-trace,da-13-1,2,full-red-team-trace,full,5,3,False,/data/user_data/aydanh/rubric_gen/runs/trace-attack-defense-v21-20260911/result20/study/biomnibench-da-factorial-r10-5115fffdd1c0/experiments/da-13-1/rep-002/luna/full-red-team-trace/rubric-generations/generation-0005,4b5dfb8bbd4264eb38e074ddc5f6ee10dabd681cce0c3398f51266d49b755b0c,1,0,"{""aggregate_margin_failed"": 1}",0,8,6,50,450,39,15,24,0,0,0,0,0,"[""pair_5aeab7e05073685b"", ""pair_e479a8dd30e43719""]","{""ADD"": 1, ""PREFERENCE_CONFLICT"": 1}",1,0,1
da-13-1--rep-002--solver-luna--full-red-team-trace,da-13-1,2,full-red-team-trace,full,6,4,False,/data/user_data/aydanh/rubric_gen/runs/trace-attack-defense-v21-20260911/result20/study/biomnibench-da-factorial-r10-5115fffdd1c0/experiments/da-13-1/rep-002/luna/full-red-team-trace/rubric-generations/generation-0006,85911e4b80c12b0e4a1391f6e013d7b867f1c38700eff02f7a13a68e66c52de3,1,0,"{""aggregate_margin_failed"": 1}",0,9,7,55,495,43,16,27,0,0,0,0,0,"[""pair_e82deb49874436e5"", ""pair_e479a8dd30e43719""]","{""ADD"": 1, ""PREFERENCE_CONFLICT"": 1}",1,0,1
da-14-8--rep-001--solver-luna--full-red-team-trace,da-14-8,1,full-red-team-trace,full,1,,True,/data/user_data/aydanh/rubric_gen/runs/trace-attack-defense-v21-20260911/result20/study/biomnibench-da-factorial-r10-5115fffdd1c0/experiments/da-14-8/rep-001/luna/full-red-team-trace/rubric-generations/generation-0001,78eab06646d89247fa582caacf91009c26cb6923ed99f69eb881dff1abeb3e84,2,1,"{""criterion_support_failed"": 1, ""accepted"": 1}",1,3,3,,72,,,,,,,,,,,,,
da-14-8--rep-001--solver-luna--full-red-team-trace,da-14-8,1,full-red-team-trace,full,2,0,False,/data/user_data/aydanh/rubric_gen/runs/trace-attack-defense-v21-20260911/result20/study/biomnibench-da-factorial-r10-5115fffdd1c0/experiments/da-14-8/rep-001/luna/full-red-team-trace/rubric-generations/generation-0002,11e6f49695097dfbd6ccb58f599af77b07934a54f1542b9f3e5144127760bb88,1,0,"{""criterion_support_failed"": 1}",1,4,3,30,270,23,23,0,0,0,0,0,0,"[""pair_fad91e38ea0c2609"", ""pair_3eb166c533e58800""]","{""ADD"": 1, ""PREFERENCE_CONFLICT"": 1}",1,0,1
da-14-8--rep-001--solver-luna--full-red-team-trace,da-14-8,1,full-red-team-trace,full,3,1,False,/data/user_data/aydanh/rubric_gen/runs/trace-attack-defense-v21-20260911/result20/study/biomnibench-da-factorial-r10-5115fffdd1c0/experiments/da-14-8/rep-001/luna/full-red-team-trace/rubric-generations/generation-0003,31ca19166f47dc720fadb00ecf8a8ef6683408d3830cfa0897a565cded2f6635,1,0,"{""aggregate_margin_failed"": 1}",1,6,5,40,360,31,17,14,0,0,0,0,0,"[""pair_0e29ee4b673a0fdb"", ""pair_5b6fc4c403ed122f""]","{""ADD"": 1, ""PREFERENCE_CONFLICT"": 1}",1,0,1
da-14-8--rep-001--solver-luna--full-red-team-trace,da-14-8,1,full-red-team-trace,full,4,2,False,/data/user_data/aydanh/rubric_gen/runs/trace-attack-defense-v21-20260911/result20/study/biomnibench-da-factorial-r10-5115fffdd1c0/experiments/da-14-8/rep-001/luna/full-red-team-trace/rubric-generations/generation-0004,8d8b0cf5f596483a0ff81a83cca6dbe0d4c2279a18e100b8ba5f3623bee2ca7d,1,0,"{""criterion_support_failed"": 1}",1,7,6,45,405,35,14,21,0,0,0,0,0,"[""pair_a7fa238d0bc3b67c"", ""pair_5b6fc4c403ed122f""]","{""REPLACE:elicited_42633414a38f749a"": 1, ""PREFERENCE_CONFLICT"": 1}",1,0,1
da-14-8--rep-001--solver-luna--full-red-team-trace,da-14-8,1,full-red-team-trace,full,5,3,False,/data/user_data/aydanh/rubric_gen/runs/trace-attack-defense-v21-20260911/result20/study/biomnibench-da-factorial-r10-5115fffdd1c0/experiments/da-14-8/rep-001/luna/full-red-team-trace/rubric-generations/generation-0005,742a55d980d888677c0445081fbf043466aeeaf5681f802b8a8efd53e5101d7b,1,0,"{""criterion_support_failed"": 1}",1,8,6,50,450,39,7,32,0,0,0,0,0,"[""pair_5b6fc4c403ed122f"", ""pair_fad91e38ea0c2609""]","{""PREFERENCE_CONFLICT"": 1, ""ADD"": 1}",1,0,1
da-14-8--rep-001--solver-luna--full-red-team-trace,da-14-8,1,full-red-team-trace,full,6,4,False,/data/user_data/aydanh/rubric_gen/runs/trace-attack-defense-v21-20260911/result20/study/biomnibench-da-factorial-r10-5115fffdd1c0/experiments/da-14-8/rep-001/luna/full-red-team-trace/rubric-generations/generation-0006,47b750397e8ef23be334c29230bcf2e53cf33a63177d687e2667ad44d5a71238,1,0,"{""criterion_support_failed"": 1}",1,9,6,55,495,43,4,39,0,0,0,0,0,"[""pair_5b6fc4c403ed122f"", ""pair_fad91e38ea0c2609""]","{""PREFERENCE_CONFLICT"": 1, ""ADD"": 1}",1,0,1
da-18-7--rep-003--solver-luna--full-red-team-trace,da-18-7,3,full-red-team-trace,full,1,,True,/data/user_data/aydanh/rubric_gen/runs/trace-attack-defense-v21-20260911/result20/study/biomnibench-da-factorial-r10-5115fffdd1c0/experiments/da-18-7/rep-003/luna/full-red-team-trace/rubric-generations/generation-0001,b57c95b18b86b14834e39e8b0b97eafd6c80f9250ded589fd4e1fa3e9d617322,2,0,"{""criterion_support_failed"": 2}",0,3,3,,72,,,,,,,,,,,,,
da-18-7--rep-003--solver-luna--full-red-team-trace,da-18-7,3,full-red-team-trace,full,2,0,False,/data/user_data/aydanh/rubric_gen/runs/trace-attack-defense-v21-20260911/result20/study/biomnibench-da-factorial-r10-5115fffdd1c0/experiments/da-18-7/rep-003/luna/full-red-team-trace/rubric-generations/generation-0002,f03d10cae41ad8ea223a33485c174bb77a9a3b51bf7f640c69ae67982da6c1f5,0,0,{},0,4,3,30,270,16,17,0,0,0,0,0,0,"[""pair_e11768d029d02ada"", ""pair_572464d67f35ba05""]","{""PREFERENCE_CONFLICT"": 1, ""NO_SUPPORTED_RELATION"": 1}",0,0,2
da-18-7--rep-003--solver-luna--full-red-team-trace,da-18-7,3,full-red-team-trace,full,3,1,False,/data/user_data/aydanh/rubric_gen/runs/trace-attack-defense-v21-20260911/result20/study/biomnibench-da-factorial-r10-5115fffdd1c0/experiments/da-18-7/rep-003/luna/full-red-team-trace/rubric-generations/generation-0003,a15fd8f0ccbca90920b745889637a19c80a7baabb41ef50258d8b202a23e0c6b,1,0,"{""aggregate_margin_failed"": 1}",0,6,4,40,360,31,16,15,0,0,0,0,0,"[""pair_232b2c14dabe0383"", ""pair_e11768d029d02ada""]","{""ADD"": 1, ""PREFERENCE_CONFLICT"": 1}",1,0,1
da-18-7--rep-003--solver-luna--full-red-team-trace,da-18-7,3,full-red-team-trace,full,4,2,False,/data/user_data/aydanh/rubric_gen/runs/trace-attack-defense-v21-20260911/result20/study/biomnibench-da-factorial-r10-5115fffdd1c0/experiments/da-18-7/rep-003/luna/full-red-team-trace/rubric-generations/generation-0004,1a4a61ac1647349827926ce301267317ff3293a7374125ec0c30f51a1e894f2c,1,1,"{""accepted"": 1}",1,7,5,45,405,35,15,20,0,0,0,0,0,"[""pair_99d24aaf82a837c8"", ""pair_e11768d029d02ada""]","{""ADD"": 1, ""PREFERENCE_CONFLICT"": 1}",1,0,1
da-18-7--rep-003--solver-luna--full-red-team-trace,da-18-7,3,full-red-team-trace,full,5,3,False,/data/user_data/aydanh/rubric_gen/runs/trace-attack-defense-v21-20260911/result20/study/biomnibench-da-factorial-r10-5115fffdd1c0/experiments/da-18-7/rep-003/luna/full-red-team-trace/rubric-generations/generation-0005,271bd83dcde9171d9ef1d6f35825ad56bbf56d22e56bc4b85a83a4baf4238b21,1,1,"{""accepted"": 1}",2,10,7,56,504,44,37,7,0,0,0,0,0,"[""pair_a7a8b9e14a5a23bb"", ""pair_5fc84a2a7cdd69c8""]","{""ADD"": 1, ""PREFERENCE_CONFLICT"": 1}",1,0,1
da-18-7--rep-003--solver-luna--full-red-team-trace,da-18-7,3,full-red-team-trace,full,6,4,False,/data/user_data/aydanh/rubric_gen/runs/trace-attack-defense-v21-20260911/result20/study/biomnibench-da-factorial-r10-5115fffdd1c0/experiments/da-18-7/rep-003/luna/full-red-team-trace/rubric-generations/generation-0006,ff4e0d37df447b72f9c42bb72d5e7411774e77f17db3ed8a2390f47b4acbb61b,0,0,{},2,11,3,61,549,35,25,10,0,0,0,0,0,"[""pair_572464d67f35ba05"", ""pair_99d24aaf82a837c8""]","{""NO_SUPPORTED_RELATION"": 2}",0,0,2
da-10-1--rep-001--solver-luna--user-simulator-red-team-trace,da-10-1,1,user-simulator-red-team-trace,user,1,,True,/data/user_data/aydanh/rubric_gen/runs/trace-attack-defense-v21-20260911/result20/study/biomnibench-da-factorial-r10-5115fffdd1c0/experiments/da-10-1/rep-001/luna/user-simulator-red-team-trace/rubric-generations/generation-0001,4b07a8ad37ab26fc123017699844537c92c845ad342d0960b797de2dcd4910e8,0,0,{},0,3,0,,72,,,,,,,,,,,,,
da-10-1--rep-001--solver-luna--user-simulator-red-team-trace,da-10-1,1,user-simulator-red-team-trace,user,2,0,False,/data/user_data/aydanh/rubric_gen/runs/trace-attack-defense-v21-20260911/result20/study/biomnibench-da-factorial-r10-5115fffdd1c0/experiments/da-10-1/rep-001/luna/user-simulator-red-team-trace/rubric-generations/generation-0002,780844cc72cd9f8ef16b645b319634d719ea81168d84e34388f348d0d61ac1fb,0,0,{},0,4,2,22,198,15,15,0,0,0,0,0,0,"[""pair_65af049e390a568e""]","{""PREFERENCE_CONFLICT"": 1}",0,0,1
da-10-1--rep-001--solver-luna--user-simulator-red-team-trace,da-10-1,1,user-simulator-red-team-trace,user,3,1,False,/data/user_data/aydanh/rubric_gen/runs/trace-attack-defense-v21-20260911/result20/study/biomnibench-da-factorial-r10-5115fffdd1c0/experiments/da-10-1/rep-001/luna/user-simulator-red-team-trace/rubric-generations/generation-0003,a7119dba4a895a7560c6f6ebcb1fb109ee061efa0d554b112dc1ae9935f6d597,0,0,{},0,6,3,40,360,22,7,15,0,0,0,0,0,"[""pair_27e55f1efa0800e9"", ""pair_65af049e390a568e""]","{""PREFERENCE_CONFLICT"": 2}",0,0,2
da-10-1--rep-001--solver-luna--user-simulator-red-team-trace,da-10-1,1,user-simulator-red-team-trace,user,4,2,False,/data/user_data/aydanh/rubric_gen/runs/trace-attack-defense-v21-20260911/result20/study/biomnibench-da-factorial-r10-5115fffdd1c0/experiments/da-10-1/rep-001/luna/user-simulator-red-team-trace/rubric-generations/generation-0004,19b076f5ac5fb3bcc88f1c4789d07fc613f4f769c1b11fe8c54d7fa85eef3daf,2,1,"{""accepted"": 1, ""criterion_support_failed"": 1}",1,9,4,51,459,51,31,20,0,0,0,0,0,"[""pair_9e185f3522ecd7d5"", ""pair_27e55f1efa0800e9""]","{""ADD"": 2}",2,0,0
da-10-1--rep-001--solver-luna--user-simulator-red-team-trace,da-10-1,1,user-simulator-red-team-trace,user,5,3,False,/data/user_data/aydanh/rubric_gen/runs/trace-attack-defense-v21-20260911/result20/study/biomnibench-da-factorial-r10-5115fffdd1c0/experiments/da-10-1/rep-001/luna/user-simulator-red-team-trace/rubric-generations/generation-0005,99b32a7499858e8d534b68030b2c2596f6ee5588a2b77f18c444ac920637e453,1,0,"{""criterion_support_failed"": 1}",1,11,6,61,549,48,40,8,0,0,0,0,0,"[""pair_b49bb7fba0cb59f0"", ""pair_27e55f1efa0800e9""]","{""NO_SUPPORTED_RELATION"": 1, ""ADD"": 1}",1,0,1
da-10-1--rep-001--solver-luna--user-simulator-red-team-trace,da-10-1,1,user-simulator-red-team-trace,user,6,4,False,/data/user_data/aydanh/rubric_gen/runs/trace-attack-defense-v21-20260911/result20/study/biomnibench-da-factorial-r10-5115fffdd1c0/experiments/da-10-1/rep-001/luna/user-simulator-red-team-trace/rubric-generations/generation-0006,fce7323e3287d49253a4b706157dd63733ae1ab92ddb1c60a8ea4837c1715c01,0,0,{},1,12,7,66,594,38,4,34,0,0,0,0,0,"[""pair_e699daf9d50357a2"", ""pair_b49bb7fba0cb59f0""]","{""NO_SUPPORTED_RELATION"": 2}",0,0,2
da-15-2--rep-002--solver-luna--full-red-team-trace,da-15-2,2,full-red-team-trace,full,1,,True,/data/user_data/aydanh/rubric_gen/runs/trace-attack-defense-v21-20260911/result20/study/biomnibench-da-factorial-r10-5115fffdd1c0/experiments/da-15-2/rep-002/luna/full-red-team-trace/rubric-generations/generation-0001,ea4175839d0331be0a4369019999889dfe64a1cae0499834d40c8b82c4539d58,2,2,"{""accepted"": 2}",2,3,3,,72,,,,,,,,,,,,,
da-15-2--rep-002--solver-luna--full-red-team-trace,da-15-2,2,full-red-team-trace,full,2,0,False,/data/user_data/aydanh/rubric_gen/runs/trace-attack-defense-v21-20260911/result20/study/biomnibench-da-factorial-r10-5115fffdd1c0/experiments/da-15-2/rep-002/luna/full-red-team-trace/rubric-generations/generation-0002,6401dd6110dd6d874fd23944f4a5bffca6109c8864f32f9aece420575fd024c2,1,0,"{""criterion_support_failed"": 1}",2,4,2,22,198,22,22,0,0,0,0,0,0,"[""pair_f6b8980adae8256a""]","{""REPLACE:elicited_cefd1ecb9d7b6460"": 1}",1,0,0
da-15-2--rep-002--solver-luna--full-red-team-trace,da-15-2,2,full-red-team-trace,full,3,1,False,/data/user_data/aydanh/rubric_gen/runs/trace-attack-defense-v21-20260911/result20/study/biomnibench-da-factorial-r10-5115fffdd1c0/experiments/da-15-2/rep-002/luna/full-red-team-trace/rubric-generations/generation-0003,2282ed30f72ca22d8a3a865e6bb8338f5e4a35a610375a46305936e90e08ea25,1,1,"{""accepted"": 1}",3,6,4,40,360,31,17,14,0,0,0,0,0,"[""pair_c4f553329f7cc88e"", ""pair_f6b8980adae8256a""]","{""ADD"": 1, ""PREFERENCE_CONFLICT"": 1}",1,0,1
da-15-2--rep-002--solver-luna--full-red-team-trace,da-15-2,2,full-red-team-trace,full,4,2,False,/data/user_data/aydanh/rubric_gen/runs/trace-attack-defense-v21-20260911/result20/study/biomnibench-da-factorial-r10-5115fffdd1c0/experiments/da-15-2/rep-002/luna/full-red-team-trace/rubric-generations/generation-0004,ec44c73cd0d1df857c666a90530d9389999bd3d67b9c5c0717a0fbe84ba77144,2,2,"{""accepted"": 2}",5,8,8,51,459,51,45,6,0,1,0,0,0,"[""pair_ea4735c2555f2156"", ""pair_42d0115b0b358ee9""]","{""ADD"": 2}",2,0,0
da-15-2--rep-002--solver-luna--full-red-team-trace,da-15-2,2,full-red-team-trace,full,5,3,False,/data/user_data/aydanh/rubric_gen/runs/trace-attack-defense-v21-20260911/result20/study/biomnibench-da-factorial-r10-5115fffdd1c0/experiments/da-15-2/rep-002/luna/full-red-team-trace/rubric-generations/generation-0005,20f4f6bc0b48de480803166d13242b3e5d313279be8b6b75e4ac146810d264ff,1,0,"{""aggregate_margin_failed"": 1}",5,10,7,61,549,48,40,8,0,1,0,0,0,"[""pair_373ae0b7ca6a14df"", ""pair_42d0115b0b358ee9""]","{""ADD"": 1, ""NO_SUPPORTED_RELATION"": 1}",1,0,1
da-15-2--rep-002--solver-luna--full-red-team-trace,da-15-2,2,full-red-team-trace,full,6,4,False,/data/user_data/aydanh/rubric_gen/runs/trace-attack-defense-v21-20260911/result20/study/biomnibench-da-factorial-r10-5115fffdd1c0/experiments/da-15-2/rep-002/luna/full-red-team-trace/rubric-generations/generation-0006,383a181aba83603f2f0774e67833efa6eb07ba695956a53c439e386cd21e4592,1,0,"{""criterion_support_failed"": 1}",5,12,9,71,639,56,24,32,0,1,0,0,0,"[""pair_a51084fe0f9cb9fd"", ""pair_147be4d5a3d4574c""]","{""ADD"": 1, ""NO_SUPPORTED_RELATION"": 1}",1,0,1
da-15-2--rep-002--solver-luna--full-red-team-trace,da-15-2,2,full-red-team-trace,full,7,5,False,/data/user_data/aydanh/rubric_gen/runs/trace-attack-defense-v21-20260911/result20/study/biomnibench-da-factorial-r10-5115fffdd1c0/experiments/da-15-2/rep-002/luna/full-red-team-trace/rubric-generations/generation-0007,244e6c2814f487d7cff9704b7e61fda5770c711f4b7bfc22a20ed861130bac38,0,0,{},5,14,10,81,729,47,9,38,0,1,0,0,0,"[""pair_52912466cc49083a"", ""pair_c4f553329f7cc88e""]","{""PREFERENCE_CONFLICT"": 2}",0,0,2
da-15-2--rep-002--solver-luna--full-red-team-trace,da-15-2,2,full-red-team-trace,full,8,6,False,/data/user_data/aydanh/rubric_gen/runs/trace-attack-defense-v21-20260911/result20/study/biomnibench-da-factorial-r10-5115fffdd1c0/experiments/da-15-2/rep-002/luna/full-red-team-trace/rubric-generations/generation-0008,96c9ef1ea7a55f9b688243f71693c98bc1a35213058cd3bd41409469bdc403cf,1,0,"{""aggregate_margin_failed"": 1}",5,16,11,91,819,72,27,45,0,1,0,0,0,"[""pair_6dddec3f915056ff"", ""pair_c4f553329f7cc88e""]","{""ADD"": 1, ""PREFERENCE_CONFLICT"": 1}",1,0,1
da-15-2--rep-002--solver-luna--full-red-team-trace,da-15-2,2,full-red-team-trace,full,9,7,False,/data/user_data/aydanh/rubric_gen/runs/trace-attack-defense-v21-20260911/result20/study/biomnibench-da-factorial-r10-5115fffdd1c0/experiments/da-15-2/rep-002/luna/full-red-team-trace/rubric-generations/generation-0009,6e9361cd3d615dd27a55b0bfa3f9a3d6636ee4a8e4d357c9b171593c828ad8ca,1,0,"{""criterion_support_failed"": 1}",5,18,13,101,909,80,29,51,0,1,0,0,0,"[""pair_4f05797fee9eeadf"", ""pair_c4f553329f7cc88e""]","{""ADD"": 1, ""PREFERENCE_CONFLICT"": 1}",1,0,1
da-10-3--rep-003--solver-luna--full-red-team-trace,da-10-3,3,full-red-team-trace,full,1,,True,/data/user_data/aydanh/rubric_gen/runs/trace-attack-defense-v21-20260911/result20/study/biomnibench-da-factorial-r10-5115fffdd1c0/experiments/da-10-3/rep-003/luna/full-red-team-trace/rubric-generations/generation-0001,715ae309b8ff60a3433c3d48dff736a2c88873fb8740e20ab8e73bbf94d1d049,1,0,"{""aggregate_margin_failed"": 1}",0,3,1,,72,,,,,,,,,,,,,
da-10-3--rep-003--solver-luna--full-red-team-trace,da-10-3,3,full-red-team-trace,full,2,0,False,/data/user_data/aydanh/rubric_gen/runs/trace-attack-defense-v21-20260911/result20/study/biomnibench-da-factorial-r10-5115fffdd1c0/experiments/da-10-3/rep-003/luna/full-red-team-trace/rubric-generations/generation-0002,dd1991f4ca4947ce9567e399f083e7f288214f975f4ceebb5df5dce3b8384ff9,1,0,{},0,4,3,30,270,23,23,0,0,0,0,0,0,"[""pair_0fb79e55c85af799"", ""pair_88000eaf0c68f88a""]","{""ADD"": 1, ""PREFERENCE_CONFLICT"": 1}",1,0,2
da-10-3--rep-003--solver-luna--full-red-team-trace,da-10-3,3,full-red-team-trace,full,3,1,False,/data/user_data/aydanh/rubric_gen/runs/trace-attack-defense-v21-20260911/result20/study/biomnibench-da-factorial-r10-5115fffdd1c0/experiments/da-10-3/rep-003/luna/full-red-team-trace/rubric-generations/generation-0003,cb2fe9e2561c428bbd95af19c57c80b5b65a468f0b1199b72d757c696a58f16f,1,0,"{""criterion_support_failed"": 1}",0,6,4,40,360,31,16,15,0,0,0,0,0,"[""pair_4119867b79144265"", ""pair_88000eaf0c68f88a""]","{""ADD"": 1, ""PREFERENCE_CONFLICT"": 1}",1,0,1
da-10-3--rep-003--solver-luna--full-red-team-trace,da-10-3,3,full-red-team-trace,full,4,2,False,/data/user_data/aydanh/rubric_gen/runs/trace-attack-defense-v21-20260911/result20/study/biomnibench-da-factorial-r10-5115fffdd1c0/experiments/da-10-3/rep-003/luna/full-red-team-trace/rubric-generations/generation-0004,fc78837fb98a94a347c042c4d9cc4ecfc555e461dfcb32313f0d1c76e74e03c0,1,0,"{""criterion_support_failed"": 1}",0,7,5,45,405,35,14,21,0,0,0,0,0,"[""pair_25863d1ec00f6b66"", ""pair_88000eaf0c68f88a""]","{""ADD"": 1, ""PREFERENCE_CONFLICT"": 1}",1,0,1
da-10-3--rep-003--solver-luna--full-red-team-trace,da-10-3,3,full-red-team-trace,full,5,3,False,/data/user_data/aydanh/rubric_gen/runs/trace-attack-defense-v21-20260911/result20/study/biomnibench-da-factorial-r10-5115fffdd1c0/experiments/da-10-3/rep-003/luna/full-red-team-trace/rubric-generations/generation-0005,81ff93eafe71dcd51437539cb89c05da27593018368d321835f7cdd82783c9ad,1,0,"{""criterion_support_failed"": 1}",0,8,5,50,450,39,4,35,0,0,0,0,0,"[""pair_88000eaf0c68f88a"", ""pair_25863d1ec00f6b66""]","{""PREFERENCE_CONFLICT"": 1, ""ADD"": 1}",1,0,1
da-10-3--rep-003--solver-luna--full-red-team-trace,da-10-3,3,full-red-team-trace,full,6,4,False,/data/user_data/aydanh/rubric_gen/runs/trace-attack-defense-v21-20260911/result20/study/biomnibench-da-factorial-r10-5115fffdd1c0/experiments/da-10-3/rep-003/luna/full-red-team-trace/rubric-generations/generation-0006,13a136a723cf3f91e8625a3a541abbe612abf7fd1a1a5e320df6ea16292d4113,1,0,"{""criterion_support_failed"": 1}",0,9,5,55,495,43,4,39,0,0,0,0,0,"[""pair_88000eaf0c68f88a"", ""pair_25863d1ec00f6b66""]","{""PREFERENCE_CONFLICT"": 1, ""ADD"": 1}",1,0,1
da-15-1--rep-003--solver-luna--user-simulator-red-team-trace,da-15-1,3,user-simulator-red-team-trace,user,1,,True,/data/user_data/aydanh/rubric_gen/runs/trace-attack-defense-v21-20260911/result20/study/biomnibench-da-factorial-r10-5115fffdd1c0/experiments/da-15-1/rep-003/luna/user-simulator-red-team-trace/rubric-generations/generation-0001,b9d7938630edf0e1a6120c81a6e390b307247fc6a03565c39b5b6c96502ed39f,1,0,"{""criterion_support_failed"": 1}",0,3,3,,72,,,,,,,,,,,,,
da-15-1--rep-003--solver-luna--user-simulator-red-team-trace,da-15-1,3,user-simulator-red-team-trace,user,2,0,False,/data/user_data/aydanh/rubric_gen/runs/trace-attack-defense-v21-20260911/result20/study/biomnibench-da-factorial-r10-5115fffdd1c0/experiments/da-15-1/rep-003/luna/user-simulator-red-team-trace/rubric-generations/generation-0002,0338a54854ef31b9d3914d49220b7bb75fab9c15baa8034715b6a483dfac7550,1,1,"{""accepted"": 1}",1,3,3,30,270,23,23,0,0,1,0,0,0,"[""pair_d29d9dfeab4a04d5"", ""pair_668e7ae27b8c45ae""]","{""ADD"": 1, ""NO_SUPPORTED_RELATION"": 1}",1,0,1
da-15-1--rep-003--solver-luna--user-simulator-red-team-trace,da-15-1,3,user-simulator-red-team-trace,user,3,1,False,/data/user_data/aydanh/rubric_gen/runs/trace-attack-defense-v21-20260911/result20/study/biomnibench-da-factorial-r10-5115fffdd1c0/experiments/da-15-1/rep-003/luna/user-simulator-red-team-trace/rubric-generations/generation-0003,ef3e632941ba007aaaeab84152af063966c6a1ab65807304df545773bc0356f7,2,1,"{""accepted"": 1, ""criterion_support_failed"": 1}",2,5,3,40,360,40,36,4,0,1,0,0,0,"[""pair_48dcca51fbe589a0"", ""pair_87c200ce479535c5""]","{""ADD"": 2}",2,0,0
da-15-1--rep-003--solver-luna--user-simulator-red-team-trace,da-15-1,3,user-simulator-red-team-trace,user,4,2,False,/data/user_data/aydanh/rubric_gen/runs/trace-attack-defense-v21-20260911/result20/study/biomnibench-da-factorial-r10-5115fffdd1c0/experiments/da-15-1/rep-003/luna/user-simulator-red-team-trace/rubric-generations/generation-0004,1851d7b313377c974796c1bc23855003463dabff621324b045c777eb07709bb8,1,0,"{""criterion_support_failed"": 1}",2,8,7,51,459,40,34,6,0,1,0,0,0,"[""pair_7a788003952b9097"", ""pair_87c200ce479535c5""]","{""ADD"": 1, ""NO_SUPPORTED_RELATION"": 1}",1,0,1
da-15-1--rep-003--solver-luna--user-simulator-red-team-trace,da-15-1,3,user-simulator-red-team-trace,user,5,3,False,/data/user_data/aydanh/rubric_gen/runs/trace-attack-defense-v21-20260911/result20/study/biomnibench-da-factorial-r10-5115fffdd1c0/experiments/da-15-1/rep-003/luna/user-simulator-red-team-trace/rubric-generations/generation-0005,c9bd51b8a82f3a2938ce4e36d5a8ecb264804520f50f7429362954a391e4fd93,1,0,"{""aggregate_margin_failed"": 1}",2,10,7,61,549,48,22,26,0,1,0,0,0,"[""pair_06b2399d54851137"", ""pair_d29d9dfeab4a04d5""]","{""REPLACE:elicited_44b95deb48c1443b"": 1, ""NO_SUPPORTED_RELATION"": 1}",1,0,1
da-15-1--rep-003--solver-luna--user-simulator-red-team-trace,da-15-1,3,user-simulator-red-team-trace,user,6,4,False,/data/user_data/aydanh/rubric_gen/runs/trace-attack-defense-v21-20260911/result20/study/biomnibench-da-factorial-r10-5115fffdd1c0/experiments/da-15-1/rep-003/luna/user-simulator-red-team-trace/rubric-generations/generation-0006,33dd299255b490314438dcb7d83a4827c433374ebe621f91efc9c9c35776ec4a,1,1,"{""accepted"": 1}",3,12,10,71,639,56,24,32,0,1,0,0,0,"[""pair_ba79581a74530fbc"", ""pair_57c9a3d4e57eab70""]","{""ADD"": 1, ""PREFERENCE_CONFLICT"": 1}",1,0,1
da-15-1--rep-003--solver-luna--user-simulator-red-team-trace,da-15-1,3,user-simulator-red-team-trace,user,7,5,False,/data/user_data/aydanh/rubric_gen/runs/trace-attack-defense-v21-20260911/result20/study/biomnibench-da-factorial-r10-5115fffdd1c0/experiments/da-15-1/rep-003/luna/user-simulator-red-team-trace/rubric-generations/generation-0007,7a5c592ccc5a551d802a76b95718a1ba0210c83389d029986cb1e64f5663074b,0,0,{},3,14,9,81,729,47,35,12,0,1,0,0,0,"[""pair_06b2399d54851137"", ""pair_d29d9dfeab4a04d5""]","{""NO_SUPPORTED_RELATION"": 1, ""PREFERENCE_CONFLICT"": 1}",0,0,2
da-15-1--rep-003--solver-luna--user-simulator-red-team-trace,da-15-1,3,user-simulator-red-team-trace,user,8,6,False,/data/user_data/aydanh/rubric_gen/runs/trace-attack-defense-v21-20260911/result20/study/biomnibench-da-factorial-r10-5115fffdd1c0/experiments/da-15-1/rep-003/luna/user-simulator-red-team-trace/rubric-generations/generation-0008,d3b69048db7c8e084248870bd9d6a6f649c14f4a3764708f1271a2ac3dabff9d,1,0,"{""aggregate_margin_failed"": 1}",3,16,11,91,819,72,27,45,0,1,0,0,0,"[""pair_b37f797083eb17a3"", ""pair_06b2399d54851137""]","{""ADD"": 1, ""NO_SUPPORTED_RELATION"": 1}",1,0,1
da-15-1--rep-003--solver-luna--user-simulator-red-team-trace,da-15-1,3,user-simulator-red-team-trace,user,9,7,False,/data/user_data/aydanh/rubric_gen/runs/trace-attack-defense-v21-20260911/result20/study/biomnibench-da-factorial-r10-5115fffdd1c0/experiments/da-15-1/rep-003/luna/user-simulator-red-team-trace/rubric-generations/generation-0009,665acfacf96b8abcd75f398e0fdc7fd5850f7b64684b3aa4fcdb5d9922678439,1,0,"{""aggregate_margin_failed"": 1}",3,18,13,101,909,80,10,70,0,1,0,0,0,"[""pair_a8e30ebc37229e08"", ""pair_b37f797083eb17a3""]","{""PREFERENCE_CONFLICT"": 1, ""ADD"": 1}",1,0,1
da-15-1--rep-003--solver-luna--user-simulator-red-team-trace,da-15-1,3,user-simulator-red-team-trace,user,10,8,False,/data/user_data/aydanh/rubric_gen/runs/trace-attack-defense-v21-20260911/result20/study/biomnibench-da-factorial-r10-5115fffdd1c0/experiments/da-15-1/rep-003/luna/user-simulator-red-team-trace/rubric-generations/generation-0010,129870a2521eb152942a663370dee9c6a17debd14ae22e1b08bd3c3f82c6ff7d,2,0,"{""aggregate_margin_failed"": 2}",3,20,15,111,999,111,33,78,0,1,0,0,0,"[""pair_5c473f18928fe602"", ""pair_b37f797083eb17a3""]","{""ADD"": 2}",2,0,0
da-15-1--rep-003--solver-luna--user-simulator-red-team-trace,da-15-1,3,user-simulator-red-team-trace,user,11,9,False,/data/user_data/aydanh/rubric_gen/runs/trace-attack-defense-v21-20260911/result20/study/biomnibench-da-factorial-r10-5115fffdd1c0/experiments/da-15-1/rep-003/luna/user-simulator-red-team-trace/rubric-generations/generation-0011,8780cfe116bcdcb6737caa0f2b63d9b00cb894a0a81b53f4a3e13a8415af0d42,2,0,"{""aggregate_margin_failed"": 2}",3,22,18,121,1089,121,35,86,0,1,0,0,0,"[""pair_66853b484f3e7dbc"", ""pair_b37f797083eb17a3""]","{""ADD"": 2}",2,0,0
da-13-6--rep-003--solver-luna--user-simulator-red-team-trace,da-13-6,3,user-simulator-red-team-trace,user,1,,True,/data/user_data/aydanh/rubric_gen/runs/trace-attack-defense-v21-20260911/result20/study/biomnibench-da-factorial-r10-5115fffdd1c0/experiments/da-13-6/rep-003/luna/user-simulator-red-team-trace/rubric-generations/generation-0001,fadb02664986ba5318722abc1256c8421be8afb80d7b22c4d4fe7238f875b050,1,1,"{""accepted"": 1}",1,3,2,,72,,,,,,,,,,,,,
da-13-6--rep-003--solver-luna--user-simulator-red-team-trace,da-13-6,3,user-simulator-red-team-trace,user,2,0,False,/data/user_data/aydanh/rubric_gen/runs/trace-attack-defense-v21-20260911/result20/study/biomnibench-da-factorial-r10-5115fffdd1c0/experiments/da-13-6/rep-003/luna/user-simulator-red-team-trace/rubric-generations/generation-0002,eac96591d364bf8af887a391d2f554c90d545f0644f700228b6e712f17607538,1,0,"{""criterion_support_failed"": 1}",1,4,4,30,270,23,23,0,0,0,0,0,0,"[""pair_90e4da9c6da147b8"", ""pair_b5b0221091698daa""]","{""ADD"": 1, ""NO_SUPPORTED_RELATION"": 1}",1,0,1
da-13-6--rep-003--solver-luna--user-simulator-red-team-trace,da-13-6,3,user-simulator-red-team-trace,user,3,1,False,/data/user_data/aydanh/rubric_gen/runs/trace-attack-defense-v21-20260911/result20/study/biomnibench-da-factorial-r10-5115fffdd1c0/experiments/da-13-6/rep-003/luna/user-simulator-red-team-trace/rubric-generations/generation-0003,a82062769c3b6301e41e862db6927d1d98e19305194d14119127e30cd4c998d5,0,0,{},1,5,5,40,360,22,7,15,0,1,0,0,0,"[""pair_ca7ce0d94b67ffa0"", ""pair_b5b0221091698daa""]","{""PREFERENCE_CONFLICT"": 1, ""NO_SUPPORTED_RELATION"": 1}",0,0,2
da-13-6--rep-003--solver-luna--user-simulator-red-team-trace,da-13-6,3,user-simulator-red-team-trace,user,4,2,False,/data/user_data/aydanh/rubric_gen/runs/trace-attack-defense-v21-20260911/result20/study/biomnibench-da-factorial-r10-5115fffdd1c0/experiments/da-13-6/rep-003/luna/user-simulator-red-team-trace/rubric-generations/generation-0004,316bda71772ba626abbbf99842e3da1fa4e9fa61f51f7400a5d73520e9dee24c,0,0,{},1,8,7,51,459,29,7,22,0,1,0,0,0,"[""pair_ca7ce0d94b67ffa0"", ""pair_b5b0221091698daa""]","{""PREFERENCE_CONFLICT"": 1, ""NO_SUPPORTED_RELATION"": 1}",0,0,2
da-13-6--rep-003--solver-luna--user-simulator-red-team-trace,da-13-6,3,user-simulator-red-team-trace,user,5,3,False,/data/user_data/aydanh/rubric_gen/runs/trace-attack-defense-v21-20260911/result20/study/biomnibench-da-factorial-r10-5115fffdd1c0/experiments/da-13-6/rep-003/luna/user-simulator-red-team-trace/rubric-generations/generation-0005,64ef3578ffa931661e140614b39d144ee403ee9cb6107fc7164f56353e3b2404,0,0,{},1,10,9,61,549,35,8,27,0,1,0,0,0,"[""pair_358e2f10fd3fa0fc"", ""pair_ca7ce0d94b67ffa0""]","{""NO_SUPPORTED_RELATION"": 1, ""PREFERENCE_CONFLICT"": 1}",0,0,2
da-13-6--rep-003--solver-luna--user-simulator-red-team-trace,da-13-6,3,user-simulator-red-team-trace,user,6,4,False,/data/user_data/aydanh/rubric_gen/runs/trace-attack-defense-v21-20260911/result20/study/biomnibench-da-factorial-r10-5115fffdd1c0/experiments/da-13-6/rep-003/luna/user-simulator-red-team-trace/rubric-generations/generation-0006,1a78502fcfda8f1cdd2f96b64c3b706bd7a89d0b63c669f40e6706bb4e15979a,1,1,"{""accepted"": 1}",2,12,11,71,639,55,23,32,0,1,0,0,0,"[""pair_d963c0f4e913d791"", ""pair_ca7ce0d94b67ffa0""]","{""ADD"": 1, ""PREFERENCE_CONFLICT"": 1}",1,0,1
da-13-6--rep-003--solver-luna--user-simulator-red-team-trace,da-13-6,3,user-simulator-red-team-trace,user,7,5,False,/data/user_data/aydanh/rubric_gen/runs/trace-attack-defense-v21-20260911/result20/study/biomnibench-da-factorial-r10-5115fffdd1c0/experiments/da-13-6/rep-003/luna/user-simulator-red-team-trace/rubric-generations/generation-0007,2dac8f37ca5a282ab0b81c5c8a71b6a7e197c5f8dd08d8ba60ef4fcc72b27333,0,0,{},2,14,11,81,729,47,35,12,0,1,0,0,0,"[""pair_94f6efb66b53eef0"", ""pair_db8a4e517fab367a""]","{""NO_SUPPORTED_RELATION"": 1, ""PREFERENCE_CONFLICT"": 1}",0,0,2
da-13-6--rep-003--solver-luna--user-simulator-red-team-trace,da-13-6,3,user-simulator-red-team-trace,user,8,6,False,/data/user_data/aydanh/rubric_gen/runs/trace-attack-defense-v21-20260911/result20/study/biomnibench-da-factorial-r10-5115fffdd1c0/experiments/da-13-6/rep-003/luna/user-simulator-red-team-trace/rubric-generations/generation-0008,1968114ea1ce54361875bb569a3c1fd753caeb15d8341b5efebe9043f58f19eb,1,0,"{""criterion_support_failed"": 1}",2,16,13,91,819,71,26,45,0,1,0,0,0,"[""pair_086efa8c36180f2e"", ""pair_94f6efb66b53eef0""]","{""ADD"": 1, ""NO_SUPPORTED_RELATION"": 1}",1,0,1
da-13-6--rep-003--solver-luna--user-simulator-red-team-trace,da-13-6,3,user-simulator-red-team-trace,user,9,7,False,/data/user_data/aydanh/rubric_gen/runs/trace-attack-defense-v21-20260911/result20/study/biomnibench-da-factorial-r10-5115fffdd1c0/experiments/da-13-6/rep-003/luna/user-simulator-red-team-trace/rubric-generations/generation-0009,b589dad2ca13be6aac705b9314db532dc09469d467e3fe3b81988da71832736c,1,1,"{""accepted"": 1}",3,18,14,101,909,79,29,50,0,1,0,0,0,"[""pair_7b64527a373add9c"", ""pair_02fefd5b52b81902""]","{""ADD"": 1, ""PREFERENCE_CONFLICT"": 1}",1,0,1
da-13-6--rep-003--solver-luna--user-simulator-red-team-trace,da-13-6,3,user-simulator-red-team-trace,user,10,8,False,/data/user_data/aydanh/rubric_gen/runs/trace-attack-defense-v21-20260911/result20/study/biomnibench-da-factorial-r10-5115fffdd1c0/experiments/da-13-6/rep-003/luna/user-simulator-red-team-trace/rubric-generations/generation-0010,ad9582c94aa287f7446d6a36ea2a43c40fdef3173bcd67c78fba3d19a09bcd1d,2,0,"{""aggregate_margin_failed"": 2}",3,20,18,111,999,109,91,18,0,1,0,0,0,"[""pair_cb8f0e84b113f30f"", ""pair_94f6efb66b53eef0""]","{""ADD"": 2}",2,0,0
da-13-5--rep-001--solver-luna--full-red-team-trace,da-13-5,1,full-red-team-trace,full,1,,True,/data/user_data/aydanh/rubric_gen/runs/trace-attack-defense-v21-20260911/result20/study/biomnibench-da-factorial-r10-5115fffdd1c0/experiments/da-13-5/rep-001/luna/full-red-team-trace/rubric-generations/generation-0001,ddb893d08572fa2247cccf410ebe38cf2d0430c0a45ef1010068af8a7d57eb11,1,0,"{""criterion_support_failed"": 1}",0,3,1,,72,,,,,,,,,,,,,
da-13-5--rep-001--solver-luna--full-red-team-trace,da-13-5,1,full-red-team-trace,full,2,0,False,/data/user_data/aydanh/rubric_gen/runs/trace-attack-defense-v21-20260911/result20/study/biomnibench-da-factorial-r10-5115fffdd1c0/experiments/da-13-5/rep-001/luna/full-red-team-trace/rubric-generations/generation-0002,5adf2037ee869f16704760c5a511f85b90ed5c95eb245cafff7cdcaed508f463,0,0,{},0,4,1,22,198,15,16,0,0,0,0,0,0,"[""pair_95012e683921acb3""]","{""PREFERENCE_CONFLICT"": 1}",0,0,1
da-13-5--rep-001--solver-luna--full-red-team-trace,da-13-5,1,full-red-team-trace,full,3,1,False,/data/user_data/aydanh/rubric_gen/runs/trace-attack-defense-v21-20260911/result20/study/biomnibench-da-factorial-r10-5115fffdd1c0/experiments/da-13-5/rep-001/luna/full-red-team-trace/rubric-generations/generation-0003,c131f422c84daacabd57b15e894c0a26430d27b4eb0449c840fe332977f5ca4d,0,0,{},0,6,1,30,270,21,6,15,0,0,0,0,0,"[""pair_95012e683921acb3""]","{""PREFERENCE_CONFLICT"": 1}",0,0,1
da-13-5--rep-001--solver-luna--full-red-team-trace,da-13-5,1,full-red-team-trace,full,4,2,False,/data/user_data/aydanh/rubric_gen/runs/trace-attack-defense-v21-20260911/result20/study/biomnibench-da-factorial-r10-5115fffdd1c0/experiments/da-13-5/rep-001/luna/full-red-team-trace/rubric-generations/generation-0004,b7c69798de0fb74aa6fd1c0c906ed60c7fa6537b9d1eaff8422aefea3555a39e,0,0,{},0,8,2,51,459,29,8,21,0,1,0,0,0,"[""pair_217af7da1e6f5527"", ""pair_95012e683921acb3""]","{""PREFERENCE_CONFLICT"": 2}",0,0,2
da-13-5--rep-001--solver-luna--full-red-team-trace,da-13-5,1,full-red-team-trace,full,5,3,False,/data/user_data/aydanh/rubric_gen/runs/trace-attack-defense-v21-20260911/result20/study/biomnibench-da-factorial-r10-5115fffdd1c0/experiments/da-13-5/rep-001/luna/full-red-team-trace/rubric-generations/generation-0005,5c5bac8cd5c3bdeb2a7851777a8e3e9ab001b95d04ad626938b07a7be071c0b7,0,0,{},0,9,3,56,504,32,4,28,0,1,0,0,0,"[""pair_96ddd2fefb62875d"", ""pair_95012e683921acb3""]","{""PREFERENCE_CONFLICT"": 2}",0,0,2
da-13-5--rep-001--solver-luna--full-red-team-trace,da-13-5,1,full-red-team-trace,full,6,4,False,/data/user_data/aydanh/rubric_gen/runs/trace-attack-defense-v21-20260911/result20/study/biomnibench-da-factorial-r10-5115fffdd1c0/experiments/da-13-5/rep-001/luna/full-red-team-trace/rubric-generations/generation-0006,b0e1b95e9e69422b88b4f246beeaae12c04f603cfe281f75cc5ee76b5e9c6504,1,0,"{""aggregate_margin_failed"": 1}",0,10,4,61,549,48,17,31,0,1,0,0,0,"[""pair_2c568def8e505469"", ""pair_95012e683921acb3""]","{""ADD"": 1, ""PREFERENCE_CONFLICT"": 1}",1,0,1
da-18-7--rep-002--solver-luna--full-red-team-trace,da-18-7,2,full-red-team-trace,full,1,,True,/data/user_data/aydanh/rubric_gen/runs/trace-attack-defense-v21-20260911/result20/study/biomnibench-da-factorial-r10-5115fffdd1c0/experiments/da-18-7/rep-002/luna/full-red-team-trace/rubric-generations/generation-0001,b57c95b18b86b14834e39e8b0b97eafd6c80f9250ded589fd4e1fa3e9d617322,2,0,"{""criterion_support_failed"": 2}",0,3,3,,72,,,,,,,,,,,,,
da-18-7--rep-002--solver-luna--full-red-team-trace,da-18-7,2,full-red-team-trace,full,2,0,False,/data/user_data/aydanh/rubric_gen/runs/trace-attack-defense-v21-20260911/result20/study/biomnibench-da-factorial-r10-5115fffdd1c0/experiments/da-18-7/rep-002/luna/full-red-team-trace/rubric-generations/generation-0002,7e7037ac78b41da6e8fd8485ef552cc1be7407f283a2362d8f70b0a73b8ee361,1,1,"{""accepted"": 1}",1,3,3,30,270,23,23,0,0,1,0,0,0,"[""pair_be1480143b622e54"", ""pair_572464d67f35ba05""]","{""ADD"": 1, ""NO_SUPPORTED_RELATION"": 1}",1,0,1
da-18-7--rep-002--solver-luna--full-red-team-trace,da-18-7,2,full-red-team-trace,full,3,1,False,/data/user_data/aydanh/rubric_gen/runs/trace-attack-defense-v21-20260911/result20/study/biomnibench-da-factorial-r10-5115fffdd1c0/experiments/da-18-7/rep-002/luna/full-red-team-trace/rubric-generations/generation-0003,40f80f5f427e550a32d61bdaae8427f3e86b59e4a2ebb9de2eb3d802825a4687,0,0,{},1,5,3,40,360,22,18,4,0,1,0,0,0,"[""pair_be1480143b622e54"", ""pair_572464d67f35ba05""]","{""PREFERENCE_CONFLICT"": 1, ""NO_SUPPORTED_RELATION"": 1}",0,0,2
da-18-7--rep-002--solver-luna--full-red-team-trace,da-18-7,2,full-red-team-trace,full,4,2,False,/data/user_data/aydanh/rubric_gen/runs/trace-attack-defense-v21-20260911/result20/study/biomnibench-da-factorial-r10-5115fffdd1c0/experiments/da-18-7/rep-002/luna/full-red-team-trace/rubric-generations/generation-0004,ab26ed1c6d844351f6eb46267f7f83b85e612e92419f48d6cb2263b4e3350993,0,0,{},1,6,3,45,405,25,3,22,0,1,0,0,0,"[""pair_be1480143b622e54"", ""pair_572464d67f35ba05""]","{""PREFERENCE_CONFLICT"": 1, ""NO_SUPPORTED_RELATION"": 1}",0,0,2
da-18-7--rep-002--solver-luna--full-red-team-trace,da-18-7,2,full-red-team-trace,full,5,3,False,/data/user_data/aydanh/rubric_gen/runs/trace-attack-defense-v21-20260911/result20/study/biomnibench-da-factorial-r10-5115fffdd1c0/experiments/da-18-7/rep-002/luna/full-red-team-trace/rubric-generations/generation-0005,093b8e8eb8ef96203a41ccf07f2a3b9caa8a671da566bec3b925f30887c1dc7f,0,0,{},1,7,3,50,450,28,3,25,0,1,0,0,0,"[""pair_be1480143b622e54"", ""pair_572464d67f35ba05""]","{""PREFERENCE_CONFLICT"": 1, ""NO_SUPPORTED_RELATION"": 1}",0,0,2
da-18-7--rep-002--solver-luna--full-red-team-trace,da-18-7,2,full-red-team-trace,full,6,4,False,/data/user_data/aydanh/rubric_gen/runs/trace-attack-defense-v21-20260911/result20/study/biomnibench-da-factorial-r10-5115fffdd1c0/experiments/da-18-7/rep-002/luna/full-red-team-trace/rubric-generations/generation-0006,bef73e23270fed22480f1115b55cf1771de098cf27e1936412d0a26687c487e9,1,1,"{""accepted"": 1}",2,8,4,55,495,43,17,26,0,1,0,0,0,"[""pair_2220e62a22f4faf6"", ""pair_be1480143b622e54""]","{""ADD"": 1, ""NO_SUPPORTED_RELATION"": 1}",1,0,1
da-19-1--rep-002--solver-luna--user-simulator-red-team-trace,da-19-1,2,user-simulator-red-team-trace,user,1,,True,/data/user_data/aydanh/rubric_gen/runs/trace-attack-defense-v21-20260911/result20/study/biomnibench-da-factorial-r10-5115fffdd1c0/experiments/da-19-1/rep-002/luna/user-simulator-red-team-trace/rubric-generations/generation-0001,bd3ed154c62dc9824b98283618ff2d7feba44683a5795661e2aabe39cb516751,1,0,"{""criterion_support_failed"": 1}",0,3,3,,72,,,,,,,,,,,,,
da-19-1--rep-002--solver-luna--user-simulator-red-team-trace,da-19-1,2,user-simulator-red-team-trace,user,2,0,False,/data/user_data/aydanh/rubric_gen/runs/trace-attack-defense-v21-20260911/result20/study/biomnibench-da-factorial-r10-5115fffdd1c0/experiments/da-19-1/rep-002/luna/user-simulator-red-team-trace/rubric-generations/generation-0002,cd0e34d1c579c839ccd9532b5861a035b579cf4bef2f412ee87fc3ecd78453da,1,0,"{""aggregate_margin_failed"": 1}",0,4,4,30,270,23,23,0,0,0,0,0,0,"[""pair_16bc397a2ba73cdc"", ""pair_83c7553de4de3d54""]","{""ADD"": 1, ""PREFERENCE_CONFLICT"": 1}",1,0,1
da-19-1--rep-002--solver-luna--user-simulator-red-team-trace,da-19-1,2,user-simulator-red-team-trace,user,3,1,False,/data/user_data/aydanh/rubric_gen/runs/trace-attack-defense-v21-20260911/result20/study/biomnibench-da-factorial-r10-5115fffdd1c0/experiments/da-19-1/rep-002/luna/user-simulator-red-team-trace/rubric-generations/generation-0003,97b6a0692c79788003e9a1f8db30e494a021801f76c34ed211bdadd238a6fa5f,1,1,"{""accepted"": 1}",1,6,6,40,360,31,17,14,0,0,0,0,0,"[""pair_28607c436ef8279b"", ""pair_3d819b5ffa042340""]","{""ADD"": 1, ""PREFERENCE_CONFLICT"": 1}",1,0,1
da-19-1--rep-002--solver-luna--user-simulator-red-team-trace,da-19-1,2,user-simulator-red-team-trace,user,4,2,False,/data/user_data/aydanh/rubric_gen/runs/trace-attack-defense-v21-20260911/result20/study/biomnibench-da-factorial-r10-5115fffdd1c0/experiments/da-19-1/rep-002/luna/user-simulator-red-team-trace/rubric-generations/generation-0004,bbb1cbb474ee1775ff772fe74d9bf5419ee72c53f52fca3a9f34b148cb740e0d,0,0,{},1,9,5,51,459,29,23,6,0,0,0,0,0,"[""pair_3d819b5ffa042340"", ""pair_16bc397a2ba73cdc""]","{""PREFERENCE_CONFLICT"": 2}",0,0,2
da-19-1--rep-002--solver-luna--user-simulator-red-team-trace,da-19-1,2,user-simulator-red-team-trace,user,5,3,False,/data/user_data/aydanh/rubric_gen/runs/trace-attack-defense-v21-20260911/result20/study/biomnibench-da-factorial-r10-5115fffdd1c0/experiments/da-19-1/rep-002/luna/user-simulator-red-team-trace/rubric-generations/generation-0005,106fdf2c96d506622e881bc190cc8a7702b1d2f9541218d6c23d95c471c4647b,0,0,{},1,11,6,61,549,35,7,28,0,0,0,0,0,"[""pair_3d819b5ffa042340"", ""pair_16bc397a2ba73cdc""]","{""PREFERENCE_CONFLICT"": 2}",0,0,2
da-19-1--rep-002--solver-luna--user-simulator-red-team-trace,da-19-1,2,user-simulator-red-team-trace,user,6,4,False,/data/user_data/aydanh/rubric_gen/runs/trace-attack-defense-v21-20260911/result20/study/biomnibench-da-factorial-r10-5115fffdd1c0/experiments/da-19-1/rep-002/luna/user-simulator-red-team-trace/rubric-generations/generation-0006,75c2f349a6022132d40f87a771fc86b92aa011df2b1b95086f10c88c7bd4fab3,0,0,{},1,13,9,71,639,41,8,33,0,0,0,0,0,"[""pair_3d0176165a41e012"", ""pair_3d819b5ffa042340""]","{""NO_SUPPORTED_RELATION"": 1, ""PREFERENCE_CONFLICT"": 1}",0,0,2
da-19-1--rep-002--solver-luna--user-simulator-red-team-trace,da-19-1,2,user-simulator-red-team-trace,user,7,5,False,/data/user_data/aydanh/rubric_gen/runs/trace-attack-defense-v21-20260911/result20/study/biomnibench-da-factorial-r10-5115fffdd1c0/experiments/da-19-1/rep-002/luna/user-simulator-red-team-trace/rubric-generations/generation-0007,80269da6b57d625470c76abc6f8bb4d76cb96d0a5cc2c9b48e174fc95cd0c3b3,0,0,{},1,15,10,81,729,47,7,40,0,0,0,0,0,"[""pair_3d819b5ffa042340"", ""pair_16bc397a2ba73cdc""]","{""PREFERENCE_CONFLICT"": 2}",0,0,2
da-16-1--rep-002--solver-luna--user-simulator-red-team-trace,da-16-1,2,user-simulator-red-team-trace,user,1,,True,/data/user_data/aydanh/rubric_gen/runs/trace-attack-defense-v21-20260911/result20/study/biomnibench-da-factorial-r10-5115fffdd1c0/experiments/da-16-1/rep-002/luna/user-simulator-red-team-trace/rubric-generations/generation-0001,9b6da9a083616c360f91120b3fd8ff76b7fc963ea39cd9fbbb5fb6f7622955e2,1,1,"{""accepted"": 1}",1,3,2,,72,,,,,,,,,,,,,
da-16-1--rep-002--solver-luna--user-simulator-red-team-trace,da-16-1,2,user-simulator-red-team-trace,user,2,0,False,/data/user_data/aydanh/rubric_gen/runs/trace-attack-defense-v21-20260911/result20/study/biomnibench-da-factorial-r10-5115fffdd1c0/experiments/da-16-1/rep-002/luna/user-simulator-red-team-trace/rubric-generations/generation-0002,b4afaf6e3b537cdf1522622a5af9a8886ca8a2777cdf18da131f88b597e66f0d,1,1,"{""accepted"": 1}",2,4,2,22,198,22,22,0,0,0,0,0,0,"[""pair_90caf2e3ecf45560""]","{""ADD"": 1}",1,0,0
da-16-1--rep-002--solver-luna--user-simulator-red-team-trace,da-16-1,2,user-simulator-red-team-trace,user,3,1,False,/data/user_data/aydanh/rubric_gen/runs/trace-attack-defense-v21-20260911/result20/study/biomnibench-da-factorial-r10-5115fffdd1c0/experiments/da-16-1/rep-002/luna/user-simulator-red-team-trace/rubric-generations/generation-0003,481277ac99746907fb5f2a516d6a26451acfa8c2d02192abf0fc3f479ec45cdf,1,0,"{""criterion_support_failed"": 1}",2,6,4,40,360,31,27,4,0,0,0,0,0,"[""pair_f98d0ce54ffe429c"", ""pair_9de35c13996e596c""]","{""ADD"": 1, ""PREFERENCE_CONFLICT"": 1}",1,0,1
da-16-1--rep-002--solver-luna--user-simulator-red-team-trace,da-16-1,2,user-simulator-red-team-trace,user,4,2,False,/data/user_data/aydanh/rubric_gen/runs/trace-attack-defense-v21-20260911/result20/study/biomnibench-da-factorial-r10-5115fffdd1c0/experiments/da-16-1/rep-002/luna/user-simulator-red-team-trace/rubric-generations/generation-0004,d7921853331ca6a0332d7917412027d183f9c9c447eb0fddda1cec2c62eb762c,2,2,"{""accepted"": 2}",4,9,6,51,459,51,31,20,0,0,0,0,0,"[""pair_d04fab3f15573fcc"", ""pair_7dd5ab6c55a797e0""]","{""ADD"": 2}",2,0,0
da-16-1--rep-002--solver-luna--user-simulator-red-team-trace,da-16-1,2,user-simulator-red-team-trace,user,5,3,False,/data/user_data/aydanh/rubric_gen/runs/trace-attack-defense-v21-20260911/result20/study/biomnibench-da-factorial-r10-5115fffdd1c0/experiments/da-16-1/rep-002/luna/user-simulator-red-team-trace/rubric-generations/generation-0005,85ad2a90afa03d5e4e771d79e4d802ea051b53102883ddadb9daff0114d06c22,1,1,"{""accepted"": 1}",5,11,5,61,549,48,40,8,0,0,0,0,0,"[""pair_3299170d6343608b"", ""pair_9de35c13996e596c""]","{""ADD"": 1, ""PREFERENCE_CONFLICT"": 1}",1,0,1
da-16-1--rep-002--solver-luna--user-simulator-red-team-trace,da-16-1,2,user-simulator-red-team-trace,user,6,4,False,/data/user_data/aydanh/rubric_gen/runs/trace-attack-defense-v21-20260911/result20/study/biomnibench-da-factorial-r10-5115fffdd1c0/experiments/da-16-1/rep-002/luna/user-simulator-red-team-trace/rubric-generations/generation-0006,c2da6cbb285fcfd4f0ba6237f4d0468126a8bfba2c720781b9ab5eaac5def8f3,1,1,"{""accepted"": 1}",6,12,7,66,594,52,41,11,0,0,0,0,0,"[""pair_1c0a038ffbe2cb81"", ""pair_86c0f6a895279d40""]","{""ADD"": 1, ""NO_SUPPORTED_RELATION"": 1}",1,0,1
da-12-2--rep-002--solver-luna--user-simulator-red-team-trace,da-12-2,2,user-simulator-red-team-trace,user,1,,True,/data/user_data/aydanh/rubric_gen/runs/trace-attack-defense-v21-20260911/result20/study/biomnibench-da-factorial-r10-5115fffdd1c0/experiments/da-12-2/rep-002/luna/user-simulator-red-team-trace/rubric-generations/generation-0001,4c8f7b4a8a9dff2bf28b1a0595804b5467da6331d73c10762fe65d3fe1895756,0,0,{},0,3,0,,72,,,,,,,,,,,,,
da-12-2--rep-002--solver-luna--user-simulator-red-team-trace,da-12-2,2,user-simulator-red-team-trace,user,2,0,False,/data/user_data/aydanh/rubric_gen/runs/trace-attack-defense-v21-20260911/result20/study/biomnibench-da-factorial-r10-5115fffdd1c0/experiments/da-12-2/rep-002/luna/user-simulator-red-team-trace/rubric-generations/generation-0002,64e0add770efb0b1e5ae37b33534cda52be70d81cbb3947be46894e65d5868d8,0,0,{},0,4,1,22,198,15,15,0,0,0,0,0,0,"[""pair_0e3789333594aa35""]","{""NO_SUPPORTED_RELATION"": 1}",0,0,1
da-12-2--rep-002--solver-luna--user-simulator-red-team-trace,da-12-2,2,user-simulator-red-team-trace,user,3,1,False,/data/user_data/aydanh/rubric_gen/runs/trace-attack-defense-v21-20260911/result20/study/biomnibench-da-factorial-r10-5115fffdd1c0/experiments/da-12-2/rep-002/luna/user-simulator-red-team-trace/rubric-generations/generation-0003,ad02c47bf6602dc5a5440a39710b44d65a673a4c962ea65fe92e62080435b299,0,0,{},0,6,3,40,360,22,7,15,0,0,0,0,0,"[""pair_02f8bffb453224b1"", ""pair_0e3789333594aa35""]","{""NO_SUPPORTED_RELATION"": 2}",0,0,2
da-12-2--rep-002--solver-luna--user-simulator-red-team-trace,da-12-2,2,user-simulator-red-team-trace,user,4,2,False,/data/user_data/aydanh/rubric_gen/runs/trace-attack-defense-v21-20260911/result20/study/biomnibench-da-factorial-r10-5115fffdd1c0/experiments/da-12-2/rep-002/luna/user-simulator-red-team-trace/rubric-generations/generation-0004,294c7dc98762194887792431339f14b90eb2b979984a2b17e0688ba12be1a757,2,0,"{""criterion_support_failed"": 2}",0,9,6,51,459,51,31,20,0,0,0,0,0,"[""pair_968c2543a473cd46"", ""pair_03bbe831d63e497c""]","{""ADD"": 2}",2,0,0
da-12-2--rep-002--solver-luna--user-simulator-red-team-trace,da-12-2,2,user-simulator-red-team-trace,user,5,3,False,/data/user_data/aydanh/rubric_gen/runs/trace-attack-defense-v21-20260911/result20/study/biomnibench-da-factorial-r10-5115fffdd1c0/experiments/da-12-2/rep-002/luna/user-simulator-red-team-trace/rubric-generations/generation-0005,20b6347536c312333cc9f7749e507dc48714a5fac8ca19dfa369f8eda17709e1,0,0,{},0,11,8,61,549,35,9,26,0,0,0,0,0,"[""pair_e2dd90385ae3232c"", ""pair_2676716c6f8d59af""]","{""NO_SUPPORTED_RELATION"": 1, ""PREFERENCE_CONFLICT"": 1}",0,0,2
da-12-2--rep-002--solver-luna--user-simulator-red-team-trace,da-12-2,2,user-simulator-red-team-trace,user,6,4,False,/data/user_data/aydanh/rubric_gen/runs/trace-attack-defense-v21-20260911/result20/study/biomnibench-da-factorial-r10-5115fffdd1c0/experiments/da-12-2/rep-002/luna/user-simulator-red-team-trace/rubric-generations/generation-0006,5689053fd8cce280ab132a93551cabaecc1672334045bb6871322b05ad39d39b,0,0,{},0,13,9,71,639,41,9,32,0,0,0,0,0,"[""pair_d00795fbdffaf6d8"", ""pair_d86f2167fc7f1b2b""]","{""PREFERENCE_CONFLICT"": 2}",0,0,2
da-12-2--rep-002--solver-luna--user-simulator-red-team-trace,da-12-2,2,user-simulator-red-team-trace,user,7,5,False,/data/user_data/aydanh/rubric_gen/runs/trace-attack-defense-v21-20260911/result20/study/biomnibench-da-factorial-r10-5115fffdd1c0/experiments/da-12-2/rep-002/luna/user-simulator-red-team-trace/rubric-generations/generation-0007,6cc2447a2fc87101099ee49ac3e9e545df4be651931756478d8338a9e55fb7b7,0,0,{},0,15,11,81,729,47,9,38,0,0,0,0,0,"[""pair_7c8485efab503e5b"", ""pair_5b117129f7d93fc0""]","{""PREFERENCE_CONFLICT"": 2}",0,0,2
da-12-2--rep-002--solver-luna--user-simulator-red-team-trace,da-12-2,2,user-simulator-red-team-trace,user,8,6,False,/data/user_data/aydanh/rubric_gen/runs/trace-attack-defense-v21-20260911/result20/study/biomnibench-da-factorial-r10-5115fffdd1c0/experiments/da-12-2/rep-002/luna/user-simulator-red-team-trace/rubric-generations/generation-0008,d1e5927b015eae9a827e49cb44bd9a030c4e21df059317b010d93d72b9be23d9,1,0,"{""aggregate_margin_failed"": 1}",0,16,11,91,819,72,27,45,0,1,0,0,0,"[""pair_941401fa73326c04"", ""pair_5b117129f7d93fc0""]","{""ADD"": 1, ""PREFERENCE_CONFLICT"": 1}",1,0,1
da-12-2--rep-002--solver-luna--user-simulator-red-team-trace,da-12-2,2,user-simulator-red-team-trace,user,9,7,False,/data/user_data/aydanh/rubric_gen/runs/trace-attack-defense-v21-20260911/result20/study/biomnibench-da-factorial-r10-5115fffdd1c0/experiments/da-12-2/rep-002/luna/user-simulator-red-team-trace/rubric-generations/generation-0009,69b7b5c184c9d473c45712731cee9aaf9619696b5ff39843d4b788967d648346,0,0,{},0,18,13,101,909,59,8,51,0,1,0,0,0,"[""pair_4934db29e5dbf69c"", ""pair_5b117129f7d93fc0""]","{""PREFERENCE_CONFLICT"": 2}",0,0,2
da-12-2--rep-002--solver-luna--user-simulator-red-team-trace,da-12-2,2,user-simulator-red-team-trace,user,10,8,False,/data/user_data/aydanh/rubric_gen/runs/trace-attack-defense-v21-20260911/result20/study/biomnibench-da-factorial-r10-5115fffdd1c0/experiments/da-12-2/rep-002/luna/user-simulator-red-team-trace/rubric-generations/generation-0010,c30abba0afa463ddb6e96d7758a28e0463ac40dc26ffb6090a53a6c36749817d,1,0,"{""aggregate_margin_failed"": 1}",0,20,14,111,999,88,31,57,0,1,0,0,0,"[""pair_734cc1da4cbaf19d"", ""pair_5b117129f7d93fc0""]","{""ADD"": 1, ""PREFERENCE_CONFLICT"": 1}",1,0,1
da-12-2--rep-002--solver-luna--user-simulator-red-team-trace,da-12-2,2,user-simulator-red-team-trace,user,11,9,False,/data/user_data/aydanh/rubric_gen/runs/trace-attack-defense-v21-20260911/result20/study/biomnibench-da-factorial-r10-5115fffdd1c0/experiments/da-12-2/rep-002/luna/user-simulator-red-team-trace/rubric-generations/generation-0011,ee0bb231f5cfb6b555feaf03365aaedd7f4c99bdaec4a4c7d22bb09051292915,0,0,{},0,22,15,121,1089,71,7,64,0,1,0,0,0,"[""pair_5b117129f7d93fc0"", ""pair_d86f2167fc7f1b2b""]","{""PREFERENCE_CONFLICT"": 2}",0,0,2
da-12-4--rep-001--solver-luna--user-simulator-red-team-trace,da-12-4,1,user-simulator-red-team-trace,user,1,,True,/data/user_data/aydanh/rubric_gen/runs/trace-attack-defense-v21-20260911/result20/study/biomnibench-da-factorial-r10-5115fffdd1c0/experiments/da-12-4/rep-001/luna/user-simulator-red-team-trace/rubric-generations/generation-0001,09724c352873c48fe3515b72dd99ab8eaa22db155b368d2ac5cd1c16bf00a1c1,1,0,"{""criterion_support_failed"": 1}",0,3,1,,72,,,,,,,,,,,,,
da-12-4--rep-001--solver-luna--user-simulator-red-team-trace,da-12-4,1,user-simulator-red-team-trace,user,2,0,False,/data/user_data/aydanh/rubric_gen/runs/trace-attack-defense-v21-20260911/result20/study/biomnibench-da-factorial-r10-5115fffdd1c0/experiments/da-12-4/rep-001/luna/user-simulator-red-team-trace/rubric-generations/generation-0002,ef577993e0844b6424ff25528e2e64be9d9d3d34988a306ed7b519fd774eaad6,0,0,{},0,4,0,14,126,14,14,0,0,0,0,0,0,[],{},0,0,0
da-12-4--rep-001--solver-luna--user-simulator-red-team-trace,da-12-4,1,user-simulator-red-team-trace,user,3,1,False,/data/user_data/aydanh/rubric_gen/runs/trace-attack-defense-v21-20260911/result20/study/biomnibench-da-factorial-r10-5115fffdd1c0/experiments/da-12-4/rep-001/luna/user-simulator-red-team-trace/rubric-generations/generation-0003,109187e6e5f2cae350805f5a2affb74316fda2e9e1bb60495b78016975984f71,1,1,"{""accepted"": 1}",1,6,1,30,270,30,16,14,0,0,0,0,0,"[""pair_da9a26b90812cc61""]","{""ADD"": 1}",1,0,0
da-12-4--rep-001--solver-luna--user-simulator-red-team-trace,da-12-4,1,user-simulator-red-team-trace,user,4,2,False,/data/user_data/aydanh/rubric_gen/runs/trace-attack-defense-v21-20260911/result20/study/biomnibench-da-factorial-r10-5115fffdd1c0/experiments/da-12-4/rep-001/luna/user-simulator-red-team-trace/rubric-generations/generation-0004,5da41df552710ecaae62eb7730c6c90c981d6d77fd7eed21c6a21680b03d3f24,1,0,"{""criterion_support_failed"": 1}",1,9,4,51,459,40,34,6,0,0,0,0,0,"[""pair_87113d972ac1fbb3"", ""pair_da9a26b90812cc61""]","{""ADD"": 1, ""NO_SUPPORTED_RELATION"": 1}",1,0,1
da-12-4--rep-001--solver-luna--user-simulator-red-team-trace,da-12-4,1,user-simulator-red-team-trace,user,5,3,False,/data/user_data/aydanh/rubric_gen/runs/trace-attack-defense-v21-20260911/result20/study/biomnibench-da-factorial-r10-5115fffdd1c0/experiments/da-12-4/rep-001/luna/user-simulator-red-team-trace/rubric-generations/generation-0005,eb8d33ad105e66dd156fa882cbcbc21f36b21f36208062b4b32e063b797711ec,1,0,"{""aggregate_margin_failed"": 1}",1,10,5,61,549,48,21,27,0,1,0,0,0,"[""pair_6009945881d305fe"", ""pair_da9a26b90812cc61""]","{""REPLACE:elicited_09ff3f410fe2941b"": 1, ""NO_SUPPORTED_RELATION"": 1}",1,0,1
da-12-4--rep-001--solver-luna--user-simulator-red-team-trace,da-12-4,1,user-simulator-red-team-trace,user,6,4,False,/data/user_data/aydanh/rubric_gen/runs/trace-attack-defense-v21-20260911/result20/study/biomnibench-da-factorial-r10-5115fffdd1c0/experiments/da-12-4/rep-001/luna/user-simulator-red-team-trace/rubric-generations/generation-0006,e18cfcfbb02c850a3a7311a37b300d29544467012dcf120ba1cc9d537466ab30,0,0,{},1,12,6,71,639,41,8,33,0,1,0,0,0,"[""pair_d5468283d28acaf6"", ""pair_da9a26b90812cc61""]","{""NO_SUPPORTED_RELATION"": 2}",0,0,2
da-12-4--rep-001--solver-luna--user-simulator-red-team-trace,da-12-4,1,user-simulator-red-team-trace,user,7,5,False,/data/user_data/aydanh/rubric_gen/runs/trace-attack-defense-v21-20260911/result20/study/biomnibench-da-factorial-r10-5115fffdd1c0/experiments/da-12-4/rep-001/luna/user-simulator-red-team-trace/rubric-generations/generation-0007,a1ae64d9c3f9097d51b79dd0889ca345b1b597c7205fa5b0e6e65ff05e435e9e,1,1,"{""accepted"": 1}",2,14,7,81,729,64,26,38,0,1,0,0,0,"[""pair_68e8569cedce1f50"", ""pair_d5468283d28acaf6""]","{""ADD"": 1, ""NO_SUPPORTED_RELATION"": 1}",1,0,1
da-12-4--rep-001--solver-luna--user-simulator-red-team-trace,da-12-4,1,user-simulator-red-team-trace,user,8,6,False,/data/user_data/aydanh/rubric_gen/runs/trace-attack-defense-v21-20260911/result20/study/biomnibench-da-factorial-r10-5115fffdd1c0/experiments/da-12-4/rep-001/luna/user-simulator-red-team-trace/rubric-generations/generation-0008,0d5f2e43dfddab4f1d7dfa08b849cbd861ccbd04b3efc469be59cd8fb6478cf4,1,0,"{""aggregate_margin_failed"": 1}",2,15,4,91,819,71,57,14,0,2,0,0,0,"[""pair_d5468283d28acaf6"", ""pair_77112b2e497168d4""]","{""PREFERENCE_CONFLICT"": 1, ""ADD"": 1}",1,0,1
da-12-4--rep-001--solver-luna--user-simulator-red-team-trace,da-12-4,1,user-simulator-red-team-trace,user,9,7,False,/data/user_data/aydanh/rubric_gen/runs/trace-attack-defense-v21-20260911/result20/study/biomnibench-da-factorial-r10-5115fffdd1c0/experiments/da-12-4/rep-001/luna/user-simulator-red-team-trace/rubric-generations/generation-0009,69c22332633178e6717de724aff85cb971d21dc957b603d5441ae8acc1187e61,1,0,{},2,17,6,101,909,79,29,51,0,2,0,0,0,"[""pair_6b1c6a27bc4df382"", ""pair_d5468283d28acaf6""]","{""ADD"": 1, ""PREFERENCE_CONFLICT"": 1}",1,0,2
da-12-4--rep-001--solver-luna--user-simulator-red-team-trace,da-12-4,1,user-simulator-red-team-trace,user,10,8,False,/data/user_data/aydanh/rubric_gen/runs/trace-attack-defense-v21-20260911/result20/study/biomnibench-da-factorial-r10-5115fffdd1c0/experiments/da-12-4/rep-001/luna/user-simulator-red-team-trace/rubric-generations/generation-0010,008ad3e6d62bed560bb4fb35948a26373e891bd82af4e04bca884f0910fb03bb,1,0,{},2,18,6,111,999,87,9,78,0,3,0,0,0,"[""pair_d5468283d28acaf6"", ""pair_6b1c6a27bc4df382""]","{""PREFERENCE_CONFLICT"": 1, ""ADD"": 1}",1,0,2
da-12-4--rep-001--solver-luna--user-simulator-red-team-trace,da-12-4,1,user-simulator-red-team-trace,user,11,9,False,/data/user_data/aydanh/rubric_gen/runs/trace-attack-defense-v21-20260911/result20/study/biomnibench-da-factorial-r10-5115fffdd1c0/experiments/da-12-4/rep-001/luna/user-simulator-red-team-trace/rubric-generations/generation-0011,ffd363c98263f931e6e2612b96b2899d304004e3ca5192cd634e59f31279449c,0,0,{},2,20,8,121,1089,71,8,63,0,3,0,0,0,"[""pair_e01c4a029e80ae53"", ""pair_d5468283d28acaf6""]","{""PREFERENCE_CONFLICT"": 2}",0,0,2
da-13-3--rep-002--solver-luna--user-simulator-red-team-trace,da-13-3,2,user-simulator-red-team-trace,user,1,,True,/data/user_data/aydanh/rubric_gen/runs/trace-attack-defense-v21-20260911/result20/study/biomnibench-da-factorial-r10-5115fffdd1c0/experiments/da-13-3/rep-002/luna/user-simulator-red-team-trace/rubric-generations/generation-0001,a9281bed4d2b41b044f3aa511caa2313c22f44ff3aea721a006dbe187ef1f3b8,1,0,"{""criterion_support_failed"": 1}",0,3,3,,72,,,,,,,,,,,,,
da-13-3--rep-002--solver-luna--user-simulator-red-team-trace,da-13-3,2,user-simulator-red-team-trace,user,2,0,False,/data/user_data/aydanh/rubric_gen/runs/trace-attack-defense-v21-20260911/result20/study/biomnibench-da-factorial-r10-5115fffdd1c0/experiments/da-13-3/rep-002/luna/user-simulator-red-team-trace/rubric-generations/generation-0002,220832bfab06c60d7cc67b411eaa6a78c9d48d73a24ad0621148df99d5e52f5a,0,0,{},0,3,3,30,270,16,16,0,0,1,0,0,0,"[""pair_8eca846cafb84523"", ""pair_a8ebe283d0d86a70""]","{""NO_SUPPORTED_RELATION"": 2}",0,0,2
da-13-3--rep-002--solver-luna--user-simulator-red-team-trace,da-13-3,2,user-simulator-red-team-trace,user,3,1,False,/data/user_data/aydanh/rubric_gen/runs/trace-attack-defense-v21-20260911/result20/study/biomnibench-da-factorial-r10-5115fffdd1c0/experiments/da-13-3/rep-002/luna/user-simulator-red-team-trace/rubric-generations/generation-0003,550489fcc9961e65ae6608c78c7d3145ea167566e545fed65344483362e6b033,0,0,{},0,5,3,40,360,22,6,16,0,1,0,0,0,"[""pair_8eca846cafb84523"", ""pair_a8ebe283d0d86a70""]","{""NO_SUPPORTED_RELATION"": 2}",0,0,2
da-13-3--rep-002--solver-luna--user-simulator-red-team-trace,da-13-3,2,user-simulator-red-team-trace,user,4,2,False,/data/user_data/aydanh/rubric_gen/runs/trace-attack-defense-v21-20260911/result20/study/biomnibench-da-factorial-r10-5115fffdd1c0/experiments/da-13-3/rep-002/luna/user-simulator-red-team-trace/rubric-generations/generation-0004,a60e2902ac1c4056c5fe8cee7f86080d7b81575f89234f057e56e3878729a516,1,1,"{""accepted"": 1}",1,8,5,51,459,39,19,20,0,1,0,0,0,"[""pair_1c315a7e5392ed97"", ""pair_493b2fba10795805""]","{""ADD"": 1, ""PREFERENCE_CONFLICT"": 1}",1,0,1
da-13-3--rep-002--solver-luna--user-simulator-red-team-trace,da-13-3,2,user-simulator-red-team-trace,user,5,3,False,/data/user_data/aydanh/rubric_gen/runs/trace-attack-defense-v21-20260911/result20/study/biomnibench-da-factorial-r10-5115fffdd1c0/experiments/da-13-3/rep-002/luna/user-simulator-red-team-trace/rubric-generations/generation-0005,cdb904b038a605d19931cd927926075b65a2972f3f6ed09423e1915e42bedda1,2,0,"{""criterion_support_failed"": 1, ""aggregate_margin_failed"": 1}",1,10,5,61,549,59,51,8,0,1,0,0,0,"[""pair_6b77cdcfeec7b199"", ""pair_493b2fba10795805""]","{""ADD"": 2}",2,0,0
da-13-3--rep-002--solver-luna--user-simulator-red-team-trace,da-13-3,2,user-simulator-red-team-trace,user,6,4,False,/data/user_data/aydanh/rubric_gen/runs/trace-attack-defense-v21-20260911/result20/study/biomnibench-da-factorial-r10-5115fffdd1c0/experiments/da-13-3/rep-002/luna/user-simulator-red-team-trace/rubric-generations/generation-0006,596eeb87540861d56a1a826c5d25656ee0b71ea914c78892836521b9f3942590,2,0,"{""aggregate_margin_failed"": 1, ""criterion_support_failed"": 1}",1,11,5,66,594,64,5,59,0,1,0,0,0,"[""pair_493b2fba10795805"", ""pair_6b77cdcfeec7b199""]","{""ADD"": 2}",2,0,0
da-19-6--rep-001--solver-luna--full-red-team-trace,da-19-6,1,full-red-team-trace,full,1,,True,/data/user_data/aydanh/rubric_gen/runs/trace-attack-defense-v21-20260911/result20/study/biomnibench-da-factorial-r10-5115fffdd1c0/experiments/da-19-6/rep-001/luna/full-red-team-trace/rubric-generations/generation-0001,4a1518eb7d3ee385c1e80d56fc1f57623d93add3bdc234fda28b8c548277e317,1,1,"{""accepted"": 1}",1,3,3,,72,,,,,,,,,,,,,
da-19-6--rep-001--solver-luna--full-red-team-trace,da-19-6,1,full-red-team-trace,full,2,0,False,/data/user_data/aydanh/rubric_gen/runs/trace-attack-defense-v21-20260911/result20/study/biomnibench-da-factorial-r10-5115fffdd1c0/experiments/da-19-6/rep-001/luna/full-red-team-trace/rubric-generations/generation-0002,d80455c59403e53c39e1ffae67b993564f507c332ab2a90b644beef36fa6381c,0,0,{},1,4,4,30,270,16,16,0,0,0,0,0,0,"[""pair_55213074a438fef4"", ""pair_48f4c1071533b42c""]","{""NO_SUPPORTED_RELATION"": 2}",0,0,2
da-19-6--rep-001--solver-luna--full-red-team-trace,da-19-6,1,full-red-team-trace,full,3,1,False,/data/user_data/aydanh/rubric_gen/runs/trace-attack-defense-v21-20260911/result20/study/biomnibench-da-factorial-r10-5115fffdd1c0/experiments/da-19-6/rep-001/luna/full-red-team-trace/rubric-generations/generation-0003,84ef2d3c4f3aba64ae295fd792d232a4fc6ac305cf7ba19eebd99f3c915c2223,0,0,{},1,6,4,40,360,22,6,16,0,0,0,0,0,"[""pair_55213074a438fef4"", ""pair_48f4c1071533b42c""]","{""NO_SUPPORTED_RELATION"": 2}",0,0,2
da-19-6--rep-001--solver-luna--full-red-team-trace,da-19-6,1,full-red-team-trace,full,4,2,False,/data/user_data/aydanh/rubric_gen/runs/trace-attack-defense-v21-20260911/result20/study/biomnibench-da-factorial-r10-5115fffdd1c0/experiments/da-19-6/rep-001/luna/full-red-team-trace/rubric-generations/generation-0004,6a4436b87d35c33d0d17f04b721fd2b1184f9022bfb082d384158a4760d6e19b,0,0,{},1,9,5,51,459,29,7,22,0,0,0,0,0,"[""pair_55213074a438fef4"", ""pair_48f4c1071533b42c""]","{""NO_SUPPORTED_RELATION"": 2}",0,0,2
da-19-6--rep-001--solver-luna--full-red-team-trace,da-19-6,1,full-red-team-trace,full,5,3,False,/data/user_data/aydanh/rubric_gen/runs/trace-attack-defense-v21-20260911/result20/study/biomnibench-da-factorial-r10-5115fffdd1c0/experiments/da-19-6/rep-001/luna/full-red-team-trace/rubric-generations/generation-0005,3d169a88949b15d050ff93a4641b89dd01458d4922e9e06ab9e6a21ef90a119d,0,0,{},1,10,5,61,549,35,7,28,0,1,0,0,0,"[""pair_55213074a438fef4"", ""pair_48f4c1071533b42c""]","{""NO_SUPPORTED_RELATION"": 2}",0,0,2
da-19-6--rep-001--solver-luna--full-red-team-trace,da-19-6,1,full-red-team-trace,full,6,4,False,/data/user_data/aydanh/rubric_gen/runs/trace-attack-defense-v21-20260911/result20/study/biomnibench-da-factorial-r10-5115fffdd1c0/experiments/da-19-6/rep-001/luna/full-red-team-trace/rubric-generations/generation-0006,460b049dc6224682da92abde7dc7981a63d5e40dee02e1b6ee25b0620aa3741b,1,0,"{""criterion_support_failed"": 1}",1,12,6,71,639,56,23,33,0,1,0,0,0,"[""pair_55213074a438fef4"", ""pair_78d120cb488d5092""]","{""NO_SUPPORTED_RELATION"": 1, ""ADD"": 1}",1,0,1
da-16-1--rep-001--solver-luna--full-red-team-trace,da-16-1,1,full-red-team-trace,full,1,,True,/data/user_data/aydanh/rubric_gen/runs/trace-attack-defense-v21-20260911/result20/study/biomnibench-da-factorial-r10-5115fffdd1c0/experiments/da-16-1/rep-001/luna/full-red-team-trace/rubric-generations/generation-0001,9b6da9a083616c360f91120b3fd8ff76b7fc963ea39cd9fbbb5fb6f7622955e2,1,1,"{""accepted"": 1}",1,3,2,,72,,,,,,,,,,,,,
da-16-1--rep-001--solver-luna--full-red-team-trace,da-16-1,1,full-red-team-trace,full,2,0,False,/data/user_data/aydanh/rubric_gen/runs/trace-attack-defense-v21-20260911/result20/study/biomnibench-da-factorial-r10-5115fffdd1c0/experiments/da-16-1/rep-001/luna/full-red-team-trace/rubric-generations/generation-0002,de0cb3b8e054053292e5ae81456ae73c8a90c2b22f8c7937053ec35731cbfe35,1,1,"{""accepted"": 1}",2,4,4,30,270,23,23,0,0,0,0,0,0,"[""pair_174ba4c4c08d0f90"", ""pair_9de35c13996e596c""]","{""ADD"": 1, ""PREFERENCE_CONFLICT"": 1}",1,0,1
da-16-1--rep-001--solver-luna--full-red-team-trace,da-16-1,1,full-red-team-trace,full,3,1,False,/data/user_data/aydanh/rubric_gen/runs/trace-attack-defense-v21-20260911/result20/study/biomnibench-da-factorial-r10-5115fffdd1c0/experiments/da-16-1/rep-001/luna/full-red-team-trace/rubric-generations/generation-0003,e824ecf4c32daf68f67e6930df2a5d48ee0d7b8d8d2236ccf860314f8a13cb30,0,0,{},2,5,2,30,270,21,17,4,0,1,0,0,0,"[""pair_9de35c13996e596c""]","{""PREFERENCE_CONFLICT"": 1}",0,0,1
da-16-1--rep-001--solver-luna--full-red-team-trace,da-16-1,1,full-red-team-trace,full,4,2,False,/data/user_data/aydanh/rubric_gen/runs/trace-attack-defense-v21-20260911/result20/study/biomnibench-da-factorial-r10-5115fffdd1c0/experiments/da-16-1/rep-001/luna/full-red-team-trace/rubric-generations/generation-0004,23e66f347a55266517ec041b64c40e7fefb757664c2b2e8a01df6fe8ac4569be,0,0,{},2,8,3,51,459,29,8,21,0,1,0,0,0,"[""pair_189ded4ffedcf872"", ""pair_9de35c13996e596c""]","{""PREFERENCE_CONFLICT"": 2}",0,0,2
da-16-1--rep-001--solver-luna--full-red-team-trace,da-16-1,1,full-red-team-trace,full,5,3,False,/data/user_data/aydanh/rubric_gen/runs/trace-attack-defense-v21-20260911/result20/study/biomnibench-da-factorial-r10-5115fffdd1c0/experiments/da-16-1/rep-001/luna/full-red-team-trace/rubric-generations/generation-0005,f0ce7a6c134b804017051b40f1ca0605a7547a08406581a0de11eb25fd313ac3,1,1,"{""accepted"": 1}",3,9,4,56,504,43,16,27,0,1,0,0,0,"[""pair_27236b2dc18f07de"", ""pair_9de35c13996e596c""]","{""ADD"": 1, ""PREFERENCE_CONFLICT"": 1}",1,0,1
da-16-1--rep-001--solver-luna--full-red-team-trace,da-16-1,1,full-red-team-trace,full,6,4,False,/data/user_data/aydanh/rubric_gen/runs/trace-attack-defense-v21-20260911/result20/study/biomnibench-da-factorial-r10-5115fffdd1c0/experiments/da-16-1/rep-001/luna/full-red-team-trace/rubric-generations/generation-0006,b3d6c258e34e7792ecf44dcc5a8a994d096856e3a54287afdff8b851604c4fd0,1,0,{},3,10,3,61,549,47,37,10,0,1,0,0,0,"[""pair_1de6ca47c79ad4dd"", ""pair_9de35c13996e596c""]","{""ADD"": 1, ""PREFERENCE_CONFLICT"": 1}",1,0,2
da-15-7--rep-002--solver-luna--user-simulator-red-team-trace,da-15-7,2,user-simulator-red-team-trace,user,1,,True,/data/user_data/aydanh/rubric_gen/runs/trace-attack-defense-v21-20260911/result20/study/biomnibench-da-factorial-r10-5115fffdd1c0/experiments/da-15-7/rep-002/luna/user-simulator-red-team-trace/rubric-generations/generation-0001,6093c41ec11d51fe2deb7cad44a4944d79e5bfbbbf9f9a16bd243375360c05d0,2,0,"{""criterion_support_failed"": 2}",0,3,3,,72,,,,,,,,,,,,,
da-15-7--rep-002--solver-luna--user-simulator-red-team-trace,da-15-7,2,user-simulator-red-team-trace,user,2,0,False,/data/user_data/aydanh/rubric_gen/runs/trace-attack-defense-v21-20260911/result20/study/biomnibench-da-factorial-r10-5115fffdd1c0/experiments/da-15-7/rep-002/luna/user-simulator-red-team-trace/rubric-generations/generation-0002,1cc8dc86bdbbe4bb362b48058ba66ce27613c57b20d212bebb013aa70ae3116a,0,0,{},0,4,2,22,198,15,15,0,0,0,0,0,0,"[""pair_6e0bf36709e79f86""]","{""PREFERENCE_CONFLICT"": 1}",0,0,1
da-15-7--rep-002--solver-luna--user-simulator-red-team-trace,da-15-7,2,user-simulator-red-team-trace,user,3,1,False,/data/user_data/aydanh/rubric_gen/runs/trace-attack-defense-v21-20260911/result20/study/biomnibench-da-factorial-r10-5115fffdd1c0/experiments/da-15-7/rep-002/luna/user-simulator-red-team-trace/rubric-generations/generation-0003,2a9cff0adfab30082b476f6d65c16af7a6003c9793dff0a6258936d1f11dd4d2,1,1,"{""accepted"": 1}",1,6,3,40,360,31,17,14,0,0,0,0,0,"[""pair_997d1e1e963fd6b0"", ""pair_6e0bf36709e79f86""]","{""ADD"": 1, ""PREFERENCE_CONFLICT"": 1}",1,0,1
da-15-7--rep-002--solver-luna--user-simulator-red-team-trace,da-15-7,2,user-simulator-red-team-trace,user,4,2,False,/data/user_data/aydanh/rubric_gen/runs/trace-attack-defense-v21-20260911/result20/study/biomnibench-da-factorial-r10-5115fffdd1c0/experiments/da-15-7/rep-002/luna/user-simulator-red-team-trace/rubric-generations/generation-0004,c134e1ef109fdefaaac764e15b5dc2381aa10acc065e4c5fb1a8fc81e6fe9a4c,0,0,{},1,9,5,51,459,29,23,6,0,0,0,0,0,"[""pair_e22eee22e8703908"", ""pair_5eb7b2cbfbcecab9""]","{""PREFERENCE_CONFLICT"": 2}",0,0,2
da-15-7--rep-002--solver-luna--user-simulator-red-team-trace,da-15-7,2,user-simulator-red-team-trace,user,5,3,False,/data/user_data/aydanh/rubric_gen/runs/trace-attack-defense-v21-20260911/result20/study/biomnibench-da-factorial-r10-5115fffdd1c0/experiments/da-15-7/rep-002/luna/user-simulator-red-team-trace/rubric-generations/generation-0005,0d8f075b1cc9007c06c84069a76ce862ab6abca8e2254148787a72ebf43bc760,0,0,{},1,11,5,61,549,35,8,27,0,0,0,0,0,"[""pair_5eb7b2cbfbcecab9"", ""pair_d01cca7f4dfae59d""]","{""PREFERENCE_CONFLICT"": 2}",0,0,2
da-15-7--rep-002--solver-luna--user-simulator-red-team-trace,da-15-7,2,user-simulator-red-team-trace,user,6,4,False,/data/user_data/aydanh/rubric_gen/runs/trace-attack-defense-v21-20260911/result20/study/biomnibench-da-factorial-r10-5115fffdd1c0/experiments/da-15-7/rep-002/luna/user-simulator-red-team-trace/rubric-generations/generation-0006,1b0463f2f25a460740f10594cf6e8a7c079efdf7b920a477322bb0cc48c19168,1,0,"{""criterion_support_failed"": 1}",1,13,7,71,639,56,24,32,0,0,0,0,0,"[""pair_53fae65ba3662cd0"", ""pair_7570fcaa15f4959e""]","{""ADD"": 1, ""PREFERENCE_CONFLICT"": 1}",1,0,1
da-15-7--rep-002--solver-luna--user-simulator-red-team-trace,da-15-7,2,user-simulator-red-team-trace,user,7,5,False,/data/user_data/aydanh/rubric_gen/runs/trace-attack-defense-v21-20260911/result20/study/biomnibench-da-factorial-r10-5115fffdd1c0/experiments/da-15-7/rep-002/luna/user-simulator-red-team-trace/rubric-generations/generation-0007,4e4a75b960e7e25c188e8d58cf98f3fbfa51423bcfea114c531bdf500d268c10,2,1,"{""accepted"": 1, ""criterion_support_failed"": 1}",2,15,8,81,729,81,43,38,0,0,0,0,0,"[""pair_11363bb877e316d4"", ""pair_53fae65ba3662cd0""]","{""ADD"": 2}",2,0,0
da-15-7--rep-002--solver-luna--user-simulator-red-team-trace,da-15-7,2,user-simulator-red-team-trace,user,8,6,False,/data/user_data/aydanh/rubric_gen/runs/trace-attack-defense-v21-20260911/result20/study/biomnibench-da-factorial-r10-5115fffdd1c0/experiments/da-15-7/rep-002/luna/user-simulator-red-team-trace/rubric-generations/generation-0008,ca252cfa50e21b14351d9da8abaf9b64c367c4932ef4c48f902b92ea38f6df47,1,0,"{""aggregate_margin_failed"": 1}",2,17,10,91,819,72,58,14,0,0,0,0,0,"[""pair_c0a3f07c6c8d0094"", ""pair_f7e819bdbda1a075""]","{""ADD"": 1, ""NO_SUPPORTED_RELATION"": 1}",1,0,1
da-15-7--rep-002--solver-luna--user-simulator-red-team-trace,da-15-7,2,user-simulator-red-team-trace,user,9,7,False,/data/user_data/aydanh/rubric_gen/runs/trace-attack-defense-v21-20260911/result20/study/biomnibench-da-factorial-r10-5115fffdd1c0/experiments/da-15-7/rep-002/luna/user-simulator-red-team-trace/rubric-generations/generation-0009,1530f48a61390f74c33f168ddc0d84ac97c5772246c8021574043948eb0f67c4,1,0,{},2,19,11,101,909,80,29,51,0,0,0,0,0,"[""pair_616e74aa9c65c6c6"", ""pair_f7e819bdbda1a075""]","{""ADD"": 1, ""NO_SUPPORTED_RELATION"": 1}",1,0,2
da-15-7--rep-002--solver-luna--user-simulator-red-team-trace,da-15-7,2,user-simulator-red-team-trace,user,10,8,False,/data/user_data/aydanh/rubric_gen/runs/trace-attack-defense-v21-20260911/result20/study/biomnibench-da-factorial-r10-5115fffdd1c0/experiments/da-15-7/rep-002/luna/user-simulator-red-team-trace/rubric-generations/generation-0010,c77158a99ffca44b72586e841a20a9a325b59ab6e5e0744e90bf750194a0d489,1,0,"{""semantic_validation_failed"": 1}",2,21,12,111,999,88,31,57,0,0,0,0,0,"[""pair_f7e819bdbda1a075"", ""pair_96bed677a9b83e45""]","{""NO_SUPPORTED_RELATION"": 1, ""REPLACE:elicited_e84768996bad553c"": 1}",1,0,1
da-15-7--rep-002--solver-luna--user-simulator-red-team-trace,da-15-7,2,user-simulator-red-team-trace,user,11,9,False,/data/user_data/aydanh/rubric_gen/runs/trace-attack-defense-v21-20260911/result20/study/biomnibench-da-factorial-r10-5115fffdd1c0/experiments/da-15-7/rep-002/luna/user-simulator-red-team-trace/rubric-generations/generation-0011,606e6e102108d703eb72ea38764f83c5265df5c7cb16b2c94ce9b7ffd9f551e4,1,0,"{""aggregate_margin_failed"": 1}",2,23,14,121,1089,96,34,62,0,0,0,0,0,"[""pair_dad884d54dfd1136"", ""pair_0d1f0b9a83ce3948""]","{""REPLACE:elicited_e84768996bad553c"": 1, ""NO_SUPPORTED_RELATION"": 1}",1,0,1
da-15-1--rep-001--solver-luna--user-simulator-red-team-trace,da-15-1,1,user-simulator-red-team-trace,user,1,,True,/data/user_data/aydanh/rubric_gen/runs/trace-attack-defense-v21-20260911/result20/study/biomnibench-da-factorial-r10-5115fffdd1c0/experiments/da-15-1/rep-001/luna/user-simulator-red-team-trace/rubric-generations/generation-0001,b9d7938630edf0e1a6120c81a6e390b307247fc6a03565c39b5b6c96502ed39f,1,0,"{""criterion_support_failed"": 1}",0,3,3,,72,,,,,,,,,,,,,
da-15-1--rep-001--solver-luna--user-simulator-red-team-trace,da-15-1,1,user-simulator-red-team-trace,user,2,0,False,/data/user_data/aydanh/rubric_gen/runs/trace-attack-defense-v21-20260911/result20/study/biomnibench-da-factorial-r10-5115fffdd1c0/experiments/da-15-1/rep-001/luna/user-simulator-red-team-trace/rubric-generations/generation-0002,acca75845bb4a1d5156df8e31095509ac85d43b2ea6048baa304e59af21c0c00,0,0,{},0,4,4,30,270,16,16,0,0,0,0,0,0,"[""pair_1ea76e34e3155ef2"", ""pair_87c200ce479535c5""]","{""PREFERENCE_CONFLICT"": 2}",0,0,2
da-15-1--rep-001--solver-luna--user-simulator-red-team-trace,da-15-1,1,user-simulator-red-team-trace,user,3,1,False,/data/user_data/aydanh/rubric_gen/runs/trace-attack-defense-v21-20260911/result20/study/biomnibench-da-factorial-r10-5115fffdd1c0/experiments/da-15-1/rep-001/luna/user-simulator-red-team-trace/rubric-generations/generation-0003,7ec23cb32d126772c54d13487f1719204709ec610d3d39058d7e5d66ae6354ca,0,0,{},0,6,6,40,360,22,8,15,0,0,0,0,0,"[""pair_50fd4f28b828ee4d"", ""pair_1ea76e34e3155ef2""]","{""PREFERENCE_CONFLICT"": 2}",0,0,2
da-15-1--rep-001--solver-luna--user-simulator-red-team-trace,da-15-1,1,user-simulator-red-team-trace,user,4,2,False,/data/user_data/aydanh/rubric_gen/runs/trace-attack-defense-v21-20260911/result20/study/biomnibench-da-factorial-r10-5115fffdd1c0/experiments/da-15-1/rep-001/luna/user-simulator-red-team-trace/rubric-generations/generation-0004,a3fefff859e9e3e073d937aaf4abdea357533e8bffec5053329a4994b64e161c,0,0,{},0,9,7,51,459,29,7,22,0,0,0,0,0,"[""pair_50fd4f28b828ee4d"", ""pair_1ea76e34e3155ef2""]","{""PREFERENCE_CONFLICT"": 2}",0,0,2
da-15-1--rep-001--solver-luna--user-simulator-red-team-trace,da-15-1,1,user-simulator-red-team-trace,user,5,3,False,/data/user_data/aydanh/rubric_gen/runs/trace-attack-defense-v21-20260911/result20/study/biomnibench-da-factorial-r10-5115fffdd1c0/experiments/da-15-1/rep-001/luna/user-simulator-red-team-trace/rubric-generations/generation-0005,f91c7251991ac8fc939cc169bf86410504b5b0f08255685ce90e9d0eb6152854,1,1,"{""accepted"": 1}",1,10,8,56,504,44,17,27,0,0,0,0,0,"[""pair_af4f7ea338f8a5c8"", ""pair_50fd4f28b828ee4d""]","{""ADD"": 1, ""PREFERENCE_CONFLICT"": 1}",1,0,1
da-15-1--rep-001--solver-luna--user-simulator-red-team-trace,da-15-1,1,user-simulator-red-team-trace,user,6,4,False,/data/user_data/aydanh/rubric_gen/runs/trace-attack-defense-v21-20260911/result20/study/biomnibench-da-factorial-r10-5115fffdd1c0/experiments/da-15-1/rep-001/luna/user-simulator-red-team-trace/rubric-generations/generation-0006,cd1f808b18a3f7a89289d9bc9c9c6851827fa752548d7569493eb6456005e90c,1,0,"{""aggregate_margin_failed"": 1}",1,11,8,66,594,51,42,9,0,1,0,0,0,"[""pair_1ea76e34e3155ef2"", ""pair_87c200ce479535c5""]","{""NO_SUPPORTED_RELATION"": 1, ""ADD"": 1}",1,0,1
da-15-1--rep-001--solver-luna--user-simulator-red-team-trace,da-15-1,1,user-simulator-red-team-trace,user,7,5,False,/data/user_data/aydanh/rubric_gen/runs/trace-attack-defense-v21-20260911/result20/study/biomnibench-da-factorial-r10-5115fffdd1c0/experiments/da-15-1/rep-001/luna/user-simulator-red-team-trace/rubric-generations/generation-0007,dd31bc6367308dd553565e446ea29ddda91e846286311ebc268b0a54ecfb1f8e,1,0,{},1,13,10,76,684,59,23,36,0,1,0,0,0,"[""pair_8617589677059c9c"", ""pair_1ea76e34e3155ef2""]","{""ADD"": 1, ""NO_SUPPORTED_RELATION"": 1}",1,0,2
da-15-1--rep-001--solver-luna--user-simulator-red-team-trace,da-15-1,1,user-simulator-red-team-trace,user,8,6,False,/data/user_data/aydanh/rubric_gen/runs/trace-attack-defense-v21-20260911/result20/study/biomnibench-da-factorial-r10-5115fffdd1c0/experiments/da-15-1/rep-001/luna/user-simulator-red-team-trace/rubric-generations/generation-0008,6aa6f4de1dd323c62b37bb973954e7c2e632dad73193eaccdbbe6534b3bb3aa0,0,0,{},1,15,10,86,774,50,8,42,0,1,0,0,0,"[""pair_fe028340cc461fe5"", ""pair_1ea76e34e3155ef2""]","{""PREFERENCE_CONFLICT"": 1, ""NO_SUPPORTED_RELATION"": 1}",0,0,2
da-15-1--rep-001--solver-luna--user-simulator-red-team-trace,da-15-1,1,user-simulator-red-team-trace,user,9,7,False,/data/user_data/aydanh/rubric_gen/runs/trace-attack-defense-v21-20260911/result20/study/biomnibench-da-factorial-r10-5115fffdd1c0/experiments/da-15-1/rep-001/luna/user-simulator-red-team-trace/rubric-generations/generation-0009,c31570917a0a61a10ef98c45082e8f7d186f7047ae07f630a14cfe172d3be287,2,0,"{""aggregate_margin_failed"": 1}",1,17,13,96,864,94,50,47,0,1,0,0,0,"[""pair_1922f13eb1b910f6"", ""pair_cf2db3a3d23b733a""]","{""ADD"": 2}",2,0,1
da-15-1--rep-001--solver-luna--user-simulator-red-team-trace,da-15-1,1,user-simulator-red-team-trace,user,10,8,False,/data/user_data/aydanh/rubric_gen/runs/trace-attack-defense-v21-20260911/result20/study/biomnibench-da-factorial-r10-5115fffdd1c0/experiments/da-15-1/rep-001/luna/user-simulator-red-team-trace/rubric-generations/generation-0010,0023ce3c11efd748966d239bfa4e1fbe327763378ed405c4b80b695cdaa20a8d,1,0,{},1,19,13,106,954,83,10,74,0,1,0,0,0,"[""pair_cf2db3a3d23b733a"", ""pair_fe028340cc461fe5""]","{""ADD"": 1, ""PREFERENCE_CONFLICT"": 1}",1,0,2
da-15-1--rep-001--solver-luna--user-simulator-red-team-trace,da-15-1,1,user-simulator-red-team-trace,user,11,9,False,/data/user_data/aydanh/rubric_gen/runs/trace-attack-defense-v21-20260911/result20/study/biomnibench-da-factorial-r10-5115fffdd1c0/experiments/da-15-1/rep-001/luna/user-simulator-red-team-trace/rubric-generations/generation-0011,1fcb72a6ab718626c82b99178c9b2290d8714e1a2819e446fa682cac088e019d,1,0,{},1,21,16,116,1044,91,11,81,0,1,0,0,0,"[""pair_3c386d17c1cda0bc"", ""pair_cf2db3a3d23b733a""]","{""NO_SUPPORTED_RELATION"": 1, ""ADD"": 1}",1,0,2
da-14-8--rep-003--solver-luna--user-simulator-red-team-trace,da-14-8,3,user-simulator-red-team-trace,user,1,,True,/data/user_data/aydanh/rubric_gen/runs/trace-attack-defense-v21-20260911/result20/study/biomnibench-da-factorial-r10-5115fffdd1c0/experiments/da-14-8/rep-003/luna/user-simulator-red-team-trace/rubric-generations/generation-0001,78eab06646d89247fa582caacf91009c26cb6923ed99f69eb881dff1abeb3e84,2,1,"{""criterion_support_failed"": 1, ""accepted"": 1}",1,3,3,,72,,,,,,,,,,,,,
da-14-8--rep-003--solver-luna--user-simulator-red-team-trace,da-14-8,3,user-simulator-red-team-trace,user,2,0,False,/data/user_data/aydanh/rubric_gen/runs/trace-attack-defense-v21-20260911/result20/study/biomnibench-da-factorial-r10-5115fffdd1c0/experiments/da-14-8/rep-003/luna/user-simulator-red-team-trace/rubric-generations/generation-0002,376b72d2b766b3c5c7bde9521ebb90226e93be77471dfe586d37dc97e0ced933,0,0,{},1,4,1,22,198,15,15,0,0,0,0,0,0,"[""pair_642c9955e4336e2b""]","{""PREFERENCE_CONFLICT"": 1}",0,0,1
da-14-8--rep-003--solver-luna--user-simulator-red-team-trace,da-14-8,3,user-simulator-red-team-trace,user,3,1,False,/data/user_data/aydanh/rubric_gen/runs/trace-attack-defense-v21-20260911/result20/study/biomnibench-da-factorial-r10-5115fffdd1c0/experiments/da-14-8/rep-003/luna/user-simulator-red-team-trace/rubric-generations/generation-0003,4000e434a75bd1a3cde057eb0ef19265ff2b25064e7e369cd1aedb387af869f7,1,0,"{""criterion_support_failed"": 1}",1,6,2,40,360,31,16,15,0,0,0,0,0,"[""pair_b17145b2ab395531"", ""pair_642c9955e4336e2b""]","{""ADD"": 1, ""PREFERENCE_CONFLICT"": 1}",1,0,1
da-14-8--rep-003--solver-luna--user-simulator-red-team-trace,da-14-8,3,user-simulator-red-team-trace,user,4,2,False,/data/user_data/aydanh/rubric_gen/runs/trace-attack-defense-v21-20260911/result20/study/biomnibench-da-factorial-r10-5115fffdd1c0/experiments/da-14-8/rep-003/luna/user-simulator-red-team-trace/rubric-generations/generation-0004,44e3ced88ca18a6186e73931fe6c461c5bccbb7d050f22da8d5b8fa5fe7b5b53,2,0,"{""aggregate_margin_failed"": 2}",1,9,5,51,459,51,31,20,0,0,0,0,0,"[""pair_63bcc81163cea581"", ""pair_818797a3d0b923f6""]","{""ADD"": 2}",2,0,0
da-14-8--rep-003--solver-luna--user-simulator-red-team-trace,da-14-8,3,user-simulator-red-team-trace,user,5,3,False,/data/user_data/aydanh/rubric_gen/runs/trace-attack-defense-v21-20260911/result20/study/biomnibench-da-factorial-r10-5115fffdd1c0/experiments/da-14-8/rep-003/luna/user-simulator-red-team-trace/rubric-generations/generation-0005,d2774af566abfc40fafd3be22dc655cfdd8218b23de96271d899fb3e86cb1b34,2,0,"{""aggregate_margin_failed"": 2}",1,11,6,61,549,61,11,50,0,0,0,0,0,"[""pair_63bcc81163cea581"", ""pair_818797a3d0b923f6""]","{""ADD"": 2}",2,0,0
da-14-8--rep-003--solver-luna--user-simulator-red-team-trace,da-14-8,3,user-simulator-red-team-trace,user,6,4,False,/data/user_data/aydanh/rubric_gen/runs/trace-attack-defense-v21-20260911/result20/study/biomnibench-da-factorial-r10-5115fffdd1c0/experiments/da-14-8/rep-003/luna/user-simulator-red-team-trace/rubric-generations/generation-0006,8f72d75f754b9ced9578555beabda902b4d745857ee487b3e6c83f6584350b93,2,0,"{""aggregate_margin_failed"": 2}",1,13,8,71,639,71,25,46,0,0,0,0,0,"[""pair_b300d89a505068dc"", ""pair_63bcc81163cea581""]","{""ADD"": 2}",2,0,0
da-14-8--rep-003--solver-luna--user-simulator-red-team-trace,da-14-8,3,user-simulator-red-team-trace,user,7,5,False,/data/user_data/aydanh/rubric_gen/runs/trace-attack-defense-v21-20260911/result20/study/biomnibench-da-factorial-r10-5115fffdd1c0/experiments/da-14-8/rep-003/luna/user-simulator-red-team-trace/rubric-generations/generation-0007,59a353727e44a3b4de229e4ad095a71044f60067d1b32ac0d603c2801baefed3,1,0,"{""aggregate_margin_failed"": 1}",1,15,10,81,729,64,10,54,0,0,0,0,0,"[""pair_479b56af010b2e3e"", ""pair_63bcc81163cea581""]","{""NO_SUPPORTED_RELATION"": 1, ""ADD"": 1}",1,0,1
da-14-8--rep-003--solver-luna--user-simulator-red-team-trace,da-14-8,3,user-simulator-red-team-trace,user,8,6,False,/data/user_data/aydanh/rubric_gen/runs/trace-attack-defense-v21-20260911/result20/study/biomnibench-da-factorial-r10-5115fffdd1c0/experiments/da-14-8/rep-003/luna/user-simulator-red-team-trace/rubric-generations/generation-0008,73d34457ac21351e09b5eceeccbb09f8a38debe7226497c30cf8193c4ec9ed01,1,0,"{""aggregate_margin_failed"": 1}",1,16,10,91,819,72,10,62,0,1,0,0,0,"[""pair_abd911cb5e842fe8"", ""pair_63bcc81163cea581""]","{""PREFERENCE_CONFLICT"": 1, ""ADD"": 1}",1,0,1
da-14-8--rep-003--solver-luna--user-simulator-red-team-trace,da-14-8,3,user-simulator-red-team-trace,user,9,7,False,/data/user_data/aydanh/rubric_gen/runs/trace-attack-defense-v21-20260911/result20/study/biomnibench-da-factorial-r10-5115fffdd1c0/experiments/da-14-8/rep-003/luna/user-simulator-red-team-trace/rubric-generations/generation-0009,d19e6a7fe2afddf117d7fa2de88c07d9d5a0421051f2dc2812a34d0d9a615ade,2,0,"{""aggregate_margin_failed"": 2}",1,18,12,101,909,101,31,70,0,1,0,0,0,"[""pair_b1d882237128ccd2"", ""pair_63bcc81163cea581""]","{""ADD"": 2}",2,0,0
da-14-8--rep-003--solver-luna--user-simulator-red-team-trace,da-14-8,3,user-simulator-red-team-trace,user,10,8,False,/data/user_data/aydanh/rubric_gen/runs/trace-attack-defense-v21-20260911/result20/study/biomnibench-da-factorial-r10-5115fffdd1c0/experiments/da-14-8/rep-003/luna/user-simulator-red-team-trace/rubric-generations/generation-0010,7cfd18aaee7e7c2960f4946a433002ef431731938fb994a7f6ab3da0f560f0d1,2,0,"{""aggregate_margin_failed"": 2}",1,20,12,111,999,111,19,92,0,1,0,0,0,"[""pair_63bcc81163cea581"", ""pair_818797a3d0b923f6""]","{""ADD"": 2}",2,0,0
da-14-8--rep-003--solver-luna--user-simulator-red-team-trace,da-14-8,3,user-simulator-red-team-trace,user,11,9,False,/data/user_data/aydanh/rubric_gen/runs/trace-attack-defense-v21-20260911/result20/study/biomnibench-da-factorial-r10-5115fffdd1c0/experiments/da-14-8/rep-003/luna/user-simulator-red-team-trace/rubric-generations/generation-0011,8be26d7d8697869f4137440115ce5fff404c51ba8a5c1bb282c439435a25c170,1,0,"{""aggregate_margin_failed"": 1}",1,22,14,121,1089,96,10,86,0,1,0,0,0,"[""pair_0349429c0275bf97"", ""pair_63bcc81163cea581""]","{""PREFERENCE_CONFLICT"": 1, ""ADD"": 1}",1,0,1
da-13-1--rep-003--solver-luna--full-red-team-trace,da-13-1,3,full-red-team-trace,full,1,,True,/data/user_data/aydanh/rubric_gen/runs/trace-attack-defense-v21-20260911/result20/study/biomnibench-da-factorial-r10-5115fffdd1c0/experiments/da-13-1/rep-003/luna/full-red-team-trace/rubric-generations/generation-0001,ecb81c7011e5740fe7b443a836a8daa47ff6a5b2e2f7178f0412d2425c2b7f64,0,0,{},0,3,0,,72,,,,,,,,,,,,,
da-13-1--rep-003--solver-luna--full-red-team-trace,da-13-1,3,full-red-team-trace,full,2,0,False,/data/user_data/aydanh/rubric_gen/runs/trace-attack-defense-v21-20260911/result20/study/biomnibench-da-factorial-r10-5115fffdd1c0/experiments/da-13-1/rep-003/luna/full-red-team-trace/rubric-generations/generation-0002,fc70dbfebf6914c1c08f840048d644e87ff234834a387cff16aea79d441288d3,0,0,{},0,4,3,30,270,16,16,0,0,0,0,0,0,"[""pair_8c00730aafd0d02d"", ""pair_d99624bf48793dd4""]","{""NO_SUPPORTED_RELATION"": 1, ""PREFERENCE_CONFLICT"": 1}",0,0,2
da-13-1--rep-003--solver-luna--full-red-team-trace,da-13-1,3,full-red-team-trace,full,3,1,False,/data/user_data/aydanh/rubric_gen/runs/trace-attack-defense-v21-20260911/result20/study/biomnibench-da-factorial-r10-5115fffdd1c0/experiments/da-13-1/rep-003/luna/full-red-team-trace/rubric-generations/generation-0003,9a95fe7431b4bb1c8bf26fdd4930dd607d623d48eeffe1eb2912dce73269cfc4,1,1,"{""accepted"": 1}",1,6,5,40,360,31,17,14,0,0,0,0,0,"[""pair_bfd8ae37360b0feb"", ""pair_8c00730aafd0d02d""]","{""ADD"": 1, ""NO_SUPPORTED_RELATION"": 1}",1,0,1
da-13-1--rep-003--solver-luna--full-red-team-trace,da-13-1,3,full-red-team-trace,full,4,2,False,/data/user_data/aydanh/rubric_gen/runs/trace-attack-defense-v21-20260911/result20/study/biomnibench-da-factorial-r10-5115fffdd1c0/experiments/da-13-1/rep-003/luna/full-red-team-trace/rubric-generations/generation-0004,f76d05793c00e5fb303bd2bc2ee2bba0bd0e41537cc3d04d1cef41c715f27a24,1,1,"{""accepted"": 1}",2,7,5,45,405,35,29,6,0,0,0,0,0,"[""pair_3311cd9cb113fef4"", ""pair_97b07163d884fb09""]","{""ADD"": 1, ""PREFERENCE_CONFLICT"": 1}",1,0,1
da-13-1--rep-003--solver-luna--full-red-team-trace,da-13-1,3,full-red-team-trace,full,5,3,False,/data/user_data/aydanh/rubric_gen/runs/trace-attack-defense-v21-20260911/result20/study/biomnibench-da-factorial-r10-5115fffdd1c0/experiments/da-13-1/rep-003/luna/full-red-team-trace/rubric-generations/generation-0005,04da1e24ed7d4f92f8a33695017d814e7fb3a61b2912d1cb5f6316861b91afc4,1,0,"{""criterion_support_failed"": 1}",2,10,8,56,504,44,37,7,0,0,0,0,0,"[""pair_f22693865934095b"", ""pair_3311cd9cb113fef4""]","{""ADD"": 1, ""NO_SUPPORTED_RELATION"": 1}",1,0,1
da-13-1--rep-003--solver-luna--full-red-team-trace,da-13-1,3,full-red-team-trace,full,6,4,False,/data/user_data/aydanh/rubric_gen/runs/trace-attack-defense-v21-20260911/result20/study/biomnibench-da-factorial-r10-5115fffdd1c0/experiments/da-13-1/rep-003/luna/full-red-team-trace/rubric-generations/generation-0006,b16406f3d1451fade61fbb5da2c3b1a2efa17f5a69b91fff30c0895123d246bc,0,0,{},2,11,9,66,594,38,8,30,0,1,0,0,0,"[""pair_3311cd9cb113fef4"", ""pair_97b07163d884fb09""]","{""NO_SUPPORTED_RELATION"": 1, ""PREFERENCE_CONFLICT"": 1}",0,0,2
da-14-8--rep-002--solver-luna--full-red-team-trace,da-14-8,2,full-red-team-trace,full,1,,True,/data/user_data/aydanh/rubric_gen/runs/trace-attack-defense-v21-20260911/result20/study/biomnibench-da-factorial-r10-5115fffdd1c0/experiments/da-14-8/rep-002/luna/full-red-team-trace/rubric-generations/generation-0001,78eab06646d89247fa582caacf91009c26cb6923ed99f69eb881dff1abeb3e84,2,1,"{""criterion_support_failed"": 1, ""accepted"": 1}",1,3,3,,72,,,,,,,,,,,,,
da-14-8--rep-002--solver-luna--full-red-team-trace,da-14-8,2,full-red-team-trace,full,2,0,False,/data/user_data/aydanh/rubric_gen/runs/trace-attack-defense-v21-20260911/result20/study/biomnibench-da-factorial-r10-5115fffdd1c0/experiments/da-14-8/rep-002/luna/full-red-team-trace/rubric-generations/generation-0002,11e6f49695097dfbd6ccb58f599af77b07934a54f1542b9f3e5144127760bb88,0,0,{},1,4,3,30,270,16,16,0,0,0,0,0,0,"[""pair_5fd6edd1a81517c3"", ""pair_3eb166c533e58800""]","{""NO_SUPPORTED_RELATION"": 1, ""PREFERENCE_CONFLICT"": 1}",0,0,2
da-14-8--rep-002--solver-luna--full-red-team-trace,da-14-8,2,full-red-team-trace,full,3,1,False,/data/user_data/aydanh/rubric_gen/runs/trace-attack-defense-v21-20260911/result20/study/biomnibench-da-factorial-r10-5115fffdd1c0/experiments/da-14-8/rep-002/luna/full-red-team-trace/rubric-generations/generation-0003,31ca19166f47dc720fadb00ecf8a8ef6683408d3830cfa0897a565cded2f6635,0,0,{},1,6,4,40,360,22,7,15,0,0,0,0,0,"[""pair_faaf548392c2f575"", ""pair_5fd6edd1a81517c3""]","{""PREFERENCE_CONFLICT"": 1, ""NO_SUPPORTED_RELATION"": 1}",0,0,2
da-14-8--rep-002--solver-luna--full-red-team-trace,da-14-8,2,full-red-team-trace,full,4,2,False,/data/user_data/aydanh/rubric_gen/runs/trace-attack-defense-v21-20260911/result20/study/biomnibench-da-factorial-r10-5115fffdd1c0/experiments/da-14-8/rep-002/luna/full-red-team-trace/rubric-generations/generation-0004,8d8b0cf5f596483a0ff81a83cca6dbe0d4c2279a18e100b8ba5f3623bee2ca7d,0,0,{},1,7,5,45,405,25,4,21,0,0,0,0,0,"[""pair_dd8160c72738fbbf"", ""pair_faaf548392c2f575""]","{""PREFERENCE_CONFLICT"": 2}",0,0,2
da-14-8--rep-002--solver-luna--full-red-team-trace,da-14-8,2,full-red-team-trace,full,5,3,False,/data/user_data/aydanh/rubric_gen/runs/trace-attack-defense-v21-20260911/result20/study/biomnibench-da-factorial-r10-5115fffdd1c0/experiments/da-14-8/rep-002/luna/full-red-team-trace/rubric-generations/generation-0005,742a55d980d888677c0445081fbf043466aeeaf5681f802b8a8efd53e5101d7b,0,0,{},1,8,5,50,450,28,3,25,0,0,0,0,0,"[""pair_faaf548392c2f575"", ""pair_5fd6edd1a81517c3""]","{""PREFERENCE_CONFLICT"": 1, ""NO_SUPPORTED_RELATION"": 1}",0,0,2
da-14-8--rep-002--solver-luna--full-red-team-trace,da-14-8,2,full-red-team-trace,full,6,4,False,/data/user_data/aydanh/rubric_gen/runs/trace-attack-defense-v21-20260911/result20/study/biomnibench-da-factorial-r10-5115fffdd1c0/experiments/da-14-8/rep-002/luna/full-red-team-trace/rubric-generations/generation-0006,47b750397e8ef23be334c29230bcf2e53cf33a63177d687e2667ad44d5a71238,0,0,{},1,9,5,55,495,31,3,28,0,0,0,0,0,"[""pair_faaf548392c2f575"", ""pair_5fd6edd1a81517c3""]","{""PREFERENCE_CONFLICT"": 1, ""NO_SUPPORTED_RELATION"": 1}",0,0,2
da-14-8--rep-003--solver-luna--full-red-team-trace,da-14-8,3,full-red-team-trace,full,1,,True,/data/user_data/aydanh/rubric_gen/runs/trace-attack-defense-v21-20260911/result20/study/biomnibench-da-factorial-r10-5115fffdd1c0/experiments/da-14-8/rep-003/luna/full-red-team-trace/rubric-generations/generation-0001,78eab06646d89247fa582caacf91009c26cb6923ed99f69eb881dff1abeb3e84,2,1,"{""criterion_support_failed"": 1, ""accepted"": 1}",1,3,3,,72,,,,,,,,,,,,,
da-14-8--rep-003--solver-luna--full-red-team-trace,da-14-8,3,full-red-team-trace,full,2,0,False,/data/user_data/aydanh/rubric_gen/runs/trace-attack-defense-v21-20260911/result20/study/biomnibench-da-factorial-r10-5115fffdd1c0/experiments/da-14-8/rep-003/luna/full-red-team-trace/rubric-generations/generation-0002,b21e4a32e8038453cb1efbf8073500343d3da96a4ad4037a867bf58d53826cb3,0,0,{},1,4,1,22,198,15,15,0,0,0,0,0,0,"[""pair_5ec4935a51c313a4""]","{""PREFERENCE_CONFLICT"": 1}",0,0,1
da-14-8--rep-003--solver-luna--full-red-team-trace,da-14-8,3,full-red-team-trace,full,3,1,False,/data/user_data/aydanh/rubric_gen/runs/trace-attack-defense-v21-20260911/result20/study/biomnibench-da-factorial-r10-5115fffdd1c0/experiments/da-14-8/rep-003/luna/full-red-team-trace/rubric-generations/generation-0003,31ca19166f47dc720fadb00ecf8a8ef6683408d3830cfa0897a565cded2f6635,1,0,"{""aggregate_margin_failed"": 1}",1,6,3,40,360,31,16,15,0,0,0,0,0,"[""pair_8925e570d338a57d"", ""pair_5ec4935a51c313a4""]","{""ADD"": 1, ""PREFERENCE_CONFLICT"": 1}",1,0,1
da-14-8--rep-003--solver-luna--full-red-team-trace,da-14-8,3,full-red-team-trace,full,4,2,False,/data/user_data/aydanh/rubric_gen/runs/trace-attack-defense-v21-20260911/result20/study/biomnibench-da-factorial-r10-5115fffdd1c0/experiments/da-14-8/rep-003/luna/full-red-team-trace/rubric-generations/generation-0004,8d8b0cf5f596483a0ff81a83cca6dbe0d4c2279a18e100b8ba5f3623bee2ca7d,1,0,"{""aggregate_margin_failed"": 1}",1,7,3,45,405,35,4,31,0,0,0,0,0,"[""pair_8925e570d338a57d"", ""pair_5ec4935a51c313a4""]","{""ADD"": 1, ""PREFERENCE_CONFLICT"": 1}",1,0,1
da-14-8--rep-003--solver-luna--full-red-team-trace,da-14-8,3,full-red-team-trace,full,5,3,False,/data/user_data/aydanh/rubric_gen/runs/trace-attack-defense-v21-20260911/result20/study/biomnibench-da-factorial-r10-5115fffdd1c0/experiments/da-14-8/rep-003/luna/full-red-team-trace/rubric-generations/generation-0005,742a55d980d888677c0445081fbf043466aeeaf5681f802b8a8efd53e5101d7b,1,0,"{""aggregate_margin_failed"": 1}",1,8,4,50,450,39,5,34,0,0,0,0,0,"[""pair_88111dbd53d0f1b1"", ""pair_8925e570d338a57d""]","{""PREFERENCE_CONFLICT"": 1, ""ADD"": 1}",1,0,1
da-14-8--rep-003--solver-luna--full-red-team-trace,da-14-8,3,full-red-team-trace,full,6,4,False,/data/user_data/aydanh/rubric_gen/runs/trace-attack-defense-v21-20260911/result20/study/biomnibench-da-factorial-r10-5115fffdd1c0/experiments/da-14-8/rep-003/luna/full-red-team-trace/rubric-generations/generation-0006,47b750397e8ef23be334c29230bcf2e53cf33a63177d687e2667ad44d5a71238,1,0,"{""aggregate_margin_failed"": 1}",1,9,4,55,495,43,4,39,0,0,0,0,0,"[""pair_88111dbd53d0f1b1"", ""pair_8925e570d338a57d""]","{""PREFERENCE_CONFLICT"": 1, ""ADD"": 1}",1,0,1
da-13-3--rep-001--solver-luna--user-simulator-red-team-trace,da-13-3,1,user-simulator-red-team-trace,user,1,,True,/data/user_data/aydanh/rubric_gen/runs/trace-attack-defense-v21-20260911/result20/study/biomnibench-da-factorial-r10-5115fffdd1c0/experiments/da-13-3/rep-001/luna/user-simulator-red-team-trace/rubric-generations/generation-0001,a9281bed4d2b41b044f3aa511caa2313c22f44ff3aea721a006dbe187ef1f3b8,1,0,"{""criterion_support_failed"": 1}",0,3,3,,72,,,,,,,,,,,,,
da-13-3--rep-001--solver-luna--user-simulator-red-team-trace,da-13-3,1,user-simulator-red-team-trace,user,2,0,False,/data/user_data/aydanh/rubric_gen/runs/trace-attack-defense-v21-20260911/result20/study/biomnibench-da-factorial-r10-5115fffdd1c0/experiments/da-13-3/rep-001/luna/user-simulator-red-team-trace/rubric-generations/generation-0002,220832bfab06c60d7cc67b411eaa6a78c9d48d73a24ad0621148df99d5e52f5a,0,0,{},0,4,4,30,270,16,16,0,0,0,0,0,0,"[""pair_970304b14127a682"", ""pair_a8ebe283d0d86a70""]","{""NO_SUPPORTED_RELATION"": 1, ""PREFERENCE_CONFLICT"": 1}",0,0,2
da-13-3--rep-001--solver-luna--user-simulator-red-team-trace,da-13-3,1,user-simulator-red-team-trace,user,3,1,False,/data/user_data/aydanh/rubric_gen/runs/trace-attack-defense-v21-20260911/result20/study/biomnibench-da-factorial-r10-5115fffdd1c0/experiments/da-13-3/rep-001/luna/user-simulator-red-team-trace/rubric-generations/generation-0003,550489fcc9961e65ae6608c78c7d3145ea167566e545fed65344483362e6b033,0,0,{},0,5,4,40,360,22,6,16,0,1,0,0,0,"[""pair_970304b14127a682"", ""pair_a8ebe283d0d86a70""]","{""NO_SUPPORTED_RELATION"": 1, ""PREFERENCE_CONFLICT"": 1}",0,0,2
da-13-3--rep-001--solver-luna--user-simulator-red-team-trace,da-13-3,1,user-simulator-red-team-trace,user,4,2,False,/data/user_data/aydanh/rubric_gen/runs/trace-attack-defense-v21-20260911/result20/study/biomnibench-da-factorial-r10-5115fffdd1c0/experiments/da-13-3/rep-001/luna/user-simulator-red-team-trace/rubric-generations/generation-0004,2df86ea372ff41b9c5dfe24b2fe128b4cd34de0a0cfd442847111a2f0af16aeb,1,0,"{""aggregate_margin_failed"": 1}",0,6,5,45,405,34,13,21,0,1,0,0,0,"[""pair_d8e9b8c96d8d464a"", ""pair_970304b14127a682""]","{""ADD"": 1, ""NO_SUPPORTED_RELATION"": 1}",1,0,1
da-13-3--rep-001--solver-luna--user-simulator-red-team-trace,da-13-3,1,user-simulator-red-team-trace,user,5,3,False,/data/user_data/aydanh/rubric_gen/runs/trace-attack-defense-v21-20260911/result20/study/biomnibench-da-factorial-r10-5115fffdd1c0/experiments/da-13-3/rep-001/luna/user-simulator-red-team-trace/rubric-generations/generation-0005,00570cede82792d51e6dbb310bacecbd03fd20efccbc87616760b8bf274a2e83,1,0,{},0,7,6,50,450,38,15,24,0,1,0,0,0,"[""pair_7c12cc27aeab9045"", ""pair_970304b14127a682""]","{""ADD"": 1, ""NO_SUPPORTED_RELATION"": 1}",1,0,2
da-13-3--rep-001--solver-luna--user-simulator-red-team-trace,da-13-3,1,user-simulator-red-team-trace,user,6,4,False,/data/user_data/aydanh/rubric_gen/runs/trace-attack-defense-v21-20260911/result20/study/biomnibench-da-factorial-r10-5115fffdd1c0/experiments/da-13-3/rep-001/luna/user-simulator-red-team-trace/rubric-generations/generation-0006,6fa6712f5dcef842f62f08a58bf098592ff2ed56f588ee05518143d3770538e1,1,0,{},0,7,6,55,495,41,3,38,0,2,0,0,0,"[""pair_970304b14127a682"", ""pair_7c12cc27aeab9045""]","{""NO_SUPPORTED_RELATION"": 1, ""ADD"": 1}",1,0,2
da-13-5--rep-003--solver-luna--user-simulator-red-team-trace,da-13-5,3,user-simulator-red-team-trace,user,1,,True,/data/user_data/aydanh/rubric_gen/runs/trace-attack-defense-v21-20260911/result20/study/biomnibench-da-factorial-r10-5115fffdd1c0/experiments/da-13-5/rep-003/luna/user-simulator-red-team-trace/rubric-generations/generation-0001,ddb893d08572fa2247cccf410ebe38cf2d0430c0a45ef1010068af8a7d57eb11,1,0,"{""criterion_support_failed"": 1}",0,3,1,,72,,,,,,,,,,,,,
da-13-5--rep-003--solver-luna--user-simulator-red-team-trace,da-13-5,3,user-simulator-red-team-trace,user,2,0,False,/data/user_data/aydanh/rubric_gen/runs/trace-attack-defense-v21-20260911/result20/study/biomnibench-da-factorial-r10-5115fffdd1c0/experiments/da-13-5/rep-003/luna/user-simulator-red-team-trace/rubric-generations/generation-0002,5adf2037ee869f16704760c5a511f85b90ed5c95eb245cafff7cdcaed508f463,0,0,{},0,4,1,22,198,15,15,0,0,0,0,0,0,"[""pair_5cc0f1710192611b""]","{""PREFERENCE_CONFLICT"": 1}",0,0,1
da-13-5--rep-003--solver-luna--user-simulator-red-team-trace,da-13-5,3,user-simulator-red-team-trace,user,3,1,False,/data/user_data/aydanh/rubric_gen/runs/trace-attack-defense-v21-20260911/result20/study/biomnibench-da-factorial-r10-5115fffdd1c0/experiments/da-13-5/rep-003/luna/user-simulator-red-team-trace/rubric-generations/generation-0003,3d5ec113332c7b579930f64257da7fb1cbc058dbc10b3a339b88b9f68d059947,1,0,"{""criterion_support_failed"": 1}",0,6,3,40,360,31,16,15,0,0,0,0,0,"[""pair_9b60f6134e17914e"", ""pair_5cc0f1710192611b""]","{""ADD"": 1, ""PREFERENCE_CONFLICT"": 1}",1,0,1
da-13-5--rep-003--solver-luna--user-simulator-red-team-trace,da-13-5,3,user-simulator-red-team-trace,user,4,2,False,/data/user_data/aydanh/rubric_gen/runs/trace-attack-defense-v21-20260911/result20/study/biomnibench-da-factorial-r10-5115fffdd1c0/experiments/da-13-5/rep-003/luna/user-simulator-red-team-trace/rubric-generations/generation-0004,b7c69798de0fb74aa6fd1c0c906ed60c7fa6537b9d1eaff8422aefea3555a39e,0,0,{},0,9,6,51,459,29,8,21,0,0,0,0,0,"[""pair_ce7320c23658be21"", ""pair_5cc0f1710192611b""]","{""PREFERENCE_CONFLICT"": 2}",0,0,2
da-13-5--rep-003--solver-luna--user-simulator-red-team-trace,da-13-5,3,user-simulator-red-team-trace,user,5,3,False,/data/user_data/aydanh/rubric_gen/runs/trace-attack-defense-v21-20260911/result20/study/biomnibench-da-factorial-r10-5115fffdd1c0/experiments/da-13-5/rep-003/luna/user-simulator-red-team-trace/rubric-generations/generation-0005,2848afd411fef088aed7046db10e4170adbc0ae31ac8bbe82407dd14a2b7774b,1,1,"{""accepted"": 1}",1,11,8,61,549,48,22,26,0,0,0,0,0,"[""pair_ccbd33ef3f25fd53"", ""pair_740d6881bb8a12ca""]","{""ADD"": 1, ""PREFERENCE_CONFLICT"": 1}",1,0,1
da-13-5--rep-003--solver-luna--user-simulator-red-team-trace,da-13-5,3,user-simulator-red-team-trace,user,6,4,False,/data/user_data/aydanh/rubric_gen/runs/trace-attack-defense-v21-20260911/result20/study/biomnibench-da-factorial-r10-5115fffdd1c0/experiments/da-13-5/rep-003/luna/user-simulator-red-team-trace/rubric-generations/generation-0006,65f328ead8bc23fdb454bcb52477cd6ae3058209c289f9c0b695b2b6ec50e6ce,0,0,{},1,11,5,71,639,41,31,10,0,2,0,0,0,"[""pair_8cadd439c9dd5335"", ""pair_e3e82296be2c5dee""]","{""PREFERENCE_CONFLICT"": 2}",0,0,2
da-13-6--rep-001--solver-luna--full-red-team-trace,da-13-6,1,full-red-team-trace,full,1,,True,/data/user_data/aydanh/rubric_gen/runs/trace-attack-defense-v21-20260911/result20/study/biomnibench-da-factorial-r10-5115fffdd1c0/experiments/da-13-6/rep-001/luna/full-red-team-trace/rubric-generations/generation-0001,fadb02664986ba5318722abc1256c8421be8afb80d7b22c4d4fe7238f875b050,1,1,"{""accepted"": 1}",1,3,2,,72,,,,,,,,,,,,,
da-13-6--rep-001--solver-luna--full-red-team-trace,da-13-6,1,full-red-team-trace,full,2,0,False,/data/user_data/aydanh/rubric_gen/runs/trace-attack-defense-v21-20260911/result20/study/biomnibench-da-factorial-r10-5115fffdd1c0/experiments/da-13-6/rep-001/luna/full-red-team-trace/rubric-generations/generation-0002,eac96591d364bf8af887a391d2f554c90d545f0644f700228b6e712f17607538,1,0,"{""criterion_support_failed"": 1}",1,3,3,30,270,22,22,0,0,1,0,0,0,"[""pair_ed82e303f5f53d58"", ""pair_a90ae9d0868f0f81""]","{""ADD"": 1, ""NO_SUPPORTED_RELATION"": 1}",1,0,1
da-13-6--rep-001--solver-luna--full-red-team-trace,da-13-6,1,full-red-team-trace,full,3,1,False,/data/user_data/aydanh/rubric_gen/runs/trace-attack-defense-v21-20260911/result20/study/biomnibench-da-factorial-r10-5115fffdd1c0/experiments/da-13-6/rep-001/luna/full-red-team-trace/rubric-generations/generation-0003,371068d553dfa6e33401af77ce7d08bc7adc086e58c4dbfd04bdda1dc002be23,1,1,"{""accepted"": 1}",2,5,5,40,360,30,16,14,0,1,0,0,0,"[""pair_2948564ad6d35708"", ""pair_7236510cf8d55112""]","{""ADD"": 1, ""NO_SUPPORTED_RELATION"": 1}",1,0,1
da-13-6--rep-001--solver-luna--full-red-team-trace,da-13-6,1,full-red-team-trace,full,4,2,False,/data/user_data/aydanh/rubric_gen/runs/trace-attack-defense-v21-20260911/result20/study/biomnibench-da-factorial-r10-5115fffdd1c0/experiments/da-13-6/rep-001/luna/full-red-team-trace/rubric-generations/generation-0004,519cd147123a6caa359f46c30a01935cb61ad79091405dd32bdfd0f6c9c25bb3,1,0,"{""aggregate_margin_failed"": 1}",2,8,8,51,459,39,33,6,0,1,0,0,0,"[""pair_8c09008e0d4a0188"", ""pair_7236510cf8d55112""]","{""ADD"": 1, ""PREFERENCE_CONFLICT"": 1}",1,0,1
da-13-6--rep-001--solver-luna--full-red-team-trace,da-13-6,1,full-red-team-trace,full,5,3,False,/data/user_data/aydanh/rubric_gen/runs/trace-attack-defense-v21-20260911/result20/study/biomnibench-da-factorial-r10-5115fffdd1c0/experiments/da-13-6/rep-001/luna/full-red-team-trace/rubric-generations/generation-0005,91c15bfa479d2e570f1653dbb1ed7e30f388d296e127fdb10961758c16703121,0,0,{},2,9,8,56,504,32,4,28,0,1,0,0,0,"[""pair_7236510cf8d55112"", ""pair_2948564ad6d35708""]","{""PREFERENCE_CONFLICT"": 1, ""NO_SUPPORTED_RELATION"": 1}",0,0,2
da-13-6--rep-001--solver-luna--full-red-team-trace,da-13-6,1,full-red-team-trace,full,6,4,False,/data/user_data/aydanh/rubric_gen/runs/trace-attack-defense-v21-20260911/result20/study/biomnibench-da-factorial-r10-5115fffdd1c0/experiments/da-13-6/rep-001/luna/full-red-team-trace/rubric-generations/generation-0006,c46c7061c5a798e5c6a0294245584e9ea1d730942beb92fad01e8ad92f88f72b,0,0,{},2,10,9,61,549,35,4,31,0,1,0,0,0,"[""pair_f982c0ba21c48e3a"", ""pair_2948564ad6d35708""]","{""NO_SUPPORTED_RELATION"": 2}",0,0,2
da-15-1--rep-001--solver-luna--full-red-team-trace,da-15-1,1,full-red-team-trace,full,1,,True,/data/user_data/aydanh/rubric_gen/runs/trace-attack-defense-v21-20260911/result20/study/biomnibench-da-factorial-r10-5115fffdd1c0/experiments/da-15-1/rep-001/luna/full-red-team-trace/rubric-generations/generation-0001,b9d7938630edf0e1a6120c81a6e390b307247fc6a03565c39b5b6c96502ed39f,1,0,"{""criterion_support_failed"": 1}",0,3,3,,72,,,,,,,,,,,,,
da-15-1--rep-001--solver-luna--full-red-team-trace,da-15-1,1,full-red-team-trace,full,2,0,False,/data/user_data/aydanh/rubric_gen/runs/trace-attack-defense-v21-20260911/result20/study/biomnibench-da-factorial-r10-5115fffdd1c0/experiments/da-15-1/rep-001/luna/full-red-team-trace/rubric-generations/generation-0002,adb7aff8be67bda8cdad0a3ab4578d7a896aa32146c69271497a4e364814df72,2,1,"{""accepted"": 1, ""criterion_support_failed"": 1}",1,4,4,30,270,30,30,0,0,0,0,0,0,"[""pair_6716cfa71157e270"", ""pair_668e7ae27b8c45ae""]","{""ADD"": 2}",2,0,0
da-15-1--rep-001--solver-luna--full-red-team-trace,da-15-1,1,full-red-team-trace,full,3,1,False,/data/user_data/aydanh/rubric_gen/runs/trace-attack-defense-v21-20260911/result20/study/biomnibench-da-factorial-r10-5115fffdd1c0/experiments/da-15-1/rep-001/luna/full-red-team-trace/rubric-generations/generation-0003,a268544b5081999cea790873f3942e3ef3d9c9fba77556de3f49bbefe63e180d,2,0,"{""criterion_support_failed"": 1, ""semantic_validation_failed"": 1}",1,6,5,40,360,40,36,4,0,0,0,0,0,"[""pair_0272ac6f3c2ace96"", ""pair_87c200ce479535c5""]","{""ADD"": 1, ""REPLACE:elicited_9c5a7d58ab5f40b7"": 1}",2,0,0
da-15-1--rep-001--solver-luna--full-red-team-trace,da-15-1,1,full-red-team-trace,full,4,2,False,/data/user_data/aydanh/rubric_gen/runs/trace-attack-defense-v21-20260911/result20/study/biomnibench-da-factorial-r10-5115fffdd1c0/experiments/da-15-1/rep-001/luna/full-red-team-trace/rubric-generations/generation-0004,84b5413c0be4a0296cec57ec5b95807a58503cd2f062ded5c055b57f40b0ceb4,2,0,"{""criterion_support_failed"": 1, ""semantic_validation_failed"": 1}",1,9,7,51,459,51,21,30,0,0,0,0,0,"[""pair_fea871fb4b8a29de"", ""pair_87c200ce479535c5""]","{""REPLACE:elicited_9c5a7d58ab5f40b7"": 2}",2,0,0
da-15-1--rep-001--solver-luna--full-red-team-trace,da-15-1,1,full-red-team-trace,full,5,3,False,/data/user_data/aydanh/rubric_gen/runs/trace-attack-defense-v21-20260911/result20/study/biomnibench-da-factorial-r10-5115fffdd1c0/experiments/da-15-1/rep-001/luna/full-red-team-trace/rubric-generations/generation-0005,7da7faf23f5232594e3555972f98df8875ad978668a0ae2d65c818e5f8ac2e40,2,0,"{""semantic_validation_failed"": 1, ""criterion_support_failed"": 1}",1,10,7,56,504,56,17,39,0,0,0,0,0,"[""pair_87c200ce479535c5"", ""pair_6177d7d9e7bb0961""]","{""REPLACE:elicited_9c5a7d58ab5f40b7"": 1, ""ADD"": 1}",2,0,0
da-15-1--rep-001--solver-luna--full-red-team-trace,da-15-1,1,full-red-team-trace,full,6,4,False,/data/user_data/aydanh/rubric_gen/runs/trace-attack-defense-v21-20260911/result20/study/biomnibench-da-factorial-r10-5115fffdd1c0/experiments/da-15-1/rep-001/luna/full-red-team-trace/rubric-generations/generation-0006,28c3329b3b1fb7c59d3d247cb49171eaa03e8d62805d42d58629511b57c44baa,1,1,"{""accepted"": 1}",2,11,8,61,549,48,18,30,0,0,0,0,0,"[""pair_73a0784e7daba589"", ""pair_87c200ce479535c5""]","{""ADD"": 1, ""NO_SUPPORTED_RELATION"": 1}",1,0,1
da-19-1--rep-003--solver-luna--user-simulator-red-team-trace,da-19-1,3,user-simulator-red-team-trace,user,1,,True,/data/user_data/aydanh/rubric_gen/runs/trace-attack-defense-v21-20260911/result20/study/biomnibench-da-factorial-r10-5115fffdd1c0/experiments/da-19-1/rep-003/luna/user-simulator-red-team-trace/rubric-generations/generation-0001,bd3ed154c62dc9824b98283618ff2d7feba44683a5795661e2aabe39cb516751,1,0,"{""criterion_support_failed"": 1}",0,3,3,,72,,,,,,,,,,,,,
da-19-1--rep-003--solver-luna--user-simulator-red-team-trace,da-19-1,3,user-simulator-red-team-trace,user,2,0,False,/data/user_data/aydanh/rubric_gen/runs/trace-attack-defense-v21-20260911/result20/study/biomnibench-da-factorial-r10-5115fffdd1c0/experiments/da-19-1/rep-003/luna/user-simulator-red-team-trace/rubric-generations/generation-0002,cd0e34d1c579c839ccd9532b5861a035b579cf4bef2f412ee87fc3ecd78453da,0,0,{},0,4,3,30,270,16,16,0,0,0,0,0,0,"[""pair_f896960de6aa560b"", ""pair_83c7553de4de3d54""]","{""NO_SUPPORTED_RELATION"": 2}",0,0,2
da-19-1--rep-003--solver-luna--user-simulator-red-team-trace,da-19-1,3,user-simulator-red-team-trace,user,3,1,False,/data/user_data/aydanh/rubric_gen/runs/trace-attack-defense-v21-20260911/result20/study/biomnibench-da-factorial-r10-5115fffdd1c0/experiments/da-19-1/rep-003/luna/user-simulator-red-team-trace/rubric-generations/generation-0003,0f5c0b59dd4080e144386a19c23229f4b723f83742a09d88f30dff5a85c60b5a,0,0,{},0,6,4,40,360,22,7,15,0,0,0,0,0,"[""pair_33288a725eb546a4"", ""pair_83c7553de4de3d54""]","{""PREFERENCE_CONFLICT"": 1, ""NO_SUPPORTED_RELATION"": 1}",0,0,2
da-19-1--rep-003--solver-luna--user-simulator-red-team-trace,da-19-1,3,user-simulator-red-team-trace,user,4,2,False,/data/user_data/aydanh/rubric_gen/runs/trace-attack-defense-v21-20260911/result20/study/biomnibench-da-factorial-r10-5115fffdd1c0/experiments/da-19-1/rep-003/luna/user-simulator-red-team-trace/rubric-generations/generation-0004,2afe68fdbac0749ba77b2f6c71bc0923fb88b30d5a79e750a841a6d8a132a582,0,0,{},0,9,7,51,459,29,8,21,0,0,0,0,0,"[""pair_f67e9c30361c3a97"", ""pair_33288a725eb546a4""]","{""PREFERENCE_CONFLICT"": 2}",0,0,2
da-19-1--rep-003--solver-luna--user-simulator-red-team-trace,da-19-1,3,user-simulator-red-team-trace,user,5,3,False,/data/user_data/aydanh/rubric_gen/runs/trace-attack-defense-v21-20260911/result20/study/biomnibench-da-factorial-r10-5115fffdd1c0/experiments/da-19-1/rep-003/luna/user-simulator-red-team-trace/rubric-generations/generation-0005,0aaed364ad7f9246d865b7c8ae2dca7af350bd947b5299bd729d00a9ac75d7e4,0,0,{},0,10,8,56,504,32,4,28,0,0,0,0,0,"[""pair_a52580c77fb2c396"", ""pair_33288a725eb546a4""]","{""NO_SUPPORTED_RELATION"": 1, ""PREFERENCE_CONFLICT"": 1}",0,0,2
da-19-1--rep-003--solver-luna--user-simulator-red-team-trace,da-19-1,3,user-simulator-red-team-trace,user,6,4,False,/data/user_data/aydanh/rubric_gen/runs/trace-attack-defense-v21-20260911/result20/study/biomnibench-da-factorial-r10-5115fffdd1c0/experiments/da-19-1/rep-003/luna/user-simulator-red-team-trace/rubric-generations/generation-0006,cf0e01c70b99fbd18e844f5f3b2a2f0d4775bf9e01227588afab6a7d8ff3272e,0,0,{},0,11,8,61,549,35,4,31,0,0,0,0,0,"[""pair_33288a725eb546a4"", ""pair_f320d8931f7d8882""]","{""PREFERENCE_CONFLICT"": 2}",0,0,2
da-12-4--rep-003--solver-luna--full-red-team-trace,da-12-4,3,full-red-team-trace,full,1,,True,/data/user_data/aydanh/rubric_gen/runs/trace-attack-defense-v21-20260911/result20/study/biomnibench-da-factorial-r10-5115fffdd1c0/experiments/da-12-4/rep-003/luna/full-red-team-trace/rubric-generations/generation-0001,09724c352873c48fe3515b72dd99ab8eaa22db155b368d2ac5cd1c16bf00a1c1,1,0,"{""criterion_support_failed"": 1}",0,3,1,,72,,,,,,,,,,,,,
da-12-4--rep-003--solver-luna--full-red-team-trace,da-12-4,3,full-red-team-trace,full,2,0,False,/data/user_data/aydanh/rubric_gen/runs/trace-attack-defense-v21-20260911/result20/study/biomnibench-da-factorial-r10-5115fffdd1c0/experiments/da-12-4/rep-003/luna/full-red-team-trace/rubric-generations/generation-0002,6356c844cd4da9a8eb42cbdbfdf94cf2f1415b56ba837449a54d2bf3b0eec3b9,1,1,"{""accepted"": 1}",1,4,1,22,198,22,22,0,0,0,0,0,0,"[""pair_153713c9573e95f5""]","{""ADD"": 1}",1,0,0
da-12-4--rep-003--solver-luna--full-red-team-trace,da-12-4,3,full-red-team-trace,full,3,1,False,/data/user_data/aydanh/rubric_gen/runs/trace-attack-defense-v21-20260911/result20/study/biomnibench-da-factorial-r10-5115fffdd1c0/experiments/da-12-4/rep-003/luna/full-red-team-trace/rubric-generations/generation-0003,5d4b0b79c211276a2c23ea1b53df20dfd25cadd675c477f205d8c020babf2a4f,2,0,"{""aggregate_margin_failed"": 2}",1,6,3,40,360,40,36,4,0,0,0,0,0,"[""pair_fcd5c02f4fd2f307"", ""pair_153713c9573e95f5""]","{""ADD"": 1, ""REPLACE:elicited_94042956f6ab36db"": 1}",2,0,0
da-12-4--rep-003--solver-luna--full-red-team-trace,da-12-4,3,full-red-team-trace,full,4,2,False,/data/user_data/aydanh/rubric_gen/runs/trace-attack-defense-v21-20260911/result20/study/biomnibench-da-factorial-r10-5115fffdd1c0/experiments/da-12-4/rep-003/luna/full-red-team-trace/rubric-generations/generation-0004,86f495c160783725637fbf699b962f32aa8bbcba13946cf3723bb6ec269356ef,1,1,"{""accepted"": 1}",2,9,5,51,459,40,20,20,0,0,0,0,0,"[""pair_bbf4f23ccf1f829c"", ""pair_19a2ad1296104314""]","{""ADD"": 1, ""NO_SUPPORTED_RELATION"": 1}",1,0,1
da-12-4--rep-003--solver-luna--full-red-team-trace,da-12-4,3,full-red-team-trace,full,5,3,False,/data/user_data/aydanh/rubric_gen/runs/trace-attack-defense-v21-20260911/result20/study/biomnibench-da-factorial-r10-5115fffdd1c0/experiments/da-12-4/rep-003/luna/full-red-team-trace/rubric-generations/generation-0005,74ee17612fd266031d8a9f1c632a95d327d8153f60853d8264bff389800db1fe,2,1,"{""aggregate_margin_failed"": 1, ""accepted"": 1}",3,11,8,61,549,61,53,8,0,0,0,0,0,"[""pair_62e659accbb602b1"", ""pair_41903b6196d5fecb""]","{""ADD"": 2}",2,0,0
da-12-4--rep-003--solver-luna--full-red-team-trace,da-12-4,3,full-red-team-trace,full,6,4,False,/data/user_data/aydanh/rubric_gen/runs/trace-attack-defense-v21-20260911/result20/study/biomnibench-da-factorial-r10-5115fffdd1c0/experiments/da-12-4/rep-003/luna/full-red-team-trace/rubric-generations/generation-0006,597981852dcca870c94ac661ba8175e771ffdae783c5dd87accfce85ff75d8b5,1,1,"{""accepted"": 1}",4,12,8,66,594,52,41,11,0,0,0,0,0,"[""pair_19a2ad1296104314"", ""pair_fcd5c02f4fd2f307""]","{""PREFERENCE_CONFLICT"": 1, ""ADD"": 1}",1,0,1
da-14-3--rep-002--solver-luna--full-red-team-trace,da-14-3,2,full-red-team-trace,full,1,,True,/data/user_data/aydanh/rubric_gen/runs/trace-attack-defense-v21-20260911/result20/study/biomnibench-da-factorial-r10-5115fffdd1c0/experiments/da-14-3/rep-002/luna/full-red-team-trace/rubric-generations/generation-0001,0b591d6a887586fcfb1b6cf3a9c2e117c31ddbe2666cd6a0ebc1f7aad4f69ac1,1,1,"{""accepted"": 1}",1,3,2,,72,,,,,,,,,,,,,
da-14-3--rep-002--solver-luna--full-red-team-trace,da-14-3,2,full-red-team-trace,full,2,0,False,/data/user_data/aydanh/rubric_gen/runs/trace-attack-defense-v21-20260911/result20/study/biomnibench-da-factorial-r10-5115fffdd1c0/experiments/da-14-3/rep-002/luna/full-red-team-trace/rubric-generations/generation-0002,1ca7f2ee2a09330fb5627e3bb78e3b2e7d8f727a3014c65b115a3ab0d166bbf7,2,1,"{""accepted"": 1, ""criterion_support_failed"": 1}",2,4,3,30,270,30,30,0,0,0,0,0,0,"[""pair_b9342cafa7396026"", ""pair_b32c74d837d7da9c""]","{""ADD"": 1, ""REPLACE:elicited_db77c0abbeb9160b"": 1}",2,0,0
da-14-3--rep-002--solver-luna--full-red-team-trace,da-14-3,2,full-red-team-trace,full,3,1,False,/data/user_data/aydanh/rubric_gen/runs/trace-attack-defense-v21-20260911/result20/study/biomnibench-da-factorial-r10-5115fffdd1c0/experiments/da-14-3/rep-002/luna/full-red-team-trace/rubric-generations/generation-0003,4783131c7603a3466853af283f1d1c810b0501608c05ec73fef62b32772e2628,2,0,"{""aggregate_margin_failed"": 1, ""semantic_validation_failed"": 1}",2,6,3,40,360,40,36,4,0,0,0,0,0,"[""pair_32e661ca8fc85820"", ""pair_b9342cafa7396026""]","{""ADD"": 1, ""REPLACE:elicited_35fab354627ef9a1"": 1}",2,0,0
da-14-3--rep-002--solver-luna--full-red-team-trace,da-14-3,2,full-red-team-trace,full,4,2,False,/data/user_data/aydanh/rubric_gen/runs/trace-attack-defense-v21-20260911/result20/study/biomnibench-da-factorial-r10-5115fffdd1c0/experiments/da-14-3/rep-002/luna/full-red-team-trace/rubric-generations/generation-0004,91f1abf75b4c18b4da25bcf32b9a4594d8ab51f391f5653af4566d1eafe4dba7,2,2,"{""accepted"": 2}",4,7,4,45,405,45,25,20,0,0,0,0,0,"[""pair_559377f170c9ba7f"", ""pair_32e661ca8fc85820""]","{""ADD"": 2}",2,0,0
da-14-3--rep-002--solver-luna--full-red-team-trace,da-14-3,2,full-red-team-trace,full,5,3,False,/data/user_data/aydanh/rubric_gen/runs/trace-attack-defense-v21-20260911/result20/study/biomnibench-da-factorial-r10-5115fffdd1c0/experiments/da-14-3/rep-002/luna/full-red-team-trace/rubric-generations/generation-0005,9ea9f2b4ba6f1540312c80a9092d04efd3c529c3ae58ea7a5a580272d3065669,0,0,{},4,10,3,56,504,32,25,7,0,0,0,0,0,"[""pair_559377f170c9ba7f"", ""pair_b9342cafa7396026""]","{""NO_SUPPORTED_RELATION"": 2}",0,0,2
da-14-3--rep-002--solver-luna--full-red-team-trace,da-14-3,2,full-red-team-trace,full,6,4,False,/data/user_data/aydanh/rubric_gen/runs/trace-attack-defense-v21-20260911/result20/study/biomnibench-da-factorial-r10-5115fffdd1c0/experiments/da-14-3/rep-002/luna/full-red-team-trace/rubric-generations/generation-0006,ed68b6b2c8651ea6dd75bf939911488b97aac154d39a8bf03b40188c178a5c94,0,0,{},4,11,3,61,549,35,3,32,0,0,0,0,0,"[""pair_559377f170c9ba7f"", ""pair_b9342cafa7396026""]","{""NO_SUPPORTED_RELATION"": 2}",0,0,2
da-13-3--rep-003--solver-luna--user-simulator-red-team-trace,da-13-3,3,user-simulator-red-team-trace,user,1,,True,/data/user_data/aydanh/rubric_gen/runs/trace-attack-defense-v21-20260911/result20/study/biomnibench-da-factorial-r10-5115fffdd1c0/experiments/da-13-3/rep-003/luna/user-simulator-red-team-trace/rubric-generations/generation-0001,a9281bed4d2b41b044f3aa511caa2313c22f44ff3aea721a006dbe187ef1f3b8,1,0,"{""criterion_support_failed"": 1}",0,3,3,,72,,,,,,,,,,,,,
da-13-3--rep-003--solver-luna--user-simulator-red-team-trace,da-13-3,3,user-simulator-red-team-trace,user,2,0,False,/data/user_data/aydanh/rubric_gen/runs/trace-attack-defense-v21-20260911/result20/study/biomnibench-da-factorial-r10-5115fffdd1c0/experiments/da-13-3/rep-003/luna/user-simulator-red-team-trace/rubric-generations/generation-0002,6dfea0a9355ca5f6510d23aa6da8f7e40f5d082a36c02012768357a29208dc31,1,0,"{""criterion_support_failed"": 1}",0,2,2,22,198,20,21,0,0,2,0,0,0,"[""pair_a8ebe283d0d86a70""]","{""ADD"": 1}",1,0,0
da-13-3--rep-003--solver-luna--user-simulator-red-team-trace,da-13-3,3,user-simulator-red-team-trace,user,3,1,False,/data/user_data/aydanh/rubric_gen/runs/trace-attack-defense-v21-20260911/result20/study/biomnibench-da-factorial-r10-5115fffdd1c0/experiments/da-13-3/rep-003/luna/user-simulator-red-team-trace/rubric-generations/generation-0003,550489fcc9961e65ae6608c78c7d3145ea167566e545fed65344483362e6b033,1,0,"{""criterion_support_failed"": 1}",0,4,3,40,360,30,10,20,0,2,0,0,0,"[""pair_d6a0a7ea921c1090"", ""pair_a8ebe283d0d86a70""]","{""PREFERENCE_CONFLICT"": 1, ""ADD"": 1}",1,0,1
da-13-3--rep-003--solver-luna--user-simulator-red-team-trace,da-13-3,3,user-simulator-red-team-trace,user,4,2,False,/data/user_data/aydanh/rubric_gen/runs/trace-attack-defense-v21-20260911/result20/study/biomnibench-da-factorial-r10-5115fffdd1c0/experiments/da-13-3/rep-003/luna/user-simulator-red-team-trace/rubric-generations/generation-0004,42f7ff68fa5f61da3b57c2d5071e07de8cc7de369fd029e52a522d37d1d4350f,1,0,{},0,7,4,51,459,39,19,21,0,2,0,0,0,"[""pair_63f73c2c4005e8b5"", ""pair_d6a0a7ea921c1090""]","{""ADD"": 1, ""PREFERENCE_CONFLICT"": 1}",1,0,2
da-13-3--rep-003--solver-luna--user-simulator-red-team-trace,da-13-3,3,user-simulator-red-team-trace,user,5,3,False,/data/user_data/aydanh/rubric_gen/runs/trace-attack-defense-v21-20260911/result20/study/biomnibench-da-factorial-r10-5115fffdd1c0/experiments/da-13-3/rep-003/luna/user-simulator-red-team-trace/rubric-generations/generation-0005,e7b0791b2154ea6301656b7081e59f7d02aef613458e16201d8c97f35519121c,1,0,{},0,7,4,56,504,42,3,39,0,3,0,0,0,"[""pair_63f73c2c4005e8b5"", ""pair_d6a0a7ea921c1090""]","{""ADD"": 1, ""PREFERENCE_CONFLICT"": 1}",1,0,2
da-13-3--rep-003--solver-luna--user-simulator-red-team-trace,da-13-3,3,user-simulator-red-team-trace,user,6,4,False,/data/user_data/aydanh/rubric_gen/runs/trace-attack-defense-v21-20260911/result20/study/biomnibench-da-factorial-r10-5115fffdd1c0/experiments/da-13-3/rep-003/luna/user-simulator-red-team-trace/rubric-generations/generation-0006,7e0f3ad663a3004e0ccee232a5a278ce2b7d4fce9d137845a5f05aa78b7f1e1f,2,0,"{""aggregate_margin_failed"": 1}",0,8,5,61,549,57,16,41,0,3,0,0,0,"[""pair_1b7006b87e8bb6fb"", ""pair_63f73c2c4005e8b5""]","{""ADD"": 2}",2,0,1
da-12-2--rep-002--solver-luna--full-red-team-trace,da-12-2,2,full-red-team-trace,full,1,,True,/data/user_data/aydanh/rubric_gen/runs/trace-attack-defense-v21-20260911/result20/study/biomnibench-da-factorial-r10-5115fffdd1c0/experiments/da-12-2/rep-002/luna/full-red-team-trace/rubric-generations/generation-0001,4c8f7b4a8a9dff2bf28b1a0595804b5467da6331d73c10762fe65d3fe1895756,0,0,{},0,3,0,,72,,,,,,,,,,,,,
da-12-2--rep-002--solver-luna--full-red-team-trace,da-12-2,2,full-red-team-trace,full,2,0,False,/data/user_data/aydanh/rubric_gen/runs/trace-attack-defense-v21-20260911/result20/study/biomnibench-da-factorial-r10-5115fffdd1c0/experiments/da-12-2/rep-002/luna/full-red-team-trace/rubric-generations/generation-0002,eb2523cca23a261171760d25856c09c3d9a694a05e529683991c66e1ae66e68d,1,1,"{""accepted"": 1}",1,4,1,22,198,22,22,0,0,0,0,0,0,"[""pair_6d59a193c0c53c5e""]","{""ADD"": 1}",1,0,0
da-12-2--rep-002--solver-luna--full-red-team-trace,da-12-2,2,full-red-team-trace,full,3,1,False,/data/user_data/aydanh/rubric_gen/runs/trace-attack-defense-v21-20260911/result20/study/biomnibench-da-factorial-r10-5115fffdd1c0/experiments/da-12-2/rep-002/luna/full-red-team-trace/rubric-generations/generation-0003,b2498a8ae80ea763c20616deb607f47ab7ba0800a78e285be84d201748d70a8d,0,0,{},1,6,3,40,360,22,18,4,0,0,0,0,0,"[""pair_20c690eb7716b8bc"", ""pair_6d59a193c0c53c5e""]","{""PREFERENCE_CONFLICT"": 1, ""NO_SUPPORTED_RELATION"": 1}",0,0,2
da-12-2--rep-002--solver-luna--full-red-team-trace,da-12-2,2,full-red-team-trace,full,4,2,False,/data/user_data/aydanh/rubric_gen/runs/trace-attack-defense-v21-20260911/result20/study/biomnibench-da-factorial-r10-5115fffdd1c0/experiments/da-12-2/rep-002/luna/full-red-team-trace/rubric-generations/generation-0004,f7a24dfe768e7100e1ce3f1330d4e1560eccd19c647bd6c4afe97e06034c5d24,1,1,"{""accepted"": 1}",2,9,6,51,459,40,20,20,0,0,0,0,0,"[""pair_8a3fd33148408729"", ""pair_56342011116255b9""]","{""PREFERENCE_CONFLICT"": 1, ""ADD"": 1}",1,0,1
da-12-2--rep-002--solver-luna--full-red-team-trace,da-12-2,2,full-red-team-trace,full,5,3,False,/data/user_data/aydanh/rubric_gen/runs/trace-attack-defense-v21-20260911/result20/study/biomnibench-da-factorial-r10-5115fffdd1c0/experiments/da-12-2/rep-002/luna/full-red-team-trace/rubric-generations/generation-0005,fba75d13f6e49c552a6592a1ccf28bd61ba77d16573315ebb13b8ae062f0798b,0,0,{},2,11,7,61,549,35,27,8,0,0,0,0,0,"[""pair_08e8eb4fc50f7bbe"", ""pair_53c05cad6a563ad3""]","{""PREFERENCE_CONFLICT"": 2}",0,0,2
da-12-2--rep-002--solver-luna--full-red-team-trace,da-12-2,2,full-red-team-trace,full,6,4,False,/data/user_data/aydanh/rubric_gen/runs/trace-attack-defense-v21-20260911/result20/study/biomnibench-da-factorial-r10-5115fffdd1c0/experiments/da-12-2/rep-002/luna/full-red-team-trace/rubric-generations/generation-0006,c0b90d4ab9e514fb66ebafa72061a66426fb1ef7f12a5e2c75bdca6655ccbf19,0,0,{},2,13,9,71,639,41,8,33,0,0,0,0,0,"[""pair_4cd5b01e15ebebda"", ""pair_08e8eb4fc50f7bbe""]","{""NO_SUPPORTED_RELATION"": 1, ""PREFERENCE_CONFLICT"": 1}",0,0,2
da-12-2--rep-002--solver-luna--full-red-team-trace,da-12-2,2,full-red-team-trace,full,7,5,False,/data/user_data/aydanh/rubric_gen/runs/trace-attack-defense-v21-20260911/result20/study/biomnibench-da-factorial-r10-5115fffdd1c0/experiments/da-12-2/rep-002/luna/full-red-team-trace/rubric-generations/generation-0007,7d721864b8809fb9ecc9a259721fe75c1f0d2b05ebb34130da55cd84407017a4,1,0,"{""criterion_support_failed"": 1}",2,15,10,81,729,64,25,39,0,0,0,0,0,"[""pair_5946ade185ab702f"", ""pair_08e8eb4fc50f7bbe""]","{""ADD"": 1, ""PREFERENCE_CONFLICT"": 1}",1,0,1
da-19-1--rep-001--solver-luna--user-simulator-red-team-trace,da-19-1,1,user-simulator-red-team-trace,user,1,,True,/data/user_data/aydanh/rubric_gen/runs/trace-attack-defense-v21-20260911/result20/study/biomnibench-da-factorial-r10-5115fffdd1c0/experiments/da-19-1/rep-001/luna/user-simulator-red-team-trace/rubric-generations/generation-0001,bd3ed154c62dc9824b98283618ff2d7feba44683a5795661e2aabe39cb516751,1,0,"{""criterion_support_failed"": 1}",0,3,3,,72,,,,,,,,,,,,,
da-19-1--rep-001--solver-luna--user-simulator-red-team-trace,da-19-1,1,user-simulator-red-team-trace,user,2,0,False,/data/user_data/aydanh/rubric_gen/runs/trace-attack-defense-v21-20260911/result20/study/biomnibench-da-factorial-r10-5115fffdd1c0/experiments/da-19-1/rep-001/luna/user-simulator-red-team-trace/rubric-generations/generation-0002,cd0e34d1c579c839ccd9532b5861a035b579cf4bef2f412ee87fc3ecd78453da,1,0,"{""aggregate_margin_failed"": 1}",0,4,4,30,270,23,23,0,0,0,0,0,0,"[""pair_59f02aa6688d5ed8"", ""pair_33288a725eb546a4""]","{""ADD"": 1, ""PREFERENCE_CONFLICT"": 1}",1,0,1
da-19-1--rep-001--solver-luna--user-simulator-red-team-trace,da-19-1,1,user-simulator-red-team-trace,user,3,1,False,/data/user_data/aydanh/rubric_gen/runs/trace-attack-defense-v21-20260911/result20/study/biomnibench-da-factorial-r10-5115fffdd1c0/experiments/da-19-1/rep-001/luna/user-simulator-red-team-trace/rubric-generations/generation-0003,aa1a539c7b15b1f932564c61bfa1374bb93e81774ee66a9e710b0522931563be,1,1,"{""accepted"": 1}",1,6,6,40,360,31,17,14,0,0,0,0,0,"[""pair_1ae14edd2d977acd"", ""pair_59f02aa6688d5ed8""]","{""ADD"": 1, ""NO_SUPPORTED_RELATION"": 1}",1,0,1
da-19-1--rep-001--solver-luna--user-simulator-red-team-trace,da-19-1,1,user-simulator-red-team-trace,user,4,2,False,/data/user_data/aydanh/rubric_gen/runs/trace-attack-defense-v21-20260911/result20/study/biomnibench-da-factorial-r10-5115fffdd1c0/experiments/da-19-1/rep-001/luna/user-simulator-red-team-trace/rubric-generations/generation-0004,31d26092c2ee0bd797cc72e3d08706c3f7dc250230550a327b422edcb3d2bb6e,1,0,"{""aggregate_margin_failed"": 1}",1,9,6,51,459,40,34,6,0,0,0,0,0,"[""pair_59f02aa6688d5ed8"", ""pair_22f2b80f57f6bab1""]","{""REPLACE:elicited_e4ec806b0f1c4618"": 1, ""PREFERENCE_CONFLICT"": 1}",1,0,1
da-19-1--rep-001--solver-luna--user-simulator-red-team-trace,da-19-1,1,user-simulator-red-team-trace,user,5,3,False,/data/user_data/aydanh/rubric_gen/runs/trace-attack-defense-v21-20260911/result20/study/biomnibench-da-factorial-r10-5115fffdd1c0/experiments/da-19-1/rep-001/luna/user-simulator-red-team-trace/rubric-generations/generation-0005,fb22f86f2f3667775e8d57089a2a791c68e19da98c5f3d76f1d4431a4ffaae80,1,0,"{""aggregate_margin_failed"": 1}",1,10,6,56,504,44,4,40,0,0,0,0,0,"[""pair_59f02aa6688d5ed8"", ""pair_22f2b80f57f6bab1""]","{""REPLACE:elicited_e4ec806b0f1c4618"": 1, ""PREFERENCE_CONFLICT"": 1}",1,0,1
da-19-1--rep-001--solver-luna--user-simulator-red-team-trace,da-19-1,1,user-simulator-red-team-trace,user,6,4,False,/data/user_data/aydanh/rubric_gen/runs/trace-attack-defense-v21-20260911/result20/study/biomnibench-da-factorial-r10-5115fffdd1c0/experiments/da-19-1/rep-001/luna/user-simulator-red-team-trace/rubric-generations/generation-0006,e8e8ca32a056d4cf48dc7ae06d171da5a2cc5a3d2009e2a97e2b2ca663f9a034,1,0,"{""aggregate_margin_failed"": 1}",1,11,6,61,549,48,4,44,0,0,0,0,0,"[""pair_59f02aa6688d5ed8"", ""pair_22f2b80f57f6bab1""]","{""REPLACE:elicited_e4ec806b0f1c4618"": 1, ""PREFERENCE_CONFLICT"": 1}",1,0,1
da-15-2--rep-002--solver-luna--user-simulator-red-team-trace,da-15-2,2,user-simulator-red-team-trace,user,1,,True,/data/user_data/aydanh/rubric_gen/runs/trace-attack-defense-v21-20260911/result20/study/biomnibench-da-factorial-r10-5115fffdd1c0/experiments/da-15-2/rep-002/luna/user-simulator-red-team-trace/rubric-generations/generation-0001,ea4175839d0331be0a4369019999889dfe64a1cae0499834d40c8b82c4539d58,2,2,"{""accepted"": 2}",2,3,3,,72,,,,,,,,,,,,,
da-15-2--rep-002--solver-luna--user-simulator-red-team-trace,da-15-2,2,user-simulator-red-team-trace,user,2,0,False,/data/user_data/aydanh/rubric_gen/runs/trace-attack-defense-v21-20260911/result20/study/biomnibench-da-factorial-r10-5115fffdd1c0/experiments/da-15-2/rep-002/luna/user-simulator-red-team-trace/rubric-generations/generation-0002,91396e4803ba15994342099ec55bea80ed99c245277e67c846ce1b828a0b68ed,1,0,"{""aggregate_margin_failed"": 1}",2,3,3,30,270,22,22,0,0,1,0,0,0,"[""pair_75c8d65ef6d61346"", ""pair_b6460b3c0bd0fc16""]","{""ADD"": 1, ""PREFERENCE_CONFLICT"": 1}",1,0,1
da-15-2--rep-002--solver-luna--user-simulator-red-team-trace,da-15-2,2,user-simulator-red-team-trace,user,3,1,False,/data/user_data/aydanh/rubric_gen/runs/trace-attack-defense-v21-20260911/result20/study/biomnibench-da-factorial-r10-5115fffdd1c0/experiments/da-15-2/rep-002/luna/user-simulator-red-team-trace/rubric-generations/generation-0003,27b9b8d71fd4ddbc14826deac41f4eb9c546c3a6f2ad6a5d85d40fa51a618d7a,1,1,"{""accepted"": 1}",3,5,4,40,360,30,16,14,0,1,0,0,0,"[""pair_39a45cb83a1d84e1"", ""pair_b6460b3c0bd0fc16""]","{""ADD"": 1, ""PREFERENCE_CONFLICT"": 1}",1,0,1
da-15-2--rep-002--solver-luna--user-simulator-red-team-trace,da-15-2,2,user-simulator-red-team-trace,user,4,2,False,/data/user_data/aydanh/rubric_gen/runs/trace-attack-defense-v21-20260911/result20/study/biomnibench-da-factorial-r10-5115fffdd1c0/experiments/da-15-2/rep-002/luna/user-simulator-red-team-trace/rubric-generations/generation-0004,5e04ca15d7a7605005158f031369a32fe4b87c44fc5e5cdaec6361910edcbbd0,1,0,"{""aggregate_margin_failed"": 1}",3,8,4,51,459,39,33,6,0,1,0,0,0,"[""pair_d2a9a732b6788753"", ""pair_b6460b3c0bd0fc16""]","{""ADD"": 1, ""PREFERENCE_CONFLICT"": 1}",1,0,1
da-15-2--rep-002--solver-luna--user-simulator-red-team-trace,da-15-2,2,user-simulator-red-team-trace,user,5,3,False,/data/user_data/aydanh/rubric_gen/runs/trace-attack-defense-v21-20260911/result20/study/biomnibench-da-factorial-r10-5115fffdd1c0/experiments/da-15-2/rep-002/luna/user-simulator-red-team-trace/rubric-generations/generation-0005,598a9c24d2d4af525d168dce555f0d4b045d4c91b07d4fb65a7ec405c2bb5775,1,0,"{""aggregate_margin_failed"": 1}",3,9,5,61,549,46,8,38,0,2,0,0,0,"[""pair_b6460b3c0bd0fc16"", ""pair_d2a9a732b6788753""]","{""PREFERENCE_CONFLICT"": 1, ""ADD"": 1}",1,0,1
da-15-2--rep-002--solver-luna--user-simulator-red-team-trace,da-15-2,2,user-simulator-red-team-trace,user,6,4,False,/data/user_data/aydanh/rubric_gen/runs/trace-attack-defense-v21-20260911/result20/study/biomnibench-da-factorial-r10-5115fffdd1c0/experiments/da-15-2/rep-002/luna/user-simulator-red-team-trace/rubric-generations/generation-0006,4fbf2e6ba4c219fa1c505527ce32680126a9003ebeba919f1f5b784ff738ed1a,1,0,"{""aggregate_margin_failed"": 1}",3,11,6,71,639,54,9,45,0,2,0,0,0,"[""pair_b6460b3c0bd0fc16"", ""pair_d2a9a732b6788753""]","{""PREFERENCE_CONFLICT"": 1, ""ADD"": 1}",1,0,1
da-15-2--rep-002--solver-luna--user-simulator-red-team-trace,da-15-2,2,user-simulator-red-team-trace,user,7,5,False,/data/user_data/aydanh/rubric_gen/runs/trace-attack-defense-v21-20260911/result20/study/biomnibench-da-factorial-r10-5115fffdd1c0/experiments/da-15-2/rep-002/luna/user-simulator-red-team-trace/rubric-generations/generation-0007,e60e35fe952dcafecd01631737ceecb40fa220d53d6bb2029fb5f02f6cdb4234,1,0,"{""aggregate_margin_failed"": 1}",3,12,7,81,729,61,8,53,0,3,0,0,0,"[""pair_b6460b3c0bd0fc16"", ""pair_d2a9a732b6788753""]","{""PREFERENCE_CONFLICT"": 1, ""ADD"": 1}",1,0,1
da-15-2--rep-002--solver-luna--user-simulator-red-team-trace,da-15-2,2,user-simulator-red-team-trace,user,8,6,False,/data/user_data/aydanh/rubric_gen/runs/trace-attack-defense-v21-20260911/result20/study/biomnibench-da-factorial-r10-5115fffdd1c0/experiments/da-15-2/rep-002/luna/user-simulator-red-team-trace/rubric-generations/generation-0008,71855bdf4a40ae67fa1f0549c0dc7d079b0053891f27f43b3736e9d28e535f5d,1,1,"{""accepted"": 1}",4,14,9,91,819,69,25,44,0,3,0,0,0,"[""pair_1a9b2881a18490ba"", ""pair_b6460b3c0bd0fc16""]","{""ADD"": 1, ""PREFERENCE_CONFLICT"": 1}",1,0,1
da-15-2--rep-002--solver-luna--user-simulator-red-team-trace,da-15-2,2,user-simulator-red-team-trace,user,9,7,False,/data/user_data/aydanh/rubric_gen/runs/trace-attack-defense-v21-20260911/result20/study/biomnibench-da-factorial-r10-5115fffdd1c0/experiments/da-15-2/rep-002/luna/user-simulator-red-team-trace/rubric-generations/generation-0009,ca9f301d4ea6ebf85d08c32745bdbe90ff07c6e5d3fddf4aa6e2449196195d38,2,0,"{""aggregate_margin_failed"": 1, ""criterion_support_failed"": 1}",4,16,11,101,909,95,79,16,0,3,0,0,0,"[""pair_75c8d65ef6d61346"", ""pair_d2a9a732b6788753""]","{""ADD"": 2}",2,0,0
da-15-2--rep-002--solver-luna--user-simulator-red-team-trace,da-15-2,2,user-simulator-red-team-trace,user,10,8,False,/data/user_data/aydanh/rubric_gen/runs/trace-attack-defense-v21-20260911/result20/study/biomnibench-da-factorial-r10-5115fffdd1c0/experiments/da-15-2/rep-002/luna/user-simulator-red-team-trace/rubric-generations/generation-0010,8e4a5506780b4808995655d9cb256dd073ab2c8ef61178157601cc6a548cfc2a,1,0,"{""aggregate_margin_failed"": 1}",4,18,12,111,999,85,10,75,0,3,0,0,0,"[""pair_74852ddbd3457af5"", ""pair_75c8d65ef6d61346""]","{""NO_SUPPORTED_RELATION"": 1, ""ADD"": 1}",1,0,1
da-15-2--rep-002--solver-luna--user-simulator-red-team-trace,da-15-2,2,user-simulator-red-team-trace,user,11,9,False,/data/user_data/aydanh/rubric_gen/runs/trace-attack-defense-v21-20260911/result20/study/biomnibench-da-factorial-r10-5115fffdd1c0/experiments/da-15-2/rep-002/luna/user-simulator-red-team-trace/rubric-generations/generation-0011,c0a45494866d2cfc684b4ad1833157b42c201b2949197f658e260e3955ed57dd,1,0,"{""aggregate_margin_failed"": 1}",4,20,13,121,1089,93,9,84,0,3,0,0,0,"[""pair_75c8d65ef6d61346"", ""pair_74852ddbd3457af5""]","{""ADD"": 1, ""NO_SUPPORTED_RELATION"": 1}",1,0,1
da-18-5--rep-003--solver-luna--full-red-team-trace,da-18-5,3,full-red-team-trace,full,1,,True,/data/user_data/aydanh/rubric_gen/runs/trace-attack-defense-v21-20260911/result20/study/biomnibench-da-factorial-r10-5115fffdd1c0/experiments/da-18-5/rep-003/luna/full-red-team-trace/rubric-generations/generation-0001,240822d25a13ee8ab44b8c97970ce504feb321b79947e1fa216390476a8d3a60,0,0,{},0,3,2,,72,,,,,,,,,,,,,
da-18-5--rep-003--solver-luna--full-red-team-trace,da-18-5,3,full-red-team-trace,full,2,0,False,/data/user_data/aydanh/rubric_gen/runs/trace-attack-defense-v21-20260911/result20/study/biomnibench-da-factorial-r10-5115fffdd1c0/experiments/da-18-5/rep-003/luna/full-red-team-trace/rubric-generations/generation-0002,b095b44b884bf5e06867e90db652ec8b2b23692f5b92a09d37cc6e37f36b9316,2,2,"{""accepted"": 2}",2,4,3,30,270,30,30,0,0,0,0,0,0,"[""pair_b1e214910d6b18fa"", ""pair_4cd235ec7e936d86""]","{""ADD"": 2}",2,0,0
da-18-5--rep-003--solver-luna--full-red-team-trace,da-18-5,3,full-red-team-trace,full,3,1,False,/data/user_data/aydanh/rubric_gen/runs/trace-attack-defense-v21-20260911/result20/study/biomnibench-da-factorial-r10-5115fffdd1c0/experiments/da-18-5/rep-003/luna/full-red-team-trace/rubric-generations/generation-0003,e202e281e93410e4eb31b130eaab7a5ea4efcca43fd2662b1249a963a367b30a,0,0,{},2,6,2,40,360,22,18,4,0,0,0,0,0,"[""pair_43d75fcc29072d21"", ""pair_b1e214910d6b18fa""]","{""NO_SUPPORTED_RELATION"": 2}",0,0,2
da-18-5--rep-003--solver-luna--full-red-team-trace,da-18-5,3,full-red-team-trace,full,4,2,False,/data/user_data/aydanh/rubric_gen/runs/trace-attack-defense-v21-20260911/result20/study/biomnibench-da-factorial-r10-5115fffdd1c0/experiments/da-18-5/rep-003/luna/full-red-team-trace/rubric-generations/generation-0004,59373d359bbf0e1d559b68f5ae9a51794f2c62a1bca5cda46878dc3d72fe3175,0,0,{},2,8,2,51,459,29,7,22,0,1,0,0,0,"[""pair_b1e214910d6b18fa"", ""pair_43d75fcc29072d21""]","{""NO_SUPPORTED_RELATION"": 2}",0,0,2
da-18-5--rep-003--solver-luna--full-red-team-trace,da-18-5,3,full-red-team-trace,full,5,3,False,/data/user_data/aydanh/rubric_gen/runs/trace-attack-defense-v21-20260911/result20/study/biomnibench-da-factorial-r10-5115fffdd1c0/experiments/da-18-5/rep-003/luna/full-red-team-trace/rubric-generations/generation-0005,c1c7fd791764ff269ea1aa00bdacf8d59df97937528702ce7d38d3b88b760e7b,0,0,{},2,9,3,56,504,32,4,28,0,1,0,0,0,"[""pair_7df00cb55e3964f4"", ""pair_b1e214910d6b18fa""]","{""NO_SUPPORTED_RELATION"": 2}",0,0,2
da-18-5--rep-003--solver-luna--full-red-team-trace,da-18-5,3,full-red-team-trace,full,6,4,False,/data/user_data/aydanh/rubric_gen/runs/trace-attack-defense-v21-20260911/result20/study/biomnibench-da-factorial-r10-5115fffdd1c0/experiments/da-18-5/rep-003/luna/full-red-team-trace/rubric-generations/generation-0006,549bcc815a68c5f3c578028a9b1b5f8f2ff954fd4008d564e41bd382c328f56e,0,0,{},2,10,3,61,549,35,3,32,0,1,0,0,0,"[""pair_b1e214910d6b18fa"", ""pair_7df00cb55e3964f4""]","{""NO_SUPPORTED_RELATION"": 2}",0,0,2
da-19-1--rep-001--solver-luna--full-red-team-trace,da-19-1,1,full-red-team-trace,full,1,,True,/data/user_data/aydanh/rubric_gen/runs/trace-attack-defense-v21-20260911/result20/study/biomnibench-da-factorial-r10-5115fffdd1c0/experiments/da-19-1/rep-001/luna/full-red-team-trace/rubric-generations/generation-0001,bd3ed154c62dc9824b98283618ff2d7feba44683a5795661e2aabe39cb516751,1,0,"{""criterion_support_failed"": 1}",0,3,3,,72,,,,,,,,,,,,,
da-19-1--rep-001--solver-luna--full-red-team-trace,da-19-1,1,full-red-team-trace,full,2,0,False,/data/user_data/aydanh/rubric_gen/runs/trace-attack-defense-v21-20260911/result20/study/biomnibench-da-factorial-r10-5115fffdd1c0/experiments/da-19-1/rep-001/luna/full-red-team-trace/rubric-generations/generation-0002,cd0e34d1c579c839ccd9532b5861a035b579cf4bef2f412ee87fc3ecd78453da,0,0,{},0,4,4,30,270,16,16,0,0,0,0,0,0,"[""pair_4ea3b236a9878b9f"", ""pair_33288a725eb546a4""]","{""PREFERENCE_CONFLICT"": 2}",0,0,2
da-19-1--rep-001--solver-luna--full-red-team-trace,da-19-1,1,full-red-team-trace,full,3,1,False,/data/user_data/aydanh/rubric_gen/runs/trace-attack-defense-v21-20260911/result20/study/biomnibench-da-factorial-r10-5115fffdd1c0/experiments/da-19-1/rep-001/luna/full-red-team-trace/rubric-generations/generation-0003,53fb68e4a07712bb44feaab0651155564687ee20036ce3e05904680687fd1f01,1,1,"{""accepted"": 1}",1,6,6,40,360,31,17,14,0,0,0,0,0,"[""pair_fcbfa60cb0bb1a59"", ""pair_33288a725eb546a4""]","{""ADD"": 1, ""PREFERENCE_CONFLICT"": 1}",1,0,1
da-19-1--rep-001--solver-luna--full-red-team-trace,da-19-1,1,full-red-team-trace,full,4,2,False,/data/user_data/aydanh/rubric_gen/runs/trace-attack-defense-v21-20260911/result20/study/biomnibench-da-factorial-r10-5115fffdd1c0/experiments/da-19-1/rep-001/luna/full-red-team-trace/rubric-generations/generation-0004,73a48a65f600cb6e363f12c68c47e4bd0fa538636ac36fc0b2325486bbd7764c,0,0,{},1,7,6,45,405,25,19,6,0,0,0,0,0,"[""pair_5a6bc09f621002b5"", ""pair_33288a725eb546a4""]","{""NO_SUPPORTED_RELATION"": 1, ""PREFERENCE_CONFLICT"": 1}",0,0,2
da-19-1--rep-001--solver-luna--full-red-team-trace,da-19-1,1,full-red-team-trace,full,5,3,False,/data/user_data/aydanh/rubric_gen/runs/trace-attack-defense-v21-20260911/result20/study/biomnibench-da-factorial-r10-5115fffdd1c0/experiments/da-19-1/rep-001/luna/full-red-team-trace/rubric-generations/generation-0005,5465e4017df96378a1c0c94b2c26e53b0551f43468f057a973380982c5400019,1,1,"{""accepted"": 1}",2,8,7,50,450,39,16,23,0,0,0,0,0,"[""pair_6d47b63012e1de08"", ""pair_33288a725eb546a4""]","{""ADD"": 1, ""NO_SUPPORTED_RELATION"": 1}",1,0,1
da-19-1--rep-001--solver-luna--full-red-team-trace,da-19-1,1,full-red-team-trace,full,6,4,False,/data/user_data/aydanh/rubric_gen/runs/trace-attack-defense-v21-20260911/result20/study/biomnibench-da-factorial-r10-5115fffdd1c0/experiments/da-19-1/rep-001/luna/full-red-team-trace/rubric-generations/generation-0006,1a2723d137f8d8361440e5d0c63d3d1e43d7cbb985cf1511595754a8b10cccab,0,0,{},2,9,4,55,495,31,23,8,0,0,0,0,0,"[""pair_7f575ac0b1543d30"", ""pair_33288a725eb546a4""]","{""NO_SUPPORTED_RELATION"": 1, ""PREFERENCE_CONFLICT"": 1}",0,0,2
da-13-5--rep-002--solver-luna--user-simulator-red-team-trace,da-13-5,2,user-simulator-red-team-trace,user,1,,True,/data/user_data/aydanh/rubric_gen/runs/trace-attack-defense-v21-20260911/result20/study/biomnibench-da-factorial-r10-5115fffdd1c0/experiments/da-13-5/rep-002/luna/user-simulator-red-team-trace/rubric-generations/generation-0001,ddb893d08572fa2247cccf410ebe38cf2d0430c0a45ef1010068af8a7d57eb11,1,0,"{""criterion_support_failed"": 1}",0,3,1,,72,,,,,,,,,,,,,
da-13-5--rep-002--solver-luna--user-simulator-red-team-trace,da-13-5,2,user-simulator-red-team-trace,user,2,0,False,/data/user_data/aydanh/rubric_gen/runs/trace-attack-defense-v21-20260911/result20/study/biomnibench-da-factorial-r10-5115fffdd1c0/experiments/da-13-5/rep-002/luna/user-simulator-red-team-trace/rubric-generations/generation-0002,d1cb68cbde639da6f0ae2028095d78bc96ea8a34b88d9d27895cf45039d1708e,0,0,{},0,4,0,14,126,14,14,0,0,0,0,0,0,[],{},0,0,0
da-13-5--rep-002--solver-luna--user-simulator-red-team-trace,da-13-5,2,user-simulator-red-team-trace,user,3,1,False,/data/user_data/aydanh/rubric_gen/runs/trace-attack-defense-v21-20260911/result20/study/biomnibench-da-factorial-r10-5115fffdd1c0/experiments/da-13-5/rep-002/luna/user-simulator-red-team-trace/rubric-generations/generation-0003,e1b2834eeec92d0cd8365d6045c071cbdd4ee22a44500e106f7dcba7f0763115,1,1,"{""accepted"": 1}",1,6,1,30,270,30,16,14,0,0,0,0,0,"[""pair_e405e30e721daefd""]","{""ADD"": 1}",1,0,0
da-13-5--rep-002--solver-luna--user-simulator-red-team-trace,da-13-5,2,user-simulator-red-team-trace,user,4,2,False,/data/user_data/aydanh/rubric_gen/runs/trace-attack-defense-v21-20260911/result20/study/biomnibench-da-factorial-r10-5115fffdd1c0/experiments/da-13-5/rep-002/luna/user-simulator-red-team-trace/rubric-generations/generation-0004,26f24230af38492a86803579bfc01e6c466e61263433e93bdb8210f786b1c1cc,0,0,{},1,8,4,51,459,29,23,6,0,1,0,0,0,"[""pair_aa197a0f3ccceb39"", ""pair_6c9b4c5fe63d56b9""]","{""PREFERENCE_CONFLICT"": 2}",0,0,2
da-13-5--rep-002--solver-luna--user-simulator-red-team-trace,da-13-5,2,user-simulator-red-team-trace,user,5,3,False,/data/user_data/aydanh/rubric_gen/runs/trace-attack-defense-v21-20260911/result20/study/biomnibench-da-factorial-r10-5115fffdd1c0/experiments/da-13-5/rep-002/luna/user-simulator-red-team-trace/rubric-generations/generation-0005,d837bbdd70453cc22f613e91136b4e53757411619a1e937789e379f203244489,0,0,{},1,9,4,61,549,35,8,27,0,2,0,0,0,"[""pair_18593d65c8f1b3dd"", ""pair_6c9b4c5fe63d56b9""]","{""PREFERENCE_CONFLICT"": 2}",0,0,2
da-13-5--rep-002--solver-luna--user-simulator-red-team-trace,da-13-5,2,user-simulator-red-team-trace,user,6,4,False,/data/user_data/aydanh/rubric_gen/runs/trace-attack-defense-v21-20260911/result20/study/biomnibench-da-factorial-r10-5115fffdd1c0/experiments/da-13-5/rep-002/luna/user-simulator-red-team-trace/rubric-generations/generation-0006,970c397f40869bd56a90a059cbdd255837984971af2206c02d0de2e62aa85097,0,0,{},1,10,4,66,594,38,3,35,0,2,0,0,0,"[""pair_18593d65c8f1b3dd"", ""pair_6c9b4c5fe63d56b9""]","{""PREFERENCE_CONFLICT"": 2}",0,0,2
da-10-3--rep-002--solver-luna--user-simulator-red-team-trace,da-10-3,2,user-simulator-red-team-trace,user,1,,True,/data/user_data/aydanh/rubric_gen/runs/trace-attack-defense-v21-20260911/result20/study/biomnibench-da-factorial-r10-5115fffdd1c0/experiments/da-10-3/rep-002/luna/user-simulator-red-team-trace/rubric-generations/generation-0001,715ae309b8ff60a3433c3d48dff736a2c88873fb8740e20ab8e73bbf94d1d049,1,0,"{""aggregate_margin_failed"": 1}",0,3,1,,72,,,,,,,,,,,,,
da-10-3--rep-002--solver-luna--user-simulator-red-team-trace,da-10-3,2,user-simulator-red-team-trace,user,2,0,False,/data/user_data/aydanh/rubric_gen/runs/trace-attack-defense-v21-20260911/result20/study/biomnibench-da-factorial-r10-5115fffdd1c0/experiments/da-10-3/rep-002/luna/user-simulator-red-team-trace/rubric-generations/generation-0002,dd1991f4ca4947ce9567e399f083e7f288214f975f4ceebb5df5dce3b8384ff9,0,0,{},0,3,3,30,270,16,16,0,0,1,0,0,0,"[""pair_7a08f0753cd32b53"", ""pair_51d83c15b0c2aa1b""]","{""PREFERENCE_CONFLICT"": 2}",0,0,2
da-10-3--rep-002--solver-luna--user-simulator-red-team-trace,da-10-3,2,user-simulator-red-team-trace,user,3,1,False,/data/user_data/aydanh/rubric_gen/runs/trace-attack-defense-v21-20260911/result20/study/biomnibench-da-factorial-r10-5115fffdd1c0/experiments/da-10-3/rep-002/luna/user-simulator-red-team-trace/rubric-generations/generation-0003,2030ad52b40e85a8db3911be1499c0f980cd3fad1b0ae17959851e54e9a75e7e,1,1,"{""accepted"": 1}",1,5,5,40,360,30,16,14,0,1,0,0,0,"[""pair_e9511a8142ad2fde"", ""pair_00a39733009aa34f""]","{""ADD"": 1, ""PREFERENCE_CONFLICT"": 1}",1,0,1
da-10-3--rep-002--solver-luna--user-simulator-red-team-trace,da-10-3,2,user-simulator-red-team-trace,user,4,2,False,/data/user_data/aydanh/rubric_gen/runs/trace-attack-defense-v21-20260911/result20/study/biomnibench-da-factorial-r10-5115fffdd1c0/experiments/da-10-3/rep-002/luna/user-simulator-red-team-trace/rubric-generations/generation-0004,c939d401a38d07be7fb2ffe68c28fef0b1b31b144dc022944576baec4258013e,1,0,"{""criterion_support_failed"": 1}",1,8,5,51,459,39,33,6,0,1,0,0,0,"[""pair_1f84ab92e7bfec1a"", ""pair_00a39733009aa34f""]","{""ADD"": 1, ""PREFERENCE_CONFLICT"": 1}",1,0,1
da-10-3--rep-002--solver-luna--user-simulator-red-team-trace,da-10-3,2,user-simulator-red-team-trace,user,5,3,False,/data/user_data/aydanh/rubric_gen/runs/trace-attack-defense-v21-20260911/result20/study/biomnibench-da-factorial-r10-5115fffdd1c0/experiments/da-10-3/rep-002/luna/user-simulator-red-team-trace/rubric-generations/generation-0005,20140eceb3d8b8547e52c4341bc7c0914c8a659d46facffba803dab0b0d3e13e,1,0,"{""criterion_support_failed"": 1}",1,9,6,61,549,46,8,38,0,2,0,0,0,"[""pair_00a39733009aa34f"", ""pair_1f84ab92e7bfec1a""]","{""PREFERENCE_CONFLICT"": 1, ""ADD"": 1}",1,0,1
da-10-3--rep-002--solver-luna--user-simulator-red-team-trace,da-10-3,2,user-simulator-red-team-trace,user,6,4,False,/data/user_data/aydanh/rubric_gen/runs/trace-attack-defense-v21-20260911/result20/study/biomnibench-da-factorial-r10-5115fffdd1c0/experiments/da-10-3/rep-002/luna/user-simulator-red-team-trace/rubric-generations/generation-0006,621b9436791181028104585e2b62d28a960adf9fb066b361cbaecc37160c72e7,1,0,"{""aggregate_margin_failed"": 1}",1,11,8,71,639,54,21,33,0,2,0,0,0,"[""pair_ec33f0329f4c5663"", ""pair_00a39733009aa34f""]","{""ADD"": 1, ""PREFERENCE_CONFLICT"": 1}",1,0,1
da-10-3--rep-002--solver-luna--user-simulator-red-team-trace,da-10-3,2,user-simulator-red-team-trace,user,7,5,False,/data/user_data/aydanh/rubric_gen/runs/trace-attack-defense-v21-20260911/result20/study/biomnibench-da-factorial-r10-5115fffdd1c0/experiments/da-10-3/rep-002/luna/user-simulator-red-team-trace/rubric-generations/generation-0007,661c81452357784756750c278b87dcadea836ce847f628d62570c128da79ae42,1,0,{},1,13,10,81,729,62,23,39,0,2,0,0,0,"[""pair_314695322e335c33"", ""pair_00a39733009aa34f""]","{""ADD"": 1, ""PREFERENCE_CONFLICT"": 1}",1,0,2
da-10-3--rep-002--solver-luna--user-simulator-red-team-trace,da-10-3,2,user-simulator-red-team-trace,user,8,6,False,/data/user_data/aydanh/rubric_gen/runs/trace-attack-defense-v21-20260911/result20/study/biomnibench-da-factorial-r10-5115fffdd1c0/experiments/da-10-3/rep-002/luna/user-simulator-red-team-trace/rubric-generations/generation-0008,e27fbccc59e31a1c22ac7caa17fe2eb11b4f96c48be84107e6dff2e2c2181455,1,0,"{""aggregate_margin_failed"": 1}",1,14,11,91,819,70,25,45,0,3,0,0,0,"[""pair_9ed547c6d855ffde"", ""pair_00a39733009aa34f""]","{""ADD"": 1, ""PREFERENCE_CONFLICT"": 1}",1,0,1
da-10-3--rep-002--solver-luna--user-simulator-red-team-trace,da-10-3,2,user-simulator-red-team-trace,user,9,7,False,/data/user_data/aydanh/rubric_gen/runs/trace-attack-defense-v21-20260911/result20/study/biomnibench-da-factorial-r10-5115fffdd1c0/experiments/da-10-3/rep-002/luna/user-simulator-red-team-trace/rubric-generations/generation-0009,8611a46aca9c9ec998e22764507ff720dd0d7a45940c28f3780b52415b11ed66,2,0,"{""aggregate_margin_failed"": 2}",1,15,12,101,909,97,29,68,0,4,0,0,0,"[""pair_ad73d03450d1fbce"", ""pair_9ed547c6d855ffde""]","{""ADD"": 2}",2,0,0
da-10-3--rep-002--solver-luna--user-simulator-red-team-trace,da-10-3,2,user-simulator-red-team-trace,user,10,8,False,/data/user_data/aydanh/rubric_gen/runs/trace-attack-defense-v21-20260911/result20/study/biomnibench-da-factorial-r10-5115fffdd1c0/experiments/da-10-3/rep-002/luna/user-simulator-red-team-trace/rubric-generations/generation-0010,0f603b2860a1f3e6996c23d9cb11609837114f789f5d5cda1376233b3efa27ed,0,0,{},1,17,14,111,999,65,9,56,0,4,0,0,0,"[""pair_267507f0ab9ba8d3"", ""pair_15bee68fe28feb7e""]","{""NO_SUPPORTED_RELATION"": 2}",0,0,2
da-10-3--rep-002--solver-luna--user-simulator-red-team-trace,da-10-3,2,user-simulator-red-team-trace,user,11,9,False,/data/user_data/aydanh/rubric_gen/runs/trace-attack-defense-v21-20260911/result20/study/biomnibench-da-factorial-r10-5115fffdd1c0/experiments/da-10-3/rep-002/luna/user-simulator-red-team-trace/rubric-generations/generation-0011,4509598acd07faba61c5acaf083065e200a64b02e4737329739e7ff073df48a3,1,0,"{""aggregate_margin_failed"": 1}",1,19,15,121,1089,94,11,83,0,4,0,0,0,"[""pair_15bee68fe28feb7e"", ""pair_9ed547c6d855ffde""]","{""NO_SUPPORTED_RELATION"": 1, ""ADD"": 1}",1,0,1
da-14-1--rep-002--solver-luna--full-red-team-trace,da-14-1,2,full-red-team-trace,full,1,,True,/data/user_data/aydanh/rubric_gen/runs/trace-attack-defense-v21-20260911/result20/study/biomnibench-da-factorial-r10-5115fffdd1c0/experiments/da-14-1/rep-002/luna/full-red-team-trace/rubric-generations/generation-0001,3b327987df1b285cb705f8a1768cd769377b4e96c3fa35154f6018e76f70ee9f,1,1,"{""accepted"": 1}",1,3,2,,72,,,,,,,,,,,,,
da-14-1--rep-002--solver-luna--full-red-team-trace,da-14-1,2,full-red-team-trace,full,2,0,False,/data/user_data/aydanh/rubric_gen/runs/trace-attack-defense-v21-20260911/result20/study/biomnibench-da-factorial-r10-5115fffdd1c0/experiments/da-14-1/rep-002/luna/full-red-team-trace/rubric-generations/generation-0002,1ae23c2bc8863efb1c54bccdd0b8a6cb4fda27ce5993fce2681a3030bdeda72f,1,1,"{""accepted"": 1}",2,4,2,22,198,22,22,0,0,0,0,0,0,"[""pair_c0cdc4d73c9a5061""]","{""ADD"": 1}",1,0,0
da-14-1--rep-002--solver-luna--full-red-team-trace,da-14-1,2,full-red-team-trace,full,3,1,False,/data/user_data/aydanh/rubric_gen/runs/trace-attack-defense-v21-20260911/result20/study/biomnibench-da-factorial-r10-5115fffdd1c0/experiments/da-14-1/rep-002/luna/full-red-team-trace/rubric-generations/generation-0003,f7153d8ce186c57c31454d1e8c238a21c8ff67ed3debfd70e5e277839e416608,1,0,"{""aggregate_margin_failed"": 1}",2,6,3,40,360,31,27,4,0,0,0,0,0,"[""pair_552fbcf1f37e2c71"", ""pair_0b4e12d61a32e4dc""]","{""ADD"": 1, ""PREFERENCE_CONFLICT"": 1}",1,0,1
da-14-1--rep-002--solver-luna--full-red-team-trace,da-14-1,2,full-red-team-trace,full,4,2,False,/data/user_data/aydanh/rubric_gen/runs/trace-attack-defense-v21-20260911/result20/study/biomnibench-da-factorial-r10-5115fffdd1c0/experiments/da-14-1/rep-002/luna/full-red-team-trace/rubric-generations/generation-0004,2899a7aeb867fffe96263467ec95d552ebe3dd720a706ba8f0bcc119d57f211b,1,1,"{""accepted"": 1}",3,7,4,45,405,35,15,20,0,0,0,0,0,"[""pair_36d22a6d1a066e28"", ""pair_552fbcf1f37e2c71""]","{""ADD"": 1, ""PREFERENCE_CONFLICT"": 1}",1,0,1
da-14-1--rep-002--solver-luna--full-red-team-trace,da-14-1,2,full-red-team-trace,full,5,3,False,/data/user_data/aydanh/rubric_gen/runs/trace-attack-defense-v21-20260911/result20/study/biomnibench-da-factorial-r10-5115fffdd1c0/experiments/da-14-1/rep-002/luna/full-red-team-trace/rubric-generations/generation-0005,78180cced7409c322ce65709ddd5a4664475ea47be7f8d11d9335f62123aac6a,1,0,"{""criterion_support_failed"": 1}",3,10,5,56,504,44,37,7,0,0,0,0,0,"[""pair_d998e4eb6af74411"", ""pair_c0cdc4d73c9a5061""]","{""ADD"": 1, ""PREFERENCE_CONFLICT"": 1}",1,0,1
da-14-1--rep-002--solver-luna--full-red-team-trace,da-14-1,2,full-red-team-trace,full,6,4,False,/data/user_data/aydanh/rubric_gen/runs/trace-attack-defense-v21-20260911/result20/study/biomnibench-da-factorial-r10-5115fffdd1c0/experiments/da-14-1/rep-002/luna/full-red-team-trace/rubric-generations/generation-0006,786660c705dc692cdab1ab62976be417040295827e53ba981e5255a03e5e4403,1,0,"{""criterion_support_failed"": 1}",3,11,5,61,549,48,4,44,0,0,0,0,0,"[""pair_c0cdc4d73c9a5061"", ""pair_d998e4eb6af74411""]","{""PREFERENCE_CONFLICT"": 1, ""ADD"": 1}",1,0,1
da-15-7--rep-003--solver-luna--user-simulator-red-team-trace,da-15-7,3,user-simulator-red-team-trace,user,1,,True,/data/user_data/aydanh/rubric_gen/runs/trace-attack-defense-v21-20260911/result20/study/biomnibench-da-factorial-r10-5115fffdd1c0/experiments/da-15-7/rep-003/luna/user-simulator-red-team-trace/rubric-generations/generation-0001,6093c41ec11d51fe2deb7cad44a4944d79e5bfbbbf9f9a16bd243375360c05d0,2,0,"{""criterion_support_failed"": 2}",0,3,3,,72,,,,,,,,,,,,,
da-15-7--rep-003--solver-luna--user-simulator-red-team-trace,da-15-7,3,user-simulator-red-team-trace,user,2,0,False,/data/user_data/aydanh/rubric_gen/runs/trace-attack-defense-v21-20260911/result20/study/biomnibench-da-factorial-r10-5115fffdd1c0/experiments/da-15-7/rep-003/luna/user-simulator-red-team-trace/rubric-generations/generation-0002,2ec90206b4eb13e82acb5be416536868072cbacfb7696a1b41e1a9de4a922709,1,0,"{""aggregate_margin_failed"": 1}",0,4,4,30,270,23,23,0,0,0,0,0,0,"[""pair_326c91eb3093b6e3"", ""pair_5eb7b2cbfbcecab9""]","{""ADD"": 1, ""PREFERENCE_CONFLICT"": 1}",1,0,1
da-15-7--rep-003--solver-luna--user-simulator-red-team-trace,da-15-7,3,user-simulator-red-team-trace,user,3,1,False,/data/user_data/aydanh/rubric_gen/runs/trace-attack-defense-v21-20260911/result20/study/biomnibench-da-factorial-r10-5115fffdd1c0/experiments/da-15-7/rep-003/luna/user-simulator-red-team-trace/rubric-generations/generation-0003,800d1c57487055bbbb29ae0931aa19da55721ff78b6775e9b3578698118b51ba,0,0,{},0,6,6,40,360,22,7,15,0,0,0,0,0,"[""pair_13aaa6e35da3a787"", ""pair_5eb7b2cbfbcecab9""]","{""NO_SUPPORTED_RELATION"": 1, ""PREFERENCE_CONFLICT"": 1}",0,0,2
da-15-7--rep-003--solver-luna--user-simulator-red-team-trace,da-15-7,3,user-simulator-red-team-trace,user,4,2,False,/data/user_data/aydanh/rubric_gen/runs/trace-attack-defense-v21-20260911/result20/study/biomnibench-da-factorial-r10-5115fffdd1c0/experiments/da-15-7/rep-003/luna/user-simulator-red-team-trace/rubric-generations/generation-0004,fe7aabdf4df1ec5d29f9776d6019fd86c86869df1cd402d0fc06c9fb0469a53d,1,0,"{""criterion_support_failed"": 1}",0,9,9,51,459,40,20,20,0,0,0,0,0,"[""pair_4c93fd17c32bd2d9"", ""pair_36394613a9edc7a5""]","{""ADD"": 1, ""PREFERENCE_CONFLICT"": 1}",1,0,1
da-15-7--rep-003--solver-luna--user-simulator-red-team-trace,da-15-7,3,user-simulator-red-team-trace,user,5,3,False,/data/user_data/aydanh/rubric_gen/runs/trace-attack-defense-v21-20260911/result20/study/biomnibench-da-factorial-r10-5115fffdd1c0/experiments/da-15-7/rep-003/luna/user-simulator-red-team-trace/rubric-generations/generation-0005,25ca68e0738d1b21c50b6730485c18914e77376cb9fb01f122d5e315c7c5b611,0,0,{},0,11,10,61,549,35,9,26,0,0,0,0,0,"[""pair_baa84b91b0eb534b"", ""pair_117671c284c1da2a""]","{""NO_SUPPORTED_RELATION"": 1, ""PREFERENCE_CONFLICT"": 1}",0,0,2
da-15-7--rep-003--solver-luna--user-simulator-red-team-trace,da-15-7,3,user-simulator-red-team-trace,user,6,4,False,/data/user_data/aydanh/rubric_gen/runs/trace-attack-defense-v21-20260911/result20/study/biomnibench-da-factorial-r10-5115fffdd1c0/experiments/da-15-7/rep-003/luna/user-simulator-red-team-trace/rubric-generations/generation-0006,b9f03616ee087a5f73488d2df2cdc76d7f803840e8a7d7b529819d32ff24de4b,1,1,"{""accepted"": 1}",1,13,11,71,639,56,24,32,0,0,0,0,0,"[""pair_c38def1d50f76d31"", ""pair_6015d57b63a497e5""]","{""ADD"": 1, ""PREFERENCE_CONFLICT"": 1}",1,0,1
da-15-7--rep-003--solver-luna--user-simulator-red-team-trace,da-15-7,3,user-simulator-red-team-trace,user,7,5,False,/data/user_data/aydanh/rubric_gen/runs/trace-attack-defense-v21-20260911/result20/study/biomnibench-da-factorial-r10-5115fffdd1c0/experiments/da-15-7/rep-003/luna/user-simulator-red-team-trace/rubric-generations/generation-0007,c77f0a5d9c21e438d487e605e296c1e5cb9c42e4c09767a4227fc971fecb6a3c,0,0,{},1,15,11,81,729,47,35,12,0,0,0,0,0,"[""pair_45c506dcffcc25e1"", ""pair_baa84b91b0eb534b""]","{""PREFERENCE_CONFLICT"": 2}",0,0,2
da-15-7--rep-003--solver-luna--user-simulator-red-team-trace,da-15-7,3,user-simulator-red-team-trace,user,8,6,False,/data/user_data/aydanh/rubric_gen/runs/trace-attack-defense-v21-20260911/result20/study/biomnibench-da-factorial-r10-5115fffdd1c0/experiments/da-15-7/rep-003/luna/user-simulator-red-team-trace/rubric-generations/generation-0008,0aa60a7a18480e6f43b923b978b56ec66ec804a8f5ff4f1ac21aad6bec2e667a,1,0,"{""aggregate_margin_failed"": 1}",1,17,13,91,819,72,27,45,0,0,0,0,0,"[""pair_7c0ddb52f8a36bb7"", ""pair_baa84b91b0eb534b""]","{""ADD"": 1, ""PREFERENCE_CONFLICT"": 1}",1,0,1
da-15-7--rep-003--solver-luna--user-simulator-red-team-trace,da-15-7,3,user-simulator-red-team-trace,user,9,7,False,/data/user_data/aydanh/rubric_gen/runs/trace-attack-defense-v21-20260911/result20/study/biomnibench-da-factorial-r10-5115fffdd1c0/experiments/da-15-7/rep-003/luna/user-simulator-red-team-trace/rubric-generations/generation-0009,155d6f2f56c283d776b74dfeb34cde4fccdfa535d6ca933a59e0f0a6f9e024e6,0,0,{},1,18,14,101,909,59,9,50,0,1,0,0,0,"[""pair_cbba3e5793b8ded3"", ""pair_3cb0f0212f9511ed""]","{""NO_SUPPORTED_RELATION"": 1, ""PREFERENCE_CONFLICT"": 1}",0,0,2
da-15-7--rep-003--solver-luna--user-simulator-red-team-trace,da-15-7,3,user-simulator-red-team-trace,user,10,8,False,/data/user_data/aydanh/rubric_gen/runs/trace-attack-defense-v21-20260911/result20/study/biomnibench-da-factorial-r10-5115fffdd1c0/experiments/da-15-7/rep-003/luna/user-simulator-red-team-trace/rubric-generations/generation-0010,d8cd43fec7036843cb0cf36c82d804827e4124f1fd5c224090d5c75b1410c602,1,0,"{""aggregate_margin_failed"": 1}",1,20,15,111,999,88,32,56,0,1,0,0,0,"[""pair_f07ef68eee357cd2"", ""pair_bbe0ad549520cfce""]","{""ADD"": 1, ""PREFERENCE_CONFLICT"": 1}",1,0,1
da-15-7--rep-003--solver-luna--user-simulator-red-team-trace,da-15-7,3,user-simulator-red-team-trace,user,11,9,False,/data/user_data/aydanh/rubric_gen/runs/trace-attack-defense-v21-20260911/result20/study/biomnibench-da-factorial-r10-5115fffdd1c0/experiments/da-15-7/rep-003/luna/user-simulator-red-team-trace/rubric-generations/generation-0011,1cd825943345567dbb899049f696a3f9b53a7169ac438b8d74b81ae9b2661564,0,0,{},1,21,16,121,1089,71,8,63,0,2,0,0,0,"[""pair_12bcca27291ef936"", ""pair_baa84b91b0eb534b""]","{""PREFERENCE_CONFLICT"": 2}",0,0,2
da-15-8--rep-001--solver-luna--full-red-team-trace,da-15-8,1,full-red-team-trace,full,1,,True,/data/user_data/aydanh/rubric_gen/runs/trace-attack-defense-v21-20260911/result20/study/biomnibench-da-factorial-r10-5115fffdd1c0/experiments/da-15-8/rep-001/luna/full-red-team-trace/rubric-generations/generation-0001,5902ac8043f4a37db3b019bf2aad7f61aa989357a723b635edf4f1f3843272b6,1,0,"{""criterion_support_failed"": 1}",0,3,3,,72,,,,,,,,,,,,,
da-15-8--rep-001--solver-luna--full-red-team-trace,da-15-8,1,full-red-team-trace,full,2,0,False,/data/user_data/aydanh/rubric_gen/runs/trace-attack-defense-v21-20260911/result20/study/biomnibench-da-factorial-r10-5115fffdd1c0/experiments/da-15-8/rep-001/luna/full-red-team-trace/rubric-generations/generation-0002,70574b39122553060c286e8d79fd768679d47275e4924222a3a42681d1da97f2,0,0,{},0,4,4,30,270,16,16,0,0,0,0,0,0,"[""pair_b777b776b605dc60"", ""pair_4167587e50af7ca3""]","{""PREFERENCE_CONFLICT"": 1, ""NO_SUPPORTED_RELATION"": 1}",0,0,2
da-15-8--rep-001--solver-luna--full-red-team-trace,da-15-8,1,full-red-team-trace,full,3,1,False,/data/user_data/aydanh/rubric_gen/runs/trace-attack-defense-v21-20260911/result20/study/biomnibench-da-factorial-r10-5115fffdd1c0/experiments/da-15-8/rep-001/luna/full-red-team-trace/rubric-generations/generation-0003,039e8329244a2505c10594bdb20678475b0608ac6f7af5840853f8aaa1935734,0,0,{},0,6,6,40,360,22,7,15,0,0,0,0,0,"[""pair_8782cfdb8a4d2c00"", ""pair_b777b776b605dc60""]","{""NO_SUPPORTED_RELATION"": 1, ""PREFERENCE_CONFLICT"": 1}",0,0,2
da-15-8--rep-001--solver-luna--full-red-team-trace,da-15-8,1,full-red-team-trace,full,4,2,False,/data/user_data/aydanh/rubric_gen/runs/trace-attack-defense-v21-20260911/result20/study/biomnibench-da-factorial-r10-5115fffdd1c0/experiments/da-15-8/rep-001/luna/full-red-team-trace/rubric-generations/generation-0004,93e4857dc8b8a00512cf0c44554c696359b35895d20b53325d0a209b69902209,1,0,"{""criterion_support_failed"": 1}",0,7,7,45,405,35,14,21,0,0,0,0,0,"[""pair_cc411a413d0d0ce5"", ""pair_8782cfdb8a4d2c00""]","{""ADD"": 1, ""NO_SUPPORTED_RELATION"": 1}",1,0,1
da-15-8--rep-001--solver-luna--full-red-team-trace,da-15-8,1,full-red-team-trace,full,5,3,False,/data/user_data/aydanh/rubric_gen/runs/trace-attack-defense-v21-20260911/result20/study/biomnibench-da-factorial-r10-5115fffdd1c0/experiments/da-15-8/rep-001/luna/full-red-team-trace/rubric-generations/generation-0005,ae365957c9662523115842bf2842d1bf606c6a19a5f0c41f0e5d3cd01249b9e7,0,0,{},0,8,8,50,450,28,4,24,0,0,0,0,0,"[""pair_0eec558b4387ed8b"", ""pair_8782cfdb8a4d2c00""]","{""NO_SUPPORTED_RELATION"": 2}",0,0,2
da-15-8--rep-001--solver-luna--full-red-team-trace,da-15-8,1,full-red-team-trace,full,6,4,False,/data/user_data/aydanh/rubric_gen/runs/trace-attack-defense-v21-20260911/result20/study/biomnibench-da-factorial-r10-5115fffdd1c0/experiments/da-15-8/rep-001/luna/full-red-team-trace/rubric-generations/generation-0006,3d9a5106aa4742fc6dec66e83d43c2545c7f9094ee4d2de2cb78b4f16efcc269,0,0,{},0,9,9,55,495,31,4,27,0,0,0,0,0,"[""pair_57cf450872c720b8"", ""pair_0eec558b4387ed8b""]","{""PREFERENCE_CONFLICT"": 1, ""NO_SUPPORTED_RELATION"": 1}",0,0,2
da-15-8--rep-002--solver-luna--full-red-team-trace,da-15-8,2,full-red-team-trace,full,1,,True,/data/user_data/aydanh/rubric_gen/runs/trace-attack-defense-v21-20260911/result20/study/biomnibench-da-factorial-r10-5115fffdd1c0/experiments/da-15-8/rep-002/luna/full-red-team-trace/rubric-generations/generation-0001,5902ac8043f4a37db3b019bf2aad7f61aa989357a723b635edf4f1f3843272b6,1,0,"{""criterion_support_failed"": 1}",0,3,3,,72,,,,,,,,,,,,,
da-15-8--rep-002--solver-luna--full-red-team-trace,da-15-8,2,full-red-team-trace,full,2,0,False,/data/user_data/aydanh/rubric_gen/runs/trace-attack-defense-v21-20260911/result20/study/biomnibench-da-factorial-r10-5115fffdd1c0/experiments/da-15-8/rep-002/luna/full-red-team-trace/rubric-generations/generation-0002,cc0f3993de928ce263767ed39fe2fbe37e41f6a042d38ae8c0d00c6abb981031,0,0,{},0,3,2,22,198,15,15,0,0,1,0,0,0,"[""pair_11cd2895c6cf0d71""]","{""PREFERENCE_CONFLICT"": 1}",0,0,1
da-15-8--rep-002--solver-luna--full-red-team-trace,da-15-8,2,full-red-team-trace,full,3,1,False,/data/user_data/aydanh/rubric_gen/runs/trace-attack-defense-v21-20260911/result20/study/biomnibench-da-factorial-r10-5115fffdd1c0/experiments/da-15-8/rep-002/luna/full-red-team-trace/rubric-generations/generation-0003,039e8329244a2505c10594bdb20678475b0608ac6f7af5840853f8aaa1935734,0,0,{},0,5,4,40,360,22,7,15,0,1,0,0,0,"[""pair_822a745ee06b6965"", ""pair_11cd2895c6cf0d71""]","{""PREFERENCE_CONFLICT"": 2}",0,0,2
da-15-8--rep-002--solver-luna--full-red-team-trace,da-15-8,2,full-red-team-trace,full,4,2,False,/data/user_data/aydanh/rubric_gen/runs/trace-attack-defense-v21-20260911/result20/study/biomnibench-da-factorial-r10-5115fffdd1c0/experiments/da-15-8/rep-002/luna/full-red-team-trace/rubric-generations/generation-0004,c9f96859daa3f401a9848f6c2a19ca3815f98ebd0ca589cd436c60d231df23ad,1,0,"{""aggregate_margin_failed"": 1}",0,8,7,51,459,40,20,20,0,1,0,0,0,"[""pair_89319f6177466ccd"", ""pair_06d7b1a6d4a75356""]","{""ADD"": 1, ""PREFERENCE_CONFLICT"": 1}",1,0,1
da-15-8--rep-002--solver-luna--full-red-team-trace,da-15-8,2,full-red-team-trace,full,5,3,False,/data/user_data/aydanh/rubric_gen/runs/trace-attack-defense-v21-20260911/result20/study/biomnibench-da-factorial-r10-5115fffdd1c0/experiments/da-15-8/rep-002/luna/full-red-team-trace/rubric-generations/generation-0005,8e55b787fb255b558f1534f96283e46e2debe4a9095147f9c5833e6a595117a7,0,0,{},0,10,8,61,549,35,8,27,0,1,0,0,0,"[""pair_38cdf5abdcb4e08f"", ""pair_822a745ee06b6965""]","{""PREFERENCE_CONFLICT"": 2}",0,0,2
da-15-8--rep-002--solver-luna--full-red-team-trace,da-15-8,2,full-red-team-trace,full,6,4,False,/data/user_data/aydanh/rubric_gen/runs/trace-attack-defense-v21-20260911/result20/study/biomnibench-da-factorial-r10-5115fffdd1c0/experiments/da-15-8/rep-002/luna/full-red-team-trace/rubric-generations/generation-0006,2c186131cdf74a9aec1e05a136c69dab1c8ae74b8bc28caf2546bda5c2a7e1fd,0,0,{},0,12,9,71,639,41,8,33,0,1,0,0,0,"[""pair_aedb5d8f8351eceb"", ""pair_822a745ee06b6965""]","{""PREFERENCE_CONFLICT"": 2}",0,0,2
da-15-8--rep-003--solver-luna--user-simulator-red-team-trace,da-15-8,3,user-simulator-red-team-trace,user,1,,True,/data/user_data/aydanh/rubric_gen/runs/trace-attack-defense-v21-20260911/result20/study/biomnibench-da-factorial-r10-5115fffdd1c0/experiments/da-15-8/rep-003/luna/user-simulator-red-team-trace/rubric-generations/generation-0001,5902ac8043f4a37db3b019bf2aad7f61aa989357a723b635edf4f1f3843272b6,1,0,"{""criterion_support_failed"": 1}",0,3,3,,72,,,,,,,,,,,,,
da-15-8--rep-003--solver-luna--user-simulator-red-team-trace,da-15-8,3,user-simulator-red-team-trace,user,2,0,False,/data/user_data/aydanh/rubric_gen/runs/trace-attack-defense-v21-20260911/result20/study/biomnibench-da-factorial-r10-5115fffdd1c0/experiments/da-15-8/rep-003/luna/user-simulator-red-team-trace/rubric-generations/generation-0002,cc0f3993de928ce263767ed39fe2fbe37e41f6a042d38ae8c0d00c6abb981031,0,0,{},0,3,1,22,198,15,15,0,0,1,0,0,0,"[""pair_7fe29363728dca28""]","{""PREFERENCE_CONFLICT"": 1}",0,0,1
da-15-8--rep-003--solver-luna--user-simulator-red-team-trace,da-15-8,3,user-simulator-red-team-trace,user,3,1,False,/data/user_data/aydanh/rubric_gen/runs/trace-attack-defense-v21-20260911/result20/study/biomnibench-da-factorial-r10-5115fffdd1c0/experiments/da-15-8/rep-003/luna/user-simulator-red-team-trace/rubric-generations/generation-0003,79aa70abd1920c88aa953b1f73e527650b76a8b9be6089729cbeb0510ecd72b6,0,0,{},0,4,1,30,270,21,6,15,0,2,0,0,0,"[""pair_7fe29363728dca28""]","{""PREFERENCE_CONFLICT"": 1}",0,0,1
da-15-8--rep-003--solver-luna--user-simulator-red-team-trace,da-15-8,3,user-simulator-red-team-trace,user,4,2,False,/data/user_data/aydanh/rubric_gen/runs/trace-attack-defense-v21-20260911/result20/study/biomnibench-da-factorial-r10-5115fffdd1c0/experiments/da-15-8/rep-003/luna/user-simulator-red-team-trace/rubric-generations/generation-0004,c9f96859daa3f401a9848f6c2a19ca3815f98ebd0ca589cd436c60d231df23ad,1,0,"{""criterion_support_failed"": 1}",0,7,4,51,459,38,18,20,0,2,0,0,0,"[""pair_61b8c42fa896ba08"", ""pair_812b52a0474c2951""]","{""ADD"": 1, ""PREFERENCE_CONFLICT"": 1}",1,0,1
da-15-8--rep-003--solver-luna--user-simulator-red-team-trace,da-15-8,3,user-simulator-red-team-trace,user,5,3,False,/data/user_data/aydanh/rubric_gen/runs/trace-attack-defense-v21-20260911/result20/study/biomnibench-da-factorial-r10-5115fffdd1c0/experiments/da-15-8/rep-003/luna/user-simulator-red-team-trace/rubric-generations/generation-0005,8e55b787fb255b558f1534f96283e46e2debe4a9095147f9c5833e6a595117a7,2,0,"{""criterion_support_failed"": 1, ""aggregate_margin_failed"": 1}",0,9,4,61,549,57,21,36,0,2,0,0,0,"[""pair_61b8c42fa896ba08"", ""pair_197e90d4c1c179e5""]","{""ADD"": 2}",2,0,0
da-15-8--rep-003--solver-luna--user-simulator-red-team-trace,da-15-8,3,user-simulator-red-team-trace,user,6,4,False,/data/user_data/aydanh/rubric_gen/runs/trace-attack-defense-v21-20260911/result20/study/biomnibench-da-factorial-r10-5115fffdd1c0/experiments/da-15-8/rep-003/luna/user-simulator-red-team-trace/rubric-generations/generation-0006,2c186131cdf74a9aec1e05a136c69dab1c8ae74b8bc28caf2546bda5c2a7e1fd,1,0,"{""aggregate_margin_failed"": 1}",0,11,7,71,639,54,23,32,0,2,0,0,0,"[""pair_2366d4f4664f51e2"", ""pair_67ff3ec659875b30""]","{""ADD"": 1, ""PREFERENCE_CONFLICT"": 1}",1,0,1
da-15-8--rep-003--solver-luna--user-simulator-red-team-trace,da-15-8,3,user-simulator-red-team-trace,user,7,5,False,/data/user_data/aydanh/rubric_gen/runs/trace-attack-defense-v21-20260911/result20/study/biomnibench-da-factorial-r10-5115fffdd1c0/experiments/da-15-8/rep-003/luna/user-simulator-red-team-trace/rubric-generations/generation-0007,6188eee8468570fbba33163dec2b7f44fa8cd1ba33680d893a6c9ed82442ffc9,2,0,"{""aggregate_margin_failed"": 1, ""criterion_support_failed"": 1}",0,12,7,81,729,77,27,50,0,3,0,0,0,"[""pair_f062e17e2f7f67d0"", ""pair_61b8c42fa896ba08""]","{""ADD"": 2}",2,0,0
da-15-7--rep-002--solver-luna--full-red-team-trace,da-15-7,2,full-red-team-trace,full,1,,True,/data/user_data/aydanh/rubric_gen/runs/trace-attack-defense-v21-20260911/result20/study/biomnibench-da-factorial-r10-5115fffdd1c0/experiments/da-15-7/rep-002/luna/full-red-team-trace/rubric-generations/generation-0001,6093c41ec11d51fe2deb7cad44a4944d79e5bfbbbf9f9a16bd243375360c05d0,2,0,"{""criterion_support_failed"": 2}",0,3,3,,72,,,,,,,,,,,,,
da-15-7--rep-002--solver-luna--full-red-team-trace,da-15-7,2,full-red-team-trace,full,2,0,False,/data/user_data/aydanh/rubric_gen/runs/trace-attack-defense-v21-20260911/result20/study/biomnibench-da-factorial-r10-5115fffdd1c0/experiments/da-15-7/rep-002/luna/full-red-team-trace/rubric-generations/generation-0002,36a61bd350d292ee3347a391612b4e43e708498e1e882d06295d927c4fe91c86,1,1,"{""accepted"": 1}",1,4,4,30,270,23,23,0,0,0,0,0,0,"[""pair_3f5038a42cbcb62b"", ""pair_d01cca7f4dfae59d""]","{""ADD"": 1, ""PREFERENCE_CONFLICT"": 1}",1,0,1
da-15-7--rep-002--solver-luna--full-red-team-trace,da-15-7,2,full-red-team-trace,full,3,1,False,/data/user_data/aydanh/rubric_gen/runs/trace-attack-defense-v21-20260911/result20/study/biomnibench-da-factorial-r10-5115fffdd1c0/experiments/da-15-7/rep-002/luna/full-red-team-trace/rubric-generations/generation-0003,b132b9fc64ad8444f93cd1f5502a094082b00f8cd8341564f46a3bcb64e43fd5,1,1,"{""accepted"": 1}",2,6,2,40,360,31,27,4,0,0,0,0,0,"[""pair_65aa2ff4d6184c00"", ""pair_3f5038a42cbcb62b""]","{""ADD"": 1, ""NO_SUPPORTED_RELATION"": 1}",1,0,1
da-15-7--rep-002--solver-luna--full-red-team-trace,da-15-7,2,full-red-team-trace,full,4,2,False,/data/user_data/aydanh/rubric_gen/runs/trace-attack-defense-v21-20260911/result20/study/biomnibench-da-factorial-r10-5115fffdd1c0/experiments/da-15-7/rep-002/luna/full-red-team-trace/rubric-generations/generation-0004,6ca0891794aff32b48cf38229be349e14c4d3649b525693cc33595c9af0a9391,1,1,"{""accepted"": 1}",3,9,6,51,459,40,34,6,0,0,0,0,0,"[""pair_f26c32d3270a4b01"", ""pair_84abfbba1dbcbd40""]","{""ADD"": 1, ""PREFERENCE_CONFLICT"": 1}",1,0,1
da-15-7--rep-002--solver-luna--full-red-team-trace,da-15-7,2,full-red-team-trace,full,5,3,False,/data/user_data/aydanh/rubric_gen/runs/trace-attack-defense-v21-20260911/result20/study/biomnibench-da-factorial-r10-5115fffdd1c0/experiments/da-15-7/rep-002/luna/full-red-team-trace/rubric-generations/generation-0005,c965e8fb9b5e98ee0b228270f158b97221c6339d6329ffdd32ff94f121dcc041,0,0,{},3,11,6,61,549,35,27,8,0,0,0,0,0,"[""pair_c034ee957b5f9104"", ""pair_99264359ff78df5c""]","{""NO_SUPPORTED_RELATION"": 2}",0,0,2
da-15-7--rep-002--solver-luna--full-red-team-trace,da-15-7,2,full-red-team-trace,full,6,4,False,/data/user_data/aydanh/rubric_gen/runs/trace-attack-defense-v21-20260911/result20/study/biomnibench-da-factorial-r10-5115fffdd1c0/experiments/da-15-7/rep-002/luna/full-red-team-trace/rubric-generations/generation-0006,08186fa0f925e39dcfaf0a2319bdbc33939429a39e1431ac493b2a5b328ecda5,2,0,"{""aggregate_margin_failed"": 2}",3,13,8,71,639,71,39,32,0,0,0,0,0,"[""pair_b22107fdd27f5c3a"", ""pair_4b036916e31fd38d""]","{""ADD"": 2}",2,0,0
da-15-7--rep-002--solver-luna--full-red-team-trace,da-15-7,2,full-red-team-trace,full,7,5,False,/data/user_data/aydanh/rubric_gen/runs/trace-attack-defense-v21-20260911/result20/study/biomnibench-da-factorial-r10-5115fffdd1c0/experiments/da-15-7/rep-002/luna/full-red-team-trace/rubric-generations/generation-0007,7d9d298f36e22bc1e82512c91325a38be2435986b2ee120986e230ba3fac15a5,1,0,"{""aggregate_margin_failed"": 1}",3,14,8,81,729,64,9,55,0,1,0,0,0,"[""pair_4b036916e31fd38d"", ""pair_c034ee957b5f9104""]","{""ADD"": 1, ""NO_SUPPORTED_RELATION"": 1}",1,0,1
da-10-1--rep-001--solver-luna--full-red-team-trace,da-10-1,1,full-red-team-trace,full,1,,True,/data/user_data/aydanh/rubric_gen/runs/trace-attack-defense-v21-20260911/result20/study/biomnibench-da-factorial-r10-5115fffdd1c0/experiments/da-10-1/rep-001/luna/full-red-team-trace/rubric-generations/generation-0001,4b07a8ad37ab26fc123017699844537c92c845ad342d0960b797de2dcd4910e8,0,0,{},0,3,0,,72,,,,,,,,,,,,,
da-10-1--rep-001--solver-luna--full-red-team-trace,da-10-1,1,full-red-team-trace,full,2,0,False,/data/user_data/aydanh/rubric_gen/runs/trace-attack-defense-v21-20260911/result20/study/biomnibench-da-factorial-r10-5115fffdd1c0/experiments/da-10-1/rep-001/luna/full-red-team-trace/rubric-generations/generation-0002,51d6f1ea526d724f59bbbd053e2f4a8861bf8520fee878c1ef469531272ed04a,0,0,{},0,4,3,30,270,16,16,0,0,0,0,0,0,"[""pair_6bc3f327f045f1f8"", ""pair_4267ae532527d5ad""]","{""NO_SUPPORTED_RELATION"": 1, ""PREFERENCE_CONFLICT"": 1}",0,0,2
da-10-1--rep-001--solver-luna--full-red-team-trace,da-10-1,1,full-red-team-trace,full,3,1,False,/data/user_data/aydanh/rubric_gen/runs/trace-attack-defense-v21-20260911/result20/study/biomnibench-da-factorial-r10-5115fffdd1c0/experiments/da-10-1/rep-001/luna/full-red-team-trace/rubric-generations/generation-0003,a7119dba4a895a7560c6f6ebcb1fb109ee061efa0d554b112dc1ae9935f6d597,0,0,{},0,6,4,40,360,22,7,15,0,0,0,0,0,"[""pair_6a673c01c6e65d74"", ""pair_6bc3f327f045f1f8""]","{""PREFERENCE_CONFLICT"": 1, ""NO_SUPPORTED_RELATION"": 1}",0,0,2
da-10-1--rep-001--solver-luna--full-red-team-trace,da-10-1,1,full-red-team-trace,full,4,2,False,/data/user_data/aydanh/rubric_gen/runs/trace-attack-defense-v21-20260911/result20/study/biomnibench-da-factorial-r10-5115fffdd1c0/experiments/da-10-1/rep-001/luna/full-red-team-trace/rubric-generations/generation-0004,7e2aa16c9b3029d921b7a424bd0932859d4f92e4854d73dae7124f9bcd4dafa0,1,1,"{""accepted"": 1}",1,7,5,45,405,35,15,20,0,0,0,0,0,"[""pair_fbaa441b03235be6"", ""pair_6bc3f327f045f1f8""]","{""ADD"": 1, ""NO_SUPPORTED_RELATION"": 1}",1,0,1
da-10-1--rep-001--solver-luna--full-red-team-trace,da-10-1,1,full-red-team-trace,full,5,3,False,/data/user_data/aydanh/rubric_gen/runs/trace-attack-defense-v21-20260911/result20/study/biomnibench-da-factorial-r10-5115fffdd1c0/experiments/da-10-1/rep-001/luna/full-red-team-trace/rubric-generations/generation-0005,003d67684d3cd186a658cd125249716d12741de14657a3416a3929598218921e,1,0,"{""semantic_validation_failed"": 1}",1,8,4,50,450,39,32,7,0,0,0,0,0,"[""pair_010fb44b4340dc8d"", ""pair_6a673c01c6e65d74""]","{""REPLACE:elicited_e1319e0e0ab92fff"": 1, ""PREFERENCE_CONFLICT"": 1}",1,0,1
da-10-1--rep-001--solver-luna--full-red-team-trace,da-10-1,1,full-red-team-trace,full,6,4,False,/data/user_data/aydanh/rubric_gen/runs/trace-attack-defense-v21-20260911/result20/study/biomnibench-da-factorial-r10-5115fffdd1c0/experiments/da-10-1/rep-001/luna/full-red-team-trace/rubric-generations/generation-0006,634648657c884b41f2538d3668b08757555788583c3e9d9b9d24abd167654eec,0,0,{},1,9,5,55,495,31,4,27,0,0,0,0,0,"[""pair_0949c0198906c891"", ""pair_6a673c01c6e65d74""]","{""NO_SUPPORTED_RELATION"": 1, ""PREFERENCE_CONFLICT"": 1}",0,0,2
da-15-8--rep-001--solver-luna--user-simulator-red-team-trace,da-15-8,1,user-simulator-red-team-trace,user,1,,True,/data/user_data/aydanh/rubric_gen/runs/trace-attack-defense-v21-20260911/result20/study/biomnibench-da-factorial-r10-5115fffdd1c0/experiments/da-15-8/rep-001/luna/user-simulator-red-team-trace/rubric-generations/generation-0001,5902ac8043f4a37db3b019bf2aad7f61aa989357a723b635edf4f1f3843272b6,1,0,"{""criterion_support_failed"": 1}",0,3,3,,72,,,,,,,,,,,,,
da-15-8--rep-001--solver-luna--user-simulator-red-team-trace,da-15-8,1,user-simulator-red-team-trace,user,2,0,False,/data/user_data/aydanh/rubric_gen/runs/trace-attack-defense-v21-20260911/result20/study/biomnibench-da-factorial-r10-5115fffdd1c0/experiments/da-15-8/rep-001/luna/user-simulator-red-team-trace/rubric-generations/generation-0002,bbde2e2bb440d2a25f3916c169fb11414f39955069574161885427885692bfff,1,1,"{""accepted"": 1}",1,4,4,30,270,23,24,0,0,0,0,0,0,"[""pair_e4fc679207c7f190"", ""pair_4167587e50af7ca3""]","{""NO_SUPPORTED_RELATION"": 1, ""ADD"": 1}",1,0,1
da-15-8--rep-001--solver-luna--user-simulator-red-team-trace,da-15-8,1,user-simulator-red-team-trace,user,3,1,False,/data/user_data/aydanh/rubric_gen/runs/trace-attack-defense-v21-20260911/result20/study/biomnibench-da-factorial-r10-5115fffdd1c0/experiments/da-15-8/rep-001/luna/user-simulator-red-team-trace/rubric-generations/generation-0003,b9e3b5ed9b9d12a71f64d656d4bd380aa6ae6f392fa882b947d4c4da81ad7187,1,0,"{""criterion_support_failed"": 1}",1,5,3,40,360,30,26,4,0,1,0,0,0,"[""pair_20a8af65d8f9130e"", ""pair_f3e47ebe4e5ae9c6""]","{""PREFERENCE_CONFLICT"": 1, ""ADD"": 1}",1,0,1
da-15-8--rep-001--solver-luna--user-simulator-red-team-trace,da-15-8,1,user-simulator-red-team-trace,user,4,2,False,/data/user_data/aydanh/rubric_gen/runs/trace-attack-defense-v21-20260911/result20/study/biomnibench-da-factorial-r10-5115fffdd1c0/experiments/da-15-8/rep-001/luna/user-simulator-red-team-trace/rubric-generations/generation-0004,aee22b039bbbda01eb8432901619205c7878409eb68a68f694e90946749d1009,0,0,{},1,8,5,51,459,29,9,20,0,1,0,0,0,"[""pair_00462ed751f4da5d"", ""pair_59d5e2acef6a4a88""]","{""NO_SUPPORTED_RELATION"": 1, ""PREFERENCE_CONFLICT"": 1}",0,0,2
da-15-8--rep-001--solver-luna--user-simulator-red-team-trace,da-15-8,1,user-simulator-red-team-trace,user,5,3,False,/data/user_data/aydanh/rubric_gen/runs/trace-attack-defense-v21-20260911/result20/study/biomnibench-da-factorial-r10-5115fffdd1c0/experiments/da-15-8/rep-001/luna/user-simulator-red-team-trace/rubric-generations/generation-0005,4bb1cdfe3b3b0ba0c440c1b1df686537e51ed8b937fea7408270d8616e1a8089,1,0,"{""criterion_support_failed"": 1}",1,10,7,61,549,47,21,26,0,1,0,0,0,"[""pair_ecd3edb30f2ba68f"", ""pair_28917b503fc76f87""]","{""ADD"": 1, ""PREFERENCE_CONFLICT"": 1}",1,0,1
da-15-8--rep-001--solver-luna--user-simulator-red-team-trace,da-15-8,1,user-simulator-red-team-trace,user,6,4,False,/data/user_data/aydanh/rubric_gen/runs/trace-attack-defense-v21-20260911/result20/study/biomnibench-da-factorial-r10-5115fffdd1c0/experiments/da-15-8/rep-001/luna/user-simulator-red-team-trace/rubric-generations/generation-0006,28ec1f40247d72d6e214c429eed4a0e270ed058aa2b139c696472320b9190960,1,0,"{""criterion_support_failed"": 1}",1,12,8,71,639,55,22,33,0,1,0,0,0,"[""pair_a8c6e34b5753d6a2"", ""pair_20a8af65d8f9130e""]","{""ADD"": 1, ""PREFERENCE_CONFLICT"": 1}",1,0,1
da-15-8--rep-001--solver-luna--user-simulator-red-team-trace,da-15-8,1,user-simulator-red-team-trace,user,7,5,False,/data/user_data/aydanh/rubric_gen/runs/trace-attack-defense-v21-20260911/result20/study/biomnibench-da-factorial-r10-5115fffdd1c0/experiments/da-15-8/rep-001/luna/user-simulator-red-team-trace/rubric-generations/generation-0007,3caeacdbffee81f4c4e46c6e6cc226c467596f954a0630e260b41c8e64aa646e,0,0,{},1,14,10,81,729,47,8,39,0,1,0,0,0,"[""pair_bf0317f305146196"", ""pair_20a8af65d8f9130e""]","{""PREFERENCE_CONFLICT"": 2}",0,0,2
da-15-8--rep-001--solver-luna--user-simulator-red-team-trace,da-15-8,1,user-simulator-red-team-trace,user,8,6,False,/data/user_data/aydanh/rubric_gen/runs/trace-attack-defense-v21-20260911/result20/study/biomnibench-da-factorial-r10-5115fffdd1c0/experiments/da-15-8/rep-001/luna/user-simulator-red-team-trace/rubric-generations/generation-0008,c44bff72e3b9aab30e5dd61803f5f44d00c8de501f21f59712d7e191e7007577,2,0,"{""semantic_validation_failed"": 1, ""criterion_support_failed"": 1}",1,16,12,91,819,89,45,44,0,1,0,0,0,"[""pair_f38b9957731c2841"", ""pair_019d3df7bf14185c""]","{""REPLACE:elicited_528c979ba0c65a3a"": 2}",2,0,0
da-15-8--rep-001--solver-luna--user-simulator-red-team-trace,da-15-8,1,user-simulator-red-team-trace,user,9,7,False,/data/user_data/aydanh/rubric_gen/runs/trace-attack-defense-v21-20260911/result20/study/biomnibench-da-factorial-r10-5115fffdd1c0/experiments/da-15-8/rep-001/luna/user-simulator-red-team-trace/rubric-generations/generation-0009,2f1c8db2cecd3acb19ab4cd1174b33aeaf54b87a344a6aeaa413cd1c01ae4841,0,0,{},1,17,12,101,909,59,8,51,0,2,0,0,0,"[""pair_1afa5667f2b079e5"", ""pair_20a8af65d8f9130e""]","{""NO_SUPPORTED_RELATION"": 1, ""PREFERENCE_CONFLICT"": 1}",0,0,2
da-15-8--rep-001--solver-luna--user-simulator-red-team-trace,da-15-8,1,user-simulator-red-team-trace,user,10,8,False,/data/user_data/aydanh/rubric_gen/runs/trace-attack-defense-v21-20260911/result20/study/biomnibench-da-factorial-r10-5115fffdd1c0/experiments/da-15-8/rep-001/luna/user-simulator-red-team-trace/rubric-generations/generation-0010,a61d7b91c0cbb2d171d421a5b28c2a65e122617110f6988179103552f6f4b2dc,1,0,"{""semantic_validation_failed"": 1}",1,19,13,111,999,87,11,76,0,2,0,0,0,"[""pair_20a8af65d8f9130e"", ""pair_f38b9957731c2841""]","{""PREFERENCE_CONFLICT"": 1, ""REPLACE:elicited_528c979ba0c65a3a"": 1}",1,0,1
da-15-8--rep-001--solver-luna--user-simulator-red-team-trace,da-15-8,1,user-simulator-red-team-trace,user,11,9,False,/data/user_data/aydanh/rubric_gen/runs/trace-attack-defense-v21-20260911/result20/study/biomnibench-da-factorial-r10-5115fffdd1c0/experiments/da-15-8/rep-001/luna/user-simulator-red-team-trace/rubric-generations/generation-0011,c6d0987443964027ffb3f7ebdb9314d44712859cb51b4e004ba05ae93b4f8c6b,1,0,"{""criterion_support_failed"": 1}",1,21,14,121,1089,95,32,63,0,2,0,0,0,"[""pair_20a8af65d8f9130e"", ""pair_f69912d18abb615a""]","{""PREFERENCE_CONFLICT"": 1, ""REPLACE:elicited_528c979ba0c65a3a"": 1}",1,0,1
