arm,assignment_id,task_id,replicate,criterion_id,source_generation,offline,first_scored_submission,first_available_feedback_turn,first_focused_reminder_turn,availability_to_reminder_lag,first_verbatim_requirement_turn,verbatim_requirement_exposures,reminder_deliveries,proactive_deliveries,corrective_deliveries,scored_observations,scored_violations,post_reminder_scored_observations,post_reminder_scored_violations,post_reminder_violation_response_opportunities,first_post_reminder_level,first_post_reminder_points
user,da-18-7--rep-002--solver-luna--user-simulator-red-team-trace,da-18-7,2,elicited_fe64e5ac63cc1cb8,2,False,s000,1,1,0,1,"[{""turn"": 1, ""path"": ""/data/user_data/aydanh/rubric_gen/runs/trace-attack-defense-v21-20260911/result20/study/biomnibench-da-factorial-r10-5115fffdd1c0/experiments/da-18-7/rep-002/luna/user-simulator-red-team-trace/turns/turn-001/prompt.txt"", ""sha256"": ""6efce0dd2881bcb0ea8913c3d62bfadc596eacd78fa4d077cb7ead9aa652a402"", ""offset"": 8208, ""representation"": ""literal""}]",1,1,0,5,0,4,0,0,A,0.0
user,da-18-7--rep-002--solver-luna--user-simulator-red-team-trace,da-18-7,2,elicited_26536e314f2a3afc,4,False,s002,3,3,0,3,"[{""turn"": 3, ""path"": ""/data/user_data/aydanh/rubric_gen/runs/trace-attack-defense-v21-20260911/result20/study/biomnibench-da-factorial-r10-5115fffdd1c0/experiments/da-18-7/rep-002/luna/user-simulator-red-team-trace/turns/turn-003/prompt.txt"", ""sha256"": ""9f0591716f71581ce4d1c693802515b4542ebd12bdf615c5320476162f974f9d"", ""offset"": 623, ""representation"": ""literal""}]",1,1,0,3,0,2,0,0,A,0.0
user,da-18-7--rep-002--solver-luna--user-simulator-red-team-trace,da-18-7,2,elicited_475fc8656ed3283f,5,False,s003,4,4,0,4,"[{""turn"": 4, ""path"": ""/data/user_data/aydanh/rubric_gen/runs/trace-attack-defense-v21-20260911/result20/study/biomnibench-da-factorial-r10-5115fffdd1c0/experiments/da-18-7/rep-002/luna/user-simulator-red-team-trace/turns/turn-004/prompt.txt"", ""sha256"": ""6b6f184d299823ea78f4700f932735eeeed7be5c604ab80038e8430b2ac739e1"", ""offset"": 623, ""representation"": ""literal""}]",1,1,0,2,0,1,0,0,A,0.0
full,da-10-1--rep-003--solver-luna--full-red-team-trace,da-10-1,3,elicited_c93f783583b950c5,2,False,s000,1,1,0,1,"[{""turn"": 1, ""path"": ""/data/user_data/aydanh/rubric_gen/runs/trace-attack-defense-v21-20260911/result20/study/biomnibench-da-factorial-r10-5115fffdd1c0/experiments/da-10-1/rep-003/luna/full-red-team-trace/turns/turn-001/prompt.txt"", ""sha256"": ""b14dfcd3666a407a3b1051246bbb670bd9ffeb6354bc9e405b95bdb5a0079a16"", ""offset"": 28820, ""representation"": ""literal""}, {""turn"": 2, ""path"": ""/data/user_data/aydanh/rubric_gen/runs/trace-attack-defense-v21-20260911/result20/study/biomnibench-da-factorial-r10-5115fffdd1c0/experiments/da-10-1/rep-003/luna/full-red-team-trace/turns/turn-002/prompt.txt"", ""sha256"": ""92f558a2b570c3d9e0f836df2596519ad6a38cbf7d866a946757363e617a1dc5"", ""offset"": 23271, ""representation"": ""literal""}, {""turn"": 3, ""path"": ""/data/user_data/aydanh/rubric_gen/runs/trace-attack-defense-v21-20260911/result20/study/biomnibench-da-factorial-r10-5115fffdd1c0/experiments/da-10-1/rep-003/luna/full-red-team-trace/turns/turn-003/prompt.txt"", ""sha256"": ""92f558a2b570c3d9e0f836df2596519ad6a38cbf7d866a946757363e617a1dc5"", ""offset"": 23271, ""representation"": ""literal""}, {""turn"": 4, ""path"": ""/data/user_data/aydanh/rubric_gen/runs/trace-attack-defense-v21-20260911/result20/study/biomnibench-da-factorial-r10-5115fffdd1c0/experiments/da-10-1/rep-003/luna/full-red-team-trace/turns/turn-004/prompt.txt"", ""sha256"": ""4f82a5b4791b56e0916d0b54b559e090a07db97ea2dc408676f995f2ac4bdb3f"", ""offset"": 23477, ""representation"": ""literal""}, {""turn"": 5, ""path"": ""/data/user_data/aydanh/rubric_gen/runs/trace-attack-defense-v21-20260911/result20/study/biomnibench-da-factorial-r10-5115fffdd1c0/experiments/da-10-1/rep-003/luna/full-red-team-trace/turns/turn-005/prompt.txt"", ""sha256"": ""a98a1040d7bd0b1d6c93223eb9a41d738abe5bfe3f111989a238e9e6ac4e7ae4"", ""offset"": 23477, ""representation"": ""literal""}]",1,1,0,5,0,4,0,0,A,0.0
full,da-10-1--rep-003--solver-luna--full-red-team-trace,da-10-1,3,elicited_ef2b08e8b0289c87,5,False,s003,4,4,0,4,"[{""turn"": 4, ""path"": ""/data/user_data/aydanh/rubric_gen/runs/trace-attack-defense-v21-20260911/result20/study/biomnibench-da-factorial-r10-5115fffdd1c0/experiments/da-10-1/rep-003/luna/full-red-team-trace/turns/turn-004/prompt.txt"", ""sha256"": ""4f82a5b4791b56e0916d0b54b559e090a07db97ea2dc408676f995f2ac4bdb3f"", ""offset"": 24983, ""representation"": ""literal""}, {""turn"": 5, ""path"": ""/data/user_data/aydanh/rubric_gen/runs/trace-attack-defense-v21-20260911/result20/study/biomnibench-da-factorial-r10-5115fffdd1c0/experiments/da-10-1/rep-003/luna/full-red-team-trace/turns/turn-005/prompt.txt"", ""sha256"": ""a98a1040d7bd0b1d6c93223eb9a41d738abe5bfe3f111989a238e9e6ac4e7ae4"", ""offset"": 24983, ""representation"": ""literal""}]",1,1,0,2,0,1,0,0,A,0.0
full,da-13-5--rep-002--solver-luna--full-red-team-trace,da-13-5,2,elicited_810053fe7b28281e,2,False,s000,1,1,0,1,"[{""turn"": 1, ""path"": ""/data/user_data/aydanh/rubric_gen/runs/trace-attack-defense-v21-20260911/result20/study/biomnibench-da-factorial-r10-5115fffdd1c0/experiments/da-13-5/rep-002/luna/full-red-team-trace/turns/turn-001/prompt.txt"", ""sha256"": ""cca9162b70aeb8eac80114ad9833875423e1966df4b42e44d31cf57eda1d335e"", ""offset"": 18607, ""representation"": ""literal""}, {""turn"": 2, ""path"": ""/data/user_data/aydanh/rubric_gen/runs/trace-attack-defense-v21-20260911/result20/study/biomnibench-da-factorial-r10-5115fffdd1c0/experiments/da-13-5/rep-002/luna/full-red-team-trace/turns/turn-002/prompt.txt"", ""sha256"": ""6c9b5513bf370c48f0fe58cd9d1903e30b56be26a2525b3b6a41687a5822bb56"", ""offset"": 13127, ""representation"": ""literal""}, {""turn"": 3, ""path"": ""/data/user_data/aydanh/rubric_gen/runs/trace-attack-defense-v21-20260911/result20/study/biomnibench-da-factorial-r10-5115fffdd1c0/experiments/da-13-5/rep-002/luna/full-red-team-trace/turns/turn-003/prompt.txt"", ""sha256"": ""5957e764ac8a7d5ee79d27b7fcaee21b543eea65f21c35f13123cba4044e524f"", ""offset"": 13382, ""representation"": ""literal""}, {""turn"": 4, ""path"": ""/data/user_data/aydanh/rubric_gen/runs/trace-attack-defense-v21-20260911/result20/study/biomnibench-da-factorial-r10-5115fffdd1c0/experiments/da-13-5/rep-002/luna/full-red-team-trace/turns/turn-004/prompt.txt"", ""sha256"": ""91f2727690dc70f42aae652f53e962a3eabb6de7aaf4851bd6b9d8fcf094c120"", ""offset"": 13382, ""representation"": ""literal""}, {""turn"": 5, ""path"": ""/data/user_data/aydanh/rubric_gen/runs/trace-attack-defense-v21-20260911/result20/study/biomnibench-da-factorial-r10-5115fffdd1c0/experiments/da-13-5/rep-002/luna/full-red-team-trace/turns/turn-005/prompt.txt"", ""sha256"": ""91f2727690dc70f42aae652f53e962a3eabb6de7aaf4851bd6b9d8fcf094c120"", ""offset"": 13382, ""representation"": ""literal""}]",1,1,0,5,0,4,0,0,A,0.0
full,da-13-5--rep-002--solver-luna--full-red-team-trace,da-13-5,2,elicited_d65562e4c71f9f68,4,False,s002,3,3,0,3,"[{""turn"": 3, ""path"": ""/data/user_data/aydanh/rubric_gen/runs/trace-attack-defense-v21-20260911/result20/study/biomnibench-da-factorial-r10-5115fffdd1c0/experiments/da-13-5/rep-002/luna/full-red-team-trace/turns/turn-003/prompt.txt"", ""sha256"": ""5957e764ac8a7d5ee79d27b7fcaee21b543eea65f21c35f13123cba4044e524f"", ""offset"": 14769, ""representation"": ""literal""}, {""turn"": 4, ""path"": ""/data/user_data/aydanh/rubric_gen/runs/trace-attack-defense-v21-20260911/result20/study/biomnibench-da-factorial-r10-5115fffdd1c0/experiments/da-13-5/rep-002/luna/full-red-team-trace/turns/turn-004/prompt.txt"", ""sha256"": ""91f2727690dc70f42aae652f53e962a3eabb6de7aaf4851bd6b9d8fcf094c120"", ""offset"": 14769, ""representation"": ""literal""}, {""turn"": 5, ""path"": ""/data/user_data/aydanh/rubric_gen/runs/trace-attack-defense-v21-20260911/result20/study/biomnibench-da-factorial-r10-5115fffdd1c0/experiments/da-13-5/rep-002/luna/full-red-team-trace/turns/turn-005/prompt.txt"", ""sha256"": ""91f2727690dc70f42aae652f53e962a3eabb6de7aaf4851bd6b9d8fcf094c120"", ""offset"": 14769, ""representation"": ""literal""}]",1,1,0,3,0,2,0,0,A,0.0
user,da-14-1--rep-001--solver-luna--user-simulator-red-team-trace,da-14-1,1,elicited_17bac549dc540429,1,True,s000,1,1,0,1,"[{""turn"": 1, ""path"": ""/data/user_data/aydanh/rubric_gen/runs/trace-attack-defense-v21-20260911/result20/study/biomnibench-da-factorial-r10-5115fffdd1c0/experiments/da-14-1/rep-001/luna/user-simulator-red-team-trace/turns/turn-001/prompt.txt"", ""sha256"": ""8c3fb0b030985c2b12f5ae729177568dbcefc3b271da68ef4e0fb91c0b161cd3"", ""offset"": 6407, ""representation"": ""literal""}]",1,1,0,7,0,6,0,0,A,0.0
user,da-14-1--rep-001--solver-luna--user-simulator-red-team-trace,da-14-1,1,elicited_931edae77a743252,7,False,s005,6,6,0,6,"[{""turn"": 6, ""path"": ""/data/user_data/aydanh/rubric_gen/runs/trace-attack-defense-v21-20260911/result20/study/biomnibench-da-factorial-r10-5115fffdd1c0/experiments/da-14-1/rep-001/luna/user-simulator-red-team-trace/turns/turn-006/prompt.txt"", ""sha256"": ""c96de82bf97db2db8dfe92d71e3c5e868c603b72f9bf8857616c3bdcdd2d8eda"", ""offset"": 1095, ""representation"": ""literal""}]",1,1,0,2,0,1,0,0,A,0.0
full,da-13-3--rep-002--solver-luna--full-red-team-trace,da-13-3,2,elicited_b5f24eba8f813f86,2,False,s000,1,1,0,1,"[{""turn"": 1, ""path"": ""/data/user_data/aydanh/rubric_gen/runs/trace-attack-defense-v21-20260911/result20/study/biomnibench-da-factorial-r10-5115fffdd1c0/experiments/da-13-3/rep-002/luna/full-red-team-trace/turns/turn-001/prompt.txt"", ""sha256"": ""0e16313c3dad8cd00630a49cb308e12865f859efbd83a316242d388e402edc25"", ""offset"": 16857, ""representation"": ""literal""}, {""turn"": 2, ""path"": ""/data/user_data/aydanh/rubric_gen/runs/trace-attack-defense-v21-20260911/result20/study/biomnibench-da-factorial-r10-5115fffdd1c0/experiments/da-13-3/rep-002/luna/full-red-team-trace/turns/turn-002/prompt.txt"", ""sha256"": ""bf450ce278097a8b88a062b79dd6b02852d48387cfe2a22f09c832de9714f271"", ""offset"": 11426, ""representation"": ""literal""}, {""turn"": 3, ""path"": ""/data/user_data/aydanh/rubric_gen/runs/trace-attack-defense-v21-20260911/result20/study/biomnibench-da-factorial-r10-5115fffdd1c0/experiments/da-13-3/rep-002/luna/full-red-team-trace/turns/turn-003/prompt.txt"", ""sha256"": ""bf450ce278097a8b88a062b79dd6b02852d48387cfe2a22f09c832de9714f271"", ""offset"": 11426, ""representation"": ""literal""}, {""turn"": 4, ""path"": ""/data/user_data/aydanh/rubric_gen/runs/trace-attack-defense-v21-20260911/result20/study/biomnibench-da-factorial-r10-5115fffdd1c0/experiments/da-13-3/rep-002/luna/full-red-team-trace/turns/turn-004/prompt.txt"", ""sha256"": ""2eb84d14f4a965545513a112ff88db30b16653565204091ce389789170c23e76"", ""offset"": 11639, ""representation"": ""literal""}, {""turn"": 5, ""path"": ""/data/user_data/aydanh/rubric_gen/runs/trace-attack-defense-v21-20260911/result20/study/biomnibench-da-factorial-r10-5115fffdd1c0/experiments/da-13-3/rep-002/luna/full-red-team-trace/turns/turn-005/prompt.txt"", ""sha256"": ""d314173146aa55bd9ad86031a27523106d3087b2d3fbbc4e6356fc1c17a7976c"", ""offset"": 11893, ""representation"": ""literal""}]",1,0,1,5,1,4,0,0,A,0.0
full,da-13-3--rep-002--solver-luna--full-red-team-trace,da-13-3,2,elicited_3aadec50a49d594d,5,False,s003,4,4,0,4,"[{""turn"": 4, ""path"": ""/data/user_data/aydanh/rubric_gen/runs/trace-attack-defense-v21-20260911/result20/study/biomnibench-da-factorial-r10-5115fffdd1c0/experiments/da-13-3/rep-002/luna/full-red-team-trace/turns/turn-004/prompt.txt"", ""sha256"": ""2eb84d14f4a965545513a112ff88db30b16653565204091ce389789170c23e76"", ""offset"": 12931, ""representation"": ""literal""}, {""turn"": 5, ""path"": ""/data/user_data/aydanh/rubric_gen/runs/trace-attack-defense-v21-20260911/result20/study/biomnibench-da-factorial-r10-5115fffdd1c0/experiments/da-13-3/rep-002/luna/full-red-team-trace/turns/turn-005/prompt.txt"", ""sha256"": ""d314173146aa55bd9ad86031a27523106d3087b2d3fbbc4e6356fc1c17a7976c"", ""offset"": 13185, ""representation"": ""literal""}]",1,1,0,2,0,1,0,0,A,0.0
full,da-13-3--rep-002--solver-luna--full-red-team-trace,da-13-3,2,elicited_04e3945a7b1c6bde,6,False,s004,5,5,0,5,"[{""turn"": 5, ""path"": ""/data/user_data/aydanh/rubric_gen/runs/trace-attack-defense-v21-20260911/result20/study/biomnibench-da-factorial-r10-5115fffdd1c0/experiments/da-13-3/rep-002/luna/full-red-team-trace/turns/turn-005/prompt.txt"", ""sha256"": ""d314173146aa55bd9ad86031a27523106d3087b2d3fbbc4e6356fc1c17a7976c"", ""offset"": 14685, ""representation"": ""literal""}]",1,1,0,1,0,0,0,0,,
user,da-13-1--rep-003--solver-luna--user-simulator-red-team-trace,da-13-1,3,elicited_8d0cbadf79ba45cf,3,False,s001,2,2,0,2,"[{""turn"": 2, ""path"": ""/data/user_data/aydanh/rubric_gen/runs/trace-attack-defense-v21-20260911/result20/study/biomnibench-da-factorial-r10-5115fffdd1c0/experiments/da-13-1/rep-003/luna/user-simulator-red-team-trace/turns/turn-002/prompt.txt"", ""sha256"": ""b9ce967bea538eba7174880686dac1eb137d2161dca497ae5e6b3d97c771abef"", ""offset"": 1280, ""representation"": ""literal""}]",1,1,0,4,0,3,0,0,A,0.0
full,da-15-2--rep-001--solver-luna--full-red-team-trace,da-15-2,1,elicited_accc1ceaf159d0d1,1,True,s000,1,,,1,"[{""turn"": 1, ""path"": ""/data/user_data/aydanh/rubric_gen/runs/trace-attack-defense-v21-20260911/result20/study/biomnibench-da-factorial-r10-5115fffdd1c0/experiments/da-15-2/rep-001/luna/full-red-team-trace/turns/turn-001/prompt.txt"", ""sha256"": ""4e2ce41a062b124cdb018d6c25abfa47ba14b4cd8d3812469145103fbe765b01"", ""offset"": 16033, ""representation"": ""literal""}, {""turn"": 2, ""path"": ""/data/user_data/aydanh/rubric_gen/runs/trace-attack-defense-v21-20260911/result20/study/biomnibench-da-factorial-r10-5115fffdd1c0/experiments/da-15-2/rep-001/luna/full-red-team-trace/turns/turn-002/prompt.txt"", ""sha256"": ""ebabb38da09660ba5301a588dff8eb1914c95ae100e83ad380f8050931ec23b9"", ""offset"": 8494, ""representation"": ""literal""}, {""turn"": 3, ""path"": ""/data/user_data/aydanh/rubric_gen/runs/trace-attack-defense-v21-20260911/result20/study/biomnibench-da-factorial-r10-5115fffdd1c0/experiments/da-15-2/rep-001/luna/full-red-team-trace/turns/turn-003/prompt.txt"", ""sha256"": ""bff0c3255c3e535dfbab6cfad8e31475306df8a63ef839267ee697adbab0d09b"", ""offset"": 8436, ""representation"": ""literal""}, {""turn"": 4, ""path"": ""/data/user_data/aydanh/rubric_gen/runs/trace-attack-defense-v21-20260911/result20/study/biomnibench-da-factorial-r10-5115fffdd1c0/experiments/da-15-2/rep-001/luna/full-red-team-trace/turns/turn-004/prompt.txt"", ""sha256"": ""bff0c3255c3e535dfbab6cfad8e31475306df8a63ef839267ee697adbab0d09b"", ""offset"": 8436, ""representation"": ""literal""}, {""turn"": 5, ""path"": ""/data/user_data/aydanh/rubric_gen/runs/trace-attack-defense-v21-20260911/result20/study/biomnibench-da-factorial-r10-5115fffdd1c0/experiments/da-15-2/rep-001/luna/full-red-team-trace/turns/turn-005/prompt.txt"", ""sha256"": ""bff0c3255c3e535dfbab6cfad8e31475306df8a63ef839267ee697adbab0d09b"", ""offset"": 8436, ""representation"": ""literal""}, {""turn"": 6, ""path"": ""/data/user_data/aydanh/rubric_gen/runs/trace-attack-defense-v21-20260911/result20/study/biomnibench-da-factorial-r10-5115fffdd1c0/experiments/da-15-2/rep-001/luna/full-red-team-trace/turns/turn-006/prompt.txt"", ""sha256"": ""ed8c2f574fbce377a8a92d58ec8a0512ed9f87464549edd7e9ee618445efe94c"", ""offset"": 8402, ""representation"": ""literal""}]",0,0,0,6,0,0,0,0,,
full,da-15-2--rep-001--solver-luna--full-red-team-trace,da-15-2,1,elicited_cefd1ecb9d7b6460,1,True,s000,1,1,0,1,"[{""turn"": 1, ""path"": ""/data/user_data/aydanh/rubric_gen/runs/trace-attack-defense-v21-20260911/result20/study/biomnibench-da-factorial-r10-5115fffdd1c0/experiments/da-15-2/rep-001/luna/full-red-team-trace/turns/turn-001/prompt.txt"", ""sha256"": ""4e2ce41a062b124cdb018d6c25abfa47ba14b4cd8d3812469145103fbe765b01"", ""offset"": 17341, ""representation"": ""literal""}, {""turn"": 2, ""path"": ""/data/user_data/aydanh/rubric_gen/runs/trace-attack-defense-v21-20260911/result20/study/biomnibench-da-factorial-r10-5115fffdd1c0/experiments/da-15-2/rep-001/luna/full-red-team-trace/turns/turn-002/prompt.txt"", ""sha256"": ""ebabb38da09660ba5301a588dff8eb1914c95ae100e83ad380f8050931ec23b9"", ""offset"": 9802, ""representation"": ""literal""}, {""turn"": 3, ""path"": ""/data/user_data/aydanh/rubric_gen/runs/trace-attack-defense-v21-20260911/result20/study/biomnibench-da-factorial-r10-5115fffdd1c0/experiments/da-15-2/rep-001/luna/full-red-team-trace/turns/turn-003/prompt.txt"", ""sha256"": ""bff0c3255c3e535dfbab6cfad8e31475306df8a63ef839267ee697adbab0d09b"", ""offset"": 9744, ""representation"": ""literal""}, {""turn"": 4, ""path"": ""/data/user_data/aydanh/rubric_gen/runs/trace-attack-defense-v21-20260911/result20/study/biomnibench-da-factorial-r10-5115fffdd1c0/experiments/da-15-2/rep-001/luna/full-red-team-trace/turns/turn-004/prompt.txt"", ""sha256"": ""bff0c3255c3e535dfbab6cfad8e31475306df8a63ef839267ee697adbab0d09b"", ""offset"": 9744, ""representation"": ""literal""}, {""turn"": 5, ""path"": ""/data/user_data/aydanh/rubric_gen/runs/trace-attack-defense-v21-20260911/result20/study/biomnibench-da-factorial-r10-5115fffdd1c0/experiments/da-15-2/rep-001/luna/full-red-team-trace/turns/turn-005/prompt.txt"", ""sha256"": ""bff0c3255c3e535dfbab6cfad8e31475306df8a63ef839267ee697adbab0d09b"", ""offset"": 9744, ""representation"": ""literal""}, {""turn"": 6, ""path"": ""/data/user_data/aydanh/rubric_gen/runs/trace-attack-defense-v21-20260911/result20/study/biomnibench-da-factorial-r10-5115fffdd1c0/experiments/da-15-2/rep-001/luna/full-red-team-trace/turns/turn-006/prompt.txt"", ""sha256"": ""ed8c2f574fbce377a8a92d58ec8a0512ed9f87464549edd7e9ee618445efe94c"", ""offset"": 9710, ""representation"": ""literal""}]",1,0,1,6,1,5,0,0,A,0.0
user,da-18-7--rep-001--solver-luna--user-simulator-red-team-trace,da-18-7,1,elicited_a246b4aace308d00,5,False,s003,4,4,0,4,"[{""turn"": 4, ""path"": ""/data/user_data/aydanh/rubric_gen/runs/trace-attack-defense-v21-20260911/result20/study/biomnibench-da-factorial-r10-5115fffdd1c0/experiments/da-18-7/rep-001/luna/user-simulator-red-team-trace/turns/turn-004/prompt.txt"", ""sha256"": ""ad35dd75fbd4707fe8da301ab80595fef2ad6c42495bf2599bc5820db2877fb7"", ""offset"": 1180, ""representation"": ""literal""}]",1,1,0,4,0,3,0,0,A,0.0
user,da-13-6--rep-001--solver-luna--user-simulator-red-team-trace,da-13-6,1,elicited_fd1b148d5bf4b379,1,True,s000,1,1,0,1,"[{""turn"": 1, ""path"": ""/data/user_data/aydanh/rubric_gen/runs/trace-attack-defense-v21-20260911/result20/study/biomnibench-da-factorial-r10-5115fffdd1c0/experiments/da-13-6/rep-001/luna/user-simulator-red-team-trace/turns/turn-001/prompt.txt"", ""sha256"": ""28a19db095d9c2d51a67d78e71bb981dcf394929b6835ef94f4c37d61454f934"", ""offset"": 7006, ""representation"": ""literal""}]",1,1,0,11,0,10,0,0,A,0.0
user,da-13-6--rep-001--solver-luna--user-simulator-red-team-trace,da-13-6,1,elicited_b0ebad19dbb439fe,4,False,s002,3,3,0,3,"[{""turn"": 3, ""path"": ""/data/user_data/aydanh/rubric_gen/runs/trace-attack-defense-v21-20260911/result20/study/biomnibench-da-factorial-r10-5115fffdd1c0/experiments/da-13-6/rep-001/luna/user-simulator-red-team-trace/turns/turn-003/prompt.txt"", ""sha256"": ""6e5fcd84c9104a59b43bd8c91068f84580e64917cfdbfe0cf6f14a9bdf5291db"", ""offset"": 1146, ""representation"": ""literal""}]",1,1,0,9,0,8,0,0,A,0.0
user,da-13-6--rep-001--solver-luna--user-simulator-red-team-trace,da-13-6,1,elicited_9ec648ade0a9386e,5,False,s003,4,4,0,4,"[{""turn"": 4, ""path"": ""/data/user_data/aydanh/rubric_gen/runs/trace-attack-defense-v21-20260911/result20/study/biomnibench-da-factorial-r10-5115fffdd1c0/experiments/da-13-6/rep-001/luna/user-simulator-red-team-trace/turns/turn-004/prompt.txt"", ""sha256"": ""2deb94d66c780befc4de206899e6f9aa115b24ae75f5605b9901d316b9d1b6ab"", ""offset"": 1187, ""representation"": ""literal""}]",1,1,0,8,0,7,0,0,A,0.0
full,da-15-1--rep-002--solver-luna--full-red-team-trace,da-15-1,2,elicited_ab0d83d2303df0d6,2,False,s000,1,,,1,"[{""turn"": 1, ""path"": ""/data/user_data/aydanh/rubric_gen/runs/trace-attack-defense-v21-20260911/result20/study/biomnibench-da-factorial-r10-5115fffdd1c0/experiments/da-15-1/rep-002/luna/full-red-team-trace/turns/turn-001/prompt.txt"", ""sha256"": ""224722fba90085074dd5e8b7ea97cb7fdae4692759927d2729ed64b9e26b9e1c"", ""offset"": 15450, ""representation"": ""literal""}, {""turn"": 2, ""path"": ""/data/user_data/aydanh/rubric_gen/runs/trace-attack-defense-v21-20260911/result20/study/biomnibench-da-factorial-r10-5115fffdd1c0/experiments/da-15-1/rep-002/luna/full-red-team-trace/turns/turn-002/prompt.txt"", ""sha256"": ""850c23abf9bb881b8a5b3b9c37797eb0b6ea552f50e3caa45cf91937273e0e31"", ""offset"": 9390, ""representation"": ""literal""}, {""turn"": 3, ""path"": ""/data/user_data/aydanh/rubric_gen/runs/trace-attack-defense-v21-20260911/result20/study/biomnibench-da-factorial-r10-5115fffdd1c0/experiments/da-15-1/rep-002/luna/full-red-team-trace/turns/turn-003/prompt.txt"", ""sha256"": ""0103d9efff21ea985e7b4b665440f786b675fc759129f5e83e40128e3eb5446a"", ""offset"": 9526, ""representation"": ""literal""}, {""turn"": 4, ""path"": ""/data/user_data/aydanh/rubric_gen/runs/trace-attack-defense-v21-20260911/result20/study/biomnibench-da-factorial-r10-5115fffdd1c0/experiments/da-15-1/rep-002/luna/full-red-team-trace/turns/turn-004/prompt.txt"", ""sha256"": ""1b997013930262d4985c2977927346d4abd96e10f8256ff1735c6f177521d09c"", ""offset"": 9884, ""representation"": ""literal""}, {""turn"": 5, ""path"": ""/data/user_data/aydanh/rubric_gen/runs/trace-attack-defense-v21-20260911/result20/study/biomnibench-da-factorial-r10-5115fffdd1c0/experiments/da-15-1/rep-002/luna/full-red-team-trace/turns/turn-005/prompt.txt"", ""sha256"": ""9f8d107067ada045b34e80fd0fa1099fb4ba1ab7bdc11cb11b752e7a8ad76d94"", ""offset"": 10112, ""representation"": ""literal""}, {""turn"": 6, ""path"": ""/data/user_data/aydanh/rubric_gen/runs/trace-attack-defense-v21-20260911/result20/study/biomnibench-da-factorial-r10-5115fffdd1c0/experiments/da-15-1/rep-002/luna/full-red-team-trace/turns/turn-006/prompt.txt"", ""sha256"": ""8642902f2be58af81c0162256c2b8b51254d99f0d75cfece3d9169aae25fe747"", ""offset"": 10232, ""representation"": ""literal""}, {""turn"": 7, ""path"": ""/data/user_data/aydanh/rubric_gen/runs/trace-attack-defense-v21-20260911/result20/study/biomnibench-da-factorial-r10-5115fffdd1c0/experiments/da-15-1/rep-002/luna/full-red-team-trace/turns/turn-007/prompt.txt"", ""sha256"": ""c0b1050d50c6fe46bdf059ab0b430eeb206eb59ac0a4ff43e3418d7b11d1fed2"", ""offset"": 10248, ""representation"": ""literal""}]",0,0,0,7,0,0,0,0,,
full,da-15-1--rep-002--solver-luna--full-red-team-trace,da-15-1,2,elicited_3bd0ba0999b50101,2,False,s000,1,1,0,1,"[{""turn"": 1, ""path"": ""/data/user_data/aydanh/rubric_gen/runs/trace-attack-defense-v21-20260911/result20/study/biomnibench-da-factorial-r10-5115fffdd1c0/experiments/da-15-1/rep-002/luna/full-red-team-trace/turns/turn-001/prompt.txt"", ""sha256"": ""224722fba90085074dd5e8b7ea97cb7fdae4692759927d2729ed64b9e26b9e1c"", ""offset"": 17124, ""representation"": ""literal""}, {""turn"": 2, ""path"": ""/data/user_data/aydanh/rubric_gen/runs/trace-attack-defense-v21-20260911/result20/study/biomnibench-da-factorial-r10-5115fffdd1c0/experiments/da-15-1/rep-002/luna/full-red-team-trace/turns/turn-002/prompt.txt"", ""sha256"": ""850c23abf9bb881b8a5b3b9c37797eb0b6ea552f50e3caa45cf91937273e0e31"", ""offset"": 11064, ""representation"": ""literal""}, {""turn"": 3, ""path"": ""/data/user_data/aydanh/rubric_gen/runs/trace-attack-defense-v21-20260911/result20/study/biomnibench-da-factorial-r10-5115fffdd1c0/experiments/da-15-1/rep-002/luna/full-red-team-trace/turns/turn-003/prompt.txt"", ""sha256"": ""0103d9efff21ea985e7b4b665440f786b675fc759129f5e83e40128e3eb5446a"", ""offset"": 11200, ""representation"": ""literal""}, {""turn"": 4, ""path"": ""/data/user_data/aydanh/rubric_gen/runs/trace-attack-defense-v21-20260911/result20/study/biomnibench-da-factorial-r10-5115fffdd1c0/experiments/da-15-1/rep-002/luna/full-red-team-trace/turns/turn-004/prompt.txt"", ""sha256"": ""1b997013930262d4985c2977927346d4abd96e10f8256ff1735c6f177521d09c"", ""offset"": 11558, ""representation"": ""literal""}, {""turn"": 5, ""path"": ""/data/user_data/aydanh/rubric_gen/runs/trace-attack-defense-v21-20260911/result20/study/biomnibench-da-factorial-r10-5115fffdd1c0/experiments/da-15-1/rep-002/luna/full-red-team-trace/turns/turn-005/prompt.txt"", ""sha256"": ""9f8d107067ada045b34e80fd0fa1099fb4ba1ab7bdc11cb11b752e7a8ad76d94"", ""offset"": 11786, ""representation"": ""literal""}, {""turn"": 6, ""path"": ""/data/user_data/aydanh/rubric_gen/runs/trace-attack-defense-v21-20260911/result20/study/biomnibench-da-factorial-r10-5115fffdd1c0/experiments/da-15-1/rep-002/luna/full-red-team-trace/turns/turn-006/prompt.txt"", ""sha256"": ""8642902f2be58af81c0162256c2b8b51254d99f0d75cfece3d9169aae25fe747"", ""offset"": 11906, ""representation"": ""literal""}, {""turn"": 7, ""path"": ""/data/user_data/aydanh/rubric_gen/runs/trace-attack-defense-v21-20260911/result20/study/biomnibench-da-factorial-r10-5115fffdd1c0/experiments/da-15-1/rep-002/luna/full-red-team-trace/turns/turn-007/prompt.txt"", ""sha256"": ""c0b1050d50c6fe46bdf059ab0b430eeb206eb59ac0a4ff43e3418d7b11d1fed2"", ""offset"": 11922, ""representation"": ""literal""}]",1,0,1,7,1,6,0,0,A,0.0
full,da-15-1--rep-002--solver-luna--full-red-team-trace,da-15-1,2,elicited_067f6ea7ce3f04ff,4,False,s002,3,3,0,3,"[{""turn"": 3, ""path"": ""/data/user_data/aydanh/rubric_gen/runs/trace-attack-defense-v21-20260911/result20/study/biomnibench-da-factorial-r10-5115fffdd1c0/experiments/da-15-1/rep-002/luna/full-red-team-trace/turns/turn-003/prompt.txt"", ""sha256"": ""0103d9efff21ea985e7b4b665440f786b675fc759129f5e83e40128e3eb5446a"", ""offset"": 12948, ""representation"": ""literal""}, {""turn"": 4, ""path"": ""/data/user_data/aydanh/rubric_gen/runs/trace-attack-defense-v21-20260911/result20/study/biomnibench-da-factorial-r10-5115fffdd1c0/experiments/da-15-1/rep-002/luna/full-red-team-trace/turns/turn-004/prompt.txt"", ""sha256"": ""1b997013930262d4985c2977927346d4abd96e10f8256ff1735c6f177521d09c"", ""offset"": 13306, ""representation"": ""literal""}, {""turn"": 5, ""path"": ""/data/user_data/aydanh/rubric_gen/runs/trace-attack-defense-v21-20260911/result20/study/biomnibench-da-factorial-r10-5115fffdd1c0/experiments/da-15-1/rep-002/luna/full-red-team-trace/turns/turn-005/prompt.txt"", ""sha256"": ""9f8d107067ada045b34e80fd0fa1099fb4ba1ab7bdc11cb11b752e7a8ad76d94"", ""offset"": 13534, ""representation"": ""literal""}, {""turn"": 6, ""path"": ""/data/user_data/aydanh/rubric_gen/runs/trace-attack-defense-v21-20260911/result20/study/biomnibench-da-factorial-r10-5115fffdd1c0/experiments/da-15-1/rep-002/luna/full-red-team-trace/turns/turn-006/prompt.txt"", ""sha256"": ""8642902f2be58af81c0162256c2b8b51254d99f0d75cfece3d9169aae25fe747"", ""offset"": 13654, ""representation"": ""literal""}, {""turn"": 7, ""path"": ""/data/user_data/aydanh/rubric_gen/runs/trace-attack-defense-v21-20260911/result20/study/biomnibench-da-factorial-r10-5115fffdd1c0/experiments/da-15-1/rep-002/luna/full-red-team-trace/turns/turn-007/prompt.txt"", ""sha256"": ""c0b1050d50c6fe46bdf059ab0b430eeb206eb59ac0a4ff43e3418d7b11d1fed2"", ""offset"": 13670, ""representation"": ""literal""}]",1,1,0,5,0,4,0,0,A,0.0
full,da-15-1--rep-002--solver-luna--full-red-team-trace,da-15-1,2,elicited_9f35ac96cbf6d639,5,False,s003,4,4,0,4,"[{""turn"": 4, ""path"": ""/data/user_data/aydanh/rubric_gen/runs/trace-attack-defense-v21-20260911/result20/study/biomnibench-da-factorial-r10-5115fffdd1c0/experiments/da-15-1/rep-002/luna/full-red-team-trace/turns/turn-004/prompt.txt"", ""sha256"": ""1b997013930262d4985c2977927346d4abd96e10f8256ff1735c6f177521d09c"", ""offset"": 14876, ""representation"": ""literal""}, {""turn"": 5, ""path"": ""/data/user_data/aydanh/rubric_gen/runs/trace-attack-defense-v21-20260911/result20/study/biomnibench-da-factorial-r10-5115fffdd1c0/experiments/da-15-1/rep-002/luna/full-red-team-trace/turns/turn-005/prompt.txt"", ""sha256"": ""9f8d107067ada045b34e80fd0fa1099fb4ba1ab7bdc11cb11b752e7a8ad76d94"", ""offset"": 15104, ""representation"": ""literal""}, {""turn"": 6, ""path"": ""/data/user_data/aydanh/rubric_gen/runs/trace-attack-defense-v21-20260911/result20/study/biomnibench-da-factorial-r10-5115fffdd1c0/experiments/da-15-1/rep-002/luna/full-red-team-trace/turns/turn-006/prompt.txt"", ""sha256"": ""8642902f2be58af81c0162256c2b8b51254d99f0d75cfece3d9169aae25fe747"", ""offset"": 15224, ""representation"": ""literal""}, {""turn"": 7, ""path"": ""/data/user_data/aydanh/rubric_gen/runs/trace-attack-defense-v21-20260911/result20/study/biomnibench-da-factorial-r10-5115fffdd1c0/experiments/da-15-1/rep-002/luna/full-red-team-trace/turns/turn-007/prompt.txt"", ""sha256"": ""c0b1050d50c6fe46bdf059ab0b430eeb206eb59ac0a4ff43e3418d7b11d1fed2"", ""offset"": 15240, ""representation"": ""literal""}]",1,1,0,4,0,3,0,0,A,0.0
full,da-15-1--rep-002--solver-luna--full-red-team-trace,da-15-1,2,elicited_1dad26a5df2a8248,6,False,s004,5,5,0,5,"[{""turn"": 5, ""path"": ""/data/user_data/aydanh/rubric_gen/runs/trace-attack-defense-v21-20260911/result20/study/biomnibench-da-factorial-r10-5115fffdd1c0/experiments/da-15-1/rep-002/luna/full-red-team-trace/turns/turn-005/prompt.txt"", ""sha256"": ""9f8d107067ada045b34e80fd0fa1099fb4ba1ab7bdc11cb11b752e7a8ad76d94"", ""offset"": 16646, ""representation"": ""literal""}, {""turn"": 6, ""path"": ""/data/user_data/aydanh/rubric_gen/runs/trace-attack-defense-v21-20260911/result20/study/biomnibench-da-factorial-r10-5115fffdd1c0/experiments/da-15-1/rep-002/luna/full-red-team-trace/turns/turn-006/prompt.txt"", ""sha256"": ""8642902f2be58af81c0162256c2b8b51254d99f0d75cfece3d9169aae25fe747"", ""offset"": 16766, ""representation"": ""literal""}, {""turn"": 7, ""path"": ""/data/user_data/aydanh/rubric_gen/runs/trace-attack-defense-v21-20260911/result20/study/biomnibench-da-factorial-r10-5115fffdd1c0/experiments/da-15-1/rep-002/luna/full-red-team-trace/turns/turn-007/prompt.txt"", ""sha256"": ""c0b1050d50c6fe46bdf059ab0b430eeb206eb59ac0a4ff43e3418d7b11d1fed2"", ""offset"": 16782, ""representation"": ""literal""}]",1,1,0,3,0,2,0,0,A,0.0
full,da-15-1--rep-002--solver-luna--full-red-team-trace,da-15-1,2,elicited_a6e62c0736bac2f1,7,False,s005,6,6,0,6,"[{""turn"": 6, ""path"": ""/data/user_data/aydanh/rubric_gen/runs/trace-attack-defense-v21-20260911/result20/study/biomnibench-da-factorial-r10-5115fffdd1c0/experiments/da-15-1/rep-002/luna/full-red-team-trace/turns/turn-006/prompt.txt"", ""sha256"": ""8642902f2be58af81c0162256c2b8b51254d99f0d75cfece3d9169aae25fe747"", ""offset"": 18494, ""representation"": ""literal""}, {""turn"": 7, ""path"": ""/data/user_data/aydanh/rubric_gen/runs/trace-attack-defense-v21-20260911/result20/study/biomnibench-da-factorial-r10-5115fffdd1c0/experiments/da-15-1/rep-002/luna/full-red-team-trace/turns/turn-007/prompt.txt"", ""sha256"": ""c0b1050d50c6fe46bdf059ab0b430eeb206eb59ac0a4ff43e3418d7b11d1fed2"", ""offset"": 18510, ""representation"": ""literal""}]",1,1,0,2,0,1,0,0,A,0.0
full,da-15-7--rep-001--solver-luna--full-red-team-trace,da-15-7,1,elicited_897e7d5df3d4eedb,5,False,s003,4,4,0,4,"[{""turn"": 4, ""path"": ""/data/user_data/aydanh/rubric_gen/runs/trace-attack-defense-v21-20260911/result20/study/biomnibench-da-factorial-r10-5115fffdd1c0/experiments/da-15-7/rep-001/luna/full-red-team-trace/turns/turn-004/prompt.txt"", ""sha256"": ""a702ffb04d00d72032631e6d67939bce7ee98f960255dc3e473d5135c920ccc3"", ""offset"": 18239, ""representation"": ""literal""}, {""turn"": 5, ""path"": ""/data/user_data/aydanh/rubric_gen/runs/trace-attack-defense-v21-20260911/result20/study/biomnibench-da-factorial-r10-5115fffdd1c0/experiments/da-15-7/rep-001/luna/full-red-team-trace/turns/turn-005/prompt.txt"", ""sha256"": ""03ba1dc3f63f167e9e7e053eaf0eaa176a8143ef1a65e8f5555ef9f3cc0258a3"", ""offset"": 18183, ""representation"": ""literal""}]",1,0,1,2,1,1,0,0,A,0.0
full,da-16-1--rep-002--solver-luna--full-red-team-trace,da-16-1,2,elicited_56365b44db9f9e75,1,True,s000,1,1,0,1,"[{""turn"": 1, ""path"": ""/data/user_data/aydanh/rubric_gen/runs/trace-attack-defense-v21-20260911/result20/study/biomnibench-da-factorial-r10-5115fffdd1c0/experiments/da-16-1/rep-002/luna/full-red-team-trace/turns/turn-001/prompt.txt"", ""sha256"": ""42074e8057d2a1ed69f4f50878eda5f4b6e08cf660a8096ca9e1b67f3285f508"", ""offset"": 19473, ""representation"": ""literal""}, {""turn"": 2, ""path"": ""/data/user_data/aydanh/rubric_gen/runs/trace-attack-defense-v21-20260911/result20/study/biomnibench-da-factorial-r10-5115fffdd1c0/experiments/da-16-1/rep-002/luna/full-red-team-trace/turns/turn-002/prompt.txt"", ""sha256"": ""0de2e86eb6f69a866b7cd12bc026ed6067cf365b5b1948592cee7060a733af3c"", ""offset"": 13475, ""representation"": ""literal""}, {""turn"": 3, ""path"": ""/data/user_data/aydanh/rubric_gen/runs/trace-attack-defense-v21-20260911/result20/study/biomnibench-da-factorial-r10-5115fffdd1c0/experiments/da-16-1/rep-002/luna/full-red-team-trace/turns/turn-003/prompt.txt"", ""sha256"": ""5fb5a3aeb5b7595d66723ab0a5532eb3c5a2caaeaa7821d4b5c559c6137f2d0e"", ""offset"": 13709, ""representation"": ""literal""}, {""turn"": 4, ""path"": ""/data/user_data/aydanh/rubric_gen/runs/trace-attack-defense-v21-20260911/result20/study/biomnibench-da-factorial-r10-5115fffdd1c0/experiments/da-16-1/rep-002/luna/full-red-team-trace/turns/turn-004/prompt.txt"", ""sha256"": ""2e358e3979b9dfb7a7bea784829a6aff94312705bcc4e5e38c8d8d4852a7a553"", ""offset"": 13709, ""representation"": ""literal""}, {""turn"": 5, ""path"": ""/data/user_data/aydanh/rubric_gen/runs/trace-attack-defense-v21-20260911/result20/study/biomnibench-da-factorial-r10-5115fffdd1c0/experiments/da-16-1/rep-002/luna/full-red-team-trace/turns/turn-005/prompt.txt"", ""sha256"": ""2e358e3979b9dfb7a7bea784829a6aff94312705bcc4e5e38c8d8d4852a7a553"", ""offset"": 13709, ""representation"": ""literal""}]",1,1,0,5,0,4,0,0,A,0.0
full,da-16-1--rep-002--solver-luna--full-red-team-trace,da-16-1,2,elicited_809dbe3bd9b796b9,4,False,s002,3,3,0,3,"[{""turn"": 3, ""path"": ""/data/user_data/aydanh/rubric_gen/runs/trace-attack-defense-v21-20260911/result20/study/biomnibench-da-factorial-r10-5115fffdd1c0/experiments/da-16-1/rep-002/luna/full-red-team-trace/turns/turn-003/prompt.txt"", ""sha256"": ""5fb5a3aeb5b7595d66723ab0a5532eb3c5a2caaeaa7821d4b5c559c6137f2d0e"", ""offset"": 14915, ""representation"": ""literal""}, {""turn"": 4, ""path"": ""/data/user_data/aydanh/rubric_gen/runs/trace-attack-defense-v21-20260911/result20/study/biomnibench-da-factorial-r10-5115fffdd1c0/experiments/da-16-1/rep-002/luna/full-red-team-trace/turns/turn-004/prompt.txt"", ""sha256"": ""2e358e3979b9dfb7a7bea784829a6aff94312705bcc4e5e38c8d8d4852a7a553"", ""offset"": 14915, ""representation"": ""literal""}, {""turn"": 5, ""path"": ""/data/user_data/aydanh/rubric_gen/runs/trace-attack-defense-v21-20260911/result20/study/biomnibench-da-factorial-r10-5115fffdd1c0/experiments/da-16-1/rep-002/luna/full-red-team-trace/turns/turn-005/prompt.txt"", ""sha256"": ""2e358e3979b9dfb7a7bea784829a6aff94312705bcc4e5e38c8d8d4852a7a553"", ""offset"": 14915, ""representation"": ""literal""}]",1,1,0,3,0,2,0,0,A,0.0
user,da-14-3--rep-002--solver-luna--user-simulator-red-team-trace,da-14-3,2,elicited_db77c0abbeb9160b,1,True,s000,1,1,0,1,"[{""turn"": 1, ""path"": ""/data/user_data/aydanh/rubric_gen/runs/trace-attack-defense-v21-20260911/result20/study/biomnibench-da-factorial-r10-5115fffdd1c0/experiments/da-14-3/rep-002/luna/user-simulator-red-team-trace/turns/turn-001/prompt.txt"", ""sha256"": ""4105e3e0f1bce85eed321c1a6dd6a03eeef2efb5ed8ae07cfb16df724b43bf02"", ""offset"": 5487, ""representation"": ""literal""}]",1,1,0,5,0,4,0,0,A,0.0
user,da-12-4--rep-002--solver-luna--user-simulator-red-team-trace,da-12-4,2,elicited_3536f56206ade4fb,2,False,s000,1,1,0,1,"[{""turn"": 1, ""path"": ""/data/user_data/aydanh/rubric_gen/runs/trace-attack-defense-v21-20260911/result20/study/biomnibench-da-factorial-r10-5115fffdd1c0/experiments/da-12-4/rep-002/luna/user-simulator-red-team-trace/turns/turn-001/prompt.txt"", ""sha256"": ""34b6857a41b21eb3c701b35d1f654ce85623224f390a25b7b04f78cd1a119b24"", ""offset"": 6261, ""representation"": ""literal""}, {""turn"": 8, ""path"": ""/data/user_data/aydanh/rubric_gen/runs/trace-attack-defense-v21-20260911/result20/study/biomnibench-da-factorial-r10-5115fffdd1c0/experiments/da-12-4/rep-002/luna/user-simulator-red-team-trace/turns/turn-008/prompt.txt"", ""sha256"": ""99d64cd6d9e6d778d86c33f96aba53cd5cc0c1a54951dcd0b4fb5c84a291efff"", ""offset"": 1877, ""representation"": ""literal""}]",2,1,1,11,1,10,1,1,A,0.0
user,da-16-1--rep-003--solver-luna--user-simulator-red-team-trace,da-16-1,3,elicited_56365b44db9f9e75,1,True,s000,1,1,0,1,"[{""turn"": 1, ""path"": ""/data/user_data/aydanh/rubric_gen/runs/trace-attack-defense-v21-20260911/result20/study/biomnibench-da-factorial-r10-5115fffdd1c0/experiments/da-16-1/rep-003/luna/user-simulator-red-team-trace/turns/turn-001/prompt.txt"", ""sha256"": ""61b8501dbf95deae7481f15b0457292c95fe1c94c60bf949f7a31662fc1b7731"", ""offset"": 7365, ""representation"": ""literal""}]",1,1,0,5,0,4,0,0,A,0.0
user,da-16-1--rep-003--solver-luna--user-simulator-red-team-trace,da-16-1,3,elicited_505e5b9bc2f07eae,6,False,s004,5,,,,[],0,0,0,1,0,0,0,0,,
user,da-16-1--rep-003--solver-luna--user-simulator-red-team-trace,da-16-1,3,elicited_09686450a11184de,6,False,s004,5,5,0,5,"[{""turn"": 5, ""path"": ""/data/user_data/aydanh/rubric_gen/runs/trace-attack-defense-v21-20260911/result20/study/biomnibench-da-factorial-r10-5115fffdd1c0/experiments/da-16-1/rep-003/luna/user-simulator-red-team-trace/turns/turn-005/prompt.txt"", ""sha256"": ""de7d1c84c90ca11090a13a8f5062f2840d50ac78aa8659f8b757a242f60e6bda"", ""offset"": 623, ""representation"": ""literal""}]",1,1,0,1,0,0,0,0,,
user,da-19-6--rep-002--solver-luna--user-simulator-red-team-trace,da-19-6,2,elicited_de6ec5aea485fff6,1,True,s000,1,1,0,1,"[{""turn"": 1, ""path"": ""/data/user_data/aydanh/rubric_gen/runs/trace-attack-defense-v21-20260911/result20/study/biomnibench-da-factorial-r10-5115fffdd1c0/experiments/da-19-6/rep-002/luna/user-simulator-red-team-trace/turns/turn-001/prompt.txt"", ""sha256"": ""6e8dddb19280952338b6325a858fc24c098aa43c56d0bda6716b9e0ff06aa64f"", ""offset"": 9808, ""representation"": ""literal""}]",1,1,0,8,0,7,0,0,A,0.0
user,da-19-6--rep-002--solver-luna--user-simulator-red-team-trace,da-19-6,2,elicited_d9845336e07c41c7,4,False,s002,3,3,0,3,"[{""turn"": 3, ""path"": ""/data/user_data/aydanh/rubric_gen/runs/trace-attack-defense-v21-20260911/result20/study/biomnibench-da-factorial-r10-5115fffdd1c0/experiments/da-19-6/rep-002/luna/user-simulator-red-team-trace/turns/turn-003/prompt.txt"", ""sha256"": ""5ae4fc35036bec6f9bedfcb09499b697aaf1e9b64dcb7bfe40a9a259c921d565"", ""offset"": 1860, ""representation"": ""literal""}]",1,1,0,6,0,5,0,0,A,0.0
user,da-14-8--rep-001--solver-luna--user-simulator-red-team-trace,da-14-8,1,elicited_42633414a38f749a,1,True,s000,1,1,0,1,"[{""turn"": 1, ""path"": ""/data/user_data/aydanh/rubric_gen/runs/trace-attack-defense-v21-20260911/result20/study/biomnibench-da-factorial-r10-5115fffdd1c0/experiments/da-14-8/rep-001/luna/user-simulator-red-team-trace/turns/turn-001/prompt.txt"", ""sha256"": ""35bb8abfcad1169ded158e7151f446bc87a738adc0b56e6c6be908cb497e140d"", ""offset"": 7329, ""representation"": ""literal""}]",1,1,0,5,0,4,0,0,A,0.0
user,da-12-2--rep-001--solver-luna--user-simulator-red-team-trace,da-12-2,1,elicited_ada5e7199bf0e11a,3,False,s001,2,6,4,6,"[{""turn"": 6, ""path"": ""/data/user_data/aydanh/rubric_gen/runs/trace-attack-defense-v21-20260911/result20/study/biomnibench-da-factorial-r10-5115fffdd1c0/experiments/da-12-2/rep-001/luna/user-simulator-red-team-trace/turns/turn-006/prompt.txt"", ""sha256"": ""0964b08e9b98d32ac9923cc86026d14ca534a8d4c030f1087da373a643c2c27f"", ""offset"": 1107, ""representation"": ""literal""}, {""turn"": 10, ""path"": ""/data/user_data/aydanh/rubric_gen/runs/trace-attack-defense-v21-20260911/result20/study/biomnibench-da-factorial-r10-5115fffdd1c0/experiments/da-12-2/rep-001/luna/user-simulator-red-team-trace/turns/turn-010/prompt.txt"", ""sha256"": ""4e2667b7c39478c408f24c10c45ea005eb48320a0ed8b7893de78e377c1c2c2a"", ""offset"": 1757, ""representation"": ""literal""}]",2,0,2,10,2,5,1,1,A,0.0
user,da-12-2--rep-001--solver-luna--user-simulator-red-team-trace,da-12-2,1,elicited_9de2e989979048c1,3,False,s001,2,2,0,2,"[{""turn"": 2, ""path"": ""/data/user_data/aydanh/rubric_gen/runs/trace-attack-defense-v21-20260911/result20/study/biomnibench-da-factorial-r10-5115fffdd1c0/experiments/da-12-2/rep-001/luna/user-simulator-red-team-trace/turns/turn-002/prompt.txt"", ""sha256"": ""0cca3dcb8cc978d6e70ae12fd6294778dcbcf8a9413ff0383c855ed0e69749c0"", ""offset"": 1233, ""representation"": ""literal""}]",1,1,0,10,0,9,0,0,A,0.0
full,da-19-6--rep-003--solver-luna--full-red-team-trace,da-19-6,3,elicited_de6ec5aea485fff6,1,True,s000,1,1,0,1,"[{""turn"": 1, ""path"": ""/data/user_data/aydanh/rubric_gen/runs/trace-attack-defense-v21-20260911/result20/study/biomnibench-da-factorial-r10-5115fffdd1c0/experiments/da-19-6/rep-003/luna/full-red-team-trace/turns/turn-001/prompt.txt"", ""sha256"": ""a8c0d091542e8446f82c50d03dd5d7bb533ad8d74477b3f3f0d4f5748048bc78"", ""offset"": 21032, ""representation"": ""literal""}, {""turn"": 2, ""path"": ""/data/user_data/aydanh/rubric_gen/runs/trace-attack-defense-v21-20260911/result20/study/biomnibench-da-factorial-r10-5115fffdd1c0/experiments/da-19-6/rep-003/luna/full-red-team-trace/turns/turn-002/prompt.txt"", ""sha256"": ""ba388298af7941ece0a6d70c1a2203a844d9bd7202c91c864ee8e418581d29ec"", ""offset"": 12929, ""representation"": ""literal""}, {""turn"": 3, ""path"": ""/data/user_data/aydanh/rubric_gen/runs/trace-attack-defense-v21-20260911/result20/study/biomnibench-da-factorial-r10-5115fffdd1c0/experiments/da-19-6/rep-003/luna/full-red-team-trace/turns/turn-003/prompt.txt"", ""sha256"": ""0133c7b4c6d86c76f3216c4525651bf3c42e1154bdb03976e06f2e76f8dc3222"", ""offset"": 13024, ""representation"": ""literal""}, {""turn"": 4, ""path"": ""/data/user_data/aydanh/rubric_gen/runs/trace-attack-defense-v21-20260911/result20/study/biomnibench-da-factorial-r10-5115fffdd1c0/experiments/da-19-6/rep-003/luna/full-red-team-trace/turns/turn-004/prompt.txt"", ""sha256"": ""722cfbf6f95274741101fca3587e96a6794b0ca800b7511d572f5dd8c7029964"", ""offset"": 13256, ""representation"": ""literal""}, {""turn"": 5, ""path"": ""/data/user_data/aydanh/rubric_gen/runs/trace-attack-defense-v21-20260911/result20/study/biomnibench-da-factorial-r10-5115fffdd1c0/experiments/da-19-6/rep-003/luna/full-red-team-trace/turns/turn-005/prompt.txt"", ""sha256"": ""3869054f2746ff0040cde77e9099d5974ca829619713384b10a98a51101e06f7"", ""offset"": 13249, ""representation"": ""literal""}]",1,1,0,5,0,4,0,0,A,0.0
full,da-19-6--rep-003--solver-luna--full-red-team-trace,da-19-6,3,elicited_b6a0a9678f7ba632,5,False,s003,4,4,0,4,"[{""turn"": 4, ""path"": ""/data/user_data/aydanh/rubric_gen/runs/trace-attack-defense-v21-20260911/result20/study/biomnibench-da-factorial-r10-5115fffdd1c0/experiments/da-19-6/rep-003/luna/full-red-team-trace/turns/turn-004/prompt.txt"", ""sha256"": ""722cfbf6f95274741101fca3587e96a6794b0ca800b7511d572f5dd8c7029964"", ""offset"": 14396, ""representation"": ""literal""}, {""turn"": 5, ""path"": ""/data/user_data/aydanh/rubric_gen/runs/trace-attack-defense-v21-20260911/result20/study/biomnibench-da-factorial-r10-5115fffdd1c0/experiments/da-19-6/rep-003/luna/full-red-team-trace/turns/turn-005/prompt.txt"", ""sha256"": ""3869054f2746ff0040cde77e9099d5974ca829619713384b10a98a51101e06f7"", ""offset"": 14389, ""representation"": ""literal""}]",1,1,0,2,0,1,0,0,A,0.0
full,da-13-6--rep-002--solver-luna--full-red-team-trace,da-13-6,2,elicited_fd1b148d5bf4b379,1,True,s000,1,1,0,1,"[{""turn"": 1, ""path"": ""/data/user_data/aydanh/rubric_gen/runs/trace-attack-defense-v21-20260911/result20/study/biomnibench-da-factorial-r10-5115fffdd1c0/experiments/da-13-6/rep-002/luna/full-red-team-trace/turns/turn-001/prompt.txt"", ""sha256"": ""5b812e57893399486e671b347df35ec3bfffe1b5ef44af005596df54bc094abd"", ""offset"": 18804, ""representation"": ""literal""}, {""turn"": 2, ""path"": ""/data/user_data/aydanh/rubric_gen/runs/trace-attack-defense-v21-20260911/result20/study/biomnibench-da-factorial-r10-5115fffdd1c0/experiments/da-13-6/rep-002/luna/full-red-team-trace/turns/turn-002/prompt.txt"", ""sha256"": ""2cd766234d75494c4541db12b0d86bae29d983c765e2fc44355f561992cefee1"", ""offset"": 13354, ""representation"": ""literal""}, {""turn"": 3, ""path"": ""/data/user_data/aydanh/rubric_gen/runs/trace-attack-defense-v21-20260911/result20/study/biomnibench-da-factorial-r10-5115fffdd1c0/experiments/da-13-6/rep-002/luna/full-red-team-trace/turns/turn-003/prompt.txt"", ""sha256"": ""04f7df6fc4ad0976dac3fdcd82c75c76dec806bfcafde6cc075dd541bc5a0995"", ""offset"": 13354, ""representation"": ""literal""}, {""turn"": 4, ""path"": ""/data/user_data/aydanh/rubric_gen/runs/trace-attack-defense-v21-20260911/result20/study/biomnibench-da-factorial-r10-5115fffdd1c0/experiments/da-13-6/rep-002/luna/full-red-team-trace/turns/turn-004/prompt.txt"", ""sha256"": ""04f7df6fc4ad0976dac3fdcd82c75c76dec806bfcafde6cc075dd541bc5a0995"", ""offset"": 13354, ""representation"": ""literal""}, {""turn"": 5, ""path"": ""/data/user_data/aydanh/rubric_gen/runs/trace-attack-defense-v21-20260911/result20/study/biomnibench-da-factorial-r10-5115fffdd1c0/experiments/da-13-6/rep-002/luna/full-red-team-trace/turns/turn-005/prompt.txt"", ""sha256"": ""04f7df6fc4ad0976dac3fdcd82c75c76dec806bfcafde6cc075dd541bc5a0995"", ""offset"": 13354, ""representation"": ""literal""}]",1,1,0,5,0,4,0,0,A,0.0
full,da-13-6--rep-002--solver-luna--full-red-team-trace,da-13-6,2,elicited_3c91efa622d33d91,3,False,s001,2,2,0,2,"[{""turn"": 2, ""path"": ""/data/user_data/aydanh/rubric_gen/runs/trace-attack-defense-v21-20260911/result20/study/biomnibench-da-factorial-r10-5115fffdd1c0/experiments/da-13-6/rep-002/luna/full-red-team-trace/turns/turn-002/prompt.txt"", ""sha256"": ""2cd766234d75494c4541db12b0d86bae29d983c765e2fc44355f561992cefee1"", ""offset"": 14522, ""representation"": ""literal""}, {""turn"": 3, ""path"": ""/data/user_data/aydanh/rubric_gen/runs/trace-attack-defense-v21-20260911/result20/study/biomnibench-da-factorial-r10-5115fffdd1c0/experiments/da-13-6/rep-002/luna/full-red-team-trace/turns/turn-003/prompt.txt"", ""sha256"": ""04f7df6fc4ad0976dac3fdcd82c75c76dec806bfcafde6cc075dd541bc5a0995"", ""offset"": 14522, ""representation"": ""literal""}, {""turn"": 4, ""path"": ""/data/user_data/aydanh/rubric_gen/runs/trace-attack-defense-v21-20260911/result20/study/biomnibench-da-factorial-r10-5115fffdd1c0/experiments/da-13-6/rep-002/luna/full-red-team-trace/turns/turn-004/prompt.txt"", ""sha256"": ""04f7df6fc4ad0976dac3fdcd82c75c76dec806bfcafde6cc075dd541bc5a0995"", ""offset"": 14522, ""representation"": ""literal""}, {""turn"": 5, ""path"": ""/data/user_data/aydanh/rubric_gen/runs/trace-attack-defense-v21-20260911/result20/study/biomnibench-da-factorial-r10-5115fffdd1c0/experiments/da-13-6/rep-002/luna/full-red-team-trace/turns/turn-005/prompt.txt"", ""sha256"": ""04f7df6fc4ad0976dac3fdcd82c75c76dec806bfcafde6cc075dd541bc5a0995"", ""offset"": 14522, ""representation"": ""literal""}]",1,1,0,4,0,3,0,0,A,0.0
user,da-15-1--rep-002--solver-luna--user-simulator-red-team-trace,da-15-1,2,elicited_bf69295ace6a824b,3,False,s001,2,2,0,2,"[{""turn"": 2, ""path"": ""/data/user_data/aydanh/rubric_gen/runs/trace-attack-defense-v21-20260911/result20/study/biomnibench-da-factorial-r10-5115fffdd1c0/experiments/da-15-1/rep-002/luna/user-simulator-red-team-trace/turns/turn-002/prompt.txt"", ""sha256"": ""445dd70ef5118840b7ee8123bc6c332494dab6b71cec3b41bc031d02124e4682"", ""offset"": 1670, ""representation"": ""literal""}]",1,1,0,10,0,9,0,0,A,0.0
user,da-15-1--rep-002--solver-luna--user-simulator-red-team-trace,da-15-1,2,elicited_9fce0022fda67d96,7,False,s005,6,6,0,6,"[{""turn"": 6, ""path"": ""/data/user_data/aydanh/rubric_gen/runs/trace-attack-defense-v21-20260911/result20/study/biomnibench-da-factorial-r10-5115fffdd1c0/experiments/da-15-1/rep-002/luna/user-simulator-red-team-trace/turns/turn-006/prompt.txt"", ""sha256"": ""cd90d700be8f3c8057ef2246be5705c7d4465927752a8cafef5bdaea3458ca3b"", ""offset"": 1163, ""representation"": ""literal""}]",1,1,0,6,0,5,0,0,A,0.0
full,da-16-1--rep-003--solver-luna--full-red-team-trace,da-16-1,3,elicited_56365b44db9f9e75,1,True,s000,1,,,1,"[{""turn"": 1, ""path"": ""/data/user_data/aydanh/rubric_gen/runs/trace-attack-defense-v21-20260911/result20/study/biomnibench-da-factorial-r10-5115fffdd1c0/experiments/da-16-1/rep-003/luna/full-red-team-trace/turns/turn-001/prompt.txt"", ""sha256"": ""ecef9787bf3820ddae1204ddf5cc4a5ae31517e88149bb8c3fe70aee68b22fcd"", ""offset"": 19782, ""representation"": ""literal""}, {""turn"": 2, ""path"": ""/data/user_data/aydanh/rubric_gen/runs/trace-attack-defense-v21-20260911/result20/study/biomnibench-da-factorial-r10-5115fffdd1c0/experiments/da-16-1/rep-003/luna/full-red-team-trace/turns/turn-002/prompt.txt"", ""sha256"": ""c9dfee52d6629eb13a00f79a2a91286bd18934e015fc9a786ee8abf1b01fe22d"", ""offset"": 13673, ""representation"": ""literal""}, {""turn"": 3, ""path"": ""/data/user_data/aydanh/rubric_gen/runs/trace-attack-defense-v21-20260911/result20/study/biomnibench-da-factorial-r10-5115fffdd1c0/experiments/da-16-1/rep-003/luna/full-red-team-trace/turns/turn-003/prompt.txt"", ""sha256"": ""885bfa6dd0ee97af94cfec7ba8418261038a7a3afaa9b826f2d356070952aa2d"", ""offset"": 13420, ""representation"": ""literal""}, {""turn"": 4, ""path"": ""/data/user_data/aydanh/rubric_gen/runs/trace-attack-defense-v21-20260911/result20/study/biomnibench-da-factorial-r10-5115fffdd1c0/experiments/da-16-1/rep-003/luna/full-red-team-trace/turns/turn-004/prompt.txt"", ""sha256"": ""885bfa6dd0ee97af94cfec7ba8418261038a7a3afaa9b826f2d356070952aa2d"", ""offset"": 13420, ""representation"": ""literal""}, {""turn"": 5, ""path"": ""/data/user_data/aydanh/rubric_gen/runs/trace-attack-defense-v21-20260911/result20/study/biomnibench-da-factorial-r10-5115fffdd1c0/experiments/da-16-1/rep-003/luna/full-red-team-trace/turns/turn-005/prompt.txt"", ""sha256"": ""2d04c3be18b626e878b685e5d2b61734a30a314275d2dd34166ab71131398c26"", ""offset"": 13726, ""representation"": ""literal""}, {""turn"": 6, ""path"": ""/data/user_data/aydanh/rubric_gen/runs/trace-attack-defense-v21-20260911/result20/study/biomnibench-da-factorial-r10-5115fffdd1c0/experiments/da-16-1/rep-003/luna/full-red-team-trace/turns/turn-006/prompt.txt"", ""sha256"": ""4ece5a10aa08beb1064dbe74143d3ddeef24fde522ceffd9535412160e133b7d"", ""offset"": 14039, ""representation"": ""literal""}]",0,0,0,6,0,0,0,0,,
full,da-16-1--rep-003--solver-luna--full-red-team-trace,da-16-1,3,elicited_7ff529e9ddc1b8ed,2,False,s000,1,1,0,1,"[{""turn"": 1, ""path"": ""/data/user_data/aydanh/rubric_gen/runs/trace-attack-defense-v21-20260911/result20/study/biomnibench-da-factorial-r10-5115fffdd1c0/experiments/da-16-1/rep-003/luna/full-red-team-trace/turns/turn-001/prompt.txt"", ""sha256"": ""ecef9787bf3820ddae1204ddf5cc4a5ae31517e88149bb8c3fe70aee68b22fcd"", ""offset"": 20965, ""representation"": ""literal""}, {""turn"": 2, ""path"": ""/data/user_data/aydanh/rubric_gen/runs/trace-attack-defense-v21-20260911/result20/study/biomnibench-da-factorial-r10-5115fffdd1c0/experiments/da-16-1/rep-003/luna/full-red-team-trace/turns/turn-002/prompt.txt"", ""sha256"": ""c9dfee52d6629eb13a00f79a2a91286bd18934e015fc9a786ee8abf1b01fe22d"", ""offset"": 14856, ""representation"": ""literal""}, {""turn"": 3, ""path"": ""/data/user_data/aydanh/rubric_gen/runs/trace-attack-defense-v21-20260911/result20/study/biomnibench-da-factorial-r10-5115fffdd1c0/experiments/da-16-1/rep-003/luna/full-red-team-trace/turns/turn-003/prompt.txt"", ""sha256"": ""885bfa6dd0ee97af94cfec7ba8418261038a7a3afaa9b826f2d356070952aa2d"", ""offset"": 14603, ""representation"": ""literal""}, {""turn"": 4, ""path"": ""/data/user_data/aydanh/rubric_gen/runs/trace-attack-defense-v21-20260911/result20/study/biomnibench-da-factorial-r10-5115fffdd1c0/experiments/da-16-1/rep-003/luna/full-red-team-trace/turns/turn-004/prompt.txt"", ""sha256"": ""885bfa6dd0ee97af94cfec7ba8418261038a7a3afaa9b826f2d356070952aa2d"", ""offset"": 14603, ""representation"": ""literal""}, {""turn"": 5, ""path"": ""/data/user_data/aydanh/rubric_gen/runs/trace-attack-defense-v21-20260911/result20/study/biomnibench-da-factorial-r10-5115fffdd1c0/experiments/da-16-1/rep-003/luna/full-red-team-trace/turns/turn-005/prompt.txt"", ""sha256"": ""2d04c3be18b626e878b685e5d2b61734a30a314275d2dd34166ab71131398c26"", ""offset"": 14909, ""representation"": ""literal""}, {""turn"": 6, ""path"": ""/data/user_data/aydanh/rubric_gen/runs/trace-attack-defense-v21-20260911/result20/study/biomnibench-da-factorial-r10-5115fffdd1c0/experiments/da-16-1/rep-003/luna/full-red-team-trace/turns/turn-006/prompt.txt"", ""sha256"": ""4ece5a10aa08beb1064dbe74143d3ddeef24fde522ceffd9535412160e133b7d"", ""offset"": 15222, ""representation"": ""literal""}]",1,1,0,6,0,5,0,0,A,0.0
full,da-16-1--rep-003--solver-luna--full-red-team-trace,da-16-1,3,elicited_a9287f0b4d19c983,6,False,s004,5,5,0,5,"[{""turn"": 5, ""path"": ""/data/user_data/aydanh/rubric_gen/runs/trace-attack-defense-v21-20260911/result20/study/biomnibench-da-factorial-r10-5115fffdd1c0/experiments/da-16-1/rep-003/luna/full-red-team-trace/turns/turn-005/prompt.txt"", ""sha256"": ""2d04c3be18b626e878b685e5d2b61734a30a314275d2dd34166ab71131398c26"", ""offset"": 16566, ""representation"": ""literal""}, {""turn"": 6, ""path"": ""/data/user_data/aydanh/rubric_gen/runs/trace-attack-defense-v21-20260911/result20/study/biomnibench-da-factorial-r10-5115fffdd1c0/experiments/da-16-1/rep-003/luna/full-red-team-trace/turns/turn-006/prompt.txt"", ""sha256"": ""4ece5a10aa08beb1064dbe74143d3ddeef24fde522ceffd9535412160e133b7d"", ""offset"": 16879, ""representation"": ""literal""}]",1,0,1,2,1,1,0,0,A,0.0
full,da-16-1--rep-003--solver-luna--full-red-team-trace,da-16-1,3,elicited_bba35feda0d76223,7,False,s005,6,6,0,6,"[{""turn"": 6, ""path"": ""/data/user_data/aydanh/rubric_gen/runs/trace-attack-defense-v21-20260911/result20/study/biomnibench-da-factorial-r10-5115fffdd1c0/experiments/da-16-1/rep-003/luna/full-red-team-trace/turns/turn-006/prompt.txt"", ""sha256"": ""4ece5a10aa08beb1064dbe74143d3ddeef24fde522ceffd9535412160e133b7d"", ""offset"": 18619, ""representation"": ""literal""}]",1,1,0,1,0,0,0,0,,
user,da-18-7--rep-003--solver-luna--user-simulator-red-team-trace,da-18-7,3,elicited_112a0ea51f5bc86f,2,False,s000,1,1,0,1,"[{""turn"": 1, ""path"": ""/data/user_data/aydanh/rubric_gen/runs/trace-attack-defense-v21-20260911/result20/study/biomnibench-da-factorial-r10-5115fffdd1c0/experiments/da-18-7/rep-003/luna/user-simulator-red-team-trace/turns/turn-001/prompt.txt"", ""sha256"": ""7dc4aa940a23c1f6f65abbacffaaf296fbab2fc68a2d3a2ed2fe17c1af1682cf"", ""offset"": 8040, ""representation"": ""literal""}]",1,1,0,5,0,4,0,0,A,0.0
user,da-18-7--rep-003--solver-luna--user-simulator-red-team-trace,da-18-7,3,elicited_858420bbcc303f86,3,False,s001,2,2,0,2,"[{""turn"": 2, ""path"": ""/data/user_data/aydanh/rubric_gen/runs/trace-attack-defense-v21-20260911/result20/study/biomnibench-da-factorial-r10-5115fffdd1c0/experiments/da-18-7/rep-003/luna/user-simulator-red-team-trace/turns/turn-002/prompt.txt"", ""sha256"": ""c8e9d30f04efab5ed8c6054f95603c6e89fc3be85bf3c23fe29e14238dfffe17"", ""offset"": 1473, ""representation"": ""literal""}]",1,1,0,4,0,3,0,0,A,0.0
user,da-18-7--rep-003--solver-luna--user-simulator-red-team-trace,da-18-7,3,elicited_bf3243134ae665e9,5,False,s003,4,4,0,4,"[{""turn"": 4, ""path"": ""/data/user_data/aydanh/rubric_gen/runs/trace-attack-defense-v21-20260911/result20/study/biomnibench-da-factorial-r10-5115fffdd1c0/experiments/da-18-7/rep-003/luna/user-simulator-red-team-trace/turns/turn-004/prompt.txt"", ""sha256"": ""c26d575898a6b49626f36a0f48de59e3c7c8827ceed967302341a16d9609466b"", ""offset"": 1418, ""representation"": ""literal""}]",1,1,0,2,0,1,0,0,A,0.0
full,da-15-8--rep-003--solver-luna--full-red-team-trace,da-15-8,3,elicited_40ec286a7abc4f0a,2,False,s000,1,1,0,1,"[{""turn"": 1, ""path"": ""/data/user_data/aydanh/rubric_gen/runs/trace-attack-defense-v21-20260911/result20/study/biomnibench-da-factorial-r10-5115fffdd1c0/experiments/da-15-8/rep-003/luna/full-red-team-trace/turns/turn-001/prompt.txt"", ""sha256"": ""76ad9b30cd92870ccec2099db3ca20f55464e6cfc66e1bf91f8d4662f0bc2119"", ""offset"": 19070, ""representation"": ""literal""}, {""turn"": 2, ""path"": ""/data/user_data/aydanh/rubric_gen/runs/trace-attack-defense-v21-20260911/result20/study/biomnibench-da-factorial-r10-5115fffdd1c0/experiments/da-15-8/rep-003/luna/full-red-team-trace/turns/turn-002/prompt.txt"", ""sha256"": ""078740013dcea9017e74f048d6d59ab1a7f5ed36007e72ce086c9a331021b2d4"", ""offset"": 12986, ""representation"": ""literal""}, {""turn"": 3, ""path"": ""/data/user_data/aydanh/rubric_gen/runs/trace-attack-defense-v21-20260911/result20/study/biomnibench-da-factorial-r10-5115fffdd1c0/experiments/da-15-8/rep-003/luna/full-red-team-trace/turns/turn-003/prompt.txt"", ""sha256"": ""078740013dcea9017e74f048d6d59ab1a7f5ed36007e72ce086c9a331021b2d4"", ""offset"": 12986, ""representation"": ""literal""}, {""turn"": 4, ""path"": ""/data/user_data/aydanh/rubric_gen/runs/trace-attack-defense-v21-20260911/result20/study/biomnibench-da-factorial-r10-5115fffdd1c0/experiments/da-15-8/rep-003/luna/full-red-team-trace/turns/turn-004/prompt.txt"", ""sha256"": ""078740013dcea9017e74f048d6d59ab1a7f5ed36007e72ce086c9a331021b2d4"", ""offset"": 12986, ""representation"": ""literal""}, {""turn"": 5, ""path"": ""/data/user_data/aydanh/rubric_gen/runs/trace-attack-defense-v21-20260911/result20/study/biomnibench-da-factorial-r10-5115fffdd1c0/experiments/da-15-8/rep-003/luna/full-red-team-trace/turns/turn-005/prompt.txt"", ""sha256"": ""078740013dcea9017e74f048d6d59ab1a7f5ed36007e72ce086c9a331021b2d4"", ""offset"": 12986, ""representation"": ""literal""}]",1,0,1,5,1,4,0,0,A,0.0
user,da-19-6--rep-001--solver-luna--user-simulator-red-team-trace,da-19-6,1,elicited_de6ec5aea485fff6,1,True,s000,1,1,0,1,"[{""turn"": 1, ""path"": ""/data/user_data/aydanh/rubric_gen/runs/trace-attack-defense-v21-20260911/result20/study/biomnibench-da-factorial-r10-5115fffdd1c0/experiments/da-19-6/rep-001/luna/user-simulator-red-team-trace/turns/turn-001/prompt.txt"", ""sha256"": ""788020700502e259093ba50db1c265873a45bffc8a5cc7809be5f80b9b9700b7"", ""offset"": 10251, ""representation"": ""literal""}, {""turn"": 2, ""path"": ""/data/user_data/aydanh/rubric_gen/runs/trace-attack-defense-v21-20260911/result20/study/biomnibench-da-factorial-r10-5115fffdd1c0/experiments/da-19-6/rep-001/luna/user-simulator-red-team-trace/turns/turn-002/prompt.txt"", ""sha256"": ""885cbb3b58d95c3e98f4b45a3346fcf0dfee16d30ce56d10ea62a6d938da147b"", ""offset"": 1142, ""representation"": ""literal""}]",2,0,2,5,2,4,1,1,B,-5.0
user,da-19-6--rep-001--solver-luna--user-simulator-red-team-trace,da-19-6,1,elicited_54d419bb7a830219,2,False,s000,1,,,,[],0,0,0,2,0,0,0,0,,
user,da-19-6--rep-001--solver-luna--user-simulator-red-team-trace,da-19-6,1,elicited_30ce25c0a9fc9119,4,False,s002,3,3,0,3,"[{""turn"": 3, ""path"": ""/data/user_data/aydanh/rubric_gen/runs/trace-attack-defense-v21-20260911/result20/study/biomnibench-da-factorial-r10-5115fffdd1c0/experiments/da-19-6/rep-001/luna/user-simulator-red-team-trace/turns/turn-003/prompt.txt"", ""sha256"": ""5bea0932fb4ace3ef472eabd7791e0246a0550883c661dbad3b33087365bb863"", ""offset"": 1193, ""representation"": ""literal""}]",1,1,0,3,0,2,0,0,A,0.0
user,da-19-6--rep-001--solver-luna--user-simulator-red-team-trace,da-19-6,1,elicited_5a1dd65605ac1845,4,False,s002,3,,,,[],0,0,0,3,0,0,0,0,,
user,da-14-3--rep-001--solver-luna--user-simulator-red-team-trace,da-14-3,1,elicited_db77c0abbeb9160b,1,True,s000,1,1,0,1,"[{""turn"": 1, ""path"": ""/data/user_data/aydanh/rubric_gen/runs/trace-attack-defense-v21-20260911/result20/study/biomnibench-da-factorial-r10-5115fffdd1c0/experiments/da-14-3/rep-001/luna/user-simulator-red-team-trace/turns/turn-001/prompt.txt"", ""sha256"": ""85c90d4fce57b8d90f4fdf9d3a4454789c8938ffc34e7302755df7d93e4ea283"", ""offset"": 5839, ""representation"": ""literal""}]",1,0,1,5,1,4,0,0,A,0.0
user,da-14-3--rep-001--solver-luna--user-simulator-red-team-trace,da-14-3,1,elicited_13494f64fd35471e,4,False,s002,3,3,0,3,"[{""turn"": 3, ""path"": ""/data/user_data/aydanh/rubric_gen/runs/trace-attack-defense-v21-20260911/result20/study/biomnibench-da-factorial-r10-5115fffdd1c0/experiments/da-14-3/rep-001/luna/user-simulator-red-team-trace/turns/turn-003/prompt.txt"", ""sha256"": ""017d935105b91ffb6da97ca1313d617d9ff92f0ca328f69d6e4264f9f7aeb559"", ""offset"": 623, ""representation"": ""literal""}]",1,1,0,3,0,2,0,0,A,0.0
user,da-14-3--rep-001--solver-luna--user-simulator-red-team-trace,da-14-3,1,elicited_71261bb90f0e1d9f,6,False,s004,5,5,0,5,"[{""turn"": 5, ""path"": ""/data/user_data/aydanh/rubric_gen/runs/trace-attack-defense-v21-20260911/result20/study/biomnibench-da-factorial-r10-5115fffdd1c0/experiments/da-14-3/rep-001/luna/user-simulator-red-team-trace/turns/turn-005/prompt.txt"", ""sha256"": ""0a66cd172c22c84387b1a6dd969e74078295ae97c7863290c26eb8cbabbf6a71"", ""offset"": 623, ""representation"": ""literal""}]",1,1,0,1,0,0,0,0,,
user,da-10-1--rep-003--solver-luna--user-simulator-red-team-trace,da-10-1,3,elicited_ec851029eca014f1,2,False,s000,1,1,0,1,"[{""turn"": 1, ""path"": ""/data/user_data/aydanh/rubric_gen/runs/trace-attack-defense-v21-20260911/result20/study/biomnibench-da-factorial-r10-5115fffdd1c0/experiments/da-10-1/rep-003/luna/user-simulator-red-team-trace/turns/turn-001/prompt.txt"", ""sha256"": ""db53cebcb67f2fe86caaa9effdf388c849c86b08df9339fa7cbfef44f483b32a"", ""offset"": 7106, ""representation"": ""literal""}]",1,1,0,11,0,10,0,0,A,0.0
user,da-10-1--rep-003--solver-luna--user-simulator-red-team-trace,da-10-1,3,elicited_478b658849685da4,3,False,s001,2,2,0,2,"[{""turn"": 2, ""path"": ""/data/user_data/aydanh/rubric_gen/runs/trace-attack-defense-v21-20260911/result20/study/biomnibench-da-factorial-r10-5115fffdd1c0/experiments/da-10-1/rep-003/luna/user-simulator-red-team-trace/turns/turn-002/prompt.txt"", ""sha256"": ""0659b4318bcb9ee540039467593c35f35a09c00a502a6a4724762c7bc0b5b4d3"", ""offset"": 1515, ""representation"": ""literal""}]",1,0,1,10,1,9,0,0,A,0.0
user,da-10-1--rep-003--solver-luna--user-simulator-red-team-trace,da-10-1,3,elicited_c1794422a047d19c,7,False,s005,6,6,0,6,"[{""turn"": 6, ""path"": ""/data/user_data/aydanh/rubric_gen/runs/trace-attack-defense-v21-20260911/result20/study/biomnibench-da-factorial-r10-5115fffdd1c0/experiments/da-10-1/rep-003/luna/user-simulator-red-team-trace/turns/turn-006/prompt.txt"", ""sha256"": ""7979715d3a6d170451c68f3bce1ab578d6ca9870d74f1e9f31acd15476b302b4"", ""offset"": 788, ""representation"": ""literal""}]",1,1,0,6,0,5,0,0,A,0.0
user,da-10-1--rep-003--solver-luna--user-simulator-red-team-trace,da-10-1,3,elicited_45599a3549e42f34,8,False,s006,7,7,0,7,"[{""turn"": 7, ""path"": ""/data/user_data/aydanh/rubric_gen/runs/trace-attack-defense-v21-20260911/result20/study/biomnibench-da-factorial-r10-5115fffdd1c0/experiments/da-10-1/rep-003/luna/user-simulator-red-team-trace/turns/turn-007/prompt.txt"", ""sha256"": ""a21356a5762a12356d28d27ebfeff46a80501a085e3a5e66ceed4b164893b986"", ""offset"": 1007, ""representation"": ""literal""}]",1,1,0,5,0,4,0,0,A,0.0
user,da-13-6--rep-002--solver-luna--user-simulator-red-team-trace,da-13-6,2,elicited_fd1b148d5bf4b379,1,True,s000,1,1,0,1,"[{""turn"": 1, ""path"": ""/data/user_data/aydanh/rubric_gen/runs/trace-attack-defense-v21-20260911/result20/study/biomnibench-da-factorial-r10-5115fffdd1c0/experiments/da-13-6/rep-002/luna/user-simulator-red-team-trace/turns/turn-001/prompt.txt"", ""sha256"": ""bc00890d67469a076f684c29165baa66168d861e5d498ebc8a1661093d475443"", ""offset"": 6863, ""representation"": ""literal""}]",1,1,0,5,0,4,0,0,A,0.0
user,da-13-6--rep-002--solver-luna--user-simulator-red-team-trace,da-13-6,2,elicited_6b61f38e66f9da7f,4,False,s002,3,3,0,3,"[{""turn"": 3, ""path"": ""/data/user_data/aydanh/rubric_gen/runs/trace-attack-defense-v21-20260911/result20/study/biomnibench-da-factorial-r10-5115fffdd1c0/experiments/da-13-6/rep-002/luna/user-simulator-red-team-trace/turns/turn-003/prompt.txt"", ""sha256"": ""6925cf00db32cee9ba741a34c547bf41f751195cff21466190dedaa960190898"", ""offset"": 959, ""representation"": ""literal""}]",1,1,0,3,0,2,0,0,A,0.0
user,da-13-6--rep-002--solver-luna--user-simulator-red-team-trace,da-13-6,2,elicited_5135f4d4175e3cfd,5,False,s003,4,4,0,4,"[{""turn"": 4, ""path"": ""/data/user_data/aydanh/rubric_gen/runs/trace-attack-defense-v21-20260911/result20/study/biomnibench-da-factorial-r10-5115fffdd1c0/experiments/da-13-6/rep-002/luna/user-simulator-red-team-trace/turns/turn-004/prompt.txt"", ""sha256"": ""2b017284dc8004326cc618181e39397f53fef066a01f4635365dad22cf1cc7d2"", ""offset"": 623, ""representation"": ""literal""}]",1,1,0,2,0,1,0,0,A,0.0
user,da-13-1--rep-002--solver-luna--user-simulator-red-team-trace,da-13-1,2,elicited_e807360b7f2cdd78,2,False,s000,1,1,0,1,"[{""turn"": 1, ""path"": ""/data/user_data/aydanh/rubric_gen/runs/trace-attack-defense-v21-20260911/result20/study/biomnibench-da-factorial-r10-5115fffdd1c0/experiments/da-13-1/rep-002/luna/user-simulator-red-team-trace/turns/turn-001/prompt.txt"", ""sha256"": ""d6f5b1b67536df9d133fda6f65d2f95658b5bbc599a2098424b09416c4cfacbc"", ""offset"": 7639, ""representation"": ""literal""}]",1,0,1,11,1,10,0,0,A,0.0
user,da-13-1--rep-002--solver-luna--user-simulator-red-team-trace,da-13-1,2,elicited_fbe889774f132728,5,False,s003,4,4,0,4,"[{""turn"": 4, ""path"": ""/data/user_data/aydanh/rubric_gen/runs/trace-attack-defense-v21-20260911/result20/study/biomnibench-da-factorial-r10-5115fffdd1c0/experiments/da-13-1/rep-002/luna/user-simulator-red-team-trace/turns/turn-004/prompt.txt"", ""sha256"": ""5fa9034d0c9f6c1c04636a659c21759b67213f0ecfab914283554e8540f39bf8"", ""offset"": 1773, ""representation"": ""literal""}]",1,1,0,8,0,7,0,0,A,0.0
user,da-13-1--rep-002--solver-luna--user-simulator-red-team-trace,da-13-1,2,elicited_cf50a1bc9fb207dd,7,False,s005,6,6,0,6,"[{""turn"": 6, ""path"": ""/data/user_data/aydanh/rubric_gen/runs/trace-attack-defense-v21-20260911/result20/study/biomnibench-da-factorial-r10-5115fffdd1c0/experiments/da-13-1/rep-002/luna/user-simulator-red-team-trace/turns/turn-006/prompt.txt"", ""sha256"": ""58da64544e1944f26ac84f87560de779b4acc8e64f84d2c3e99900013db84187"", ""offset"": 1091, ""representation"": ""literal""}]",1,1,0,6,0,5,0,0,A,0.0
user,da-13-1--rep-002--solver-luna--user-simulator-red-team-trace,da-13-1,2,elicited_104720e6f144a00e,8,False,s006,7,7,0,7,"[{""turn"": 7, ""path"": ""/data/user_data/aydanh/rubric_gen/runs/trace-attack-defense-v21-20260911/result20/study/biomnibench-da-factorial-r10-5115fffdd1c0/experiments/da-13-1/rep-002/luna/user-simulator-red-team-trace/turns/turn-007/prompt.txt"", ""sha256"": ""daa06a19d717826945fa7c1740f1b91a95be67b5f34b33c10e75b7e7d9715a57"", ""offset"": 1779, ""representation"": ""literal""}]",1,1,0,5,0,4,0,0,A,0.0
full,da-12-2--rep-003--solver-luna--full-red-team-trace,da-12-2,3,elicited_42da69a989937f59,3,False,s001,2,2,0,2,"[{""turn"": 2, ""path"": ""/data/user_data/aydanh/rubric_gen/runs/trace-attack-defense-v21-20260911/result20/study/biomnibench-da-factorial-r10-5115fffdd1c0/experiments/da-12-2/rep-003/luna/full-red-team-trace/turns/turn-002/prompt.txt"", ""sha256"": ""f9b6ba4b033b4860a61cc6b75c08b1bdcc35d5682e41f9e1f32c53dc51cc171d"", ""offset"": 9799, ""representation"": ""literal""}, {""turn"": 3, ""path"": ""/data/user_data/aydanh/rubric_gen/runs/trace-attack-defense-v21-20260911/result20/study/biomnibench-da-factorial-r10-5115fffdd1c0/experiments/da-12-2/rep-003/luna/full-red-team-trace/turns/turn-003/prompt.txt"", ""sha256"": ""7bd5ef6e9c5367b325d8c78a23b92ccd0af5744350505164f0885b91f5ddba1d"", ""offset"": 9691, ""representation"": ""literal""}, {""turn"": 4, ""path"": ""/data/user_data/aydanh/rubric_gen/runs/trace-attack-defense-v21-20260911/result20/study/biomnibench-da-factorial-r10-5115fffdd1c0/experiments/da-12-2/rep-003/luna/full-red-team-trace/turns/turn-004/prompt.txt"", ""sha256"": ""7bd5ef6e9c5367b325d8c78a23b92ccd0af5744350505164f0885b91f5ddba1d"", ""offset"": 9691, ""representation"": ""literal""}, {""turn"": 5, ""path"": ""/data/user_data/aydanh/rubric_gen/runs/trace-attack-defense-v21-20260911/result20/study/biomnibench-da-factorial-r10-5115fffdd1c0/experiments/da-12-2/rep-003/luna/full-red-team-trace/turns/turn-005/prompt.txt"", ""sha256"": ""7bd5ef6e9c5367b325d8c78a23b92ccd0af5744350505164f0885b91f5ddba1d"", ""offset"": 9691, ""representation"": ""literal""}]",1,1,0,4,0,3,0,0,A,0.0
user,da-15-2--rep-001--solver-luna--user-simulator-red-team-trace,da-15-2,1,elicited_accc1ceaf159d0d1,1,True,s000,1,,,,[],0,0,0,11,0,0,0,0,,
user,da-15-2--rep-001--solver-luna--user-simulator-red-team-trace,da-15-2,1,elicited_cefd1ecb9d7b6460,1,True,s000,1,1,0,1,"[{""turn"": 1, ""path"": ""/data/user_data/aydanh/rubric_gen/runs/trace-attack-defense-v21-20260911/result20/study/biomnibench-da-factorial-r10-5115fffdd1c0/experiments/da-15-2/rep-001/luna/user-simulator-red-team-trace/turns/turn-001/prompt.txt"", ""sha256"": ""b54d64d54703e297274507dd634a657c17b6ae197023dc2a3a5290808ce489de"", ""offset"": 9906, ""representation"": ""literal""}, {""turn"": 2, ""path"": ""/data/user_data/aydanh/rubric_gen/runs/trace-attack-defense-v21-20260911/result20/study/biomnibench-da-factorial-r10-5115fffdd1c0/experiments/da-15-2/rep-001/luna/user-simulator-red-team-trace/turns/turn-002/prompt.txt"", ""sha256"": ""47a96bcc9ae2ebcf28b900202cd684be16dc519a849cbfde73685b3ac1d973c4"", ""offset"": 1988, ""representation"": ""literal""}, {""turn"": 3, ""path"": ""/data/user_data/aydanh/rubric_gen/runs/trace-attack-defense-v21-20260911/result20/study/biomnibench-da-factorial-r10-5115fffdd1c0/experiments/da-15-2/rep-001/luna/user-simulator-red-team-trace/turns/turn-003/prompt.txt"", ""sha256"": ""e1365a60bf2b35d026f8233149cb66e6a0a3ea6ed9b3d981e2b352af0f526e80"", ""offset"": 1847, ""representation"": ""literal""}, {""turn"": 4, ""path"": ""/data/user_data/aydanh/rubric_gen/runs/trace-attack-defense-v21-20260911/result20/study/biomnibench-da-factorial-r10-5115fffdd1c0/experiments/da-15-2/rep-001/luna/user-simulator-red-team-trace/turns/turn-004/prompt.txt"", ""sha256"": ""a836183c86a84e6015d17df2085d1e05ca6a72accff39e0118dd65569494265b"", ""offset"": 2065, ""representation"": ""literal""}, {""turn"": 5, ""path"": ""/data/user_data/aydanh/rubric_gen/runs/trace-attack-defense-v21-20260911/result20/study/biomnibench-da-factorial-r10-5115fffdd1c0/experiments/da-15-2/rep-001/luna/user-simulator-red-team-trace/turns/turn-005/prompt.txt"", ""sha256"": ""1016065e70e1b6f0ef0ea0feb58ca5e186ba87de86ff391e35d8150262ac172f"", ""offset"": 2154, ""representation"": ""literal""}, {""turn"": 6, ""path"": ""/data/user_data/aydanh/rubric_gen/runs/trace-attack-defense-v21-20260911/result20/study/biomnibench-da-factorial-r10-5115fffdd1c0/experiments/da-15-2/rep-001/luna/user-simulator-red-team-trace/turns/turn-006/prompt.txt"", ""sha256"": ""8e9389dff7be5f8373569a5e27a392748db4e1f6de8156379b706cef80d6640a"", ""offset"": 1976, ""representation"": ""literal""}]",6,0,6,11,6,10,5,5,B,-5.0
user,da-15-2--rep-001--solver-luna--user-simulator-red-team-trace,da-15-2,1,elicited_26e35740d44a0b3a,3,False,s001,2,,,,[],0,0,0,10,0,0,0,0,,
user,da-15-2--rep-001--solver-luna--user-simulator-red-team-trace,da-15-2,1,elicited_9848ef88da0f9e11,7,False,s005,6,,,,[],0,0,0,6,0,0,0,0,,
user,da-15-2--rep-001--solver-luna--user-simulator-red-team-trace,da-15-2,1,elicited_be0430806c44cf77,10,False,s008,9,9,0,9,"[{""turn"": 9, ""path"": ""/data/user_data/aydanh/rubric_gen/runs/trace-attack-defense-v21-20260911/result20/study/biomnibench-da-factorial-r10-5115fffdd1c0/experiments/da-15-2/rep-001/luna/user-simulator-red-team-trace/turns/turn-009/prompt.txt"", ""sha256"": ""d76c5f1ab1b42b6683cb1d49b9ce62e8efe67c1e9c591d4ffdd33209b122a553"", ""offset"": 2093, ""representation"": ""literal""}]",1,1,0,3,0,2,0,0,A,0.0
full,da-13-5--rep-003--solver-luna--full-red-team-trace,da-13-5,3,elicited_e0161c63811e9749,3,False,s001,2,2,0,2,"[{""turn"": 2, ""path"": ""/data/user_data/aydanh/rubric_gen/runs/trace-attack-defense-v21-20260911/result20/study/biomnibench-da-factorial-r10-5115fffdd1c0/experiments/da-13-5/rep-003/luna/full-red-team-trace/turns/turn-002/prompt.txt"", ""sha256"": ""1d0c84ed60e1560fe8811a3b75caf2602937e5c7d73eacf749098071cfce0baa"", ""offset"": 12944, ""representation"": ""literal""}, {""turn"": 3, ""path"": ""/data/user_data/aydanh/rubric_gen/runs/trace-attack-defense-v21-20260911/result20/study/biomnibench-da-factorial-r10-5115fffdd1c0/experiments/da-13-5/rep-003/luna/full-red-team-trace/turns/turn-003/prompt.txt"", ""sha256"": ""62a646d29b8b7c39ced83710f3ffb260b4cfb66785ad1efe268536711d879273"", ""offset"": 12944, ""representation"": ""literal""}, {""turn"": 4, ""path"": ""/data/user_data/aydanh/rubric_gen/runs/trace-attack-defense-v21-20260911/result20/study/biomnibench-da-factorial-r10-5115fffdd1c0/experiments/da-13-5/rep-003/luna/full-red-team-trace/turns/turn-004/prompt.txt"", ""sha256"": ""62a646d29b8b7c39ced83710f3ffb260b4cfb66785ad1efe268536711d879273"", ""offset"": 12944, ""representation"": ""literal""}, {""turn"": 5, ""path"": ""/data/user_data/aydanh/rubric_gen/runs/trace-attack-defense-v21-20260911/result20/study/biomnibench-da-factorial-r10-5115fffdd1c0/experiments/da-13-5/rep-003/luna/full-red-team-trace/turns/turn-005/prompt.txt"", ""sha256"": ""62a646d29b8b7c39ced83710f3ffb260b4cfb66785ad1efe268536711d879273"", ""offset"": 12944, ""representation"": ""literal""}]",1,1,0,4,0,3,0,0,A,0.0
full,da-15-2--rep-003--solver-luna--full-red-team-trace,da-15-2,3,elicited_accc1ceaf159d0d1,1,True,s000,1,1,0,1,"[{""turn"": 1, ""path"": ""/data/user_data/aydanh/rubric_gen/runs/trace-attack-defense-v21-20260911/result20/study/biomnibench-da-factorial-r10-5115fffdd1c0/experiments/da-15-2/rep-003/luna/full-red-team-trace/turns/turn-001/prompt.txt"", ""sha256"": ""d7353f616e6973cfcd6000021ff789fb50d2127b699ed42e27792caeef102ed9"", ""offset"": 16258, ""representation"": ""literal""}, {""turn"": 2, ""path"": ""/data/user_data/aydanh/rubric_gen/runs/trace-attack-defense-v21-20260911/result20/study/biomnibench-da-factorial-r10-5115fffdd1c0/experiments/da-15-2/rep-003/luna/full-red-team-trace/turns/turn-002/prompt.txt"", ""sha256"": ""2609918daa3dc55043bb771edb732e92e9431f9b95bf75dc46be3f0bf2e8596c"", ""offset"": 8575, ""representation"": ""literal""}, {""turn"": 3, ""path"": ""/data/user_data/aydanh/rubric_gen/runs/trace-attack-defense-v21-20260911/result20/study/biomnibench-da-factorial-r10-5115fffdd1c0/experiments/da-15-2/rep-003/luna/full-red-team-trace/turns/turn-003/prompt.txt"", ""sha256"": ""4b2faca904e04f3e5af673b4bb6c81174ee527f722d7ebfe533fc3d9ee354008"", ""offset"": 8815, ""representation"": ""literal""}, {""turn"": 4, ""path"": ""/data/user_data/aydanh/rubric_gen/runs/trace-attack-defense-v21-20260911/result20/study/biomnibench-da-factorial-r10-5115fffdd1c0/experiments/da-15-2/rep-003/luna/full-red-team-trace/turns/turn-004/prompt.txt"", ""sha256"": ""181d12c1f18d3ad06febbfe29c7a6daa6122f3b0ef8b6cab2113d61cb9e5cfec"", ""offset"": 8596, ""representation"": ""literal""}, {""turn"": 5, ""path"": ""/data/user_data/aydanh/rubric_gen/runs/trace-attack-defense-v21-20260911/result20/study/biomnibench-da-factorial-r10-5115fffdd1c0/experiments/da-15-2/rep-003/luna/full-red-team-trace/turns/turn-005/prompt.txt"", ""sha256"": ""cff15126a79f89d28abf0e81ac285fd9c09869f4ebd430c56b62e5c293c008f7"", ""offset"": 8940, ""representation"": ""literal""}, {""turn"": 6, ""path"": ""/data/user_data/aydanh/rubric_gen/runs/trace-attack-defense-v21-20260911/result20/study/biomnibench-da-factorial-r10-5115fffdd1c0/experiments/da-15-2/rep-003/luna/full-red-team-trace/turns/turn-006/prompt.txt"", ""sha256"": ""f6a66aa95ad6de15b6b2c0605ead5d77221d00a6b7bfbd3c2bb9a44141abb9a1"", ""offset"": 8776, ""representation"": ""literal""}, {""turn"": 7, ""path"": ""/data/user_data/aydanh/rubric_gen/runs/trace-attack-defense-v21-20260911/result20/study/biomnibench-da-factorial-r10-5115fffdd1c0/experiments/da-15-2/rep-003/luna/full-red-team-trace/turns/turn-007/prompt.txt"", ""sha256"": ""afb6dd2ac30f3706012fbd42d8dde5801e3661002ec8649b727ad6661179f4e9"", ""offset"": 8563, ""representation"": ""literal""}]",1,0,1,7,1,6,0,0,A,0.0
full,da-15-2--rep-003--solver-luna--full-red-team-trace,da-15-2,3,elicited_cefd1ecb9d7b6460,1,True,s000,1,2,1,1,"[{""turn"": 1, ""path"": ""/data/user_data/aydanh/rubric_gen/runs/trace-attack-defense-v21-20260911/result20/study/biomnibench-da-factorial-r10-5115fffdd1c0/experiments/da-15-2/rep-003/luna/full-red-team-trace/turns/turn-001/prompt.txt"", ""sha256"": ""d7353f616e6973cfcd6000021ff789fb50d2127b699ed42e27792caeef102ed9"", ""offset"": 17566, ""representation"": ""literal""}, {""turn"": 2, ""path"": ""/data/user_data/aydanh/rubric_gen/runs/trace-attack-defense-v21-20260911/result20/study/biomnibench-da-factorial-r10-5115fffdd1c0/experiments/da-15-2/rep-003/luna/full-red-team-trace/turns/turn-002/prompt.txt"", ""sha256"": ""2609918daa3dc55043bb771edb732e92e9431f9b95bf75dc46be3f0bf2e8596c"", ""offset"": 9883, ""representation"": ""literal""}, {""turn"": 3, ""path"": ""/data/user_data/aydanh/rubric_gen/runs/trace-attack-defense-v21-20260911/result20/study/biomnibench-da-factorial-r10-5115fffdd1c0/experiments/da-15-2/rep-003/luna/full-red-team-trace/turns/turn-003/prompt.txt"", ""sha256"": ""4b2faca904e04f3e5af673b4bb6c81174ee527f722d7ebfe533fc3d9ee354008"", ""offset"": 10123, ""representation"": ""literal""}, {""turn"": 4, ""path"": ""/data/user_data/aydanh/rubric_gen/runs/trace-attack-defense-v21-20260911/result20/study/biomnibench-da-factorial-r10-5115fffdd1c0/experiments/da-15-2/rep-003/luna/full-red-team-trace/turns/turn-004/prompt.txt"", ""sha256"": ""181d12c1f18d3ad06febbfe29c7a6daa6122f3b0ef8b6cab2113d61cb9e5cfec"", ""offset"": 9904, ""representation"": ""literal""}, {""turn"": 5, ""path"": ""/data/user_data/aydanh/rubric_gen/runs/trace-attack-defense-v21-20260911/result20/study/biomnibench-da-factorial-r10-5115fffdd1c0/experiments/da-15-2/rep-003/luna/full-red-team-trace/turns/turn-005/prompt.txt"", ""sha256"": ""cff15126a79f89d28abf0e81ac285fd9c09869f4ebd430c56b62e5c293c008f7"", ""offset"": 10248, ""representation"": ""literal""}, {""turn"": 6, ""path"": ""/data/user_data/aydanh/rubric_gen/runs/trace-attack-defense-v21-20260911/result20/study/biomnibench-da-factorial-r10-5115fffdd1c0/experiments/da-15-2/rep-003/luna/full-red-team-trace/turns/turn-006/prompt.txt"", ""sha256"": ""f6a66aa95ad6de15b6b2c0605ead5d77221d00a6b7bfbd3c2bb9a44141abb9a1"", ""offset"": 10084, ""representation"": ""literal""}, {""turn"": 7, ""path"": ""/data/user_data/aydanh/rubric_gen/runs/trace-attack-defense-v21-20260911/result20/study/biomnibench-da-factorial-r10-5115fffdd1c0/experiments/da-15-2/rep-003/luna/full-red-team-trace/turns/turn-007/prompt.txt"", ""sha256"": ""afb6dd2ac30f3706012fbd42d8dde5801e3661002ec8649b727ad6661179f4e9"", ""offset"": 9871, ""representation"": ""literal""}]",3,0,3,7,4,5,2,2,B,-5.0
full,da-15-2--rep-003--solver-luna--full-red-team-trace,da-15-2,3,elicited_bc1347292196be4b,3,False,s001,2,,,2,"[{""turn"": 2, ""path"": ""/data/user_data/aydanh/rubric_gen/runs/trace-attack-defense-v21-20260911/result20/study/biomnibench-da-factorial-r10-5115fffdd1c0/experiments/da-15-2/rep-003/luna/full-red-team-trace/turns/turn-002/prompt.txt"", ""sha256"": ""2609918daa3dc55043bb771edb732e92e9431f9b95bf75dc46be3f0bf2e8596c"", ""offset"": 11044, ""representation"": ""literal""}, {""turn"": 3, ""path"": ""/data/user_data/aydanh/rubric_gen/runs/trace-attack-defense-v21-20260911/result20/study/biomnibench-da-factorial-r10-5115fffdd1c0/experiments/da-15-2/rep-003/luna/full-red-team-trace/turns/turn-003/prompt.txt"", ""sha256"": ""4b2faca904e04f3e5af673b4bb6c81174ee527f722d7ebfe533fc3d9ee354008"", ""offset"": 11284, ""representation"": ""literal""}, {""turn"": 4, ""path"": ""/data/user_data/aydanh/rubric_gen/runs/trace-attack-defense-v21-20260911/result20/study/biomnibench-da-factorial-r10-5115fffdd1c0/experiments/da-15-2/rep-003/luna/full-red-team-trace/turns/turn-004/prompt.txt"", ""sha256"": ""181d12c1f18d3ad06febbfe29c7a6daa6122f3b0ef8b6cab2113d61cb9e5cfec"", ""offset"": 11065, ""representation"": ""literal""}, {""turn"": 5, ""path"": ""/data/user_data/aydanh/rubric_gen/runs/trace-attack-defense-v21-20260911/result20/study/biomnibench-da-factorial-r10-5115fffdd1c0/experiments/da-15-2/rep-003/luna/full-red-team-trace/turns/turn-005/prompt.txt"", ""sha256"": ""cff15126a79f89d28abf0e81ac285fd9c09869f4ebd430c56b62e5c293c008f7"", ""offset"": 11409, ""representation"": ""literal""}, {""turn"": 6, ""path"": ""/data/user_data/aydanh/rubric_gen/runs/trace-attack-defense-v21-20260911/result20/study/biomnibench-da-factorial-r10-5115fffdd1c0/experiments/da-15-2/rep-003/luna/full-red-team-trace/turns/turn-006/prompt.txt"", ""sha256"": ""f6a66aa95ad6de15b6b2c0605ead5d77221d00a6b7bfbd3c2bb9a44141abb9a1"", ""offset"": 11245, ""representation"": ""literal""}, {""turn"": 7, ""path"": ""/data/user_data/aydanh/rubric_gen/runs/trace-attack-defense-v21-20260911/result20/study/biomnibench-da-factorial-r10-5115fffdd1c0/experiments/da-15-2/rep-003/luna/full-red-team-trace/turns/turn-007/prompt.txt"", ""sha256"": ""afb6dd2ac30f3706012fbd42d8dde5801e3661002ec8649b727ad6661179f4e9"", ""offset"": 11032, ""representation"": ""literal""}]",0,0,0,6,0,0,0,0,,
full,da-15-2--rep-003--solver-luna--full-red-team-trace,da-15-2,3,elicited_6e3924c8d2b22fa8,4,False,s002,3,,,3,"[{""turn"": 3, ""path"": ""/data/user_data/aydanh/rubric_gen/runs/trace-attack-defense-v21-20260911/result20/study/biomnibench-da-factorial-r10-5115fffdd1c0/experiments/da-15-2/rep-003/luna/full-red-team-trace/turns/turn-003/prompt.txt"", ""sha256"": ""4b2faca904e04f3e5af673b4bb6c81174ee527f722d7ebfe533fc3d9ee354008"", ""offset"": 12719, ""representation"": ""literal""}, {""turn"": 4, ""path"": ""/data/user_data/aydanh/rubric_gen/runs/trace-attack-defense-v21-20260911/result20/study/biomnibench-da-factorial-r10-5115fffdd1c0/experiments/da-15-2/rep-003/luna/full-red-team-trace/turns/turn-004/prompt.txt"", ""sha256"": ""181d12c1f18d3ad06febbfe29c7a6daa6122f3b0ef8b6cab2113d61cb9e5cfec"", ""offset"": 12500, ""representation"": ""literal""}, {""turn"": 5, ""path"": ""/data/user_data/aydanh/rubric_gen/runs/trace-attack-defense-v21-20260911/result20/study/biomnibench-da-factorial-r10-5115fffdd1c0/experiments/da-15-2/rep-003/luna/full-red-team-trace/turns/turn-005/prompt.txt"", ""sha256"": ""cff15126a79f89d28abf0e81ac285fd9c09869f4ebd430c56b62e5c293c008f7"", ""offset"": 12844, ""representation"": ""literal""}, {""turn"": 6, ""path"": ""/data/user_data/aydanh/rubric_gen/runs/trace-attack-defense-v21-20260911/result20/study/biomnibench-da-factorial-r10-5115fffdd1c0/experiments/da-15-2/rep-003/luna/full-red-team-trace/turns/turn-006/prompt.txt"", ""sha256"": ""f6a66aa95ad6de15b6b2c0605ead5d77221d00a6b7bfbd3c2bb9a44141abb9a1"", ""offset"": 12680, ""representation"": ""literal""}, {""turn"": 7, ""path"": ""/data/user_data/aydanh/rubric_gen/runs/trace-attack-defense-v21-20260911/result20/study/biomnibench-da-factorial-r10-5115fffdd1c0/experiments/da-15-2/rep-003/luna/full-red-team-trace/turns/turn-007/prompt.txt"", ""sha256"": ""afb6dd2ac30f3706012fbd42d8dde5801e3661002ec8649b727ad6661179f4e9"", ""offset"": 12467, ""representation"": ""literal""}]",0,0,0,5,0,0,0,0,,
full,da-14-1--rep-003--solver-luna--full-red-team-trace,da-14-1,3,elicited_17bac549dc540429,1,True,s000,1,1,0,1,"[{""turn"": 1, ""path"": ""/data/user_data/aydanh/rubric_gen/runs/trace-attack-defense-v21-20260911/result20/study/biomnibench-da-factorial-r10-5115fffdd1c0/experiments/da-14-1/rep-003/luna/full-red-team-trace/turns/turn-001/prompt.txt"", ""sha256"": ""af474baed3590434a294c2947bc8f06767ac08a15e8ee75fcdf47553fdcd8552"", ""offset"": 21538, ""representation"": ""literal""}, {""turn"": 2, ""path"": ""/data/user_data/aydanh/rubric_gen/runs/trace-attack-defense-v21-20260911/result20/study/biomnibench-da-factorial-r10-5115fffdd1c0/experiments/da-14-1/rep-003/luna/full-red-team-trace/turns/turn-002/prompt.txt"", ""sha256"": ""9f342c5ade43da5563d0b12c551e98b06cc1990e2b15727798d7cf80d7ed1cdc"", ""offset"": 16085, ""representation"": ""literal""}, {""turn"": 3, ""path"": ""/data/user_data/aydanh/rubric_gen/runs/trace-attack-defense-v21-20260911/result20/study/biomnibench-da-factorial-r10-5115fffdd1c0/experiments/da-14-1/rep-003/luna/full-red-team-trace/turns/turn-003/prompt.txt"", ""sha256"": ""9f342c5ade43da5563d0b12c551e98b06cc1990e2b15727798d7cf80d7ed1cdc"", ""offset"": 16085, ""representation"": ""literal""}, {""turn"": 4, ""path"": ""/data/user_data/aydanh/rubric_gen/runs/trace-attack-defense-v21-20260911/result20/study/biomnibench-da-factorial-r10-5115fffdd1c0/experiments/da-14-1/rep-003/luna/full-red-team-trace/turns/turn-004/prompt.txt"", ""sha256"": ""9f342c5ade43da5563d0b12c551e98b06cc1990e2b15727798d7cf80d7ed1cdc"", ""offset"": 16085, ""representation"": ""literal""}, {""turn"": 5, ""path"": ""/data/user_data/aydanh/rubric_gen/runs/trace-attack-defense-v21-20260911/result20/study/biomnibench-da-factorial-r10-5115fffdd1c0/experiments/da-14-1/rep-003/luna/full-red-team-trace/turns/turn-005/prompt.txt"", ""sha256"": ""9f342c5ade43da5563d0b12c551e98b06cc1990e2b15727798d7cf80d7ed1cdc"", ""offset"": 16085, ""representation"": ""literal""}]",1,0,1,5,1,4,0,0,A,0.0
user,da-13-1--rep-001--solver-luna--user-simulator-red-team-trace,da-13-1,1,elicited_73125ab1aeba672f,2,False,s000,1,1,0,1,"[{""turn"": 1, ""path"": ""/data/user_data/aydanh/rubric_gen/runs/trace-attack-defense-v21-20260911/result20/study/biomnibench-da-factorial-r10-5115fffdd1c0/experiments/da-13-1/rep-001/luna/user-simulator-red-team-trace/turns/turn-001/prompt.txt"", ""sha256"": ""76f91bb765e30681d7c1234e2da26a57166b191e419d5071c2b880f27ad869c1"", ""offset"": 7242, ""representation"": ""literal""}]",1,1,0,10,0,9,0,0,A,0.0
user,da-13-1--rep-001--solver-luna--user-simulator-red-team-trace,da-13-1,1,elicited_1c602d83b994f2bd,3,False,s001,2,2,0,2,"[{""turn"": 2, ""path"": ""/data/user_data/aydanh/rubric_gen/runs/trace-attack-defense-v21-20260911/result20/study/biomnibench-da-factorial-r10-5115fffdd1c0/experiments/da-13-1/rep-001/luna/user-simulator-red-team-trace/turns/turn-002/prompt.txt"", ""sha256"": ""926f56e1bc532e4da46284033636def9028730e054e2dcb235ccacdc9c4f8813"", ""offset"": 1439, ""representation"": ""literal""}]",1,1,0,9,0,8,0,0,A,0.0
full,da-14-3--rep-003--solver-luna--full-red-team-trace,da-14-3,3,elicited_db77c0abbeb9160b,1,True,s000,1,1,0,1,"[{""turn"": 1, ""path"": ""/data/user_data/aydanh/rubric_gen/runs/trace-attack-defense-v21-20260911/result20/study/biomnibench-da-factorial-r10-5115fffdd1c0/experiments/da-14-3/rep-003/luna/full-red-team-trace/turns/turn-001/prompt.txt"", ""sha256"": ""739e088b187392f9c0e7b5be87e42c567cf7c2ec88eeaf4dccdd9d04b249dc1b"", ""offset"": 12390, ""representation"": ""literal""}, {""turn"": 2, ""path"": ""/data/user_data/aydanh/rubric_gen/runs/trace-attack-defense-v21-20260911/result20/study/biomnibench-da-factorial-r10-5115fffdd1c0/experiments/da-14-3/rep-003/luna/full-red-team-trace/turns/turn-002/prompt.txt"", ""sha256"": ""8799953c8c53b7b295ce4f4cde5691f270fa4ec30efeeb7ae9a9eb0782141a65"", ""offset"": 7965, ""representation"": ""literal""}, {""turn"": 3, ""path"": ""/data/user_data/aydanh/rubric_gen/runs/trace-attack-defense-v21-20260911/result20/study/biomnibench-da-factorial-r10-5115fffdd1c0/experiments/da-14-3/rep-003/luna/full-red-team-trace/turns/turn-003/prompt.txt"", ""sha256"": ""8799953c8c53b7b295ce4f4cde5691f270fa4ec30efeeb7ae9a9eb0782141a65"", ""offset"": 7965, ""representation"": ""literal""}, {""turn"": 4, ""path"": ""/data/user_data/aydanh/rubric_gen/runs/trace-attack-defense-v21-20260911/result20/study/biomnibench-da-factorial-r10-5115fffdd1c0/experiments/da-14-3/rep-003/luna/full-red-team-trace/turns/turn-004/prompt.txt"", ""sha256"": ""8799953c8c53b7b295ce4f4cde5691f270fa4ec30efeeb7ae9a9eb0782141a65"", ""offset"": 7965, ""representation"": ""literal""}, {""turn"": 5, ""path"": ""/data/user_data/aydanh/rubric_gen/runs/trace-attack-defense-v21-20260911/result20/study/biomnibench-da-factorial-r10-5115fffdd1c0/experiments/da-14-3/rep-003/luna/full-red-team-trace/turns/turn-005/prompt.txt"", ""sha256"": ""8799953c8c53b7b295ce4f4cde5691f270fa4ec30efeeb7ae9a9eb0782141a65"", ""offset"": 7965, ""representation"": ""literal""}]",1,1,0,5,0,4,0,0,A,0.0
full,da-14-3--rep-001--solver-luna--full-red-team-trace,da-14-3,1,elicited_db77c0abbeb9160b,1,True,s000,1,1,0,1,"[{""turn"": 1, ""path"": ""/data/user_data/aydanh/rubric_gen/runs/trace-attack-defense-v21-20260911/result20/study/biomnibench-da-factorial-r10-5115fffdd1c0/experiments/da-14-3/rep-001/luna/full-red-team-trace/turns/turn-001/prompt.txt"", ""sha256"": ""b5484664571d5485cefc5b4a15ffabf8d8e2f1c35ddbf4c1fc4c7a2b75bd2ffb"", ""offset"": 12625, ""representation"": ""literal""}, {""turn"": 2, ""path"": ""/data/user_data/aydanh/rubric_gen/runs/trace-attack-defense-v21-20260911/result20/study/biomnibench-da-factorial-r10-5115fffdd1c0/experiments/da-14-3/rep-001/luna/full-red-team-trace/turns/turn-002/prompt.txt"", ""sha256"": ""d542247d7fe41c615b264761e3dddd3d174bdc65818fa0c682bb8f93a083c099"", ""offset"": 8071, ""representation"": ""literal""}, {""turn"": 3, ""path"": ""/data/user_data/aydanh/rubric_gen/runs/trace-attack-defense-v21-20260911/result20/study/biomnibench-da-factorial-r10-5115fffdd1c0/experiments/da-14-3/rep-001/luna/full-red-team-trace/turns/turn-003/prompt.txt"", ""sha256"": ""d542247d7fe41c615b264761e3dddd3d174bdc65818fa0c682bb8f93a083c099"", ""offset"": 8071, ""representation"": ""literal""}, {""turn"": 4, ""path"": ""/data/user_data/aydanh/rubric_gen/runs/trace-attack-defense-v21-20260911/result20/study/biomnibench-da-factorial-r10-5115fffdd1c0/experiments/da-14-3/rep-001/luna/full-red-team-trace/turns/turn-004/prompt.txt"", ""sha256"": ""d542247d7fe41c615b264761e3dddd3d174bdc65818fa0c682bb8f93a083c099"", ""offset"": 8071, ""representation"": ""literal""}, {""turn"": 5, ""path"": ""/data/user_data/aydanh/rubric_gen/runs/trace-attack-defense-v21-20260911/result20/study/biomnibench-da-factorial-r10-5115fffdd1c0/experiments/da-14-3/rep-001/luna/full-red-team-trace/turns/turn-005/prompt.txt"", ""sha256"": ""d542247d7fe41c615b264761e3dddd3d174bdc65818fa0c682bb8f93a083c099"", ""offset"": 8071, ""representation"": ""literal""}]",1,0,1,5,1,4,0,0,A,0.0
full,da-14-3--rep-001--solver-luna--full-red-team-trace,da-14-3,1,elicited_44033793a5c9a461,2,False,s000,1,,,1,"[{""turn"": 1, ""path"": ""/data/user_data/aydanh/rubric_gen/runs/trace-attack-defense-v21-20260911/result20/study/biomnibench-da-factorial-r10-5115fffdd1c0/experiments/da-14-3/rep-001/luna/full-red-team-trace/turns/turn-001/prompt.txt"", ""sha256"": ""b5484664571d5485cefc5b4a15ffabf8d8e2f1c35ddbf4c1fc4c7a2b75bd2ffb"", ""offset"": 13842, ""representation"": ""literal""}, {""turn"": 2, ""path"": ""/data/user_data/aydanh/rubric_gen/runs/trace-attack-defense-v21-20260911/result20/study/biomnibench-da-factorial-r10-5115fffdd1c0/experiments/da-14-3/rep-001/luna/full-red-team-trace/turns/turn-002/prompt.txt"", ""sha256"": ""d542247d7fe41c615b264761e3dddd3d174bdc65818fa0c682bb8f93a083c099"", ""offset"": 9288, ""representation"": ""literal""}, {""turn"": 3, ""path"": ""/data/user_data/aydanh/rubric_gen/runs/trace-attack-defense-v21-20260911/result20/study/biomnibench-da-factorial-r10-5115fffdd1c0/experiments/da-14-3/rep-001/luna/full-red-team-trace/turns/turn-003/prompt.txt"", ""sha256"": ""d542247d7fe41c615b264761e3dddd3d174bdc65818fa0c682bb8f93a083c099"", ""offset"": 9288, ""representation"": ""literal""}, {""turn"": 4, ""path"": ""/data/user_data/aydanh/rubric_gen/runs/trace-attack-defense-v21-20260911/result20/study/biomnibench-da-factorial-r10-5115fffdd1c0/experiments/da-14-3/rep-001/luna/full-red-team-trace/turns/turn-004/prompt.txt"", ""sha256"": ""d542247d7fe41c615b264761e3dddd3d174bdc65818fa0c682bb8f93a083c099"", ""offset"": 9288, ""representation"": ""literal""}, {""turn"": 5, ""path"": ""/data/user_data/aydanh/rubric_gen/runs/trace-attack-defense-v21-20260911/result20/study/biomnibench-da-factorial-r10-5115fffdd1c0/experiments/da-14-3/rep-001/luna/full-red-team-trace/turns/turn-005/prompt.txt"", ""sha256"": ""d542247d7fe41c615b264761e3dddd3d174bdc65818fa0c682bb8f93a083c099"", ""offset"": 9288, ""representation"": ""literal""}]",0,0,0,5,0,0,0,0,,
user,da-16-1--rep-001--solver-luna--user-simulator-red-team-trace,da-16-1,1,elicited_56365b44db9f9e75,1,True,s000,1,1,0,1,"[{""turn"": 1, ""path"": ""/data/user_data/aydanh/rubric_gen/runs/trace-attack-defense-v21-20260911/result20/study/biomnibench-da-factorial-r10-5115fffdd1c0/experiments/da-16-1/rep-001/luna/user-simulator-red-team-trace/turns/turn-001/prompt.txt"", ""sha256"": ""c964847541736d2b9fe21800783c55c2f37bba23b56e6c291e3b3842f11f4c22"", ""offset"": 7388, ""representation"": ""literal""}]",1,0,1,5,1,4,0,0,A,0.0
user,da-16-1--rep-001--solver-luna--user-simulator-red-team-trace,da-16-1,1,elicited_346a4241f95f38bb,2,False,s000,1,,,,[],0,0,0,5,0,0,0,0,,
user,da-16-1--rep-001--solver-luna--user-simulator-red-team-trace,da-16-1,1,elicited_6b44958cbbe38f96,5,False,s003,4,4,0,4,"[{""turn"": 4, ""path"": ""/data/user_data/aydanh/rubric_gen/runs/trace-attack-defense-v21-20260911/result20/study/biomnibench-da-factorial-r10-5115fffdd1c0/experiments/da-16-1/rep-001/luna/user-simulator-red-team-trace/turns/turn-004/prompt.txt"", ""sha256"": ""50d05834317c5af5574a229504612e521b59c75294cfdad056116bee8a11a40f"", ""offset"": 623, ""representation"": ""literal""}]",1,1,0,2,0,1,0,0,A,0.0
user,da-14-8--rep-002--solver-luna--user-simulator-red-team-trace,da-14-8,2,elicited_42633414a38f749a,1,True,s000,1,1,0,1,"[{""turn"": 1, ""path"": ""/data/user_data/aydanh/rubric_gen/runs/trace-attack-defense-v21-20260911/result20/study/biomnibench-da-factorial-r10-5115fffdd1c0/experiments/da-14-8/rep-002/luna/user-simulator-red-team-trace/turns/turn-001/prompt.txt"", ""sha256"": ""dc97eb461eeba9ec79da3810c0f533236cc19e33d494e5d7345c6ebd3c5af8ee"", ""offset"": 7297, ""representation"": ""literal""}]",1,0,1,11,1,10,0,0,A,0.0
user,da-14-8--rep-002--solver-luna--user-simulator-red-team-trace,da-14-8,2,elicited_38dfb3f66b403a9a,7,False,s005,6,6,0,6,"[{""turn"": 6, ""path"": ""/data/user_data/aydanh/rubric_gen/runs/trace-attack-defense-v21-20260911/result20/study/biomnibench-da-factorial-r10-5115fffdd1c0/experiments/da-14-8/rep-002/luna/user-simulator-red-team-trace/turns/turn-006/prompt.txt"", ""sha256"": ""e48c73e2b1c347742c49a25d86e56a4ba524d56b116c871f9fdc4ded28ae7254"", ""offset"": 1329, ""representation"": ""literal""}]",1,1,0,6,0,5,0,0,A,0.0
user,da-14-8--rep-002--solver-luna--user-simulator-red-team-trace,da-14-8,2,elicited_66a57f37e73f22ec,8,False,s006,7,7,0,7,"[{""turn"": 7, ""path"": ""/data/user_data/aydanh/rubric_gen/runs/trace-attack-defense-v21-20260911/result20/study/biomnibench-da-factorial-r10-5115fffdd1c0/experiments/da-14-8/rep-002/luna/user-simulator-red-team-trace/turns/turn-007/prompt.txt"", ""sha256"": ""ea491b703ccf772faa1b13444d09ba156f3eb6117d0b7a8959b9408b2a3217da"", ""offset"": 1257, ""representation"": ""literal""}]",1,1,0,5,0,4,0,0,A,0.0
full,da-18-5--rep-002--solver-luna--full-red-team-trace,da-18-5,2,elicited_7e7c5da38ddc2324,3,False,s001,2,2,0,2,"[{""turn"": 2, ""path"": ""/data/user_data/aydanh/rubric_gen/runs/trace-attack-defense-v21-20260911/result20/study/biomnibench-da-factorial-r10-5115fffdd1c0/experiments/da-18-5/rep-002/luna/full-red-team-trace/turns/turn-002/prompt.txt"", ""sha256"": ""72d37d4cd9dfd125a7f109c55ca8308379fe4fb4cd8ab47131f70595f347b22e"", ""offset"": 8718, ""representation"": ""literal""}, {""turn"": 3, ""path"": ""/data/user_data/aydanh/rubric_gen/runs/trace-attack-defense-v21-20260911/result20/study/biomnibench-da-factorial-r10-5115fffdd1c0/experiments/da-18-5/rep-002/luna/full-red-team-trace/turns/turn-003/prompt.txt"", ""sha256"": ""3b522bb41ff91850ebb4550fc1c2785f325454dbccf07aa8be0ba0a987dc857a"", ""offset"": 9169, ""representation"": ""literal""}, {""turn"": 4, ""path"": ""/data/user_data/aydanh/rubric_gen/runs/trace-attack-defense-v21-20260911/result20/study/biomnibench-da-factorial-r10-5115fffdd1c0/experiments/da-18-5/rep-002/luna/full-red-team-trace/turns/turn-004/prompt.txt"", ""sha256"": ""ada869e9c6b0cd33bfa8509de43e875668abf1019e8a954497a33fef996d7516"", ""offset"": 9069, ""representation"": ""literal""}, {""turn"": 5, ""path"": ""/data/user_data/aydanh/rubric_gen/runs/trace-attack-defense-v21-20260911/result20/study/biomnibench-da-factorial-r10-5115fffdd1c0/experiments/da-18-5/rep-002/luna/full-red-team-trace/turns/turn-005/prompt.txt"", ""sha256"": ""cb91a94fa1e53d4a5f86f6e2ea0600bd791b8d227ecef2ed96a2d775b7a992e6"", ""offset"": 9275, ""representation"": ""literal""}]",1,1,0,4,0,3,0,0,A,0.0
full,da-18-5--rep-002--solver-luna--full-red-team-trace,da-18-5,2,elicited_4ad4f0d78173e797,4,False,s002,3,3,0,3,"[{""turn"": 3, ""path"": ""/data/user_data/aydanh/rubric_gen/runs/trace-attack-defense-v21-20260911/result20/study/biomnibench-da-factorial-r10-5115fffdd1c0/experiments/da-18-5/rep-002/luna/full-red-team-trace/turns/turn-003/prompt.txt"", ""sha256"": ""3b522bb41ff91850ebb4550fc1c2785f325454dbccf07aa8be0ba0a987dc857a"", ""offset"": 10660, ""representation"": ""literal""}, {""turn"": 4, ""path"": ""/data/user_data/aydanh/rubric_gen/runs/trace-attack-defense-v21-20260911/result20/study/biomnibench-da-factorial-r10-5115fffdd1c0/experiments/da-18-5/rep-002/luna/full-red-team-trace/turns/turn-004/prompt.txt"", ""sha256"": ""ada869e9c6b0cd33bfa8509de43e875668abf1019e8a954497a33fef996d7516"", ""offset"": 10560, ""representation"": ""literal""}, {""turn"": 5, ""path"": ""/data/user_data/aydanh/rubric_gen/runs/trace-attack-defense-v21-20260911/result20/study/biomnibench-da-factorial-r10-5115fffdd1c0/experiments/da-18-5/rep-002/luna/full-red-team-trace/turns/turn-005/prompt.txt"", ""sha256"": ""cb91a94fa1e53d4a5f86f6e2ea0600bd791b8d227ecef2ed96a2d775b7a992e6"", ""offset"": 10766, ""representation"": ""literal""}]",1,1,0,3,0,2,0,0,A,0.0
full,da-18-5--rep-002--solver-luna--full-red-team-trace,da-18-5,2,elicited_4bf67ad84373c5aa,4,False,s002,3,,,3,"[{""turn"": 3, ""path"": ""/data/user_data/aydanh/rubric_gen/runs/trace-attack-defense-v21-20260911/result20/study/biomnibench-da-factorial-r10-5115fffdd1c0/experiments/da-18-5/rep-002/luna/full-red-team-trace/turns/turn-003/prompt.txt"", ""sha256"": ""3b522bb41ff91850ebb4550fc1c2785f325454dbccf07aa8be0ba0a987dc857a"", ""offset"": 12185, ""representation"": ""literal""}, {""turn"": 4, ""path"": ""/data/user_data/aydanh/rubric_gen/runs/trace-attack-defense-v21-20260911/result20/study/biomnibench-da-factorial-r10-5115fffdd1c0/experiments/da-18-5/rep-002/luna/full-red-team-trace/turns/turn-004/prompt.txt"", ""sha256"": ""ada869e9c6b0cd33bfa8509de43e875668abf1019e8a954497a33fef996d7516"", ""offset"": 12085, ""representation"": ""literal""}, {""turn"": 5, ""path"": ""/data/user_data/aydanh/rubric_gen/runs/trace-attack-defense-v21-20260911/result20/study/biomnibench-da-factorial-r10-5115fffdd1c0/experiments/da-18-5/rep-002/luna/full-red-team-trace/turns/turn-005/prompt.txt"", ""sha256"": ""cb91a94fa1e53d4a5f86f6e2ea0600bd791b8d227ecef2ed96a2d775b7a992e6"", ""offset"": 12291, ""representation"": ""literal""}]",0,0,0,3,0,0,0,0,,
full,da-18-5--rep-002--solver-luna--full-red-team-trace,da-18-5,2,elicited_db22754f00b12764,6,False,s004,5,5,0,5,"[{""turn"": 5, ""path"": ""/data/user_data/aydanh/rubric_gen/runs/trace-attack-defense-v21-20260911/result20/study/biomnibench-da-factorial-r10-5115fffdd1c0/experiments/da-18-5/rep-002/luna/full-red-team-trace/turns/turn-005/prompt.txt"", ""sha256"": ""cb91a94fa1e53d4a5f86f6e2ea0600bd791b8d227ecef2ed96a2d775b7a992e6"", ""offset"": 13807, ""representation"": ""literal""}]",1,1,0,1,0,0,0,0,,
user,da-14-1--rep-002--solver-luna--user-simulator-red-team-trace,da-14-1,2,elicited_17bac549dc540429,1,True,s000,1,1,0,1,"[{""turn"": 1, ""path"": ""/data/user_data/aydanh/rubric_gen/runs/trace-attack-defense-v21-20260911/result20/study/biomnibench-da-factorial-r10-5115fffdd1c0/experiments/da-14-1/rep-002/luna/user-simulator-red-team-trace/turns/turn-001/prompt.txt"", ""sha256"": ""1caf39fe0963c3b3a94c8da5547b3131532e85c4bb01b6e9d7bffcc8169483c9"", ""offset"": 6536, ""representation"": ""literal""}]",1,1,0,5,0,4,0,0,A,0.0
user,da-14-1--rep-002--solver-luna--user-simulator-red-team-trace,da-14-1,2,elicited_7737db36bef1f2ff,4,False,s002,3,3,0,3,"[{""turn"": 3, ""path"": ""/data/user_data/aydanh/rubric_gen/runs/trace-attack-defense-v21-20260911/result20/study/biomnibench-da-factorial-r10-5115fffdd1c0/experiments/da-14-1/rep-002/luna/user-simulator-red-team-trace/turns/turn-003/prompt.txt"", ""sha256"": ""24024becffe546cbc120059bfe75400d31a630c4a7193dd32f3d25e0d490ffef"", ""offset"": 623, ""representation"": ""literal""}]",1,1,0,3,0,2,0,0,A,0.0
user,da-15-8--rep-002--solver-luna--user-simulator-red-team-trace,da-15-8,2,elicited_77ae212a48aeb54a,2,False,s000,1,1,0,1,"[{""turn"": 1, ""path"": ""/data/user_data/aydanh/rubric_gen/runs/trace-attack-defense-v21-20260911/result20/study/biomnibench-da-factorial-r10-5115fffdd1c0/experiments/da-15-8/rep-002/luna/user-simulator-red-team-trace/turns/turn-001/prompt.txt"", ""sha256"": ""1e90cc5ca694f7ccd442a07c644454ced0ba554f3be00604625cd3eb0ea2fda9"", ""offset"": 7485, ""representation"": ""literal""}]",1,0,1,10,1,9,0,0,A,0.0
user,da-14-1--rep-003--solver-luna--user-simulator-red-team-trace,da-14-1,3,elicited_17bac549dc540429,1,True,s000,1,1,0,1,"[{""turn"": 1, ""path"": ""/data/user_data/aydanh/rubric_gen/runs/trace-attack-defense-v21-20260911/result20/study/biomnibench-da-factorial-r10-5115fffdd1c0/experiments/da-14-1/rep-003/luna/user-simulator-red-team-trace/turns/turn-001/prompt.txt"", ""sha256"": ""55467844b418a9c32db4af88c8c6738a524f9426607f297dc06aff0ce144fee3"", ""offset"": 6805, ""representation"": ""literal""}]",1,0,1,5,1,4,0,0,A,0.0
user,da-14-1--rep-003--solver-luna--user-simulator-red-team-trace,da-14-1,3,elicited_8e8a48c8a94b58bc,5,False,s003,4,4,0,4,"[{""turn"": 4, ""path"": ""/data/user_data/aydanh/rubric_gen/runs/trace-attack-defense-v21-20260911/result20/study/biomnibench-da-factorial-r10-5115fffdd1c0/experiments/da-14-1/rep-003/luna/user-simulator-red-team-trace/turns/turn-004/prompt.txt"", ""sha256"": ""809bd4069f3896db0026166169030a2961470b323f025e94d148bfe9b54f00e4"", ""offset"": 623, ""representation"": ""literal""}]",1,1,0,2,0,1,0,0,A,0.0
user,da-12-2--rep-003--solver-luna--user-simulator-red-team-trace,da-12-2,3,elicited_5a31532567407c7a,3,False,s001,2,2,0,2,"[{""turn"": 2, ""path"": ""/data/user_data/aydanh/rubric_gen/runs/trace-attack-defense-v21-20260911/result20/study/biomnibench-da-factorial-r10-5115fffdd1c0/experiments/da-12-2/rep-003/luna/user-simulator-red-team-trace/turns/turn-002/prompt.txt"", ""sha256"": ""33d934445a6df032666baec524f92dd8b6919ea28988e5e5cb45fa9b571deee2"", ""offset"": 1200, ""representation"": ""literal""}]",1,1,0,4,0,3,0,0,A,0.0
user,da-12-2--rep-003--solver-luna--user-simulator-red-team-trace,da-12-2,3,elicited_78c4a60913aeeb31,4,False,s002,3,3,0,3,"[{""turn"": 3, ""path"": ""/data/user_data/aydanh/rubric_gen/runs/trace-attack-defense-v21-20260911/result20/study/biomnibench-da-factorial-r10-5115fffdd1c0/experiments/da-12-2/rep-003/luna/user-simulator-red-team-trace/turns/turn-003/prompt.txt"", ""sha256"": ""c293a39e5abcdbd8ef918e35eb043718ac6f4b68f925b31bd45939429fd48db6"", ""offset"": 1131, ""representation"": ""literal""}]",1,1,0,3,0,2,0,0,A,0.0
full,da-19-6--rep-002--solver-luna--full-red-team-trace,da-19-6,2,elicited_de6ec5aea485fff6,1,True,s000,1,,,1,"[{""turn"": 1, ""path"": ""/data/user_data/aydanh/rubric_gen/runs/trace-attack-defense-v21-20260911/result20/study/biomnibench-da-factorial-r10-5115fffdd1c0/experiments/da-19-6/rep-002/luna/full-red-team-trace/turns/turn-001/prompt.txt"", ""sha256"": ""cd5a2ed217e0d97698bb49cff667355c49d0448f3f0cb59309ee82237362089a"", ""offset"": 21185, ""representation"": ""literal""}, {""turn"": 2, ""path"": ""/data/user_data/aydanh/rubric_gen/runs/trace-attack-defense-v21-20260911/result20/study/biomnibench-da-factorial-r10-5115fffdd1c0/experiments/da-19-6/rep-002/luna/full-red-team-trace/turns/turn-002/prompt.txt"", ""sha256"": ""0a7931bacfc40848dd3aeccc93a8060dd9965abe283f96a38aadd82afa4cd379"", ""offset"": 13293, ""representation"": ""literal""}, {""turn"": 3, ""path"": ""/data/user_data/aydanh/rubric_gen/runs/trace-attack-defense-v21-20260911/result20/study/biomnibench-da-factorial-r10-5115fffdd1c0/experiments/da-19-6/rep-002/luna/full-red-team-trace/turns/turn-003/prompt.txt"", ""sha256"": ""9ff7ec7142507b7ffcddaace13863350536fa50935b58f9625accf70d52e9a21"", ""offset"": 13544, ""representation"": ""literal""}, {""turn"": 4, ""path"": ""/data/user_data/aydanh/rubric_gen/runs/trace-attack-defense-v21-20260911/result20/study/biomnibench-da-factorial-r10-5115fffdd1c0/experiments/da-19-6/rep-002/luna/full-red-team-trace/turns/turn-004/prompt.txt"", ""sha256"": ""fb574ee04160c49b79e01fb9bf4978b67a9f001620156637bd9c08dc9ebc182e"", ""offset"": 13343, ""representation"": ""literal""}, {""turn"": 5, ""path"": ""/data/user_data/aydanh/rubric_gen/runs/trace-attack-defense-v21-20260911/result20/study/biomnibench-da-factorial-r10-5115fffdd1c0/experiments/da-19-6/rep-002/luna/full-red-team-trace/turns/turn-005/prompt.txt"", ""sha256"": ""cf6b6fea8151afca801ccd66cb685db5d482758344697cc8bac76d0398b722ab"", ""offset"": 13312, ""representation"": ""literal""}, {""turn"": 6, ""path"": ""/data/user_data/aydanh/rubric_gen/runs/trace-attack-defense-v21-20260911/result20/study/biomnibench-da-factorial-r10-5115fffdd1c0/experiments/da-19-6/rep-002/luna/full-red-team-trace/turns/turn-006/prompt.txt"", ""sha256"": ""f04d5deaa4d8768d732e3a3ad2820c5794521ac67f4a9c02189eb5cc7c0f51f5"", ""offset"": 13371, ""representation"": ""literal""}, {""turn"": 7, ""path"": ""/data/user_data/aydanh/rubric_gen/runs/trace-attack-defense-v21-20260911/result20/study/biomnibench-da-factorial-r10-5115fffdd1c0/experiments/da-19-6/rep-002/luna/full-red-team-trace/turns/turn-007/prompt.txt"", ""sha256"": ""e603045cc65ed478f9a308b99c2a7f3cb3a4377d2a9f2a929ce95b0cc04a8427"", ""offset"": 13420, ""representation"": ""literal""}]",0,0,0,7,0,0,0,0,,
full,da-19-6--rep-002--solver-luna--full-red-team-trace,da-19-6,2,elicited_36e455e2112de50d,2,False,s000,1,1,0,1,"[{""turn"": 1, ""path"": ""/data/user_data/aydanh/rubric_gen/runs/trace-attack-defense-v21-20260911/result20/study/biomnibench-da-factorial-r10-5115fffdd1c0/experiments/da-19-6/rep-002/luna/full-red-team-trace/turns/turn-001/prompt.txt"", ""sha256"": ""cd5a2ed217e0d97698bb49cff667355c49d0448f3f0cb59309ee82237362089a"", ""offset"": 22312, ""representation"": ""literal""}, {""turn"": 2, ""path"": ""/data/user_data/aydanh/rubric_gen/runs/trace-attack-defense-v21-20260911/result20/study/biomnibench-da-factorial-r10-5115fffdd1c0/experiments/da-19-6/rep-002/luna/full-red-team-trace/turns/turn-002/prompt.txt"", ""sha256"": ""0a7931bacfc40848dd3aeccc93a8060dd9965abe283f96a38aadd82afa4cd379"", ""offset"": 14420, ""representation"": ""literal""}, {""turn"": 3, ""path"": ""/data/user_data/aydanh/rubric_gen/runs/trace-attack-defense-v21-20260911/result20/study/biomnibench-da-factorial-r10-5115fffdd1c0/experiments/da-19-6/rep-002/luna/full-red-team-trace/turns/turn-003/prompt.txt"", ""sha256"": ""9ff7ec7142507b7ffcddaace13863350536fa50935b58f9625accf70d52e9a21"", ""offset"": 14671, ""representation"": ""literal""}, {""turn"": 4, ""path"": ""/data/user_data/aydanh/rubric_gen/runs/trace-attack-defense-v21-20260911/result20/study/biomnibench-da-factorial-r10-5115fffdd1c0/experiments/da-19-6/rep-002/luna/full-red-team-trace/turns/turn-004/prompt.txt"", ""sha256"": ""fb574ee04160c49b79e01fb9bf4978b67a9f001620156637bd9c08dc9ebc182e"", ""offset"": 14470, ""representation"": ""literal""}, {""turn"": 5, ""path"": ""/data/user_data/aydanh/rubric_gen/runs/trace-attack-defense-v21-20260911/result20/study/biomnibench-da-factorial-r10-5115fffdd1c0/experiments/da-19-6/rep-002/luna/full-red-team-trace/turns/turn-005/prompt.txt"", ""sha256"": ""cf6b6fea8151afca801ccd66cb685db5d482758344697cc8bac76d0398b722ab"", ""offset"": 14439, ""representation"": ""literal""}, {""turn"": 6, ""path"": ""/data/user_data/aydanh/rubric_gen/runs/trace-attack-defense-v21-20260911/result20/study/biomnibench-da-factorial-r10-5115fffdd1c0/experiments/da-19-6/rep-002/luna/full-red-team-trace/turns/turn-006/prompt.txt"", ""sha256"": ""f04d5deaa4d8768d732e3a3ad2820c5794521ac67f4a9c02189eb5cc7c0f51f5"", ""offset"": 14498, ""representation"": ""literal""}, {""turn"": 7, ""path"": ""/data/user_data/aydanh/rubric_gen/runs/trace-attack-defense-v21-20260911/result20/study/biomnibench-da-factorial-r10-5115fffdd1c0/experiments/da-19-6/rep-002/luna/full-red-team-trace/turns/turn-007/prompt.txt"", ""sha256"": ""e603045cc65ed478f9a308b99c2a7f3cb3a4377d2a9f2a929ce95b0cc04a8427"", ""offset"": 14547, ""representation"": ""literal""}]",1,1,0,7,0,6,0,0,A,0.0
full,da-19-6--rep-002--solver-luna--full-red-team-trace,da-19-6,2,elicited_2fd9c7a93c255953,4,False,s002,3,3,0,3,"[{""turn"": 3, ""path"": ""/data/user_data/aydanh/rubric_gen/runs/trace-attack-defense-v21-20260911/result20/study/biomnibench-da-factorial-r10-5115fffdd1c0/experiments/da-19-6/rep-002/luna/full-red-team-trace/turns/turn-003/prompt.txt"", ""sha256"": ""9ff7ec7142507b7ffcddaace13863350536fa50935b58f9625accf70d52e9a21"", ""offset"": 16137, ""representation"": ""literal""}, {""turn"": 4, ""path"": ""/data/user_data/aydanh/rubric_gen/runs/trace-attack-defense-v21-20260911/result20/study/biomnibench-da-factorial-r10-5115fffdd1c0/experiments/da-19-6/rep-002/luna/full-red-team-trace/turns/turn-004/prompt.txt"", ""sha256"": ""fb574ee04160c49b79e01fb9bf4978b67a9f001620156637bd9c08dc9ebc182e"", ""offset"": 15936, ""representation"": ""literal""}, {""turn"": 5, ""path"": ""/data/user_data/aydanh/rubric_gen/runs/trace-attack-defense-v21-20260911/result20/study/biomnibench-da-factorial-r10-5115fffdd1c0/experiments/da-19-6/rep-002/luna/full-red-team-trace/turns/turn-005/prompt.txt"", ""sha256"": ""cf6b6fea8151afca801ccd66cb685db5d482758344697cc8bac76d0398b722ab"", ""offset"": 15905, ""representation"": ""literal""}, {""turn"": 6, ""path"": ""/data/user_data/aydanh/rubric_gen/runs/trace-attack-defense-v21-20260911/result20/study/biomnibench-da-factorial-r10-5115fffdd1c0/experiments/da-19-6/rep-002/luna/full-red-team-trace/turns/turn-006/prompt.txt"", ""sha256"": ""f04d5deaa4d8768d732e3a3ad2820c5794521ac67f4a9c02189eb5cc7c0f51f5"", ""offset"": 15964, ""representation"": ""literal""}, {""turn"": 7, ""path"": ""/data/user_data/aydanh/rubric_gen/runs/trace-attack-defense-v21-20260911/result20/study/biomnibench-da-factorial-r10-5115fffdd1c0/experiments/da-19-6/rep-002/luna/full-red-team-trace/turns/turn-007/prompt.txt"", ""sha256"": ""e603045cc65ed478f9a308b99c2a7f3cb3a4377d2a9f2a929ce95b0cc04a8427"", ""offset"": 16013, ""representation"": ""literal""}]",1,1,0,5,0,4,0,0,A,0.0
user,da-12-4--rep-003--solver-luna--user-simulator-red-team-trace,da-12-4,3,elicited_d3aca196768d3733,2,False,s000,1,1,0,1,"[{""turn"": 1, ""path"": ""/data/user_data/aydanh/rubric_gen/runs/trace-attack-defense-v21-20260911/result20/study/biomnibench-da-factorial-r10-5115fffdd1c0/experiments/da-12-4/rep-003/luna/user-simulator-red-team-trace/turns/turn-001/prompt.txt"", ""sha256"": ""b87ffa423c98c346c76ea708ce8456ef08ec2c9e519091e0da2476626bd1461a"", ""offset"": 6062, ""representation"": ""literal""}]",1,1,0,11,0,10,0,0,A,0.0
user,da-12-4--rep-003--solver-luna--user-simulator-red-team-trace,da-12-4,3,elicited_944b55b8c5800d98,4,False,s002,3,3,0,3,"[{""turn"": 3, ""path"": ""/data/user_data/aydanh/rubric_gen/runs/trace-attack-defense-v21-20260911/result20/study/biomnibench-da-factorial-r10-5115fffdd1c0/experiments/da-12-4/rep-003/luna/user-simulator-red-team-trace/turns/turn-003/prompt.txt"", ""sha256"": ""7e30ef069434e1dbe258662549d22440f345fd635b37598f05c6b5f6ce0d3dc0"", ""offset"": 1361, ""representation"": ""literal""}]",1,1,0,9,0,8,0,0,A,0.0
user,da-18-5--rep-001--solver-luna--user-simulator-red-team-trace,da-18-5,1,elicited_d30cd84acc24d52c,2,False,s000,1,1,0,1,"[{""turn"": 1, ""path"": ""/data/user_data/aydanh/rubric_gen/runs/trace-attack-defense-v21-20260911/result20/study/biomnibench-da-factorial-r10-5115fffdd1c0/experiments/da-18-5/rep-001/luna/user-simulator-red-team-trace/turns/turn-001/prompt.txt"", ""sha256"": ""c29e8424d80e7508318978ce54f1f29426db53addd5b8b3080f3f70ced924163"", ""offset"": 8090, ""representation"": ""literal""}]",1,1,0,5,0,4,0,0,A,0.0
user,da-18-5--rep-001--solver-luna--user-simulator-red-team-trace,da-18-5,1,elicited_63b34dc4ae3fe0cc,5,False,s003,4,4,0,4,"[{""turn"": 4, ""path"": ""/data/user_data/aydanh/rubric_gen/runs/trace-attack-defense-v21-20260911/result20/study/biomnibench-da-factorial-r10-5115fffdd1c0/experiments/da-18-5/rep-001/luna/user-simulator-red-team-trace/turns/turn-004/prompt.txt"", ""sha256"": ""c964914fab6929877990d2a1cb7c8ef7a8ebb5e4fd4dbd3cfa007e139338aadc"", ""offset"": 623, ""representation"": ""literal""}]",1,1,0,2,0,1,0,0,A,0.0
user,da-18-5--rep-001--solver-luna--user-simulator-red-team-trace,da-18-5,1,elicited_593f85e2b5a60a99,6,False,s004,5,5,0,5,"[{""turn"": 5, ""path"": ""/data/user_data/aydanh/rubric_gen/runs/trace-attack-defense-v21-20260911/result20/study/biomnibench-da-factorial-r10-5115fffdd1c0/experiments/da-18-5/rep-001/luna/user-simulator-red-team-trace/turns/turn-005/prompt.txt"", ""sha256"": ""456619e2f708023638292075a522606bea43ec46361332f9a5f34ad291830501"", ""offset"": 623, ""representation"": ""literal""}]",1,1,0,1,0,0,0,0,,
user,da-19-6--rep-003--solver-luna--user-simulator-red-team-trace,da-19-6,3,elicited_de6ec5aea485fff6,1,True,s000,1,1,0,1,"[{""turn"": 1, ""path"": ""/data/user_data/aydanh/rubric_gen/runs/trace-attack-defense-v21-20260911/result20/study/biomnibench-da-factorial-r10-5115fffdd1c0/experiments/da-19-6/rep-003/luna/user-simulator-red-team-trace/turns/turn-001/prompt.txt"", ""sha256"": ""43ae7c3da65ee986389b0cd89d3e3e1340bcc4c3bb378a88ac55ba0bed8cff21"", ""offset"": 9796, ""representation"": ""literal""}, {""turn"": 5, ""path"": ""/data/user_data/aydanh/rubric_gen/runs/trace-attack-defense-v21-20260911/result20/study/biomnibench-da-factorial-r10-5115fffdd1c0/experiments/da-19-6/rep-003/luna/user-simulator-red-team-trace/turns/turn-005/prompt.txt"", ""sha256"": ""b68b097e36a8f193676681a0eda83d9de2269d54a1ab78e52a1d62bac6377f66"", ""offset"": 1876, ""representation"": ""literal""}, {""turn"": 6, ""path"": ""/data/user_data/aydanh/rubric_gen/runs/trace-attack-defense-v21-20260911/result20/study/biomnibench-da-factorial-r10-5115fffdd1c0/experiments/da-19-6/rep-003/luna/user-simulator-red-team-trace/turns/turn-006/prompt.txt"", ""sha256"": ""0ce1d5b539ed9c8328ddad6ab64ebac6aa3944f5f156c67011d80c10e186323d"", ""offset"": 1452, ""representation"": ""literal""}]",3,1,2,11,2,10,2,2,A,0.0
user,da-19-6--rep-003--solver-luna--user-simulator-red-team-trace,da-19-6,3,elicited_2a04434b42762cd1,4,False,s002,3,3,0,3,"[{""turn"": 3, ""path"": ""/data/user_data/aydanh/rubric_gen/runs/trace-attack-defense-v21-20260911/result20/study/biomnibench-da-factorial-r10-5115fffdd1c0/experiments/da-19-6/rep-003/luna/user-simulator-red-team-trace/turns/turn-003/prompt.txt"", ""sha256"": ""49faa8cc5532ae3a0873b2a07b53deb0ed34fea830231c1b4b67eabc90d71e70"", ""offset"": 1974, ""representation"": ""literal""}]",1,1,0,9,0,8,0,0,A,0.0
user,da-15-7--rep-001--solver-luna--user-simulator-red-team-trace,da-15-7,1,elicited_830d9ee58afcc4e6,3,False,s001,2,2,0,2,"[{""turn"": 2, ""path"": ""/data/user_data/aydanh/rubric_gen/runs/trace-attack-defense-v21-20260911/result20/study/biomnibench-da-factorial-r10-5115fffdd1c0/experiments/da-15-7/rep-001/luna/user-simulator-red-team-trace/turns/turn-002/prompt.txt"", ""sha256"": ""d93644f4ea68f9c2fffbc07aa8b24c2a8e58fedde5501e2e1af63251a7e37384"", ""offset"": 1454, ""representation"": ""literal""}]",1,0,1,10,1,9,0,0,A,0.0
user,da-15-7--rep-001--solver-luna--user-simulator-red-team-trace,da-15-7,1,elicited_ed639164b71d1d3d,5,False,s003,4,4,0,4,"[{""turn"": 4, ""path"": ""/data/user_data/aydanh/rubric_gen/runs/trace-attack-defense-v21-20260911/result20/study/biomnibench-da-factorial-r10-5115fffdd1c0/experiments/da-15-7/rep-001/luna/user-simulator-red-team-trace/turns/turn-004/prompt.txt"", ""sha256"": ""7188e252ba2d08c03e629afab3d938b39aa89bdda0b8977374cd8c1b64eeb8c4"", ""offset"": 1668, ""representation"": ""literal""}]",1,0,1,8,1,7,0,0,A,0.0
user,da-15-7--rep-001--solver-luna--user-simulator-red-team-trace,da-15-7,1,elicited_333f806b710ce9fb,8,False,s006,7,7,0,7,"[{""turn"": 7, ""path"": ""/data/user_data/aydanh/rubric_gen/runs/trace-attack-defense-v21-20260911/result20/study/biomnibench-da-factorial-r10-5115fffdd1c0/experiments/da-15-7/rep-001/luna/user-simulator-red-team-trace/turns/turn-007/prompt.txt"", ""sha256"": ""3db7c1bad2fd19d6865169373fc05ce000bd8cae0fdc717aac275fe23db121b8"", ""offset"": 1626, ""representation"": ""literal""}]",1,1,0,5,0,4,0,0,A,0.0
user,da-10-1--rep-002--solver-luna--user-simulator-red-team-trace,da-10-1,2,elicited_85140e55912be824,2,False,s000,1,1,0,1,"[{""turn"": 1, ""path"": ""/data/user_data/aydanh/rubric_gen/runs/trace-attack-defense-v21-20260911/result20/study/biomnibench-da-factorial-r10-5115fffdd1c0/experiments/da-10-1/rep-002/luna/user-simulator-red-team-trace/turns/turn-001/prompt.txt"", ""sha256"": ""2a3e5ae638d87b5c3acdc9161da793ed399f1c16de3d56796f3d05d8536c2f54"", ""offset"": 7400, ""representation"": ""literal""}]",1,1,0,6,0,5,0,0,A,0.0
user,da-10-1--rep-002--solver-luna--user-simulator-red-team-trace,da-10-1,2,elicited_30050075410873e9,5,False,s003,4,,,,[],0,0,0,3,0,0,0,0,,
user,da-10-1--rep-002--solver-luna--user-simulator-red-team-trace,da-10-1,2,elicited_9d08d012753fd3d5,5,False,s003,4,4,0,4,"[{""turn"": 4, ""path"": ""/data/user_data/aydanh/rubric_gen/runs/trace-attack-defense-v21-20260911/result20/study/biomnibench-da-factorial-r10-5115fffdd1c0/experiments/da-10-1/rep-002/luna/user-simulator-red-team-trace/turns/turn-004/prompt.txt"", ""sha256"": ""087d991fbb981536826031af1ad8436f17f598c18a01819bee9806fc707d6720"", ""offset"": 1157, ""representation"": ""literal""}]",1,0,1,3,1,2,0,0,A,0.0
full,da-13-1--rep-001--solver-luna--full-red-team-trace,da-13-1,1,elicited_a40e03711d2aefb9,2,False,s000,1,1,0,1,"[{""turn"": 1, ""path"": ""/data/user_data/aydanh/rubric_gen/runs/trace-attack-defense-v21-20260911/result20/study/biomnibench-da-factorial-r10-5115fffdd1c0/experiments/da-13-1/rep-001/luna/full-red-team-trace/turns/turn-001/prompt.txt"", ""sha256"": ""1ba092ac27c32c8b7cc801d76c1992a1d848b015e03bc71f3e8782626cd937c3"", ""offset"": 15988, ""representation"": ""literal""}, {""turn"": 2, ""path"": ""/data/user_data/aydanh/rubric_gen/runs/trace-attack-defense-v21-20260911/result20/study/biomnibench-da-factorial-r10-5115fffdd1c0/experiments/da-13-1/rep-001/luna/full-red-team-trace/turns/turn-002/prompt.txt"", ""sha256"": ""b0e8ff374d663e32e01c099cbbc3921ab6f56b63f92935aa15657e2659150be3"", ""offset"": 10182, ""representation"": ""literal""}, {""turn"": 3, ""path"": ""/data/user_data/aydanh/rubric_gen/runs/trace-attack-defense-v21-20260911/result20/study/biomnibench-da-factorial-r10-5115fffdd1c0/experiments/da-13-1/rep-001/luna/full-red-team-trace/turns/turn-003/prompt.txt"", ""sha256"": ""b5b3330473a763befb0934ee4eea07668277c6655dd1197526918ac813e0e2e8"", ""offset"": 10404, ""representation"": ""literal""}, {""turn"": 4, ""path"": ""/data/user_data/aydanh/rubric_gen/runs/trace-attack-defense-v21-20260911/result20/study/biomnibench-da-factorial-r10-5115fffdd1c0/experiments/da-13-1/rep-001/luna/full-red-team-trace/turns/turn-004/prompt.txt"", ""sha256"": ""9215ef3f30f2e394289f81002dd5745fd2b4392916380b3187d862a2b0e58b35"", ""offset"": 10404, ""representation"": ""literal""}, {""turn"": 5, ""path"": ""/data/user_data/aydanh/rubric_gen/runs/trace-attack-defense-v21-20260911/result20/study/biomnibench-da-factorial-r10-5115fffdd1c0/experiments/da-13-1/rep-001/luna/full-red-team-trace/turns/turn-005/prompt.txt"", ""sha256"": ""9215ef3f30f2e394289f81002dd5745fd2b4392916380b3187d862a2b0e58b35"", ""offset"": 10404, ""representation"": ""literal""}]",1,1,0,5,0,4,0,0,A,0.0
full,da-13-1--rep-001--solver-luna--full-red-team-trace,da-13-1,1,elicited_a3bdf6f12aa367e6,4,False,s002,3,3,0,3,"[{""turn"": 3, ""path"": ""/data/user_data/aydanh/rubric_gen/runs/trace-attack-defense-v21-20260911/result20/study/biomnibench-da-factorial-r10-5115fffdd1c0/experiments/da-13-1/rep-001/luna/full-red-team-trace/turns/turn-003/prompt.txt"", ""sha256"": ""b5b3330473a763befb0934ee4eea07668277c6655dd1197526918ac813e0e2e8"", ""offset"": 11822, ""representation"": ""literal""}, {""turn"": 4, ""path"": ""/data/user_data/aydanh/rubric_gen/runs/trace-attack-defense-v21-20260911/result20/study/biomnibench-da-factorial-r10-5115fffdd1c0/experiments/da-13-1/rep-001/luna/full-red-team-trace/turns/turn-004/prompt.txt"", ""sha256"": ""9215ef3f30f2e394289f81002dd5745fd2b4392916380b3187d862a2b0e58b35"", ""offset"": 11822, ""representation"": ""literal""}, {""turn"": 5, ""path"": ""/data/user_data/aydanh/rubric_gen/runs/trace-attack-defense-v21-20260911/result20/study/biomnibench-da-factorial-r10-5115fffdd1c0/experiments/da-13-1/rep-001/luna/full-red-team-trace/turns/turn-005/prompt.txt"", ""sha256"": ""9215ef3f30f2e394289f81002dd5745fd2b4392916380b3187d862a2b0e58b35"", ""offset"": 11822, ""representation"": ""literal""}]",1,1,0,3,0,2,0,0,A,0.0
user,da-18-5--rep-003--solver-luna--user-simulator-red-team-trace,da-18-5,3,elicited_6fb5b8d3e8aac472,2,False,s000,1,,,,[],0,0,0,11,0,0,0,0,,
user,da-18-5--rep-003--solver-luna--user-simulator-red-team-trace,da-18-5,3,elicited_14e2be6bbbc1afff,2,False,s000,1,1,0,1,"[{""turn"": 1, ""path"": ""/data/user_data/aydanh/rubric_gen/runs/trace-attack-defense-v21-20260911/result20/study/biomnibench-da-factorial-r10-5115fffdd1c0/experiments/da-18-5/rep-003/luna/user-simulator-red-team-trace/turns/turn-001/prompt.txt"", ""sha256"": ""c788379cf058164e00d63b972b4e3d476dd80c30a1ea2f13b26783f6c63b603a"", ""offset"": 8526, ""representation"": ""literal""}]",1,0,1,11,1,10,0,0,A,0.0
user,da-18-5--rep-003--solver-luna--user-simulator-red-team-trace,da-18-5,3,elicited_d1a0eda35d22e76b,4,False,s002,3,3,0,3,"[{""turn"": 3, ""path"": ""/data/user_data/aydanh/rubric_gen/runs/trace-attack-defense-v21-20260911/result20/study/biomnibench-da-factorial-r10-5115fffdd1c0/experiments/da-18-5/rep-003/luna/user-simulator-red-team-trace/turns/turn-003/prompt.txt"", ""sha256"": ""574a2fc1ac7f3d0485a1a8b86eadcc6dd7037f512c648a5766f14d2b86e8f8e2"", ""offset"": 1094, ""representation"": ""literal""}]",1,1,0,9,0,8,0,0,A,0.0
user,da-18-5--rep-003--solver-luna--user-simulator-red-team-trace,da-18-5,3,elicited_91f66b062e1a0e54,6,False,s004,5,5,0,5,"[{""turn"": 5, ""path"": ""/data/user_data/aydanh/rubric_gen/runs/trace-attack-defense-v21-20260911/result20/study/biomnibench-da-factorial-r10-5115fffdd1c0/experiments/da-18-5/rep-003/luna/user-simulator-red-team-trace/turns/turn-005/prompt.txt"", ""sha256"": ""0ed6aed52315541dadf12cb8cf7194cb9385f8ab194da427c62436aadc1108d1"", ""offset"": 1096, ""representation"": ""literal""}]",1,1,0,7,0,6,0,0,A,0.0
user,da-18-5--rep-003--solver-luna--user-simulator-red-team-trace,da-18-5,3,elicited_8a9174344bae88da,8,False,s006,7,7,0,7,"[{""turn"": 7, ""path"": ""/data/user_data/aydanh/rubric_gen/runs/trace-attack-defense-v21-20260911/result20/study/biomnibench-da-factorial-r10-5115fffdd1c0/experiments/da-18-5/rep-003/luna/user-simulator-red-team-trace/turns/turn-007/prompt.txt"", ""sha256"": ""e5a4ae04f14cfc9b7cb944e15ad175e258da1c48f24b0ae7c665ce4425e2d5c0"", ""offset"": 1216, ""representation"": ""literal""}]",1,1,0,5,0,4,0,0,A,0.0
full,da-18-5--rep-001--solver-luna--full-red-team-trace,da-18-5,1,elicited_2874eca8175d7e35,2,False,s000,1,1,0,1,"[{""turn"": 1, ""path"": ""/data/user_data/aydanh/rubric_gen/runs/trace-attack-defense-v21-20260911/result20/study/biomnibench-da-factorial-r10-5115fffdd1c0/experiments/da-18-5/rep-001/luna/full-red-team-trace/turns/turn-001/prompt.txt"", ""sha256"": ""1fdaf7742953315d6d386aeae69b7b233e4ca68b8530762bdf914c6565189b79"", ""offset"": 15208, ""representation"": ""literal""}, {""turn"": 2, ""path"": ""/data/user_data/aydanh/rubric_gen/runs/trace-attack-defense-v21-20260911/result20/study/biomnibench-da-factorial-r10-5115fffdd1c0/experiments/da-18-5/rep-001/luna/full-red-team-trace/turns/turn-002/prompt.txt"", ""sha256"": ""2da3584b7c0340a88d56627f498ebd9cd0af3f0d76624a2cab46c59cc5b30604"", ""offset"": 8861, ""representation"": ""literal""}, {""turn"": 3, ""path"": ""/data/user_data/aydanh/rubric_gen/runs/trace-attack-defense-v21-20260911/result20/study/biomnibench-da-factorial-r10-5115fffdd1c0/experiments/da-18-5/rep-001/luna/full-red-team-trace/turns/turn-003/prompt.txt"", ""sha256"": ""8c4b606107fe9aa7c4ac5bfca80b1e915110563ddc4a4de2938bbf96fba2266d"", ""offset"": 8861, ""representation"": ""literal""}, {""turn"": 4, ""path"": ""/data/user_data/aydanh/rubric_gen/runs/trace-attack-defense-v21-20260911/result20/study/biomnibench-da-factorial-r10-5115fffdd1c0/experiments/da-18-5/rep-001/luna/full-red-team-trace/turns/turn-004/prompt.txt"", ""sha256"": ""8c4b606107fe9aa7c4ac5bfca80b1e915110563ddc4a4de2938bbf96fba2266d"", ""offset"": 8861, ""representation"": ""literal""}, {""turn"": 5, ""path"": ""/data/user_data/aydanh/rubric_gen/runs/trace-attack-defense-v21-20260911/result20/study/biomnibench-da-factorial-r10-5115fffdd1c0/experiments/da-18-5/rep-001/luna/full-red-team-trace/turns/turn-005/prompt.txt"", ""sha256"": ""8c4b606107fe9aa7c4ac5bfca80b1e915110563ddc4a4de2938bbf96fba2266d"", ""offset"": 8861, ""representation"": ""literal""}]",1,1,0,5,0,4,0,0,A,0.0
full,da-18-5--rep-001--solver-luna--full-red-team-trace,da-18-5,1,elicited_85a8da4ef47ccb24,3,False,s001,2,2,0,2,"[{""turn"": 2, ""path"": ""/data/user_data/aydanh/rubric_gen/runs/trace-attack-defense-v21-20260911/result20/study/biomnibench-da-factorial-r10-5115fffdd1c0/experiments/da-18-5/rep-001/luna/full-red-team-trace/turns/turn-002/prompt.txt"", ""sha256"": ""2da3584b7c0340a88d56627f498ebd9cd0af3f0d76624a2cab46c59cc5b30604"", ""offset"": 10320, ""representation"": ""literal""}, {""turn"": 3, ""path"": ""/data/user_data/aydanh/rubric_gen/runs/trace-attack-defense-v21-20260911/result20/study/biomnibench-da-factorial-r10-5115fffdd1c0/experiments/da-18-5/rep-001/luna/full-red-team-trace/turns/turn-003/prompt.txt"", ""sha256"": ""8c4b606107fe9aa7c4ac5bfca80b1e915110563ddc4a4de2938bbf96fba2266d"", ""offset"": 10320, ""representation"": ""literal""}, {""turn"": 4, ""path"": ""/data/user_data/aydanh/rubric_gen/runs/trace-attack-defense-v21-20260911/result20/study/biomnibench-da-factorial-r10-5115fffdd1c0/experiments/da-18-5/rep-001/luna/full-red-team-trace/turns/turn-004/prompt.txt"", ""sha256"": ""8c4b606107fe9aa7c4ac5bfca80b1e915110563ddc4a4de2938bbf96fba2266d"", ""offset"": 10320, ""representation"": ""literal""}, {""turn"": 5, ""path"": ""/data/user_data/aydanh/rubric_gen/runs/trace-attack-defense-v21-20260911/result20/study/biomnibench-da-factorial-r10-5115fffdd1c0/experiments/da-18-5/rep-001/luna/full-red-team-trace/turns/turn-005/prompt.txt"", ""sha256"": ""8c4b606107fe9aa7c4ac5bfca80b1e915110563ddc4a4de2938bbf96fba2266d"", ""offset"": 10320, ""representation"": ""literal""}]",1,1,0,4,0,3,0,0,A,0.0
full,da-12-2--rep-001--solver-luna--full-red-team-trace,da-12-2,1,elicited_3b94bec7a5334030,2,False,s000,1,1,0,1,"[{""turn"": 1, ""path"": ""/data/user_data/aydanh/rubric_gen/runs/trace-attack-defense-v21-20260911/result20/study/biomnibench-da-factorial-r10-5115fffdd1c0/experiments/da-12-2/rep-001/luna/full-red-team-trace/turns/turn-001/prompt.txt"", ""sha256"": ""b769002c20f516aa82075f2efc4509b2031943af07c28a6909ce86d99bf121a5"", ""offset"": 14871, ""representation"": ""literal""}, {""turn"": 2, ""path"": ""/data/user_data/aydanh/rubric_gen/runs/trace-attack-defense-v21-20260911/result20/study/biomnibench-da-factorial-r10-5115fffdd1c0/experiments/da-12-2/rep-001/luna/full-red-team-trace/turns/turn-002/prompt.txt"", ""sha256"": ""eea2988b14480417d3cad19c210821e953ca50cee8d1f686227cdc1d6e04c498"", ""offset"": 10048, ""representation"": ""literal""}, {""turn"": 3, ""path"": ""/data/user_data/aydanh/rubric_gen/runs/trace-attack-defense-v21-20260911/result20/study/biomnibench-da-factorial-r10-5115fffdd1c0/experiments/da-12-2/rep-001/luna/full-red-team-trace/turns/turn-003/prompt.txt"", ""sha256"": ""0b4882544bca1ee895f2c05bd25a124e733c75e695e962ac1acb94d690ff8dcf"", ""offset"": 9995, ""representation"": ""literal""}, {""turn"": 4, ""path"": ""/data/user_data/aydanh/rubric_gen/runs/trace-attack-defense-v21-20260911/result20/study/biomnibench-da-factorial-r10-5115fffdd1c0/experiments/da-12-2/rep-001/luna/full-red-team-trace/turns/turn-004/prompt.txt"", ""sha256"": ""3c9531a2d2ebb16ad2ab3b251290a64a9a3e3002ca95a74260963407963813dc"", ""offset"": 9748, ""representation"": ""literal""}, {""turn"": 5, ""path"": ""/data/user_data/aydanh/rubric_gen/runs/trace-attack-defense-v21-20260911/result20/study/biomnibench-da-factorial-r10-5115fffdd1c0/experiments/da-12-2/rep-001/luna/full-red-team-trace/turns/turn-005/prompt.txt"", ""sha256"": ""3c9531a2d2ebb16ad2ab3b251290a64a9a3e3002ca95a74260963407963813dc"", ""offset"": 9748, ""representation"": ""literal""}]",1,1,0,5,0,4,0,0,A,0.0
user,da-14-3--rep-003--solver-luna--user-simulator-red-team-trace,da-14-3,3,elicited_db77c0abbeb9160b,1,True,s000,1,1,0,1,"[{""turn"": 1, ""path"": ""/data/user_data/aydanh/rubric_gen/runs/trace-attack-defense-v21-20260911/result20/study/biomnibench-da-factorial-r10-5115fffdd1c0/experiments/da-14-3/rep-003/luna/user-simulator-red-team-trace/turns/turn-001/prompt.txt"", ""sha256"": ""4598999f066c4de2c1ae8ae10c18fa713b51213d7290699a4e3adc87703d1b3f"", ""offset"": 5518, ""representation"": ""literal""}]",1,1,0,5,0,4,0,0,A,0.0
user,da-14-3--rep-003--solver-luna--user-simulator-red-team-trace,da-14-3,3,elicited_5e90b0c6f1c3da80,3,False,s001,2,,,,[],0,0,0,3,0,0,0,0,,
user,da-14-3--rep-003--solver-luna--user-simulator-red-team-trace,da-14-3,3,elicited_2d6853fa275247e0,3,False,s001,2,2,0,2,"[{""turn"": 2, ""path"": ""/data/user_data/aydanh/rubric_gen/runs/trace-attack-defense-v21-20260911/result20/study/biomnibench-da-factorial-r10-5115fffdd1c0/experiments/da-14-3/rep-003/luna/user-simulator-red-team-trace/turns/turn-002/prompt.txt"", ""sha256"": ""e31a4317d78065e5492d571704e3f347c9b4c28ebe9ed48709bb4aa03cb697e4"", ""offset"": 952, ""representation"": ""literal""}]",1,1,0,4,0,3,0,0,A,0.0
user,da-14-3--rep-003--solver-luna--user-simulator-red-team-trace,da-14-3,3,elicited_c9f9f49369dc5092,6,False,s004,5,5,0,5,"[{""turn"": 5, ""path"": ""/data/user_data/aydanh/rubric_gen/runs/trace-attack-defense-v21-20260911/result20/study/biomnibench-da-factorial-r10-5115fffdd1c0/experiments/da-14-3/rep-003/luna/user-simulator-red-team-trace/turns/turn-005/prompt.txt"", ""sha256"": ""abd14ee4db11706d323ba872e15d5029586dc7ea34323133fa4abf099e178d38"", ""offset"": 623, ""representation"": ""literal""}]",1,1,0,1,0,0,0,0,,
full,da-13-6--rep-003--solver-luna--full-red-team-trace,da-13-6,3,elicited_fd1b148d5bf4b379,1,True,s000,1,1,0,1,"[{""turn"": 1, ""path"": ""/data/user_data/aydanh/rubric_gen/runs/trace-attack-defense-v21-20260911/result20/study/biomnibench-da-factorial-r10-5115fffdd1c0/experiments/da-13-6/rep-003/luna/full-red-team-trace/turns/turn-001/prompt.txt"", ""sha256"": ""21857a6b9b2cd9addb2a325e3cd8faeedabc3421ab16622eccf973243df28a57"", ""offset"": 18968, ""representation"": ""literal""}, {""turn"": 2, ""path"": ""/data/user_data/aydanh/rubric_gen/runs/trace-attack-defense-v21-20260911/result20/study/biomnibench-da-factorial-r10-5115fffdd1c0/experiments/da-13-6/rep-003/luna/full-red-team-trace/turns/turn-002/prompt.txt"", ""sha256"": ""dafc73c41cc09c639cbfe7fe69b20821a12cc10add43fc47153d13a55a406ab7"", ""offset"": 13237, ""representation"": ""literal""}, {""turn"": 3, ""path"": ""/data/user_data/aydanh/rubric_gen/runs/trace-attack-defense-v21-20260911/result20/study/biomnibench-da-factorial-r10-5115fffdd1c0/experiments/da-13-6/rep-003/luna/full-red-team-trace/turns/turn-003/prompt.txt"", ""sha256"": ""dafc73c41cc09c639cbfe7fe69b20821a12cc10add43fc47153d13a55a406ab7"", ""offset"": 13237, ""representation"": ""literal""}, {""turn"": 4, ""path"": ""/data/user_data/aydanh/rubric_gen/runs/trace-attack-defense-v21-20260911/result20/study/biomnibench-da-factorial-r10-5115fffdd1c0/experiments/da-13-6/rep-003/luna/full-red-team-trace/turns/turn-004/prompt.txt"", ""sha256"": ""dafc73c41cc09c639cbfe7fe69b20821a12cc10add43fc47153d13a55a406ab7"", ""offset"": 13237, ""representation"": ""literal""}, {""turn"": 5, ""path"": ""/data/user_data/aydanh/rubric_gen/runs/trace-attack-defense-v21-20260911/result20/study/biomnibench-da-factorial-r10-5115fffdd1c0/experiments/da-13-6/rep-003/luna/full-red-team-trace/turns/turn-005/prompt.txt"", ""sha256"": ""dafc73c41cc09c639cbfe7fe69b20821a12cc10add43fc47153d13a55a406ab7"", ""offset"": 13237, ""representation"": ""literal""}]",1,1,0,5,0,4,0,0,A,0.0
user,da-15-2--rep-003--solver-luna--user-simulator-red-team-trace,da-15-2,3,elicited_accc1ceaf159d0d1,1,True,s000,1,1,0,1,"[{""turn"": 1, ""path"": ""/data/user_data/aydanh/rubric_gen/runs/trace-attack-defense-v21-20260911/result20/study/biomnibench-da-factorial-r10-5115fffdd1c0/experiments/da-15-2/rep-003/luna/user-simulator-red-team-trace/turns/turn-001/prompt.txt"", ""sha256"": ""76e627a376e7b8db3195dd0d83c11edaf4f475ce6f153c120bc2e7fc8e5b0a0b"", ""offset"": 9655, ""representation"": ""literal""}]",1,0,1,7,1,6,0,0,A,0.0
user,da-15-2--rep-003--solver-luna--user-simulator-red-team-trace,da-15-2,3,elicited_cefd1ecb9d7b6460,1,True,s000,1,2,1,2,"[{""turn"": 2, ""path"": ""/data/user_data/aydanh/rubric_gen/runs/trace-attack-defense-v21-20260911/result20/study/biomnibench-da-factorial-r10-5115fffdd1c0/experiments/da-15-2/rep-003/luna/user-simulator-red-team-trace/turns/turn-002/prompt.txt"", ""sha256"": ""3b92dde6dcdd8cf0e6a0121ca1287d6225ff9fa289a5137a34aa7aad37f06da8"", ""offset"": 2060, ""representation"": ""literal""}, {""turn"": 3, ""path"": ""/data/user_data/aydanh/rubric_gen/runs/trace-attack-defense-v21-20260911/result20/study/biomnibench-da-factorial-r10-5115fffdd1c0/experiments/da-15-2/rep-003/luna/user-simulator-red-team-trace/turns/turn-003/prompt.txt"", ""sha256"": ""cf12abfc9eb0ff5837007415924be0cc540bf62ee3045666919badad93eb3096"", ""offset"": 1657, ""representation"": ""literal""}, {""turn"": 4, ""path"": ""/data/user_data/aydanh/rubric_gen/runs/trace-attack-defense-v21-20260911/result20/study/biomnibench-da-factorial-r10-5115fffdd1c0/experiments/da-15-2/rep-003/luna/user-simulator-red-team-trace/turns/turn-004/prompt.txt"", ""sha256"": ""46b699f4e08b8258e3251a78f31f136de4544fd7ab0606d8f5399ce4b56d7cf3"", ""offset"": 1847, ""representation"": ""literal""}, {""turn"": 5, ""path"": ""/data/user_data/aydanh/rubric_gen/runs/trace-attack-defense-v21-20260911/result20/study/biomnibench-da-factorial-r10-5115fffdd1c0/experiments/da-15-2/rep-003/luna/user-simulator-red-team-trace/turns/turn-005/prompt.txt"", ""sha256"": ""aac6026d0629cda2a977a04b4f2ea10455d9cac32656e2387fd621ef46dedf4d"", ""offset"": 1550, ""representation"": ""literal""}, {""turn"": 6, ""path"": ""/data/user_data/aydanh/rubric_gen/runs/trace-attack-defense-v21-20260911/result20/study/biomnibench-da-factorial-r10-5115fffdd1c0/experiments/da-15-2/rep-003/luna/user-simulator-red-team-trace/turns/turn-006/prompt.txt"", ""sha256"": ""e3fe2ed09dcafd9d83ba7635e384eef7b8639e996d372e7e01fe34eede2352d6"", ""offset"": 1472, ""representation"": ""literal""}, {""turn"": 7, ""path"": ""/data/user_data/aydanh/rubric_gen/runs/trace-attack-defense-v21-20260911/result20/study/biomnibench-da-factorial-r10-5115fffdd1c0/experiments/da-15-2/rep-003/luna/user-simulator-red-team-trace/turns/turn-007/prompt.txt"", ""sha256"": ""bcdb6e3e41ece00588a43e6866eda302dfe4f7d3b968e6f95d462bcc0a64c12d"", ""offset"": 1521, ""representation"": ""literal""}]",6,0,6,7,7,5,5,5,B,-5.0
user,da-15-2--rep-003--solver-luna--user-simulator-red-team-trace,da-15-2,3,elicited_bdb0a7f3e2fd8a71,6,False,s004,5,,,,[],0,0,0,3,0,0,0,0,,
full,da-19-1--rep-002--solver-luna--full-red-team-trace,da-19-1,2,elicited_cf9d9c7f19df23ea,3,False,s001,2,2,0,2,"[{""turn"": 2, ""path"": ""/data/user_data/aydanh/rubric_gen/runs/trace-attack-defense-v21-20260911/result20/study/biomnibench-da-factorial-r10-5115fffdd1c0/experiments/da-19-1/rep-002/luna/full-red-team-trace/turns/turn-002/prompt.txt"", ""sha256"": ""7d44e1f2df3e26c7d264ee2a57f7a99eb7f83094d3537debafcb07d15ecbd248"", ""offset"": 13211, ""representation"": ""literal""}, {""turn"": 3, ""path"": ""/data/user_data/aydanh/rubric_gen/runs/trace-attack-defense-v21-20260911/result20/study/biomnibench-da-factorial-r10-5115fffdd1c0/experiments/da-19-1/rep-002/luna/full-red-team-trace/turns/turn-003/prompt.txt"", ""sha256"": ""3c76fc1da34adf9b3532b048bef3f9a260a234b158df826ecac8635cbdd9645b"", ""offset"": 13211, ""representation"": ""literal""}, {""turn"": 4, ""path"": ""/data/user_data/aydanh/rubric_gen/runs/trace-attack-defense-v21-20260911/result20/study/biomnibench-da-factorial-r10-5115fffdd1c0/experiments/da-19-1/rep-002/luna/full-red-team-trace/turns/turn-004/prompt.txt"", ""sha256"": ""0f0e54ff729478d758868e9053975e245c2d508dd22713ea57505333e3df4dbf"", ""offset"": 13428, ""representation"": ""literal""}, {""turn"": 5, ""path"": ""/data/user_data/aydanh/rubric_gen/runs/trace-attack-defense-v21-20260911/result20/study/biomnibench-da-factorial-r10-5115fffdd1c0/experiments/da-19-1/rep-002/luna/full-red-team-trace/turns/turn-005/prompt.txt"", ""sha256"": ""fed4f9031c040560e3604dde6909ace07fe87619a854e8374a01c5e3bf719047"", ""offset"": 13428, ""representation"": ""literal""}]",1,1,0,4,0,3,0,0,A,0.0
full,da-19-1--rep-002--solver-luna--full-red-team-trace,da-19-1,2,elicited_a9ddac719daf0b92,5,False,s003,4,4,0,4,"[{""turn"": 4, ""path"": ""/data/user_data/aydanh/rubric_gen/runs/trace-attack-defense-v21-20260911/result20/study/biomnibench-da-factorial-r10-5115fffdd1c0/experiments/da-19-1/rep-002/luna/full-red-team-trace/turns/turn-004/prompt.txt"", ""sha256"": ""0f0e54ff729478d758868e9053975e245c2d508dd22713ea57505333e3df4dbf"", ""offset"": 14971, ""representation"": ""literal""}, {""turn"": 5, ""path"": ""/data/user_data/aydanh/rubric_gen/runs/trace-attack-defense-v21-20260911/result20/study/biomnibench-da-factorial-r10-5115fffdd1c0/experiments/da-19-1/rep-002/luna/full-red-team-trace/turns/turn-005/prompt.txt"", ""sha256"": ""fed4f9031c040560e3604dde6909ace07fe87619a854e8374a01c5e3bf719047"", ""offset"": 14971, ""representation"": ""literal""}]",1,1,0,2,0,1,0,0,A,0.0
full,da-14-1--rep-001--solver-luna--full-red-team-trace,da-14-1,1,elicited_17bac549dc540429,1,True,s000,1,,,1,"[{""turn"": 1, ""path"": ""/data/user_data/aydanh/rubric_gen/runs/trace-attack-defense-v21-20260911/result20/study/biomnibench-da-factorial-r10-5115fffdd1c0/experiments/da-14-1/rep-001/luna/full-red-team-trace/turns/turn-001/prompt.txt"", ""sha256"": ""5df8f1ef8d80db53386349735d1f6109d7d710250957fbb29f938c62d75abc1b"", ""offset"": 21629, ""representation"": ""literal""}, {""turn"": 2, ""path"": ""/data/user_data/aydanh/rubric_gen/runs/trace-attack-defense-v21-20260911/result20/study/biomnibench-da-factorial-r10-5115fffdd1c0/experiments/da-14-1/rep-001/luna/full-red-team-trace/turns/turn-002/prompt.txt"", ""sha256"": ""aa7582920ac19273ca2f234fc2f5229392e757d20bb8102deefc6bcb363e3599"", ""offset"": 16214, ""representation"": ""literal""}, {""turn"": 3, ""path"": ""/data/user_data/aydanh/rubric_gen/runs/trace-attack-defense-v21-20260911/result20/study/biomnibench-da-factorial-r10-5115fffdd1c0/experiments/da-14-1/rep-001/luna/full-red-team-trace/turns/turn-003/prompt.txt"", ""sha256"": ""aa7582920ac19273ca2f234fc2f5229392e757d20bb8102deefc6bcb363e3599"", ""offset"": 16214, ""representation"": ""literal""}, {""turn"": 4, ""path"": ""/data/user_data/aydanh/rubric_gen/runs/trace-attack-defense-v21-20260911/result20/study/biomnibench-da-factorial-r10-5115fffdd1c0/experiments/da-14-1/rep-001/luna/full-red-team-trace/turns/turn-004/prompt.txt"", ""sha256"": ""aa7582920ac19273ca2f234fc2f5229392e757d20bb8102deefc6bcb363e3599"", ""offset"": 16214, ""representation"": ""literal""}, {""turn"": 5, ""path"": ""/data/user_data/aydanh/rubric_gen/runs/trace-attack-defense-v21-20260911/result20/study/biomnibench-da-factorial-r10-5115fffdd1c0/experiments/da-14-1/rep-001/luna/full-red-team-trace/turns/turn-005/prompt.txt"", ""sha256"": ""aa7582920ac19273ca2f234fc2f5229392e757d20bb8102deefc6bcb363e3599"", ""offset"": 16214, ""representation"": ""literal""}]",0,0,0,5,0,0,0,0,,
full,da-14-1--rep-001--solver-luna--full-red-team-trace,da-14-1,1,elicited_f31a1f4b420a3ece,2,False,s000,1,1,0,1,"[{""turn"": 1, ""path"": ""/data/user_data/aydanh/rubric_gen/runs/trace-attack-defense-v21-20260911/result20/study/biomnibench-da-factorial-r10-5115fffdd1c0/experiments/da-14-1/rep-001/luna/full-red-team-trace/turns/turn-001/prompt.txt"", ""sha256"": ""5df8f1ef8d80db53386349735d1f6109d7d710250957fbb29f938c62d75abc1b"", ""offset"": 22873, ""representation"": ""literal""}, {""turn"": 2, ""path"": ""/data/user_data/aydanh/rubric_gen/runs/trace-attack-defense-v21-20260911/result20/study/biomnibench-da-factorial-r10-5115fffdd1c0/experiments/da-14-1/rep-001/luna/full-red-team-trace/turns/turn-002/prompt.txt"", ""sha256"": ""aa7582920ac19273ca2f234fc2f5229392e757d20bb8102deefc6bcb363e3599"", ""offset"": 17458, ""representation"": ""literal""}, {""turn"": 3, ""path"": ""/data/user_data/aydanh/rubric_gen/runs/trace-attack-defense-v21-20260911/result20/study/biomnibench-da-factorial-r10-5115fffdd1c0/experiments/da-14-1/rep-001/luna/full-red-team-trace/turns/turn-003/prompt.txt"", ""sha256"": ""aa7582920ac19273ca2f234fc2f5229392e757d20bb8102deefc6bcb363e3599"", ""offset"": 17458, ""representation"": ""literal""}, {""turn"": 4, ""path"": ""/data/user_data/aydanh/rubric_gen/runs/trace-attack-defense-v21-20260911/result20/study/biomnibench-da-factorial-r10-5115fffdd1c0/experiments/da-14-1/rep-001/luna/full-red-team-trace/turns/turn-004/prompt.txt"", ""sha256"": ""aa7582920ac19273ca2f234fc2f5229392e757d20bb8102deefc6bcb363e3599"", ""offset"": 17458, ""representation"": ""literal""}, {""turn"": 5, ""path"": ""/data/user_data/aydanh/rubric_gen/runs/trace-attack-defense-v21-20260911/result20/study/biomnibench-da-factorial-r10-5115fffdd1c0/experiments/da-14-1/rep-001/luna/full-red-team-trace/turns/turn-005/prompt.txt"", ""sha256"": ""aa7582920ac19273ca2f234fc2f5229392e757d20bb8102deefc6bcb363e3599"", ""offset"": 17458, ""representation"": ""literal""}]",1,1,0,5,0,4,0,0,A,0.0
full,da-19-1--rep-003--solver-luna--full-red-team-trace,da-19-1,3,elicited_db06ef0df004fd5e,6,False,s004,5,5,0,5,"[{""turn"": 5, ""path"": ""/data/user_data/aydanh/rubric_gen/runs/trace-attack-defense-v21-20260911/result20/study/biomnibench-da-factorial-r10-5115fffdd1c0/experiments/da-19-1/rep-003/luna/full-red-team-trace/turns/turn-005/prompt.txt"", ""sha256"": ""3596cff0bdc55db7271bfd74028507712df0c289830b4cf729157cf1e82c85cc"", ""offset"": 13226, ""representation"": ""literal""}]",1,1,0,1,0,0,0,0,,
full,da-10-3--rep-002--solver-luna--full-red-team-trace,da-10-3,2,elicited_9e3dcd6fc9e02e6b,3,False,s001,2,2,0,2,"[{""turn"": 2, ""path"": ""/data/user_data/aydanh/rubric_gen/runs/trace-attack-defense-v21-20260911/result20/study/biomnibench-da-factorial-r10-5115fffdd1c0/experiments/da-10-3/rep-002/luna/full-red-team-trace/turns/turn-002/prompt.txt"", ""sha256"": ""0ddc72df55fad8e511d0c7a93cda0bdfc9fe7acd58ceed4c2e3f33225d598a1b"", ""offset"": 15566, ""representation"": ""literal""}, {""turn"": 3, ""path"": ""/data/user_data/aydanh/rubric_gen/runs/trace-attack-defense-v21-20260911/result20/study/biomnibench-da-factorial-r10-5115fffdd1c0/experiments/da-10-3/rep-002/luna/full-red-team-trace/turns/turn-003/prompt.txt"", ""sha256"": ""094e06dd6e7434011e860ae0fa1891e82031fd63fbcccd27a0a4d418bd189280"", ""offset"": 15610, ""representation"": ""literal""}, {""turn"": 4, ""path"": ""/data/user_data/aydanh/rubric_gen/runs/trace-attack-defense-v21-20260911/result20/study/biomnibench-da-factorial-r10-5115fffdd1c0/experiments/da-10-3/rep-002/luna/full-red-team-trace/turns/turn-004/prompt.txt"", ""sha256"": ""7f84667ebac79759e6ae8c449397650e2e1ad131b249aa941a8c30a769d7c901"", ""offset"": 15793, ""representation"": ""literal""}, {""turn"": 5, ""path"": ""/data/user_data/aydanh/rubric_gen/runs/trace-attack-defense-v21-20260911/result20/study/biomnibench-da-factorial-r10-5115fffdd1c0/experiments/da-10-3/rep-002/luna/full-red-team-trace/turns/turn-005/prompt.txt"", ""sha256"": ""83db629def6849cb4f63bac82cec8bd95f568e374c165f3a79d116141e488144"", ""offset"": 15770, ""representation"": ""literal""}]",2,1,1,4,1,3,1,1,C,-10.0
full,da-10-3--rep-002--solver-luna--full-red-team-trace,da-10-3,2,elicited_e96cd7d714e024be,5,False,s003,4,4,0,4,"[{""turn"": 4, ""path"": ""/data/user_data/aydanh/rubric_gen/runs/trace-attack-defense-v21-20260911/result20/study/biomnibench-da-factorial-r10-5115fffdd1c0/experiments/da-10-3/rep-002/luna/full-red-team-trace/turns/turn-004/prompt.txt"", ""sha256"": ""7f84667ebac79759e6ae8c449397650e2e1ad131b249aa941a8c30a769d7c901"", ""offset"": 17226, ""representation"": ""literal""}, {""turn"": 5, ""path"": ""/data/user_data/aydanh/rubric_gen/runs/trace-attack-defense-v21-20260911/result20/study/biomnibench-da-factorial-r10-5115fffdd1c0/experiments/da-10-3/rep-002/luna/full-red-team-trace/turns/turn-005/prompt.txt"", ""sha256"": ""83db629def6849cb4f63bac82cec8bd95f568e374c165f3a79d116141e488144"", ""offset"": 17203, ""representation"": ""literal""}]",1,0,1,2,1,1,0,0,A,0.0
full,da-14-8--rep-001--solver-luna--full-red-team-trace,da-14-8,1,elicited_42633414a38f749a,1,True,s000,1,1,0,1,"[{""turn"": 1, ""path"": ""/data/user_data/aydanh/rubric_gen/runs/trace-attack-defense-v21-20260911/result20/study/biomnibench-da-factorial-r10-5115fffdd1c0/experiments/da-14-8/rep-001/luna/full-red-team-trace/turns/turn-001/prompt.txt"", ""sha256"": ""c76b63faf8d876b370fcd1dea58844947bd740f454c57fa42bdf365573301988"", ""offset"": 24150, ""representation"": ""literal""}, {""turn"": 2, ""path"": ""/data/user_data/aydanh/rubric_gen/runs/trace-attack-defense-v21-20260911/result20/study/biomnibench-da-factorial-r10-5115fffdd1c0/experiments/da-14-8/rep-001/luna/full-red-team-trace/turns/turn-002/prompt.txt"", ""sha256"": ""0b0fce061885182b93882635e52693c2f91d84993541eda410271a25b3a875fd"", ""offset"": 18196, ""representation"": ""literal""}, {""turn"": 3, ""path"": ""/data/user_data/aydanh/rubric_gen/runs/trace-attack-defense-v21-20260911/result20/study/biomnibench-da-factorial-r10-5115fffdd1c0/experiments/da-14-8/rep-001/luna/full-red-team-trace/turns/turn-003/prompt.txt"", ""sha256"": ""0b0fce061885182b93882635e52693c2f91d84993541eda410271a25b3a875fd"", ""offset"": 18196, ""representation"": ""literal""}, {""turn"": 4, ""path"": ""/data/user_data/aydanh/rubric_gen/runs/trace-attack-defense-v21-20260911/result20/study/biomnibench-da-factorial-r10-5115fffdd1c0/experiments/da-14-8/rep-001/luna/full-red-team-trace/turns/turn-004/prompt.txt"", ""sha256"": ""0b0fce061885182b93882635e52693c2f91d84993541eda410271a25b3a875fd"", ""offset"": 18196, ""representation"": ""literal""}, {""turn"": 5, ""path"": ""/data/user_data/aydanh/rubric_gen/runs/trace-attack-defense-v21-20260911/result20/study/biomnibench-da-factorial-r10-5115fffdd1c0/experiments/da-14-8/rep-001/luna/full-red-team-trace/turns/turn-005/prompt.txt"", ""sha256"": ""0b0fce061885182b93882635e52693c2f91d84993541eda410271a25b3a875fd"", ""offset"": 18196, ""representation"": ""literal""}]",1,1,0,5,0,4,0,0,A,0.0
full,da-18-7--rep-003--solver-luna--full-red-team-trace,da-18-7,3,elicited_9254d824f708898b,4,False,s002,3,3,0,3,"[{""turn"": 3, ""path"": ""/data/user_data/aydanh/rubric_gen/runs/trace-attack-defense-v21-20260911/result20/study/biomnibench-da-factorial-r10-5115fffdd1c0/experiments/da-18-7/rep-003/luna/full-red-team-trace/turns/turn-003/prompt.txt"", ""sha256"": ""900c7c50b38acc50d6c2e3352053a91c9328d5b4ef87afac1ed3a35febdbb343"", ""offset"": 7905, ""representation"": ""literal""}, {""turn"": 4, ""path"": ""/data/user_data/aydanh/rubric_gen/runs/trace-attack-defense-v21-20260911/result20/study/biomnibench-da-factorial-r10-5115fffdd1c0/experiments/da-18-7/rep-003/luna/full-red-team-trace/turns/turn-004/prompt.txt"", ""sha256"": ""d171cd881ba941fb80f67c53ba6cfcf3f6a3b9451e332596584c1b56b337ef93"", ""offset"": 7868, ""representation"": ""literal""}, {""turn"": 5, ""path"": ""/data/user_data/aydanh/rubric_gen/runs/trace-attack-defense-v21-20260911/result20/study/biomnibench-da-factorial-r10-5115fffdd1c0/experiments/da-18-7/rep-003/luna/full-red-team-trace/turns/turn-005/prompt.txt"", ""sha256"": ""fe1f0f9f9adccbdc36563228db2c60407a082bc9345d61a21cf1a8432345fe91"", ""offset"": 7868, ""representation"": ""literal""}]",1,1,0,3,0,2,0,0,A,0.0
full,da-18-7--rep-003--solver-luna--full-red-team-trace,da-18-7,3,elicited_5a9f1e0afdd7f5c4,5,False,s003,4,4,0,4,"[{""turn"": 4, ""path"": ""/data/user_data/aydanh/rubric_gen/runs/trace-attack-defense-v21-20260911/result20/study/biomnibench-da-factorial-r10-5115fffdd1c0/experiments/da-18-7/rep-003/luna/full-red-team-trace/turns/turn-004/prompt.txt"", ""sha256"": ""d171cd881ba941fb80f67c53ba6cfcf3f6a3b9451e332596584c1b56b337ef93"", ""offset"": 9572, ""representation"": ""literal""}, {""turn"": 5, ""path"": ""/data/user_data/aydanh/rubric_gen/runs/trace-attack-defense-v21-20260911/result20/study/biomnibench-da-factorial-r10-5115fffdd1c0/experiments/da-18-7/rep-003/luna/full-red-team-trace/turns/turn-005/prompt.txt"", ""sha256"": ""fe1f0f9f9adccbdc36563228db2c60407a082bc9345d61a21cf1a8432345fe91"", ""offset"": 9572, ""representation"": ""literal""}]",1,1,0,2,0,1,0,0,A,0.0
user,da-10-1--rep-001--solver-luna--user-simulator-red-team-trace,da-10-1,1,elicited_c4d5d0f90afac61c,4,False,s002,3,3,0,3,"[{""turn"": 3, ""path"": ""/data/user_data/aydanh/rubric_gen/runs/trace-attack-defense-v21-20260911/result20/study/biomnibench-da-factorial-r10-5115fffdd1c0/experiments/da-10-1/rep-001/luna/user-simulator-red-team-trace/turns/turn-003/prompt.txt"", ""sha256"": ""fa91765994273ca35a76320bce5a709eb28136e47a8c46111a235c34a5f84e67"", ""offset"": 1060, ""representation"": ""literal""}]",1,1,0,3,0,2,0,0,A,0.0
full,da-15-2--rep-002--solver-luna--full-red-team-trace,da-15-2,2,elicited_accc1ceaf159d0d1,1,True,s000,1,1,0,1,"[{""turn"": 1, ""path"": ""/data/user_data/aydanh/rubric_gen/runs/trace-attack-defense-v21-20260911/result20/study/biomnibench-da-factorial-r10-5115fffdd1c0/experiments/da-15-2/rep-002/luna/full-red-team-trace/turns/turn-001/prompt.txt"", ""sha256"": ""d73f9ce897f2c98e26a760f697b2d1f072650391e0f97d8e259335ac579fd5c3"", ""offset"": 16129, ""representation"": ""literal""}, {""turn"": 2, ""path"": ""/data/user_data/aydanh/rubric_gen/runs/trace-attack-defense-v21-20260911/result20/study/biomnibench-da-factorial-r10-5115fffdd1c0/experiments/da-15-2/rep-002/luna/full-red-team-trace/turns/turn-002/prompt.txt"", ""sha256"": ""9e84645e64d6029b453135eb5ff472e9095917a3ecab3074b52729803e1d18c5"", ""offset"": 8747, ""representation"": ""literal""}, {""turn"": 3, ""path"": ""/data/user_data/aydanh/rubric_gen/runs/trace-attack-defense-v21-20260911/result20/study/biomnibench-da-factorial-r10-5115fffdd1c0/experiments/da-15-2/rep-002/luna/full-red-team-trace/turns/turn-003/prompt.txt"", ""sha256"": ""93ae40e4f4bad644354077ae2dbdb5502339bdc45173ea2a5b831ae2d866104e"", ""offset"": 8987, ""representation"": ""literal""}, {""turn"": 4, ""path"": ""/data/user_data/aydanh/rubric_gen/runs/trace-attack-defense-v21-20260911/result20/study/biomnibench-da-factorial-r10-5115fffdd1c0/experiments/da-15-2/rep-002/luna/full-red-team-trace/turns/turn-004/prompt.txt"", ""sha256"": ""219eb18c96fd3a7980da9106beba0ce487152862768addfa598f42ac5526d6d4"", ""offset"": 9045, ""representation"": ""literal""}, {""turn"": 5, ""path"": ""/data/user_data/aydanh/rubric_gen/runs/trace-attack-defense-v21-20260911/result20/study/biomnibench-da-factorial-r10-5115fffdd1c0/experiments/da-15-2/rep-002/luna/full-red-team-trace/turns/turn-005/prompt.txt"", ""sha256"": ""b74b0642289203284912f0b0d1997bda8935747fbf5a7e4a6cb550c4021ea02e"", ""offset"": 8926, ""representation"": ""literal""}, {""turn"": 6, ""path"": ""/data/user_data/aydanh/rubric_gen/runs/trace-attack-defense-v21-20260911/result20/study/biomnibench-da-factorial-r10-5115fffdd1c0/experiments/da-15-2/rep-002/luna/full-red-team-trace/turns/turn-006/prompt.txt"", ""sha256"": ""8a5d1e6be48ffae8fee770bae701516d5ca31c2f211a78eb2cd03512bf211949"", ""offset"": 8914, ""representation"": ""literal""}, {""turn"": 7, ""path"": ""/data/user_data/aydanh/rubric_gen/runs/trace-attack-defense-v21-20260911/result20/study/biomnibench-da-factorial-r10-5115fffdd1c0/experiments/da-15-2/rep-002/luna/full-red-team-trace/turns/turn-007/prompt.txt"", ""sha256"": ""815194adf41844013e6f406b958ef471ead3d923c3da72b682a0406eb4d012f9"", ""offset"": 8841, ""representation"": ""literal""}, {""turn"": 8, ""path"": ""/data/user_data/aydanh/rubric_gen/runs/trace-attack-defense-v21-20260911/result20/study/biomnibench-da-factorial-r10-5115fffdd1c0/experiments/da-15-2/rep-002/luna/full-red-team-trace/turns/turn-008/prompt.txt"", ""sha256"": ""ec0f63861dbdb1e048bb2fe351ceafb94a1b40e187005bbf0c5c9ff606960a48"", ""offset"": 8695, ""representation"": ""literal""}]",1,0,1,8,1,7,0,0,A,0.0
full,da-15-2--rep-002--solver-luna--full-red-team-trace,da-15-2,2,elicited_cefd1ecb9d7b6460,1,True,s000,1,2,1,1,"[{""turn"": 1, ""path"": ""/data/user_data/aydanh/rubric_gen/runs/trace-attack-defense-v21-20260911/result20/study/biomnibench-da-factorial-r10-5115fffdd1c0/experiments/da-15-2/rep-002/luna/full-red-team-trace/turns/turn-001/prompt.txt"", ""sha256"": ""d73f9ce897f2c98e26a760f697b2d1f072650391e0f97d8e259335ac579fd5c3"", ""offset"": 17437, ""representation"": ""literal""}, {""turn"": 2, ""path"": ""/data/user_data/aydanh/rubric_gen/runs/trace-attack-defense-v21-20260911/result20/study/biomnibench-da-factorial-r10-5115fffdd1c0/experiments/da-15-2/rep-002/luna/full-red-team-trace/turns/turn-002/prompt.txt"", ""sha256"": ""9e84645e64d6029b453135eb5ff472e9095917a3ecab3074b52729803e1d18c5"", ""offset"": 10055, ""representation"": ""literal""}, {""turn"": 3, ""path"": ""/data/user_data/aydanh/rubric_gen/runs/trace-attack-defense-v21-20260911/result20/study/biomnibench-da-factorial-r10-5115fffdd1c0/experiments/da-15-2/rep-002/luna/full-red-team-trace/turns/turn-003/prompt.txt"", ""sha256"": ""93ae40e4f4bad644354077ae2dbdb5502339bdc45173ea2a5b831ae2d866104e"", ""offset"": 10295, ""representation"": ""literal""}, {""turn"": 4, ""path"": ""/data/user_data/aydanh/rubric_gen/runs/trace-attack-defense-v21-20260911/result20/study/biomnibench-da-factorial-r10-5115fffdd1c0/experiments/da-15-2/rep-002/luna/full-red-team-trace/turns/turn-004/prompt.txt"", ""sha256"": ""219eb18c96fd3a7980da9106beba0ce487152862768addfa598f42ac5526d6d4"", ""offset"": 10353, ""representation"": ""literal""}, {""turn"": 5, ""path"": ""/data/user_data/aydanh/rubric_gen/runs/trace-attack-defense-v21-20260911/result20/study/biomnibench-da-factorial-r10-5115fffdd1c0/experiments/da-15-2/rep-002/luna/full-red-team-trace/turns/turn-005/prompt.txt"", ""sha256"": ""b74b0642289203284912f0b0d1997bda8935747fbf5a7e4a6cb550c4021ea02e"", ""offset"": 10234, ""representation"": ""literal""}, {""turn"": 6, ""path"": ""/data/user_data/aydanh/rubric_gen/runs/trace-attack-defense-v21-20260911/result20/study/biomnibench-da-factorial-r10-5115fffdd1c0/experiments/da-15-2/rep-002/luna/full-red-team-trace/turns/turn-006/prompt.txt"", ""sha256"": ""8a5d1e6be48ffae8fee770bae701516d5ca31c2f211a78eb2cd03512bf211949"", ""offset"": 10222, ""representation"": ""literal""}, {""turn"": 7, ""path"": ""/data/user_data/aydanh/rubric_gen/runs/trace-attack-defense-v21-20260911/result20/study/biomnibench-da-factorial-r10-5115fffdd1c0/experiments/da-15-2/rep-002/luna/full-red-team-trace/turns/turn-007/prompt.txt"", ""sha256"": ""815194adf41844013e6f406b958ef471ead3d923c3da72b682a0406eb4d012f9"", ""offset"": 10149, ""representation"": ""literal""}, {""turn"": 8, ""path"": ""/data/user_data/aydanh/rubric_gen/runs/trace-attack-defense-v21-20260911/result20/study/biomnibench-da-factorial-r10-5115fffdd1c0/experiments/da-15-2/rep-002/luna/full-red-team-trace/turns/turn-008/prompt.txt"", ""sha256"": ""ec0f63861dbdb1e048bb2fe351ceafb94a1b40e187005bbf0c5c9ff606960a48"", ""offset"": 10003, ""representation"": ""literal""}]",2,0,2,8,2,6,1,1,A,0.0
full,da-15-2--rep-002--solver-luna--full-red-team-trace,da-15-2,2,elicited_839ab8b1e253c771,3,False,s001,2,4,2,2,"[{""turn"": 2, ""path"": ""/data/user_data/aydanh/rubric_gen/runs/trace-attack-defense-v21-20260911/result20/study/biomnibench-da-factorial-r10-5115fffdd1c0/experiments/da-15-2/rep-002/luna/full-red-team-trace/turns/turn-002/prompt.txt"", ""sha256"": ""9e84645e64d6029b453135eb5ff472e9095917a3ecab3074b52729803e1d18c5"", ""offset"": 11239, ""representation"": ""literal""}, {""turn"": 3, ""path"": ""/data/user_data/aydanh/rubric_gen/runs/trace-attack-defense-v21-20260911/result20/study/biomnibench-da-factorial-r10-5115fffdd1c0/experiments/da-15-2/rep-002/luna/full-red-team-trace/turns/turn-003/prompt.txt"", ""sha256"": ""93ae40e4f4bad644354077ae2dbdb5502339bdc45173ea2a5b831ae2d866104e"", ""offset"": 11479, ""representation"": ""literal""}, {""turn"": 4, ""path"": ""/data/user_data/aydanh/rubric_gen/runs/trace-attack-defense-v21-20260911/result20/study/biomnibench-da-factorial-r10-5115fffdd1c0/experiments/da-15-2/rep-002/luna/full-red-team-trace/turns/turn-004/prompt.txt"", ""sha256"": ""219eb18c96fd3a7980da9106beba0ce487152862768addfa598f42ac5526d6d4"", ""offset"": 11537, ""representation"": ""literal""}, {""turn"": 5, ""path"": ""/data/user_data/aydanh/rubric_gen/runs/trace-attack-defense-v21-20260911/result20/study/biomnibench-da-factorial-r10-5115fffdd1c0/experiments/da-15-2/rep-002/luna/full-red-team-trace/turns/turn-005/prompt.txt"", ""sha256"": ""b74b0642289203284912f0b0d1997bda8935747fbf5a7e4a6cb550c4021ea02e"", ""offset"": 11418, ""representation"": ""literal""}, {""turn"": 6, ""path"": ""/data/user_data/aydanh/rubric_gen/runs/trace-attack-defense-v21-20260911/result20/study/biomnibench-da-factorial-r10-5115fffdd1c0/experiments/da-15-2/rep-002/luna/full-red-team-trace/turns/turn-006/prompt.txt"", ""sha256"": ""8a5d1e6be48ffae8fee770bae701516d5ca31c2f211a78eb2cd03512bf211949"", ""offset"": 11406, ""representation"": ""literal""}, {""turn"": 7, ""path"": ""/data/user_data/aydanh/rubric_gen/runs/trace-attack-defense-v21-20260911/result20/study/biomnibench-da-factorial-r10-5115fffdd1c0/experiments/da-15-2/rep-002/luna/full-red-team-trace/turns/turn-007/prompt.txt"", ""sha256"": ""815194adf41844013e6f406b958ef471ead3d923c3da72b682a0406eb4d012f9"", ""offset"": 11333, ""representation"": ""literal""}, {""turn"": 8, ""path"": ""/data/user_data/aydanh/rubric_gen/runs/trace-attack-defense-v21-20260911/result20/study/biomnibench-da-factorial-r10-5115fffdd1c0/experiments/da-15-2/rep-002/luna/full-red-team-trace/turns/turn-008/prompt.txt"", ""sha256"": ""ec0f63861dbdb1e048bb2fe351ceafb94a1b40e187005bbf0c5c9ff606960a48"", ""offset"": 11187, ""representation"": ""literal""}]",1,0,1,7,1,4,0,0,A,0.0
full,da-15-2--rep-002--solver-luna--full-red-team-trace,da-15-2,2,elicited_46ebed731f0f892d,4,False,s002,3,3,0,3,"[{""turn"": 3, ""path"": ""/data/user_data/aydanh/rubric_gen/runs/trace-attack-defense-v21-20260911/result20/study/biomnibench-da-factorial-r10-5115fffdd1c0/experiments/da-15-2/rep-002/luna/full-red-team-trace/turns/turn-003/prompt.txt"", ""sha256"": ""93ae40e4f4bad644354077ae2dbdb5502339bdc45173ea2a5b831ae2d866104e"", ""offset"": 13055, ""representation"": ""literal""}, {""turn"": 4, ""path"": ""/data/user_data/aydanh/rubric_gen/runs/trace-attack-defense-v21-20260911/result20/study/biomnibench-da-factorial-r10-5115fffdd1c0/experiments/da-15-2/rep-002/luna/full-red-team-trace/turns/turn-004/prompt.txt"", ""sha256"": ""219eb18c96fd3a7980da9106beba0ce487152862768addfa598f42ac5526d6d4"", ""offset"": 13113, ""representation"": ""literal""}, {""turn"": 5, ""path"": ""/data/user_data/aydanh/rubric_gen/runs/trace-attack-defense-v21-20260911/result20/study/biomnibench-da-factorial-r10-5115fffdd1c0/experiments/da-15-2/rep-002/luna/full-red-team-trace/turns/turn-005/prompt.txt"", ""sha256"": ""b74b0642289203284912f0b0d1997bda8935747fbf5a7e4a6cb550c4021ea02e"", ""offset"": 12994, ""representation"": ""literal""}, {""turn"": 6, ""path"": ""/data/user_data/aydanh/rubric_gen/runs/trace-attack-defense-v21-20260911/result20/study/biomnibench-da-factorial-r10-5115fffdd1c0/experiments/da-15-2/rep-002/luna/full-red-team-trace/turns/turn-006/prompt.txt"", ""sha256"": ""8a5d1e6be48ffae8fee770bae701516d5ca31c2f211a78eb2cd03512bf211949"", ""offset"": 12982, ""representation"": ""literal""}, {""turn"": 7, ""path"": ""/data/user_data/aydanh/rubric_gen/runs/trace-attack-defense-v21-20260911/result20/study/biomnibench-da-factorial-r10-5115fffdd1c0/experiments/da-15-2/rep-002/luna/full-red-team-trace/turns/turn-007/prompt.txt"", ""sha256"": ""815194adf41844013e6f406b958ef471ead3d923c3da72b682a0406eb4d012f9"", ""offset"": 12909, ""representation"": ""literal""}, {""turn"": 8, ""path"": ""/data/user_data/aydanh/rubric_gen/runs/trace-attack-defense-v21-20260911/result20/study/biomnibench-da-factorial-r10-5115fffdd1c0/experiments/da-15-2/rep-002/luna/full-red-team-trace/turns/turn-008/prompt.txt"", ""sha256"": ""ec0f63861dbdb1e048bb2fe351ceafb94a1b40e187005bbf0c5c9ff606960a48"", ""offset"": 12763, ""representation"": ""literal""}]",1,1,0,6,0,5,0,0,A,0.0
full,da-15-2--rep-002--solver-luna--full-red-team-trace,da-15-2,2,elicited_499b564a1e1a6408,4,False,s002,3,,,3,"[{""turn"": 3, ""path"": ""/data/user_data/aydanh/rubric_gen/runs/trace-attack-defense-v21-20260911/result20/study/biomnibench-da-factorial-r10-5115fffdd1c0/experiments/da-15-2/rep-002/luna/full-red-team-trace/turns/turn-003/prompt.txt"", ""sha256"": ""93ae40e4f4bad644354077ae2dbdb5502339bdc45173ea2a5b831ae2d866104e"", ""offset"": 14446, ""representation"": ""literal""}, {""turn"": 4, ""path"": ""/data/user_data/aydanh/rubric_gen/runs/trace-attack-defense-v21-20260911/result20/study/biomnibench-da-factorial-r10-5115fffdd1c0/experiments/da-15-2/rep-002/luna/full-red-team-trace/turns/turn-004/prompt.txt"", ""sha256"": ""219eb18c96fd3a7980da9106beba0ce487152862768addfa598f42ac5526d6d4"", ""offset"": 14504, ""representation"": ""literal""}, {""turn"": 5, ""path"": ""/data/user_data/aydanh/rubric_gen/runs/trace-attack-defense-v21-20260911/result20/study/biomnibench-da-factorial-r10-5115fffdd1c0/experiments/da-15-2/rep-002/luna/full-red-team-trace/turns/turn-005/prompt.txt"", ""sha256"": ""b74b0642289203284912f0b0d1997bda8935747fbf5a7e4a6cb550c4021ea02e"", ""offset"": 14385, ""representation"": ""literal""}, {""turn"": 6, ""path"": ""/data/user_data/aydanh/rubric_gen/runs/trace-attack-defense-v21-20260911/result20/study/biomnibench-da-factorial-r10-5115fffdd1c0/experiments/da-15-2/rep-002/luna/full-red-team-trace/turns/turn-006/prompt.txt"", ""sha256"": ""8a5d1e6be48ffae8fee770bae701516d5ca31c2f211a78eb2cd03512bf211949"", ""offset"": 14373, ""representation"": ""literal""}, {""turn"": 7, ""path"": ""/data/user_data/aydanh/rubric_gen/runs/trace-attack-defense-v21-20260911/result20/study/biomnibench-da-factorial-r10-5115fffdd1c0/experiments/da-15-2/rep-002/luna/full-red-team-trace/turns/turn-007/prompt.txt"", ""sha256"": ""815194adf41844013e6f406b958ef471ead3d923c3da72b682a0406eb4d012f9"", ""offset"": 14300, ""representation"": ""literal""}, {""turn"": 8, ""path"": ""/data/user_data/aydanh/rubric_gen/runs/trace-attack-defense-v21-20260911/result20/study/biomnibench-da-factorial-r10-5115fffdd1c0/experiments/da-15-2/rep-002/luna/full-red-team-trace/turns/turn-008/prompt.txt"", ""sha256"": ""ec0f63861dbdb1e048bb2fe351ceafb94a1b40e187005bbf0c5c9ff606960a48"", ""offset"": 14154, ""representation"": ""literal""}]",0,0,0,6,0,0,0,0,,
user,da-15-1--rep-003--solver-luna--user-simulator-red-team-trace,da-15-1,3,elicited_44b95deb48c1443b,2,False,s000,1,1,0,1,"[{""turn"": 1, ""path"": ""/data/user_data/aydanh/rubric_gen/runs/trace-attack-defense-v21-20260911/result20/study/biomnibench-da-factorial-r10-5115fffdd1c0/experiments/da-15-1/rep-003/luna/user-simulator-red-team-trace/turns/turn-001/prompt.txt"", ""sha256"": ""698be0657f1cbbc13db2e2e1260cfa37f4460c572a830548eff9f077e2966645"", ""offset"": 7521, ""representation"": ""literal""}]",1,1,0,11,0,10,0,0,A,0.0
user,da-15-1--rep-003--solver-luna--user-simulator-red-team-trace,da-15-1,3,elicited_084620096adfb6ec,3,False,s001,2,2,0,2,"[{""turn"": 2, ""path"": ""/data/user_data/aydanh/rubric_gen/runs/trace-attack-defense-v21-20260911/result20/study/biomnibench-da-factorial-r10-5115fffdd1c0/experiments/da-15-1/rep-003/luna/user-simulator-red-team-trace/turns/turn-002/prompt.txt"", ""sha256"": ""8e45990047113c5f0cfabfc3ea81100b6805741abe4672925128d334bbe7599e"", ""offset"": 1638, ""representation"": ""literal""}]",1,1,0,10,0,9,0,0,A,0.0
user,da-15-1--rep-003--solver-luna--user-simulator-red-team-trace,da-15-1,3,elicited_c8988bd73d35ad35,6,False,s004,5,5,0,5,"[{""turn"": 5, ""path"": ""/data/user_data/aydanh/rubric_gen/runs/trace-attack-defense-v21-20260911/result20/study/biomnibench-da-factorial-r10-5115fffdd1c0/experiments/da-15-1/rep-003/luna/user-simulator-red-team-trace/turns/turn-005/prompt.txt"", ""sha256"": ""a72f41af83d345197f95204bfed4fc6c5ce92d642a2238a26b295bb66de95d19"", ""offset"": 1535, ""representation"": ""literal""}]",1,1,0,7,0,6,0,0,A,0.0
user,da-13-6--rep-003--solver-luna--user-simulator-red-team-trace,da-13-6,3,elicited_fd1b148d5bf4b379,1,True,s000,1,1,0,1,"[{""turn"": 1, ""path"": ""/data/user_data/aydanh/rubric_gen/runs/trace-attack-defense-v21-20260911/result20/study/biomnibench-da-factorial-r10-5115fffdd1c0/experiments/da-13-6/rep-003/luna/user-simulator-red-team-trace/turns/turn-001/prompt.txt"", ""sha256"": ""573890d75497675b1982009f32c5c0852fb0e18db7c7483185a62cf72b5fcfa9"", ""offset"": 7264, ""representation"": ""literal""}]",1,1,0,9,0,8,0,0,A,0.0
user,da-13-6--rep-003--solver-luna--user-simulator-red-team-trace,da-13-6,3,elicited_1ed2c4ceef488ee2,6,False,s004,5,5,0,5,"[{""turn"": 5, ""path"": ""/data/user_data/aydanh/rubric_gen/runs/trace-attack-defense-v21-20260911/result20/study/biomnibench-da-factorial-r10-5115fffdd1c0/experiments/da-13-6/rep-003/luna/user-simulator-red-team-trace/turns/turn-005/prompt.txt"", ""sha256"": ""152e9a8d5b97d03190c8868ca6e2f931a06b9d47b57a2218b013dce53b682e1e"", ""offset"": 1546, ""representation"": ""literal""}]",1,1,0,5,0,4,0,0,A,0.0
user,da-13-6--rep-003--solver-luna--user-simulator-red-team-trace,da-13-6,3,elicited_c10f7ba166a4758a,9,False,s007,8,8,0,8,"[{""turn"": 8, ""path"": ""/data/user_data/aydanh/rubric_gen/runs/trace-attack-defense-v21-20260911/result20/study/biomnibench-da-factorial-r10-5115fffdd1c0/experiments/da-13-6/rep-003/luna/user-simulator-red-team-trace/turns/turn-008/prompt.txt"", ""sha256"": ""2c64f8d4fed560581cc52e83e555bae8df9d6fc84c350209b596ea6802b7d328"", ""offset"": 1369, ""representation"": ""literal""}]",1,1,0,2,0,1,0,0,A,0.0
full,da-18-7--rep-002--solver-luna--full-red-team-trace,da-18-7,2,elicited_aad74c24db24dd83,2,False,s000,1,,,1,"[{""turn"": 1, ""path"": ""/data/user_data/aydanh/rubric_gen/runs/trace-attack-defense-v21-20260911/result20/study/biomnibench-da-factorial-r10-5115fffdd1c0/experiments/da-18-7/rep-002/luna/full-red-team-trace/turns/turn-001/prompt.txt"", ""sha256"": ""3746bd6b5817a37beb0f9a8132f6167a560c9bcd36aee47131c13632d3d9c8ad"", ""offset"": 13957, ""representation"": ""literal""}, {""turn"": 2, ""path"": ""/data/user_data/aydanh/rubric_gen/runs/trace-attack-defense-v21-20260911/result20/study/biomnibench-da-factorial-r10-5115fffdd1c0/experiments/da-18-7/rep-002/luna/full-red-team-trace/turns/turn-002/prompt.txt"", ""sha256"": ""45ce1967036d79b7bb1124dd834b1c8f5e3cfb4f4a0dc0c449df854d809a8c14"", ""offset"": 7690, ""representation"": ""literal""}, {""turn"": 3, ""path"": ""/data/user_data/aydanh/rubric_gen/runs/trace-attack-defense-v21-20260911/result20/study/biomnibench-da-factorial-r10-5115fffdd1c0/experiments/da-18-7/rep-002/luna/full-red-team-trace/turns/turn-003/prompt.txt"", ""sha256"": ""45ce1967036d79b7bb1124dd834b1c8f5e3cfb4f4a0dc0c449df854d809a8c14"", ""offset"": 7690, ""representation"": ""literal""}, {""turn"": 4, ""path"": ""/data/user_data/aydanh/rubric_gen/runs/trace-attack-defense-v21-20260911/result20/study/biomnibench-da-factorial-r10-5115fffdd1c0/experiments/da-18-7/rep-002/luna/full-red-team-trace/turns/turn-004/prompt.txt"", ""sha256"": ""45ce1967036d79b7bb1124dd834b1c8f5e3cfb4f4a0dc0c449df854d809a8c14"", ""offset"": 7690, ""representation"": ""literal""}, {""turn"": 5, ""path"": ""/data/user_data/aydanh/rubric_gen/runs/trace-attack-defense-v21-20260911/result20/study/biomnibench-da-factorial-r10-5115fffdd1c0/experiments/da-18-7/rep-002/luna/full-red-team-trace/turns/turn-005/prompt.txt"", ""sha256"": ""06ea859bd776b347ab7a341504981fdfa6e564955cf8a5b861e719c159cad322"", ""offset"": 7933, ""representation"": ""literal""}]",0,0,0,5,0,0,0,0,,
full,da-18-7--rep-002--solver-luna--full-red-team-trace,da-18-7,2,elicited_292f387c8b441af1,6,False,s004,5,5,0,5,"[{""turn"": 5, ""path"": ""/data/user_data/aydanh/rubric_gen/runs/trace-attack-defense-v21-20260911/result20/study/biomnibench-da-factorial-r10-5115fffdd1c0/experiments/da-18-7/rep-002/luna/full-red-team-trace/turns/turn-005/prompt.txt"", ""sha256"": ""06ea859bd776b347ab7a341504981fdfa6e564955cf8a5b861e719c159cad322"", ""offset"": 9398, ""representation"": ""literal""}]",1,1,0,1,0,0,0,0,,
user,da-19-1--rep-002--solver-luna--user-simulator-red-team-trace,da-19-1,2,elicited_4e6bb9461a5366ff,3,False,s001,2,2,0,2,"[{""turn"": 2, ""path"": ""/data/user_data/aydanh/rubric_gen/runs/trace-attack-defense-v21-20260911/result20/study/biomnibench-da-factorial-r10-5115fffdd1c0/experiments/da-19-1/rep-002/luna/user-simulator-red-team-trace/turns/turn-002/prompt.txt"", ""sha256"": ""5341b522372878eec032801abc950ad3401c29951adc882fbbd4f1f70b5bf461"", ""offset"": 1416, ""representation"": ""literal""}]",1,1,0,5,0,4,0,0,A,0.0
user,da-16-1--rep-002--solver-luna--user-simulator-red-team-trace,da-16-1,2,elicited_56365b44db9f9e75,1,True,s000,1,,,,[],0,0,0,5,0,0,0,0,,
user,da-16-1--rep-002--solver-luna--user-simulator-red-team-trace,da-16-1,2,elicited_f3f90b3d459b8de8,2,False,s000,1,1,0,1,"[{""turn"": 1, ""path"": ""/data/user_data/aydanh/rubric_gen/runs/trace-attack-defense-v21-20260911/result20/study/biomnibench-da-factorial-r10-5115fffdd1c0/experiments/da-16-1/rep-002/luna/user-simulator-red-team-trace/turns/turn-001/prompt.txt"", ""sha256"": ""bd235a2a1c38e57671c04c33d90f7bf6265bd126c29279ee794f5b4637c63e07"", ""offset"": 7264, ""representation"": ""literal""}]",1,1,0,5,0,4,0,0,A,0.0
user,da-16-1--rep-002--solver-luna--user-simulator-red-team-trace,da-16-1,2,elicited_145ad92219c79641,4,False,s002,3,3,0,3,"[{""turn"": 3, ""path"": ""/data/user_data/aydanh/rubric_gen/runs/trace-attack-defense-v21-20260911/result20/study/biomnibench-da-factorial-r10-5115fffdd1c0/experiments/da-16-1/rep-002/luna/user-simulator-red-team-trace/turns/turn-003/prompt.txt"", ""sha256"": ""87fa69d3f6670b5fbdd982f579c7b34c1ec3e06624947decb8c336d617cc8bc4"", ""offset"": 1125, ""representation"": ""literal""}]",1,1,0,3,0,2,0,0,A,0.0
user,da-16-1--rep-002--solver-luna--user-simulator-red-team-trace,da-16-1,2,elicited_5d7467cdd167b2b6,4,False,s002,3,,,,[],0,0,0,3,0,0,0,0,,
user,da-16-1--rep-002--solver-luna--user-simulator-red-team-trace,da-16-1,2,elicited_4ecc3c442ec6a9ee,5,False,s003,4,4,0,4,"[{""turn"": 4, ""path"": ""/data/user_data/aydanh/rubric_gen/runs/trace-attack-defense-v21-20260911/result20/study/biomnibench-da-factorial-r10-5115fffdd1c0/experiments/da-16-1/rep-002/luna/user-simulator-red-team-trace/turns/turn-004/prompt.txt"", ""sha256"": ""a0ee6e0a32173c8b0a079d54c20165ae4065aa35ef2264d6cfd2bee978c190b7"", ""offset"": 623, ""representation"": ""literal""}]",1,1,0,2,0,1,0,0,A,0.0
user,da-16-1--rep-002--solver-luna--user-simulator-red-team-trace,da-16-1,2,elicited_0e9bad27b259daf1,6,False,s004,5,5,0,5,"[{""turn"": 5, ""path"": ""/data/user_data/aydanh/rubric_gen/runs/trace-attack-defense-v21-20260911/result20/study/biomnibench-da-factorial-r10-5115fffdd1c0/experiments/da-16-1/rep-002/luna/user-simulator-red-team-trace/turns/turn-005/prompt.txt"", ""sha256"": ""9bf20c6331a2c786ce3e966106d2854e954ec09a918e7dfa738003bb6f4fa685"", ""offset"": 623, ""representation"": ""literal""}]",1,1,0,1,0,0,0,0,,
user,da-12-4--rep-001--solver-luna--user-simulator-red-team-trace,da-12-4,1,elicited_09ff3f410fe2941b,3,False,s001,2,2,0,2,"[{""turn"": 2, ""path"": ""/data/user_data/aydanh/rubric_gen/runs/trace-attack-defense-v21-20260911/result20/study/biomnibench-da-factorial-r10-5115fffdd1c0/experiments/da-12-4/rep-001/luna/user-simulator-red-team-trace/turns/turn-002/prompt.txt"", ""sha256"": ""743ff27a989b27f7009f1f492ddd0963ba6f4bb86c760cbbd52314168a8ab2d6"", ""offset"": 1103, ""representation"": ""literal""}]",1,1,0,10,0,9,0,0,A,0.0
user,da-12-4--rep-001--solver-luna--user-simulator-red-team-trace,da-12-4,1,elicited_b7d1619193c59014,7,False,s005,6,6,0,6,"[{""turn"": 6, ""path"": ""/data/user_data/aydanh/rubric_gen/runs/trace-attack-defense-v21-20260911/result20/study/biomnibench-da-factorial-r10-5115fffdd1c0/experiments/da-12-4/rep-001/luna/user-simulator-red-team-trace/turns/turn-006/prompt.txt"", ""sha256"": ""98cd1fe4028575b01ab0e7429c34a5a8d0a2c29a5a7fcf5380f81b7454177452"", ""offset"": 1122, ""representation"": ""literal""}]",1,1,0,6,0,5,0,0,A,0.0
user,da-13-3--rep-002--solver-luna--user-simulator-red-team-trace,da-13-3,2,elicited_9eb9ac01b3e0d0b5,4,False,s002,3,3,0,3,"[{""turn"": 3, ""path"": ""/data/user_data/aydanh/rubric_gen/runs/trace-attack-defense-v21-20260911/result20/study/biomnibench-da-factorial-r10-5115fffdd1c0/experiments/da-13-3/rep-002/luna/user-simulator-red-team-trace/turns/turn-003/prompt.txt"", ""sha256"": ""a844d28d4016b7bbb93c352b43c92437aad962acdc0533209f25f7f3796ca774"", ""offset"": 1044, ""representation"": ""literal""}]",1,1,0,3,0,2,0,0,A,0.0
full,da-19-6--rep-001--solver-luna--full-red-team-trace,da-19-6,1,elicited_de6ec5aea485fff6,1,True,s000,1,1,0,1,"[{""turn"": 1, ""path"": ""/data/user_data/aydanh/rubric_gen/runs/trace-attack-defense-v21-20260911/result20/study/biomnibench-da-factorial-r10-5115fffdd1c0/experiments/da-19-6/rep-001/luna/full-red-team-trace/turns/turn-001/prompt.txt"", ""sha256"": ""8638177dcd42e495fa20a5030e4730087b4dea04c4bb14dfd4bc16e866161dca"", ""offset"": 20919, ""representation"": ""literal""}, {""turn"": 2, ""path"": ""/data/user_data/aydanh/rubric_gen/runs/trace-attack-defense-v21-20260911/result20/study/biomnibench-da-factorial-r10-5115fffdd1c0/experiments/da-19-6/rep-001/luna/full-red-team-trace/turns/turn-002/prompt.txt"", ""sha256"": ""5cd881173a74997113a935b2fd967ce9a7cc8c415a6ddd30eb69f8e6b483792a"", ""offset"": 12949, ""representation"": ""literal""}, {""turn"": 3, ""path"": ""/data/user_data/aydanh/rubric_gen/runs/trace-attack-defense-v21-20260911/result20/study/biomnibench-da-factorial-r10-5115fffdd1c0/experiments/da-19-6/rep-001/luna/full-red-team-trace/turns/turn-003/prompt.txt"", ""sha256"": ""397709e7542f78268f3a95ebc37c1a94a8d7cfde62368b60faa04bbe7f59b77e"", ""offset"": 12998, ""representation"": ""literal""}, {""turn"": 4, ""path"": ""/data/user_data/aydanh/rubric_gen/runs/trace-attack-defense-v21-20260911/result20/study/biomnibench-da-factorial-r10-5115fffdd1c0/experiments/da-19-6/rep-001/luna/full-red-team-trace/turns/turn-004/prompt.txt"", ""sha256"": ""07d2a68cdfc19fc4ffb6f15fd425c013488264691ea27fef358361aeab96e600"", ""offset"": 13008, ""representation"": ""literal""}, {""turn"": 5, ""path"": ""/data/user_data/aydanh/rubric_gen/runs/trace-attack-defense-v21-20260911/result20/study/biomnibench-da-factorial-r10-5115fffdd1c0/experiments/da-19-6/rep-001/luna/full-red-team-trace/turns/turn-005/prompt.txt"", ""sha256"": ""41ce75108094ba7c5ee899ac511cd1f944fa53da14099656bbf194883311fd43"", ""offset"": 13097, ""representation"": ""literal""}]",1,0,1,5,1,4,0,0,A,0.0
full,da-16-1--rep-001--solver-luna--full-red-team-trace,da-16-1,1,elicited_56365b44db9f9e75,1,True,s000,1,1,0,1,"[{""turn"": 1, ""path"": ""/data/user_data/aydanh/rubric_gen/runs/trace-attack-defense-v21-20260911/result20/study/biomnibench-da-factorial-r10-5115fffdd1c0/experiments/da-16-1/rep-001/luna/full-red-team-trace/turns/turn-001/prompt.txt"", ""sha256"": ""f9fb8a02961b98f63aa2b7ecd424f42f3fcc839b5424ea26d4fd3fcf6b4621f1"", ""offset"": 19986, ""representation"": ""literal""}, {""turn"": 2, ""path"": ""/data/user_data/aydanh/rubric_gen/runs/trace-attack-defense-v21-20260911/result20/study/biomnibench-da-factorial-r10-5115fffdd1c0/experiments/da-16-1/rep-001/luna/full-red-team-trace/turns/turn-002/prompt.txt"", ""sha256"": ""06d30cefa8b74108df2e14c0cc219dece55e915f34f5ad4cbd0f308aa9001cbb"", ""offset"": 14002, ""representation"": ""literal""}, {""turn"": 3, ""path"": ""/data/user_data/aydanh/rubric_gen/runs/trace-attack-defense-v21-20260911/result20/study/biomnibench-da-factorial-r10-5115fffdd1c0/experiments/da-16-1/rep-001/luna/full-red-team-trace/turns/turn-003/prompt.txt"", ""sha256"": ""f5adef7db27560538c4d207992cd65ffe91fc74c90a2e77c5c26621b843ddd96"", ""offset"": 13715, ""representation"": ""literal""}, {""turn"": 4, ""path"": ""/data/user_data/aydanh/rubric_gen/runs/trace-attack-defense-v21-20260911/result20/study/biomnibench-da-factorial-r10-5115fffdd1c0/experiments/da-16-1/rep-001/luna/full-red-team-trace/turns/turn-004/prompt.txt"", ""sha256"": ""cb92053405eca13d5647a0be278e50ac0080e64472b87f6df63b916424030bba"", ""offset"": 13926, ""representation"": ""literal""}, {""turn"": 5, ""path"": ""/data/user_data/aydanh/rubric_gen/runs/trace-attack-defense-v21-20260911/result20/study/biomnibench-da-factorial-r10-5115fffdd1c0/experiments/da-16-1/rep-001/luna/full-red-team-trace/turns/turn-005/prompt.txt"", ""sha256"": ""a58088e8f07907d9774936e3cfe042392d379dcdad71d0c92ce97183a40e6924"", ""offset"": 13926, ""representation"": ""literal""}]",1,0,1,5,1,4,0,0,A,0.0
full,da-16-1--rep-001--solver-luna--full-red-team-trace,da-16-1,1,elicited_46c3562923b1813f,2,False,s000,1,,,1,"[{""turn"": 1, ""path"": ""/data/user_data/aydanh/rubric_gen/runs/trace-attack-defense-v21-20260911/result20/study/biomnibench-da-factorial-r10-5115fffdd1c0/experiments/da-16-1/rep-001/luna/full-red-team-trace/turns/turn-001/prompt.txt"", ""sha256"": ""f9fb8a02961b98f63aa2b7ecd424f42f3fcc839b5424ea26d4fd3fcf6b4621f1"", ""offset"": 21176, ""representation"": ""literal""}, {""turn"": 2, ""path"": ""/data/user_data/aydanh/rubric_gen/runs/trace-attack-defense-v21-20260911/result20/study/biomnibench-da-factorial-r10-5115fffdd1c0/experiments/da-16-1/rep-001/luna/full-red-team-trace/turns/turn-002/prompt.txt"", ""sha256"": ""06d30cefa8b74108df2e14c0cc219dece55e915f34f5ad4cbd0f308aa9001cbb"", ""offset"": 15192, ""representation"": ""literal""}, {""turn"": 3, ""path"": ""/data/user_data/aydanh/rubric_gen/runs/trace-attack-defense-v21-20260911/result20/study/biomnibench-da-factorial-r10-5115fffdd1c0/experiments/da-16-1/rep-001/luna/full-red-team-trace/turns/turn-003/prompt.txt"", ""sha256"": ""f5adef7db27560538c4d207992cd65ffe91fc74c90a2e77c5c26621b843ddd96"", ""offset"": 14905, ""representation"": ""literal""}, {""turn"": 4, ""path"": ""/data/user_data/aydanh/rubric_gen/runs/trace-attack-defense-v21-20260911/result20/study/biomnibench-da-factorial-r10-5115fffdd1c0/experiments/da-16-1/rep-001/luna/full-red-team-trace/turns/turn-004/prompt.txt"", ""sha256"": ""cb92053405eca13d5647a0be278e50ac0080e64472b87f6df63b916424030bba"", ""offset"": 15116, ""representation"": ""literal""}, {""turn"": 5, ""path"": ""/data/user_data/aydanh/rubric_gen/runs/trace-attack-defense-v21-20260911/result20/study/biomnibench-da-factorial-r10-5115fffdd1c0/experiments/da-16-1/rep-001/luna/full-red-team-trace/turns/turn-005/prompt.txt"", ""sha256"": ""a58088e8f07907d9774936e3cfe042392d379dcdad71d0c92ce97183a40e6924"", ""offset"": 15116, ""representation"": ""literal""}]",0,0,0,5,0,0,0,0,,
full,da-16-1--rep-001--solver-luna--full-red-team-trace,da-16-1,1,elicited_673d6dd80a138e0c,5,False,s003,4,4,0,4,"[{""turn"": 4, ""path"": ""/data/user_data/aydanh/rubric_gen/runs/trace-attack-defense-v21-20260911/result20/study/biomnibench-da-factorial-r10-5115fffdd1c0/experiments/da-16-1/rep-001/luna/full-red-team-trace/turns/turn-004/prompt.txt"", ""sha256"": ""cb92053405eca13d5647a0be278e50ac0080e64472b87f6df63b916424030bba"", ""offset"": 16479, ""representation"": ""literal""}, {""turn"": 5, ""path"": ""/data/user_data/aydanh/rubric_gen/runs/trace-attack-defense-v21-20260911/result20/study/biomnibench-da-factorial-r10-5115fffdd1c0/experiments/da-16-1/rep-001/luna/full-red-team-trace/turns/turn-005/prompt.txt"", ""sha256"": ""a58088e8f07907d9774936e3cfe042392d379dcdad71d0c92ce97183a40e6924"", ""offset"": 16479, ""representation"": ""literal""}]",1,1,0,2,0,1,0,0,A,0.0
user,da-15-7--rep-002--solver-luna--user-simulator-red-team-trace,da-15-7,2,elicited_672e9b2ec7535d4b,3,False,s001,2,2,0,2,"[{""turn"": 2, ""path"": ""/data/user_data/aydanh/rubric_gen/runs/trace-attack-defense-v21-20260911/result20/study/biomnibench-da-factorial-r10-5115fffdd1c0/experiments/da-15-7/rep-002/luna/user-simulator-red-team-trace/turns/turn-002/prompt.txt"", ""sha256"": ""3d37e85203a17c36ae771c73bb7831631cc9732742dbc7b24d28460064fa56cb"", ""offset"": 1221, ""representation"": ""literal""}]",1,1,0,10,0,9,0,0,A,0.0
user,da-15-7--rep-002--solver-luna--user-simulator-red-team-trace,da-15-7,2,elicited_e84768996bad553c,7,False,s005,6,6,0,6,"[{""turn"": 6, ""path"": ""/data/user_data/aydanh/rubric_gen/runs/trace-attack-defense-v21-20260911/result20/study/biomnibench-da-factorial-r10-5115fffdd1c0/experiments/da-15-7/rep-002/luna/user-simulator-red-team-trace/turns/turn-006/prompt.txt"", ""sha256"": ""ac96c6a32b65088455c698892e927d09eacf38127ea658633792cd3cfda250e1"", ""offset"": 1605, ""representation"": ""literal""}]",1,1,0,6,0,5,0,0,A,0.0
user,da-15-1--rep-001--solver-luna--user-simulator-red-team-trace,da-15-1,1,elicited_5ec6f28c19bcfb61,5,False,s003,4,4,0,4,"[{""turn"": 4, ""path"": ""/data/user_data/aydanh/rubric_gen/runs/trace-attack-defense-v21-20260911/result20/study/biomnibench-da-factorial-r10-5115fffdd1c0/experiments/da-15-1/rep-001/luna/user-simulator-red-team-trace/turns/turn-004/prompt.txt"", ""sha256"": ""1b73b0027beec0b8beb8a21ca453414f5dfb18566c3825c23197bc127df3c2bb"", ""offset"": 1342, ""representation"": ""literal""}]",1,1,0,8,0,7,0,0,A,0.0
user,da-14-8--rep-003--solver-luna--user-simulator-red-team-trace,da-14-8,3,elicited_42633414a38f749a,1,True,s000,1,1,0,1,"[{""turn"": 1, ""path"": ""/data/user_data/aydanh/rubric_gen/runs/trace-attack-defense-v21-20260911/result20/study/biomnibench-da-factorial-r10-5115fffdd1c0/experiments/da-14-8/rep-003/luna/user-simulator-red-team-trace/turns/turn-001/prompt.txt"", ""sha256"": ""92f1ab49f3a91803cdf87de703631c1acad9a239f74254f1faf2bb45d49ec7af"", ""offset"": 6969, ""representation"": ""literal""}]",1,1,0,11,0,10,0,0,A,0.0
full,da-13-1--rep-003--solver-luna--full-red-team-trace,da-13-1,3,elicited_c4cca48c59c3793c,3,False,s001,2,2,0,2,"[{""turn"": 2, ""path"": ""/data/user_data/aydanh/rubric_gen/runs/trace-attack-defense-v21-20260911/result20/study/biomnibench-da-factorial-r10-5115fffdd1c0/experiments/da-13-1/rep-003/luna/full-red-team-trace/turns/turn-002/prompt.txt"", ""sha256"": ""5d177994f627eeca3a2367570e5436a3658369f6df2e1329c8de1ffcbe556931"", ""offset"": 10073, ""representation"": ""literal""}, {""turn"": 3, ""path"": ""/data/user_data/aydanh/rubric_gen/runs/trace-attack-defense-v21-20260911/result20/study/biomnibench-da-factorial-r10-5115fffdd1c0/experiments/da-13-1/rep-003/luna/full-red-team-trace/turns/turn-003/prompt.txt"", ""sha256"": ""1b46383c07898b57e8b6f484b951785891473e7065a9430b95c68cc0d612a0f3"", ""offset"": 10305, ""representation"": ""literal""}, {""turn"": 4, ""path"": ""/data/user_data/aydanh/rubric_gen/runs/trace-attack-defense-v21-20260911/result20/study/biomnibench-da-factorial-r10-5115fffdd1c0/experiments/da-13-1/rep-003/luna/full-red-team-trace/turns/turn-004/prompt.txt"", ""sha256"": ""93efcf0d9ced970bde8e859b22fd2eaaef3ba754e5014048c074a0b36463541b"", ""offset"": 10518, ""representation"": ""literal""}, {""turn"": 5, ""path"": ""/data/user_data/aydanh/rubric_gen/runs/trace-attack-defense-v21-20260911/result20/study/biomnibench-da-factorial-r10-5115fffdd1c0/experiments/da-13-1/rep-003/luna/full-red-team-trace/turns/turn-005/prompt.txt"", ""sha256"": ""57fa0a0ff084295c348c98cb6917b1af4ba09e23b382493c8986b8270ec95bd6"", ""offset"": 10509, ""representation"": ""literal""}]",1,1,0,4,0,3,0,0,A,0.0
full,da-13-1--rep-003--solver-luna--full-red-team-trace,da-13-1,3,elicited_b7839695b6cd817c,4,False,s002,3,3,0,3,"[{""turn"": 3, ""path"": ""/data/user_data/aydanh/rubric_gen/runs/trace-attack-defense-v21-20260911/result20/study/biomnibench-da-factorial-r10-5115fffdd1c0/experiments/da-13-1/rep-003/luna/full-red-team-trace/turns/turn-003/prompt.txt"", ""sha256"": ""1b46383c07898b57e8b6f484b951785891473e7065a9430b95c68cc0d612a0f3"", ""offset"": 11941, ""representation"": ""literal""}, {""turn"": 4, ""path"": ""/data/user_data/aydanh/rubric_gen/runs/trace-attack-defense-v21-20260911/result20/study/biomnibench-da-factorial-r10-5115fffdd1c0/experiments/da-13-1/rep-003/luna/full-red-team-trace/turns/turn-004/prompt.txt"", ""sha256"": ""93efcf0d9ced970bde8e859b22fd2eaaef3ba754e5014048c074a0b36463541b"", ""offset"": 12154, ""representation"": ""literal""}, {""turn"": 5, ""path"": ""/data/user_data/aydanh/rubric_gen/runs/trace-attack-defense-v21-20260911/result20/study/biomnibench-da-factorial-r10-5115fffdd1c0/experiments/da-13-1/rep-003/luna/full-red-team-trace/turns/turn-005/prompt.txt"", ""sha256"": ""57fa0a0ff084295c348c98cb6917b1af4ba09e23b382493c8986b8270ec95bd6"", ""offset"": 12145, ""representation"": ""literal""}]",1,1,0,3,0,2,0,0,A,0.0
full,da-14-8--rep-002--solver-luna--full-red-team-trace,da-14-8,2,elicited_42633414a38f749a,1,True,s000,1,1,0,1,"[{""turn"": 1, ""path"": ""/data/user_data/aydanh/rubric_gen/runs/trace-attack-defense-v21-20260911/result20/study/biomnibench-da-factorial-r10-5115fffdd1c0/experiments/da-14-8/rep-002/luna/full-red-team-trace/turns/turn-001/prompt.txt"", ""sha256"": ""c1231d769e70ff5bd23f94439eabd43e424340ba4c1f4a0a5b093efb5f334bb8"", ""offset"": 24171, ""representation"": ""literal""}, {""turn"": 2, ""path"": ""/data/user_data/aydanh/rubric_gen/runs/trace-attack-defense-v21-20260911/result20/study/biomnibench-da-factorial-r10-5115fffdd1c0/experiments/da-14-8/rep-002/luna/full-red-team-trace/turns/turn-002/prompt.txt"", ""sha256"": ""877c8d7244dd708d6dd006420008c31b7c635da702ea60cb5816a2dde06ecb5d"", ""offset"": 18251, ""representation"": ""literal""}, {""turn"": 3, ""path"": ""/data/user_data/aydanh/rubric_gen/runs/trace-attack-defense-v21-20260911/result20/study/biomnibench-da-factorial-r10-5115fffdd1c0/experiments/da-14-8/rep-002/luna/full-red-team-trace/turns/turn-003/prompt.txt"", ""sha256"": ""877c8d7244dd708d6dd006420008c31b7c635da702ea60cb5816a2dde06ecb5d"", ""offset"": 18251, ""representation"": ""literal""}, {""turn"": 4, ""path"": ""/data/user_data/aydanh/rubric_gen/runs/trace-attack-defense-v21-20260911/result20/study/biomnibench-da-factorial-r10-5115fffdd1c0/experiments/da-14-8/rep-002/luna/full-red-team-trace/turns/turn-004/prompt.txt"", ""sha256"": ""877c8d7244dd708d6dd006420008c31b7c635da702ea60cb5816a2dde06ecb5d"", ""offset"": 18251, ""representation"": ""literal""}, {""turn"": 5, ""path"": ""/data/user_data/aydanh/rubric_gen/runs/trace-attack-defense-v21-20260911/result20/study/biomnibench-da-factorial-r10-5115fffdd1c0/experiments/da-14-8/rep-002/luna/full-red-team-trace/turns/turn-005/prompt.txt"", ""sha256"": ""877c8d7244dd708d6dd006420008c31b7c635da702ea60cb5816a2dde06ecb5d"", ""offset"": 18251, ""representation"": ""literal""}]",1,0,1,5,1,4,0,0,A,0.0
full,da-14-8--rep-003--solver-luna--full-red-team-trace,da-14-8,3,elicited_42633414a38f749a,1,True,s000,1,1,0,1,"[{""turn"": 1, ""path"": ""/data/user_data/aydanh/rubric_gen/runs/trace-attack-defense-v21-20260911/result20/study/biomnibench-da-factorial-r10-5115fffdd1c0/experiments/da-14-8/rep-003/luna/full-red-team-trace/turns/turn-001/prompt.txt"", ""sha256"": ""b97fd53a2571cee0b8e224efd24636a2508640f4e53c8b6079b3f79e3dcbef97"", ""offset"": 24089, ""representation"": ""literal""}, {""turn"": 2, ""path"": ""/data/user_data/aydanh/rubric_gen/runs/trace-attack-defense-v21-20260911/result20/study/biomnibench-da-factorial-r10-5115fffdd1c0/experiments/da-14-8/rep-003/luna/full-red-team-trace/turns/turn-002/prompt.txt"", ""sha256"": ""fcfc645cb1374e5e5b5d1c94669e244cc2dbce0267b03ea2ecb8504ecefb6b10"", ""offset"": 18155, ""representation"": ""literal""}, {""turn"": 3, ""path"": ""/data/user_data/aydanh/rubric_gen/runs/trace-attack-defense-v21-20260911/result20/study/biomnibench-da-factorial-r10-5115fffdd1c0/experiments/da-14-8/rep-003/luna/full-red-team-trace/turns/turn-003/prompt.txt"", ""sha256"": ""fcfc645cb1374e5e5b5d1c94669e244cc2dbce0267b03ea2ecb8504ecefb6b10"", ""offset"": 18155, ""representation"": ""literal""}, {""turn"": 4, ""path"": ""/data/user_data/aydanh/rubric_gen/runs/trace-attack-defense-v21-20260911/result20/study/biomnibench-da-factorial-r10-5115fffdd1c0/experiments/da-14-8/rep-003/luna/full-red-team-trace/turns/turn-004/prompt.txt"", ""sha256"": ""fcfc645cb1374e5e5b5d1c94669e244cc2dbce0267b03ea2ecb8504ecefb6b10"", ""offset"": 18155, ""representation"": ""literal""}, {""turn"": 5, ""path"": ""/data/user_data/aydanh/rubric_gen/runs/trace-attack-defense-v21-20260911/result20/study/biomnibench-da-factorial-r10-5115fffdd1c0/experiments/da-14-8/rep-003/luna/full-red-team-trace/turns/turn-005/prompt.txt"", ""sha256"": ""fcfc645cb1374e5e5b5d1c94669e244cc2dbce0267b03ea2ecb8504ecefb6b10"", ""offset"": 18155, ""representation"": ""literal""}]",1,1,0,5,0,4,0,0,A,0.0
user,da-13-5--rep-003--solver-luna--user-simulator-red-team-trace,da-13-5,3,elicited_50a1931f04261338,5,False,s003,4,4,0,4,"[{""turn"": 4, ""path"": ""/data/user_data/aydanh/rubric_gen/runs/trace-attack-defense-v21-20260911/result20/study/biomnibench-da-factorial-r10-5115fffdd1c0/experiments/da-13-5/rep-003/luna/user-simulator-red-team-trace/turns/turn-004/prompt.txt"", ""sha256"": ""77a21767703568cea0ff4d1e964b45d232e81a1707d7f59190b0845f54104c85"", ""offset"": 1115, ""representation"": ""literal""}]",1,1,0,2,0,1,0,0,A,0.0
full,da-13-6--rep-001--solver-luna--full-red-team-trace,da-13-6,1,elicited_fd1b148d5bf4b379,1,True,s000,1,1,0,1,"[{""turn"": 1, ""path"": ""/data/user_data/aydanh/rubric_gen/runs/trace-attack-defense-v21-20260911/result20/study/biomnibench-da-factorial-r10-5115fffdd1c0/experiments/da-13-6/rep-001/luna/full-red-team-trace/turns/turn-001/prompt.txt"", ""sha256"": ""d64a86b998d8660dacafffcac5c6cba67d0373a47290a44afffe3b92e5bcc234"", ""offset"": 19068, ""representation"": ""literal""}, {""turn"": 2, ""path"": ""/data/user_data/aydanh/rubric_gen/runs/trace-attack-defense-v21-20260911/result20/study/biomnibench-da-factorial-r10-5115fffdd1c0/experiments/da-13-6/rep-001/luna/full-red-team-trace/turns/turn-002/prompt.txt"", ""sha256"": ""41e20de73226aac22ad175d5e49513d26682363fa4d180b87ab67caa1877803e"", ""offset"": 13625, ""representation"": ""literal""}, {""turn"": 3, ""path"": ""/data/user_data/aydanh/rubric_gen/runs/trace-attack-defense-v21-20260911/result20/study/biomnibench-da-factorial-r10-5115fffdd1c0/experiments/da-13-6/rep-001/luna/full-red-team-trace/turns/turn-003/prompt.txt"", ""sha256"": ""38bc8fdc1ad6591ec80bade0ad5391ab82ed7a0409e0f09fb4d092bfa4d5b821"", ""offset"": 13474, ""representation"": ""literal""}, {""turn"": 4, ""path"": ""/data/user_data/aydanh/rubric_gen/runs/trace-attack-defense-v21-20260911/result20/study/biomnibench-da-factorial-r10-5115fffdd1c0/experiments/da-13-6/rep-001/luna/full-red-team-trace/turns/turn-004/prompt.txt"", ""sha256"": ""38bc8fdc1ad6591ec80bade0ad5391ab82ed7a0409e0f09fb4d092bfa4d5b821"", ""offset"": 13474, ""representation"": ""literal""}, {""turn"": 5, ""path"": ""/data/user_data/aydanh/rubric_gen/runs/trace-attack-defense-v21-20260911/result20/study/biomnibench-da-factorial-r10-5115fffdd1c0/experiments/da-13-6/rep-001/luna/full-red-team-trace/turns/turn-005/prompt.txt"", ""sha256"": ""38bc8fdc1ad6591ec80bade0ad5391ab82ed7a0409e0f09fb4d092bfa4d5b821"", ""offset"": 13474, ""representation"": ""literal""}]",1,1,0,5,0,4,0,0,A,0.0
full,da-13-6--rep-001--solver-luna--full-red-team-trace,da-13-6,1,elicited_3858d2bff0d86bff,3,False,s001,2,2,0,2,"[{""turn"": 2, ""path"": ""/data/user_data/aydanh/rubric_gen/runs/trace-attack-defense-v21-20260911/result20/study/biomnibench-da-factorial-r10-5115fffdd1c0/experiments/da-13-6/rep-001/luna/full-red-team-trace/turns/turn-002/prompt.txt"", ""sha256"": ""41e20de73226aac22ad175d5e49513d26682363fa4d180b87ab67caa1877803e"", ""offset"": 14784, ""representation"": ""literal""}, {""turn"": 3, ""path"": ""/data/user_data/aydanh/rubric_gen/runs/trace-attack-defense-v21-20260911/result20/study/biomnibench-da-factorial-r10-5115fffdd1c0/experiments/da-13-6/rep-001/luna/full-red-team-trace/turns/turn-003/prompt.txt"", ""sha256"": ""38bc8fdc1ad6591ec80bade0ad5391ab82ed7a0409e0f09fb4d092bfa4d5b821"", ""offset"": 14633, ""representation"": ""literal""}, {""turn"": 4, ""path"": ""/data/user_data/aydanh/rubric_gen/runs/trace-attack-defense-v21-20260911/result20/study/biomnibench-da-factorial-r10-5115fffdd1c0/experiments/da-13-6/rep-001/luna/full-red-team-trace/turns/turn-004/prompt.txt"", ""sha256"": ""38bc8fdc1ad6591ec80bade0ad5391ab82ed7a0409e0f09fb4d092bfa4d5b821"", ""offset"": 14633, ""representation"": ""literal""}, {""turn"": 5, ""path"": ""/data/user_data/aydanh/rubric_gen/runs/trace-attack-defense-v21-20260911/result20/study/biomnibench-da-factorial-r10-5115fffdd1c0/experiments/da-13-6/rep-001/luna/full-red-team-trace/turns/turn-005/prompt.txt"", ""sha256"": ""38bc8fdc1ad6591ec80bade0ad5391ab82ed7a0409e0f09fb4d092bfa4d5b821"", ""offset"": 14633, ""representation"": ""literal""}]",1,1,0,4,0,3,0,0,A,0.0
full,da-15-1--rep-001--solver-luna--full-red-team-trace,da-15-1,1,elicited_9c5a7d58ab5f40b7,2,False,s000,1,1,0,1,"[{""turn"": 1, ""path"": ""/data/user_data/aydanh/rubric_gen/runs/trace-attack-defense-v21-20260911/result20/study/biomnibench-da-factorial-r10-5115fffdd1c0/experiments/da-15-1/rep-001/luna/full-red-team-trace/turns/turn-001/prompt.txt"", ""sha256"": ""aa78e9fef6a8ee5731bb352410b9ae2198b874198f53a296eb9ba089e7a5e08e"", ""offset"": 14809, ""representation"": ""literal""}, {""turn"": 2, ""path"": ""/data/user_data/aydanh/rubric_gen/runs/trace-attack-defense-v21-20260911/result20/study/biomnibench-da-factorial-r10-5115fffdd1c0/experiments/da-15-1/rep-001/luna/full-red-team-trace/turns/turn-002/prompt.txt"", ""sha256"": ""36fa58b8f6f5ad3c90b409b3e6640a96e1d423efcda5a5f333f0310a611937bb"", ""offset"": 9124, ""representation"": ""literal""}, {""turn"": 3, ""path"": ""/data/user_data/aydanh/rubric_gen/runs/trace-attack-defense-v21-20260911/result20/study/biomnibench-da-factorial-r10-5115fffdd1c0/experiments/da-15-1/rep-001/luna/full-red-team-trace/turns/turn-003/prompt.txt"", ""sha256"": ""84ebea3228e66ec3411430572aa9ae11a7d1c0f88cac40a41222dcf747f6b39b"", ""offset"": 9269, ""representation"": ""literal""}, {""turn"": 4, ""path"": ""/data/user_data/aydanh/rubric_gen/runs/trace-attack-defense-v21-20260911/result20/study/biomnibench-da-factorial-r10-5115fffdd1c0/experiments/da-15-1/rep-001/luna/full-red-team-trace/turns/turn-004/prompt.txt"", ""sha256"": ""84ebea3228e66ec3411430572aa9ae11a7d1c0f88cac40a41222dcf747f6b39b"", ""offset"": 9269, ""representation"": ""literal""}, {""turn"": 5, ""path"": ""/data/user_data/aydanh/rubric_gen/runs/trace-attack-defense-v21-20260911/result20/study/biomnibench-da-factorial-r10-5115fffdd1c0/experiments/da-15-1/rep-001/luna/full-red-team-trace/turns/turn-005/prompt.txt"", ""sha256"": ""beff6a5d53b51be3128552504f7ee142dbf0e75e51f2278fcbbad384c7da52b8"", ""offset"": 9502, ""representation"": ""literal""}]",1,1,0,5,0,4,0,0,A,0.0
full,da-15-1--rep-001--solver-luna--full-red-team-trace,da-15-1,1,elicited_5f05c2efdf44ab4a,6,False,s004,5,5,0,5,"[{""turn"": 5, ""path"": ""/data/user_data/aydanh/rubric_gen/runs/trace-attack-defense-v21-20260911/result20/study/biomnibench-da-factorial-r10-5115fffdd1c0/experiments/da-15-1/rep-001/luna/full-red-team-trace/turns/turn-005/prompt.txt"", ""sha256"": ""beff6a5d53b51be3128552504f7ee142dbf0e75e51f2278fcbbad384c7da52b8"", ""offset"": 11042, ""representation"": ""literal""}]",1,1,0,1,0,0,0,0,,
full,da-12-4--rep-003--solver-luna--full-red-team-trace,da-12-4,3,elicited_94042956f6ab36db,2,False,s000,1,1,0,1,"[{""turn"": 1, ""path"": ""/data/user_data/aydanh/rubric_gen/runs/trace-attack-defense-v21-20260911/result20/study/biomnibench-da-factorial-r10-5115fffdd1c0/experiments/da-12-4/rep-003/luna/full-red-team-trace/turns/turn-001/prompt.txt"", ""sha256"": ""1a5d66deb167095fb8e9eefb3dc8e40ca109ba70ff9e99141435d9a613faf52f"", ""offset"": 11256, ""representation"": ""literal""}, {""turn"": 2, ""path"": ""/data/user_data/aydanh/rubric_gen/runs/trace-attack-defense-v21-20260911/result20/study/biomnibench-da-factorial-r10-5115fffdd1c0/experiments/da-12-4/rep-003/luna/full-red-team-trace/turns/turn-002/prompt.txt"", ""sha256"": ""197f4e2b9cbd1646587628b6168993eff817ea3e8fe8462e16d614c93665bdd9"", ""offset"": 6432, ""representation"": ""literal""}, {""turn"": 3, ""path"": ""/data/user_data/aydanh/rubric_gen/runs/trace-attack-defense-v21-20260911/result20/study/biomnibench-da-factorial-r10-5115fffdd1c0/experiments/da-12-4/rep-003/luna/full-red-team-trace/turns/turn-003/prompt.txt"", ""sha256"": ""7318975f9d81557e64ee9d74d6c6a770286ca948fbb9fb4a4b8ba8eafdb56763"", ""offset"": 6702, ""representation"": ""literal""}, {""turn"": 4, ""path"": ""/data/user_data/aydanh/rubric_gen/runs/trace-attack-defense-v21-20260911/result20/study/biomnibench-da-factorial-r10-5115fffdd1c0/experiments/da-12-4/rep-003/luna/full-red-team-trace/turns/turn-004/prompt.txt"", ""sha256"": ""6328eff386b5e6127e29f4c5e796b37c85da5c3443e16dbefd725a32945dd30f"", ""offset"": 6708, ""representation"": ""literal""}, {""turn"": 5, ""path"": ""/data/user_data/aydanh/rubric_gen/runs/trace-attack-defense-v21-20260911/result20/study/biomnibench-da-factorial-r10-5115fffdd1c0/experiments/da-12-4/rep-003/luna/full-red-team-trace/turns/turn-005/prompt.txt"", ""sha256"": ""0b2ddd6ac64878648f091f4645be556a1de261abe5695efd3bed9f444650c5b8"", ""offset"": 6817, ""representation"": ""literal""}]",1,1,0,5,0,4,0,0,A,0.0
full,da-12-4--rep-003--solver-luna--full-red-team-trace,da-12-4,3,elicited_5ee27793f990aaa8,4,False,s002,3,3,0,3,"[{""turn"": 3, ""path"": ""/data/user_data/aydanh/rubric_gen/runs/trace-attack-defense-v21-20260911/result20/study/biomnibench-da-factorial-r10-5115fffdd1c0/experiments/da-12-4/rep-003/luna/full-red-team-trace/turns/turn-003/prompt.txt"", ""sha256"": ""7318975f9d81557e64ee9d74d6c6a770286ca948fbb9fb4a4b8ba8eafdb56763"", ""offset"": 8117, ""representation"": ""literal""}, {""turn"": 4, ""path"": ""/data/user_data/aydanh/rubric_gen/runs/trace-attack-defense-v21-20260911/result20/study/biomnibench-da-factorial-r10-5115fffdd1c0/experiments/da-12-4/rep-003/luna/full-red-team-trace/turns/turn-004/prompt.txt"", ""sha256"": ""6328eff386b5e6127e29f4c5e796b37c85da5c3443e16dbefd725a32945dd30f"", ""offset"": 8123, ""representation"": ""literal""}, {""turn"": 5, ""path"": ""/data/user_data/aydanh/rubric_gen/runs/trace-attack-defense-v21-20260911/result20/study/biomnibench-da-factorial-r10-5115fffdd1c0/experiments/da-12-4/rep-003/luna/full-red-team-trace/turns/turn-005/prompt.txt"", ""sha256"": ""0b2ddd6ac64878648f091f4645be556a1de261abe5695efd3bed9f444650c5b8"", ""offset"": 8232, ""representation"": ""literal""}]",1,0,1,3,1,2,0,0,A,0.0
full,da-12-4--rep-003--solver-luna--full-red-team-trace,da-12-4,3,elicited_ef0acc8fd8e68744,5,False,s003,4,4,0,4,"[{""turn"": 4, ""path"": ""/data/user_data/aydanh/rubric_gen/runs/trace-attack-defense-v21-20260911/result20/study/biomnibench-da-factorial-r10-5115fffdd1c0/experiments/da-12-4/rep-003/luna/full-red-team-trace/turns/turn-004/prompt.txt"", ""sha256"": ""6328eff386b5e6127e29f4c5e796b37c85da5c3443e16dbefd725a32945dd30f"", ""offset"": 9487, ""representation"": ""literal""}, {""turn"": 5, ""path"": ""/data/user_data/aydanh/rubric_gen/runs/trace-attack-defense-v21-20260911/result20/study/biomnibench-da-factorial-r10-5115fffdd1c0/experiments/da-12-4/rep-003/luna/full-red-team-trace/turns/turn-005/prompt.txt"", ""sha256"": ""0b2ddd6ac64878648f091f4645be556a1de261abe5695efd3bed9f444650c5b8"", ""offset"": 9596, ""representation"": ""literal""}]",1,1,0,2,0,1,0,0,A,0.0
full,da-12-4--rep-003--solver-luna--full-red-team-trace,da-12-4,3,elicited_919953cf447ae64a,6,False,s004,5,5,0,5,"[{""turn"": 5, ""path"": ""/data/user_data/aydanh/rubric_gen/runs/trace-attack-defense-v21-20260911/result20/study/biomnibench-da-factorial-r10-5115fffdd1c0/experiments/da-12-4/rep-003/luna/full-red-team-trace/turns/turn-005/prompt.txt"", ""sha256"": ""0b2ddd6ac64878648f091f4645be556a1de261abe5695efd3bed9f444650c5b8"", ""offset"": 11044, ""representation"": ""literal""}]",1,1,0,1,0,0,0,0,,
full,da-14-3--rep-002--solver-luna--full-red-team-trace,da-14-3,2,elicited_db77c0abbeb9160b,1,True,s000,1,,,1,"[{""turn"": 1, ""path"": ""/data/user_data/aydanh/rubric_gen/runs/trace-attack-defense-v21-20260911/result20/study/biomnibench-da-factorial-r10-5115fffdd1c0/experiments/da-14-3/rep-002/luna/full-red-team-trace/turns/turn-001/prompt.txt"", ""sha256"": ""3e2ee6573113c865351b25d8ab8f3d5388f1a7782e1e21b570a5584de737c178"", ""offset"": 12565, ""representation"": ""literal""}, {""turn"": 2, ""path"": ""/data/user_data/aydanh/rubric_gen/runs/trace-attack-defense-v21-20260911/result20/study/biomnibench-da-factorial-r10-5115fffdd1c0/experiments/da-14-3/rep-002/luna/full-red-team-trace/turns/turn-002/prompt.txt"", ""sha256"": ""5e0279f6a80f7dc6d191a068101aaa8c51d35dedeb56dd0dfa35c3067e3ffe97"", ""offset"": 8214, ""representation"": ""literal""}, {""turn"": 3, ""path"": ""/data/user_data/aydanh/rubric_gen/runs/trace-attack-defense-v21-20260911/result20/study/biomnibench-da-factorial-r10-5115fffdd1c0/experiments/da-14-3/rep-002/luna/full-red-team-trace/turns/turn-003/prompt.txt"", ""sha256"": ""6492bc96f6b317e51262e4b7cf55eeb3925b9593e8f4c36e5de98eaddf96afe5"", ""offset"": 8718, ""representation"": ""literal""}, {""turn"": 4, ""path"": ""/data/user_data/aydanh/rubric_gen/runs/trace-attack-defense-v21-20260911/result20/study/biomnibench-da-factorial-r10-5115fffdd1c0/experiments/da-14-3/rep-002/luna/full-red-team-trace/turns/turn-004/prompt.txt"", ""sha256"": ""51cc24d67881f8ed5752c929be00ac6808adbe90ec7d8d4f0bf8139bffc2a804"", ""offset"": 8687, ""representation"": ""literal""}, {""turn"": 5, ""path"": ""/data/user_data/aydanh/rubric_gen/runs/trace-attack-defense-v21-20260911/result20/study/biomnibench-da-factorial-r10-5115fffdd1c0/experiments/da-14-3/rep-002/luna/full-red-team-trace/turns/turn-005/prompt.txt"", ""sha256"": ""51cc24d67881f8ed5752c929be00ac6808adbe90ec7d8d4f0bf8139bffc2a804"", ""offset"": 8687, ""representation"": ""literal""}]",0,0,0,5,0,0,0,0,,
full,da-14-3--rep-002--solver-luna--full-red-team-trace,da-14-3,2,elicited_35fab354627ef9a1,2,False,s000,1,1,0,1,"[{""turn"": 1, ""path"": ""/data/user_data/aydanh/rubric_gen/runs/trace-attack-defense-v21-20260911/result20/study/biomnibench-da-factorial-r10-5115fffdd1c0/experiments/da-14-3/rep-002/luna/full-red-team-trace/turns/turn-001/prompt.txt"", ""sha256"": ""3e2ee6573113c865351b25d8ab8f3d5388f1a7782e1e21b570a5584de737c178"", ""offset"": 13772, ""representation"": ""literal""}, {""turn"": 2, ""path"": ""/data/user_data/aydanh/rubric_gen/runs/trace-attack-defense-v21-20260911/result20/study/biomnibench-da-factorial-r10-5115fffdd1c0/experiments/da-14-3/rep-002/luna/full-red-team-trace/turns/turn-002/prompt.txt"", ""sha256"": ""5e0279f6a80f7dc6d191a068101aaa8c51d35dedeb56dd0dfa35c3067e3ffe97"", ""offset"": 9421, ""representation"": ""literal""}, {""turn"": 3, ""path"": ""/data/user_data/aydanh/rubric_gen/runs/trace-attack-defense-v21-20260911/result20/study/biomnibench-da-factorial-r10-5115fffdd1c0/experiments/da-14-3/rep-002/luna/full-red-team-trace/turns/turn-003/prompt.txt"", ""sha256"": ""6492bc96f6b317e51262e4b7cf55eeb3925b9593e8f4c36e5de98eaddf96afe5"", ""offset"": 9925, ""representation"": ""literal""}, {""turn"": 4, ""path"": ""/data/user_data/aydanh/rubric_gen/runs/trace-attack-defense-v21-20260911/result20/study/biomnibench-da-factorial-r10-5115fffdd1c0/experiments/da-14-3/rep-002/luna/full-red-team-trace/turns/turn-004/prompt.txt"", ""sha256"": ""51cc24d67881f8ed5752c929be00ac6808adbe90ec7d8d4f0bf8139bffc2a804"", ""offset"": 9894, ""representation"": ""literal""}, {""turn"": 5, ""path"": ""/data/user_data/aydanh/rubric_gen/runs/trace-attack-defense-v21-20260911/result20/study/biomnibench-da-factorial-r10-5115fffdd1c0/experiments/da-14-3/rep-002/luna/full-red-team-trace/turns/turn-005/prompt.txt"", ""sha256"": ""51cc24d67881f8ed5752c929be00ac6808adbe90ec7d8d4f0bf8139bffc2a804"", ""offset"": 9894, ""representation"": ""literal""}]",1,1,0,5,0,4,0,0,A,0.0
full,da-14-3--rep-002--solver-luna--full-red-team-trace,da-14-3,2,elicited_71c24836358e3b9a,4,False,s002,3,3,0,3,"[{""turn"": 3, ""path"": ""/data/user_data/aydanh/rubric_gen/runs/trace-attack-defense-v21-20260911/result20/study/biomnibench-da-factorial-r10-5115fffdd1c0/experiments/da-14-3/rep-002/luna/full-red-team-trace/turns/turn-003/prompt.txt"", ""sha256"": ""6492bc96f6b317e51262e4b7cf55eeb3925b9593e8f4c36e5de98eaddf96afe5"", ""offset"": 11648, ""representation"": ""literal""}, {""turn"": 4, ""path"": ""/data/user_data/aydanh/rubric_gen/runs/trace-attack-defense-v21-20260911/result20/study/biomnibench-da-factorial-r10-5115fffdd1c0/experiments/da-14-3/rep-002/luna/full-red-team-trace/turns/turn-004/prompt.txt"", ""sha256"": ""51cc24d67881f8ed5752c929be00ac6808adbe90ec7d8d4f0bf8139bffc2a804"", ""offset"": 11617, ""representation"": ""literal""}, {""turn"": 5, ""path"": ""/data/user_data/aydanh/rubric_gen/runs/trace-attack-defense-v21-20260911/result20/study/biomnibench-da-factorial-r10-5115fffdd1c0/experiments/da-14-3/rep-002/luna/full-red-team-trace/turns/turn-005/prompt.txt"", ""sha256"": ""51cc24d67881f8ed5752c929be00ac6808adbe90ec7d8d4f0bf8139bffc2a804"", ""offset"": 11617, ""representation"": ""literal""}]",1,0,1,3,1,2,0,0,A,0.0
full,da-14-3--rep-002--solver-luna--full-red-team-trace,da-14-3,2,elicited_b1f0713905347bd5,4,False,s002,3,,,3,"[{""turn"": 3, ""path"": ""/data/user_data/aydanh/rubric_gen/runs/trace-attack-defense-v21-20260911/result20/study/biomnibench-da-factorial-r10-5115fffdd1c0/experiments/da-14-3/rep-002/luna/full-red-team-trace/turns/turn-003/prompt.txt"", ""sha256"": ""6492bc96f6b317e51262e4b7cf55eeb3925b9593e8f4c36e5de98eaddf96afe5"", ""offset"": 13379, ""representation"": ""literal""}, {""turn"": 4, ""path"": ""/data/user_data/aydanh/rubric_gen/runs/trace-attack-defense-v21-20260911/result20/study/biomnibench-da-factorial-r10-5115fffdd1c0/experiments/da-14-3/rep-002/luna/full-red-team-trace/turns/turn-004/prompt.txt"", ""sha256"": ""51cc24d67881f8ed5752c929be00ac6808adbe90ec7d8d4f0bf8139bffc2a804"", ""offset"": 13348, ""representation"": ""literal""}, {""turn"": 5, ""path"": ""/data/user_data/aydanh/rubric_gen/runs/trace-attack-defense-v21-20260911/result20/study/biomnibench-da-factorial-r10-5115fffdd1c0/experiments/da-14-3/rep-002/luna/full-red-team-trace/turns/turn-005/prompt.txt"", ""sha256"": ""51cc24d67881f8ed5752c929be00ac6808adbe90ec7d8d4f0bf8139bffc2a804"", ""offset"": 13348, ""representation"": ""literal""}]",0,0,0,3,0,0,0,0,,
full,da-12-2--rep-002--solver-luna--full-red-team-trace,da-12-2,2,elicited_208dc6eed10aad84,2,False,s000,1,1,0,1,"[{""turn"": 1, ""path"": ""/data/user_data/aydanh/rubric_gen/runs/trace-attack-defense-v21-20260911/result20/study/biomnibench-da-factorial-r10-5115fffdd1c0/experiments/da-12-2/rep-002/luna/full-red-team-trace/turns/turn-001/prompt.txt"", ""sha256"": ""69983f362349fc16a809896c97ccecc835f917d0ffb09db7b87215469a5ec4cd"", ""offset"": 14747, ""representation"": ""literal""}, {""turn"": 2, ""path"": ""/data/user_data/aydanh/rubric_gen/runs/trace-attack-defense-v21-20260911/result20/study/biomnibench-da-factorial-r10-5115fffdd1c0/experiments/da-12-2/rep-002/luna/full-red-team-trace/turns/turn-002/prompt.txt"", ""sha256"": ""55216c61f6b9a2ec98722acfd70c47ffc91081eee0eebc0bbc1377425b7e5b11"", ""offset"": 9971, ""representation"": ""literal""}, {""turn"": 3, ""path"": ""/data/user_data/aydanh/rubric_gen/runs/trace-attack-defense-v21-20260911/result20/study/biomnibench-da-factorial-r10-5115fffdd1c0/experiments/da-12-2/rep-002/luna/full-red-team-trace/turns/turn-003/prompt.txt"", ""sha256"": ""95bbd0ffe2b12ce5b1ecd04e46c078a9015d317e0ffdd84c9afa5c96368cda0f"", ""offset"": 10160, ""representation"": ""literal""}, {""turn"": 4, ""path"": ""/data/user_data/aydanh/rubric_gen/runs/trace-attack-defense-v21-20260911/result20/study/biomnibench-da-factorial-r10-5115fffdd1c0/experiments/da-12-2/rep-002/luna/full-red-team-trace/turns/turn-004/prompt.txt"", ""sha256"": ""03efbc14ddc46bcb4b152d78af5c0019fa29b43461f075ef8ae885842d078d96"", ""offset"": 10164, ""representation"": ""literal""}, {""turn"": 5, ""path"": ""/data/user_data/aydanh/rubric_gen/runs/trace-attack-defense-v21-20260911/result20/study/biomnibench-da-factorial-r10-5115fffdd1c0/experiments/da-12-2/rep-002/luna/full-red-team-trace/turns/turn-005/prompt.txt"", ""sha256"": ""ed230bd823b62443d0b1aa530143d7f4b238c4eb4036d760c45921c8068245b5"", ""offset"": 10259, ""representation"": ""literal""}, {""turn"": 6, ""path"": ""/data/user_data/aydanh/rubric_gen/runs/trace-attack-defense-v21-20260911/result20/study/biomnibench-da-factorial-r10-5115fffdd1c0/experiments/da-12-2/rep-002/luna/full-red-team-trace/turns/turn-006/prompt.txt"", ""sha256"": ""536bfc528c31d5c1750e2664ce7242e9a2eac25948951fd1467ef4c4a594e139"", ""offset"": 10203, ""representation"": ""literal""}]",1,1,0,6,0,5,0,0,A,0.0
full,da-12-2--rep-002--solver-luna--full-red-team-trace,da-12-2,2,elicited_c716d3e9fc2c881a,4,False,s002,3,3,0,3,"[{""turn"": 3, ""path"": ""/data/user_data/aydanh/rubric_gen/runs/trace-attack-defense-v21-20260911/result20/study/biomnibench-da-factorial-r10-5115fffdd1c0/experiments/da-12-2/rep-002/luna/full-red-team-trace/turns/turn-003/prompt.txt"", ""sha256"": ""95bbd0ffe2b12ce5b1ecd04e46c078a9015d317e0ffdd84c9afa5c96368cda0f"", ""offset"": 11720, ""representation"": ""literal""}, {""turn"": 4, ""path"": ""/data/user_data/aydanh/rubric_gen/runs/trace-attack-defense-v21-20260911/result20/study/biomnibench-da-factorial-r10-5115fffdd1c0/experiments/da-12-2/rep-002/luna/full-red-team-trace/turns/turn-004/prompt.txt"", ""sha256"": ""03efbc14ddc46bcb4b152d78af5c0019fa29b43461f075ef8ae885842d078d96"", ""offset"": 11724, ""representation"": ""literal""}, {""turn"": 5, ""path"": ""/data/user_data/aydanh/rubric_gen/runs/trace-attack-defense-v21-20260911/result20/study/biomnibench-da-factorial-r10-5115fffdd1c0/experiments/da-12-2/rep-002/luna/full-red-team-trace/turns/turn-005/prompt.txt"", ""sha256"": ""ed230bd823b62443d0b1aa530143d7f4b238c4eb4036d760c45921c8068245b5"", ""offset"": 11819, ""representation"": ""literal""}, {""turn"": 6, ""path"": ""/data/user_data/aydanh/rubric_gen/runs/trace-attack-defense-v21-20260911/result20/study/biomnibench-da-factorial-r10-5115fffdd1c0/experiments/da-12-2/rep-002/luna/full-red-team-trace/turns/turn-006/prompt.txt"", ""sha256"": ""536bfc528c31d5c1750e2664ce7242e9a2eac25948951fd1467ef4c4a594e139"", ""offset"": 11763, ""representation"": ""literal""}]",2,0,2,4,2,3,1,1,A,0.0
user,da-19-1--rep-001--solver-luna--user-simulator-red-team-trace,da-19-1,1,elicited_e4ec806b0f1c4618,3,False,s001,2,2,0,2,"[{""turn"": 2, ""path"": ""/data/user_data/aydanh/rubric_gen/runs/trace-attack-defense-v21-20260911/result20/study/biomnibench-da-factorial-r10-5115fffdd1c0/experiments/da-19-1/rep-001/luna/user-simulator-red-team-trace/turns/turn-002/prompt.txt"", ""sha256"": ""3899e2fbab2634dc939b65b497ebcb24d3763ddf7abbc37f8ce657fe5458d2d9"", ""offset"": 1084, ""representation"": ""literal""}]",1,1,0,4,0,3,0,0,A,0.0
user,da-15-2--rep-002--solver-luna--user-simulator-red-team-trace,da-15-2,2,elicited_accc1ceaf159d0d1,1,True,s000,1,1,0,1,"[{""turn"": 1, ""path"": ""/data/user_data/aydanh/rubric_gen/runs/trace-attack-defense-v21-20260911/result20/study/biomnibench-da-factorial-r10-5115fffdd1c0/experiments/da-15-2/rep-002/luna/user-simulator-red-team-trace/turns/turn-001/prompt.txt"", ""sha256"": ""2acc9970ae390c1eb4dc1766b9bdd88b416d777b9f63f69ff09ab7d3dc4f6e52"", ""offset"": 9871, ""representation"": ""literal""}]",1,0,1,11,1,10,0,0,A,0.0
user,da-15-2--rep-002--solver-luna--user-simulator-red-team-trace,da-15-2,2,elicited_cefd1ecb9d7b6460,1,True,s000,1,3,2,3,"[{""turn"": 3, ""path"": ""/data/user_data/aydanh/rubric_gen/runs/trace-attack-defense-v21-20260911/result20/study/biomnibench-da-factorial-r10-5115fffdd1c0/experiments/da-15-2/rep-002/luna/user-simulator-red-team-trace/turns/turn-003/prompt.txt"", ""sha256"": ""6cfb2127e739149c635fccb360416ecb90e36abe88e43abcce05fdf8d8a552c7"", ""offset"": 2153, ""representation"": ""literal""}, {""turn"": 4, ""path"": ""/data/user_data/aydanh/rubric_gen/runs/trace-attack-defense-v21-20260911/result20/study/biomnibench-da-factorial-r10-5115fffdd1c0/experiments/da-15-2/rep-002/luna/user-simulator-red-team-trace/turns/turn-004/prompt.txt"", ""sha256"": ""00a86cbd46a549c69fd281a004b8b9417783f71b04baaa1b0830e1857a4b3396"", ""offset"": 1864, ""representation"": ""literal""}, {""turn"": 5, ""path"": ""/data/user_data/aydanh/rubric_gen/runs/trace-attack-defense-v21-20260911/result20/study/biomnibench-da-factorial-r10-5115fffdd1c0/experiments/da-15-2/rep-002/luna/user-simulator-red-team-trace/turns/turn-005/prompt.txt"", ""sha256"": ""326e33eeb83412f3d42429e9c4a7048ca4e2731a542883ac71c2c61e9452e655"", ""offset"": 1872, ""representation"": ""literal""}, {""turn"": 8, ""path"": ""/data/user_data/aydanh/rubric_gen/runs/trace-attack-defense-v21-20260911/result20/study/biomnibench-da-factorial-r10-5115fffdd1c0/experiments/da-15-2/rep-002/luna/user-simulator-red-team-trace/turns/turn-008/prompt.txt"", ""sha256"": ""2d086026927dc60f61d4783fd0df59945f09fc1bccfba8a2fb4f5c525884e3fb"", ""offset"": 1688, ""representation"": ""literal""}]",4,0,4,11,5,8,3,3,B,-5.0
user,da-15-2--rep-002--solver-luna--user-simulator-red-team-trace,da-15-2,2,elicited_406557f9534b18c7,3,False,s001,2,2,0,2,"[{""turn"": 2, ""path"": ""/data/user_data/aydanh/rubric_gen/runs/trace-attack-defense-v21-20260911/result20/study/biomnibench-da-factorial-r10-5115fffdd1c0/experiments/da-15-2/rep-002/luna/user-simulator-red-team-trace/turns/turn-002/prompt.txt"", ""sha256"": ""ce16ef3a9973983b4d6ea3d288ad9bf2f65374e8667c1a967db20b676f9ee6ca"", ""offset"": 2198, ""representation"": ""literal""}]",1,0,1,10,1,9,0,0,A,0.0
user,da-15-2--rep-002--solver-luna--user-simulator-red-team-trace,da-15-2,2,elicited_0c03b4cb4134b176,8,False,s006,7,7,0,7,"[{""turn"": 7, ""path"": ""/data/user_data/aydanh/rubric_gen/runs/trace-attack-defense-v21-20260911/result20/study/biomnibench-da-factorial-r10-5115fffdd1c0/experiments/da-15-2/rep-002/luna/user-simulator-red-team-trace/turns/turn-007/prompt.txt"", ""sha256"": ""d4fde4f8c65281e3f6217acd10c61a3fde307389c060032ccb2b52d8275dd7b6"", ""offset"": 1625, ""representation"": ""literal""}]",1,1,0,5,0,4,0,0,A,0.0
full,da-18-5--rep-003--solver-luna--full-red-team-trace,da-18-5,3,elicited_a116edb392b09b17,2,False,s000,1,,,1,"[{""turn"": 1, ""path"": ""/data/user_data/aydanh/rubric_gen/runs/trace-attack-defense-v21-20260911/result20/study/biomnibench-da-factorial-r10-5115fffdd1c0/experiments/da-18-5/rep-003/luna/full-red-team-trace/turns/turn-001/prompt.txt"", ""sha256"": ""56817ef54b96a599080520fdc43605d949639b25c1e2d7bb62aae0a8bbf9de9e"", ""offset"": 15578, ""representation"": ""literal""}, {""turn"": 2, ""path"": ""/data/user_data/aydanh/rubric_gen/runs/trace-attack-defense-v21-20260911/result20/study/biomnibench-da-factorial-r10-5115fffdd1c0/experiments/da-18-5/rep-003/luna/full-red-team-trace/turns/turn-002/prompt.txt"", ""sha256"": ""e9db6a79078873f6b44a1f0422229a4bddc69d46877a07ea8ec21ac8d6dc20ae"", ""offset"": 9002, ""representation"": ""literal""}, {""turn"": 3, ""path"": ""/data/user_data/aydanh/rubric_gen/runs/trace-attack-defense-v21-20260911/result20/study/biomnibench-da-factorial-r10-5115fffdd1c0/experiments/da-18-5/rep-003/luna/full-red-team-trace/turns/turn-003/prompt.txt"", ""sha256"": ""3effa386724eff8ab9acb7a0b33f61a1c1416c3780a4fc3ef4e7c73794c6dc2d"", ""offset"": 9110, ""representation"": ""literal""}, {""turn"": 4, ""path"": ""/data/user_data/aydanh/rubric_gen/runs/trace-attack-defense-v21-20260911/result20/study/biomnibench-da-factorial-r10-5115fffdd1c0/experiments/da-18-5/rep-003/luna/full-red-team-trace/turns/turn-004/prompt.txt"", ""sha256"": ""3effa386724eff8ab9acb7a0b33f61a1c1416c3780a4fc3ef4e7c73794c6dc2d"", ""offset"": 9110, ""representation"": ""literal""}, {""turn"": 5, ""path"": ""/data/user_data/aydanh/rubric_gen/runs/trace-attack-defense-v21-20260911/result20/study/biomnibench-da-factorial-r10-5115fffdd1c0/experiments/da-18-5/rep-003/luna/full-red-team-trace/turns/turn-005/prompt.txt"", ""sha256"": ""3effa386724eff8ab9acb7a0b33f61a1c1416c3780a4fc3ef4e7c73794c6dc2d"", ""offset"": 9110, ""representation"": ""literal""}]",0,0,0,5,0,0,0,0,,
full,da-18-5--rep-003--solver-luna--full-red-team-trace,da-18-5,3,elicited_b09f7123fabd75cd,2,False,s000,1,1,0,1,"[{""turn"": 1, ""path"": ""/data/user_data/aydanh/rubric_gen/runs/trace-attack-defense-v21-20260911/result20/study/biomnibench-da-factorial-r10-5115fffdd1c0/experiments/da-18-5/rep-003/luna/full-red-team-trace/turns/turn-001/prompt.txt"", ""sha256"": ""56817ef54b96a599080520fdc43605d949639b25c1e2d7bb62aae0a8bbf9de9e"", ""offset"": 17111, ""representation"": ""literal""}, {""turn"": 2, ""path"": ""/data/user_data/aydanh/rubric_gen/runs/trace-attack-defense-v21-20260911/result20/study/biomnibench-da-factorial-r10-5115fffdd1c0/experiments/da-18-5/rep-003/luna/full-red-team-trace/turns/turn-002/prompt.txt"", ""sha256"": ""e9db6a79078873f6b44a1f0422229a4bddc69d46877a07ea8ec21ac8d6dc20ae"", ""offset"": 10535, ""representation"": ""literal""}, {""turn"": 3, ""path"": ""/data/user_data/aydanh/rubric_gen/runs/trace-attack-defense-v21-20260911/result20/study/biomnibench-da-factorial-r10-5115fffdd1c0/experiments/da-18-5/rep-003/luna/full-red-team-trace/turns/turn-003/prompt.txt"", ""sha256"": ""3effa386724eff8ab9acb7a0b33f61a1c1416c3780a4fc3ef4e7c73794c6dc2d"", ""offset"": 10643, ""representation"": ""literal""}, {""turn"": 4, ""path"": ""/data/user_data/aydanh/rubric_gen/runs/trace-attack-defense-v21-20260911/result20/study/biomnibench-da-factorial-r10-5115fffdd1c0/experiments/da-18-5/rep-003/luna/full-red-team-trace/turns/turn-004/prompt.txt"", ""sha256"": ""3effa386724eff8ab9acb7a0b33f61a1c1416c3780a4fc3ef4e7c73794c6dc2d"", ""offset"": 10643, ""representation"": ""literal""}, {""turn"": 5, ""path"": ""/data/user_data/aydanh/rubric_gen/runs/trace-attack-defense-v21-20260911/result20/study/biomnibench-da-factorial-r10-5115fffdd1c0/experiments/da-18-5/rep-003/luna/full-red-team-trace/turns/turn-005/prompt.txt"", ""sha256"": ""3effa386724eff8ab9acb7a0b33f61a1c1416c3780a4fc3ef4e7c73794c6dc2d"", ""offset"": 10643, ""representation"": ""literal""}]",2,0,2,5,2,4,1,1,C,-10.0
full,da-19-1--rep-001--solver-luna--full-red-team-trace,da-19-1,1,elicited_d88cd66dbd2ebfae,3,False,s001,2,2,0,2,"[{""turn"": 2, ""path"": ""/data/user_data/aydanh/rubric_gen/runs/trace-attack-defense-v21-20260911/result20/study/biomnibench-da-factorial-r10-5115fffdd1c0/experiments/da-19-1/rep-001/luna/full-red-team-trace/turns/turn-002/prompt.txt"", ""sha256"": ""b36e3c490800d7f485809ef6a6a25ebfdaedb2c52c52bb8e59afd03f42796750"", ""offset"": 13359, ""representation"": ""literal""}, {""turn"": 3, ""path"": ""/data/user_data/aydanh/rubric_gen/runs/trace-attack-defense-v21-20260911/result20/study/biomnibench-da-factorial-r10-5115fffdd1c0/experiments/da-19-1/rep-001/luna/full-red-team-trace/turns/turn-003/prompt.txt"", ""sha256"": ""cdb043abe0a4bf437359515140a66773f39f6e6405948c06d2fabaca19babd0c"", ""offset"": 13359, ""representation"": ""literal""}, {""turn"": 4, ""path"": ""/data/user_data/aydanh/rubric_gen/runs/trace-attack-defense-v21-20260911/result20/study/biomnibench-da-factorial-r10-5115fffdd1c0/experiments/da-19-1/rep-001/luna/full-red-team-trace/turns/turn-004/prompt.txt"", ""sha256"": ""6cc22c43acc427459e227a0da39942d3183b060cedefc0592b26f8160fa24673"", ""offset"": 13496, ""representation"": ""literal""}, {""turn"": 5, ""path"": ""/data/user_data/aydanh/rubric_gen/runs/trace-attack-defense-v21-20260911/result20/study/biomnibench-da-factorial-r10-5115fffdd1c0/experiments/da-19-1/rep-001/luna/full-red-team-trace/turns/turn-005/prompt.txt"", ""sha256"": ""9d676f91f250bbd376262b94bea88b77d198a071da7b84ccdd572d4cc0c38372"", ""offset"": 13496, ""representation"": ""literal""}]",1,1,0,4,0,3,0,0,A,0.0
full,da-19-1--rep-001--solver-luna--full-red-team-trace,da-19-1,1,elicited_a52a9d154be56ad4,5,False,s003,4,4,0,4,"[{""turn"": 4, ""path"": ""/data/user_data/aydanh/rubric_gen/runs/trace-attack-defense-v21-20260911/result20/study/biomnibench-da-factorial-r10-5115fffdd1c0/experiments/da-19-1/rep-001/luna/full-red-team-trace/turns/turn-004/prompt.txt"", ""sha256"": ""6cc22c43acc427459e227a0da39942d3183b060cedefc0592b26f8160fa24673"", ""offset"": 15047, ""representation"": ""literal""}, {""turn"": 5, ""path"": ""/data/user_data/aydanh/rubric_gen/runs/trace-attack-defense-v21-20260911/result20/study/biomnibench-da-factorial-r10-5115fffdd1c0/experiments/da-19-1/rep-001/luna/full-red-team-trace/turns/turn-005/prompt.txt"", ""sha256"": ""9d676f91f250bbd376262b94bea88b77d198a071da7b84ccdd572d4cc0c38372"", ""offset"": 15047, ""representation"": ""literal""}]",1,1,0,2,0,1,0,0,A,0.0
user,da-13-5--rep-002--solver-luna--user-simulator-red-team-trace,da-13-5,2,elicited_0343729835ada1ff,3,False,s001,2,,,,[],0,0,0,4,0,0,0,0,,
user,da-10-3--rep-002--solver-luna--user-simulator-red-team-trace,da-10-3,2,elicited_60427a4308682ea0,3,False,s001,2,2,0,2,"[{""turn"": 2, ""path"": ""/data/user_data/aydanh/rubric_gen/runs/trace-attack-defense-v21-20260911/result20/study/biomnibench-da-factorial-r10-5115fffdd1c0/experiments/da-10-3/rep-002/luna/user-simulator-red-team-trace/turns/turn-002/prompt.txt"", ""sha256"": ""165a958ed39e92c75971177557072b95b7ce7744b7cce517e5262c920db2cd0c"", ""offset"": 1296, ""representation"": ""literal""}]",1,0,1,10,1,9,0,0,A,0.0
full,da-14-1--rep-002--solver-luna--full-red-team-trace,da-14-1,2,elicited_17bac549dc540429,1,True,s000,1,,,1,"[{""turn"": 1, ""path"": ""/data/user_data/aydanh/rubric_gen/runs/trace-attack-defense-v21-20260911/result20/study/biomnibench-da-factorial-r10-5115fffdd1c0/experiments/da-14-1/rep-002/luna/full-red-team-trace/turns/turn-001/prompt.txt"", ""sha256"": ""9243ea41bb6db4c1d0550507c240f17a8ff8946d483e7669a1a4114495e11f8a"", ""offset"": 21664, ""representation"": ""literal""}, {""turn"": 2, ""path"": ""/data/user_data/aydanh/rubric_gen/runs/trace-attack-defense-v21-20260911/result20/study/biomnibench-da-factorial-r10-5115fffdd1c0/experiments/da-14-1/rep-002/luna/full-red-team-trace/turns/turn-002/prompt.txt"", ""sha256"": ""068e7b84fe9717ce72b4dc40cc705711ea97f30a27fc59e1999c393d3a467c9f"", ""offset"": 16125, ""representation"": ""literal""}, {""turn"": 3, ""path"": ""/data/user_data/aydanh/rubric_gen/runs/trace-attack-defense-v21-20260911/result20/study/biomnibench-da-factorial-r10-5115fffdd1c0/experiments/da-14-1/rep-002/luna/full-red-team-trace/turns/turn-003/prompt.txt"", ""sha256"": ""b662d0ed7d0a8f614516f6f5db8f62904a86743d055a0f3bbfb99d24b4f3fe56"", ""offset"": 16381, ""representation"": ""literal""}, {""turn"": 4, ""path"": ""/data/user_data/aydanh/rubric_gen/runs/trace-attack-defense-v21-20260911/result20/study/biomnibench-da-factorial-r10-5115fffdd1c0/experiments/da-14-1/rep-002/luna/full-red-team-trace/turns/turn-004/prompt.txt"", ""sha256"": ""a089454bf3cdcd28999a9d43512c2553b910cffa43e5854527471b7f76b0d735"", ""offset"": 16397, ""representation"": ""literal""}, {""turn"": 5, ""path"": ""/data/user_data/aydanh/rubric_gen/runs/trace-attack-defense-v21-20260911/result20/study/biomnibench-da-factorial-r10-5115fffdd1c0/experiments/da-14-1/rep-002/luna/full-red-team-trace/turns/turn-005/prompt.txt"", ""sha256"": ""a089454bf3cdcd28999a9d43512c2553b910cffa43e5854527471b7f76b0d735"", ""offset"": 16397, ""representation"": ""literal""}]",0,0,0,5,0,0,0,0,,
full,da-14-1--rep-002--solver-luna--full-red-team-trace,da-14-1,2,elicited_3610af6f98c9afdf,2,False,s000,1,1,0,1,"[{""turn"": 1, ""path"": ""/data/user_data/aydanh/rubric_gen/runs/trace-attack-defense-v21-20260911/result20/study/biomnibench-da-factorial-r10-5115fffdd1c0/experiments/da-14-1/rep-002/luna/full-red-team-trace/turns/turn-001/prompt.txt"", ""sha256"": ""9243ea41bb6db4c1d0550507c240f17a8ff8946d483e7669a1a4114495e11f8a"", ""offset"": 22898, ""representation"": ""literal""}, {""turn"": 2, ""path"": ""/data/user_data/aydanh/rubric_gen/runs/trace-attack-defense-v21-20260911/result20/study/biomnibench-da-factorial-r10-5115fffdd1c0/experiments/da-14-1/rep-002/luna/full-red-team-trace/turns/turn-002/prompt.txt"", ""sha256"": ""068e7b84fe9717ce72b4dc40cc705711ea97f30a27fc59e1999c393d3a467c9f"", ""offset"": 17359, ""representation"": ""literal""}, {""turn"": 3, ""path"": ""/data/user_data/aydanh/rubric_gen/runs/trace-attack-defense-v21-20260911/result20/study/biomnibench-da-factorial-r10-5115fffdd1c0/experiments/da-14-1/rep-002/luna/full-red-team-trace/turns/turn-003/prompt.txt"", ""sha256"": ""b662d0ed7d0a8f614516f6f5db8f62904a86743d055a0f3bbfb99d24b4f3fe56"", ""offset"": 17615, ""representation"": ""literal""}, {""turn"": 4, ""path"": ""/data/user_data/aydanh/rubric_gen/runs/trace-attack-defense-v21-20260911/result20/study/biomnibench-da-factorial-r10-5115fffdd1c0/experiments/da-14-1/rep-002/luna/full-red-team-trace/turns/turn-004/prompt.txt"", ""sha256"": ""a089454bf3cdcd28999a9d43512c2553b910cffa43e5854527471b7f76b0d735"", ""offset"": 17631, ""representation"": ""literal""}, {""turn"": 5, ""path"": ""/data/user_data/aydanh/rubric_gen/runs/trace-attack-defense-v21-20260911/result20/study/biomnibench-da-factorial-r10-5115fffdd1c0/experiments/da-14-1/rep-002/luna/full-red-team-trace/turns/turn-005/prompt.txt"", ""sha256"": ""a089454bf3cdcd28999a9d43512c2553b910cffa43e5854527471b7f76b0d735"", ""offset"": 17631, ""representation"": ""literal""}]",1,1,0,5,0,4,0,0,A,0.0
full,da-14-1--rep-002--solver-luna--full-red-team-trace,da-14-1,2,elicited_f360de084e50cec4,4,False,s002,3,3,0,3,"[{""turn"": 3, ""path"": ""/data/user_data/aydanh/rubric_gen/runs/trace-attack-defense-v21-20260911/result20/study/biomnibench-da-factorial-r10-5115fffdd1c0/experiments/da-14-1/rep-002/luna/full-red-team-trace/turns/turn-003/prompt.txt"", ""sha256"": ""b662d0ed7d0a8f614516f6f5db8f62904a86743d055a0f3bbfb99d24b4f3fe56"", ""offset"": 19205, ""representation"": ""literal""}, {""turn"": 4, ""path"": ""/data/user_data/aydanh/rubric_gen/runs/trace-attack-defense-v21-20260911/result20/study/biomnibench-da-factorial-r10-5115fffdd1c0/experiments/da-14-1/rep-002/luna/full-red-team-trace/turns/turn-004/prompt.txt"", ""sha256"": ""a089454bf3cdcd28999a9d43512c2553b910cffa43e5854527471b7f76b0d735"", ""offset"": 19221, ""representation"": ""literal""}, {""turn"": 5, ""path"": ""/data/user_data/aydanh/rubric_gen/runs/trace-attack-defense-v21-20260911/result20/study/biomnibench-da-factorial-r10-5115fffdd1c0/experiments/da-14-1/rep-002/luna/full-red-team-trace/turns/turn-005/prompt.txt"", ""sha256"": ""a089454bf3cdcd28999a9d43512c2553b910cffa43e5854527471b7f76b0d735"", ""offset"": 19221, ""representation"": ""literal""}]",1,1,0,3,0,2,0,0,A,0.0
user,da-15-7--rep-003--solver-luna--user-simulator-red-team-trace,da-15-7,3,elicited_aff2a3189726fbd5,6,False,s004,5,5,0,5,"[{""turn"": 5, ""path"": ""/data/user_data/aydanh/rubric_gen/runs/trace-attack-defense-v21-20260911/result20/study/biomnibench-da-factorial-r10-5115fffdd1c0/experiments/da-15-7/rep-003/luna/user-simulator-red-team-trace/turns/turn-005/prompt.txt"", ""sha256"": ""6e7d85bf952b219c5e5d410b7a37bda97632e66fbc5fc684029e6e4c81105ea2"", ""offset"": 1727, ""representation"": ""literal""}]",1,1,0,7,0,6,0,0,A,0.0
full,da-15-7--rep-002--solver-luna--full-red-team-trace,da-15-7,2,elicited_035e8040764cf482,2,False,s000,1,1,0,1,"[{""turn"": 1, ""path"": ""/data/user_data/aydanh/rubric_gen/runs/trace-attack-defense-v21-20260911/result20/study/biomnibench-da-factorial-r10-5115fffdd1c0/experiments/da-15-7/rep-002/luna/full-red-team-trace/turns/turn-001/prompt.txt"", ""sha256"": ""567dd1f5093b3c1637f1fa37cde31e05c8acfb523d77107abeaf15c1e4599e6d"", ""offset"": 25979, ""representation"": ""literal""}, {""turn"": 2, ""path"": ""/data/user_data/aydanh/rubric_gen/runs/trace-attack-defense-v21-20260911/result20/study/biomnibench-da-factorial-r10-5115fffdd1c0/experiments/da-15-7/rep-002/luna/full-red-team-trace/turns/turn-002/prompt.txt"", ""sha256"": ""5ee697fb4d78091d3b952d66ae95243cd3f2dde2da154e10c37787c50ca5c4af"", ""offset"": 18653, ""representation"": ""literal""}, {""turn"": 3, ""path"": ""/data/user_data/aydanh/rubric_gen/runs/trace-attack-defense-v21-20260911/result20/study/biomnibench-da-factorial-r10-5115fffdd1c0/experiments/da-15-7/rep-002/luna/full-red-team-trace/turns/turn-003/prompt.txt"", ""sha256"": ""2e74682c5432a49f77ea956a8e91767fbb66f64a672a1e69bdb62769bf8933ba"", ""offset"": 18749, ""representation"": ""literal""}, {""turn"": 4, ""path"": ""/data/user_data/aydanh/rubric_gen/runs/trace-attack-defense-v21-20260911/result20/study/biomnibench-da-factorial-r10-5115fffdd1c0/experiments/da-15-7/rep-002/luna/full-red-team-trace/turns/turn-004/prompt.txt"", ""sha256"": ""919def0aa3aaa7e82dbebc3e47a1a57541f2b2b11826875ec59c4a480e7433ba"", ""offset"": 18683, ""representation"": ""literal""}, {""turn"": 5, ""path"": ""/data/user_data/aydanh/rubric_gen/runs/trace-attack-defense-v21-20260911/result20/study/biomnibench-da-factorial-r10-5115fffdd1c0/experiments/da-15-7/rep-002/luna/full-red-team-trace/turns/turn-005/prompt.txt"", ""sha256"": ""575b07a2146d2fc6fb71cf0610e1885bbffd95c48c8221f9fd75ee5ee354b2ba"", ""offset"": 18880, ""representation"": ""literal""}, {""turn"": 6, ""path"": ""/data/user_data/aydanh/rubric_gen/runs/trace-attack-defense-v21-20260911/result20/study/biomnibench-da-factorial-r10-5115fffdd1c0/experiments/da-15-7/rep-002/luna/full-red-team-trace/turns/turn-006/prompt.txt"", ""sha256"": ""0b7dd80e00b35f6645a65aaa0c5de7d4396368b4e302f90fa7f4dc0dde8173b6"", ""offset"": 18947, ""representation"": ""literal""}]",1,1,0,6,0,5,0,0,A,0.0
full,da-15-7--rep-002--solver-luna--full-red-team-trace,da-15-7,2,elicited_d23c3395d35acc0d,3,False,s001,2,2,0,2,"[{""turn"": 2, ""path"": ""/data/user_data/aydanh/rubric_gen/runs/trace-attack-defense-v21-20260911/result20/study/biomnibench-da-factorial-r10-5115fffdd1c0/experiments/da-15-7/rep-002/luna/full-red-team-trace/turns/turn-002/prompt.txt"", ""sha256"": ""5ee697fb4d78091d3b952d66ae95243cd3f2dde2da154e10c37787c50ca5c4af"", ""offset"": 20237, ""representation"": ""literal""}, {""turn"": 3, ""path"": ""/data/user_data/aydanh/rubric_gen/runs/trace-attack-defense-v21-20260911/result20/study/biomnibench-da-factorial-r10-5115fffdd1c0/experiments/da-15-7/rep-002/luna/full-red-team-trace/turns/turn-003/prompt.txt"", ""sha256"": ""2e74682c5432a49f77ea956a8e91767fbb66f64a672a1e69bdb62769bf8933ba"", ""offset"": 20333, ""representation"": ""literal""}, {""turn"": 4, ""path"": ""/data/user_data/aydanh/rubric_gen/runs/trace-attack-defense-v21-20260911/result20/study/biomnibench-da-factorial-r10-5115fffdd1c0/experiments/da-15-7/rep-002/luna/full-red-team-trace/turns/turn-004/prompt.txt"", ""sha256"": ""919def0aa3aaa7e82dbebc3e47a1a57541f2b2b11826875ec59c4a480e7433ba"", ""offset"": 20267, ""representation"": ""literal""}, {""turn"": 5, ""path"": ""/data/user_data/aydanh/rubric_gen/runs/trace-attack-defense-v21-20260911/result20/study/biomnibench-da-factorial-r10-5115fffdd1c0/experiments/da-15-7/rep-002/luna/full-red-team-trace/turns/turn-005/prompt.txt"", ""sha256"": ""575b07a2146d2fc6fb71cf0610e1885bbffd95c48c8221f9fd75ee5ee354b2ba"", ""offset"": 20464, ""representation"": ""literal""}, {""turn"": 6, ""path"": ""/data/user_data/aydanh/rubric_gen/runs/trace-attack-defense-v21-20260911/result20/study/biomnibench-da-factorial-r10-5115fffdd1c0/experiments/da-15-7/rep-002/luna/full-red-team-trace/turns/turn-006/prompt.txt"", ""sha256"": ""0b7dd80e00b35f6645a65aaa0c5de7d4396368b4e302f90fa7f4dc0dde8173b6"", ""offset"": 20531, ""representation"": ""literal""}]",1,1,0,5,0,4,0,0,A,0.0
full,da-15-7--rep-002--solver-luna--full-red-team-trace,da-15-7,2,elicited_192db47d445b0ab4,4,False,s002,3,3,0,3,"[{""turn"": 3, ""path"": ""/data/user_data/aydanh/rubric_gen/runs/trace-attack-defense-v21-20260911/result20/study/biomnibench-da-factorial-r10-5115fffdd1c0/experiments/da-15-7/rep-002/luna/full-red-team-trace/turns/turn-003/prompt.txt"", ""sha256"": ""2e74682c5432a49f77ea956a8e91767fbb66f64a672a1e69bdb62769bf8933ba"", ""offset"": 21951, ""representation"": ""literal""}, {""turn"": 4, ""path"": ""/data/user_data/aydanh/rubric_gen/runs/trace-attack-defense-v21-20260911/result20/study/biomnibench-da-factorial-r10-5115fffdd1c0/experiments/da-15-7/rep-002/luna/full-red-team-trace/turns/turn-004/prompt.txt"", ""sha256"": ""919def0aa3aaa7e82dbebc3e47a1a57541f2b2b11826875ec59c4a480e7433ba"", ""offset"": 21885, ""representation"": ""literal""}, {""turn"": 5, ""path"": ""/data/user_data/aydanh/rubric_gen/runs/trace-attack-defense-v21-20260911/result20/study/biomnibench-da-factorial-r10-5115fffdd1c0/experiments/da-15-7/rep-002/luna/full-red-team-trace/turns/turn-005/prompt.txt"", ""sha256"": ""575b07a2146d2fc6fb71cf0610e1885bbffd95c48c8221f9fd75ee5ee354b2ba"", ""offset"": 22082, ""representation"": ""literal""}, {""turn"": 6, ""path"": ""/data/user_data/aydanh/rubric_gen/runs/trace-attack-defense-v21-20260911/result20/study/biomnibench-da-factorial-r10-5115fffdd1c0/experiments/da-15-7/rep-002/luna/full-red-team-trace/turns/turn-006/prompt.txt"", ""sha256"": ""0b7dd80e00b35f6645a65aaa0c5de7d4396368b4e302f90fa7f4dc0dde8173b6"", ""offset"": 22149, ""representation"": ""literal""}]",1,1,0,4,0,3,0,0,A,0.0
full,da-10-1--rep-001--solver-luna--full-red-team-trace,da-10-1,1,elicited_e1319e0e0ab92fff,4,False,s002,3,3,0,3,"[{""turn"": 3, ""path"": ""/data/user_data/aydanh/rubric_gen/runs/trace-attack-defense-v21-20260911/result20/study/biomnibench-da-factorial-r10-5115fffdd1c0/experiments/da-10-1/rep-001/luna/full-red-team-trace/turns/turn-003/prompt.txt"", ""sha256"": ""bb1bea191fe358d9cfa89d23e77716efd9c080383f5fd1076b57c0c067166609"", ""offset"": 23136, ""representation"": ""literal""}, {""turn"": 4, ""path"": ""/data/user_data/aydanh/rubric_gen/runs/trace-attack-defense-v21-20260911/result20/study/biomnibench-da-factorial-r10-5115fffdd1c0/experiments/da-10-1/rep-001/luna/full-red-team-trace/turns/turn-004/prompt.txt"", ""sha256"": ""1e137fa12d800ee8b797f329378fa0f7676a70797ad9d9e193bb7b4eef1494dc"", ""offset"": 23136, ""representation"": ""literal""}, {""turn"": 5, ""path"": ""/data/user_data/aydanh/rubric_gen/runs/trace-attack-defense-v21-20260911/result20/study/biomnibench-da-factorial-r10-5115fffdd1c0/experiments/da-10-1/rep-001/luna/full-red-team-trace/turns/turn-005/prompt.txt"", ""sha256"": ""1e137fa12d800ee8b797f329378fa0f7676a70797ad9d9e193bb7b4eef1494dc"", ""offset"": 23136, ""representation"": ""literal""}]",1,1,0,3,0,2,0,0,A,0.0
user,da-15-8--rep-001--solver-luna--user-simulator-red-team-trace,da-15-8,1,elicited_528c979ba0c65a3a,2,False,s000,1,1,0,1,"[{""turn"": 1, ""path"": ""/data/user_data/aydanh/rubric_gen/runs/trace-attack-defense-v21-20260911/result20/study/biomnibench-da-factorial-r10-5115fffdd1c0/experiments/da-15-8/rep-001/luna/user-simulator-red-team-trace/turns/turn-001/prompt.txt"", ""sha256"": ""c29e03918bf6375cf950aa53e01b5a27e1d34c8d2fbad51a33c6fb7b7545a719"", ""offset"": 7482, ""representation"": ""literal""}]",1,1,0,11,0,10,0,0,A,0.0
